date,open,high,low,close,volume,div,split
2016-09-12,70.1056780980348,71.50745582128789,69.89199338404023,71.02024841308594,3635300,,
2016-09-13,70.43048817421733,70.69545515213318,69.10564024235724,69.31077575683594,3166300,,
2016-09-14,69.18257351184637,69.59284456082345,68.67827413443364,68.86631774902344,2452900,,
2016-09-15,69.04582165326659,69.90056073096713,68.74666428029974,69.75525665283203,2149400,,
2016-09-16,69.40478334489286,70.14840839914596,68.96887128104642,70.04583740234375,3596000,,
2016-09-19,70.33647810871251,70.6954669492406,69.99458118010129,70.18262481689453,2073700,,
2016-09-20,70.6014014423175,71.25100455258676,70.31079347156971,70.49028778076172,1918200,,
2016-09-21,70.80660586729987,71.10576986196851,70.3706934863682,70.9861068725586,2020100,,
2016-09-22,71.27668465973346,72.00321150521398,71.1057394682584,71.9348373413086,2790600,,
2016-09-23,71.60147046077276,71.92627539669252,71.09717767036669,71.23393249511719,2561300,,
2016-09-26,71.17411339069179,71.65277166325187,71.11428192176442,71.4390869140625,3409600,,
2016-09-27,71.13141099953582,71.41347655506371,70.77242203130602,70.9861068725586,2797900,,
2016-09-28,71.21851610889104,72.46690379617729,71.20129325372322,72.39802551269531,3389500,0.6,
2016-09-29,72.39802142071206,73.10401393360719,71.86423117538352,72.20000457763672,2725500,,
2016-09-30,72.50996029025262,73.6033752133441,72.47552114569763,73.48284149169922,3157800,,
2016-10-03,72.84573373891982,73.8702769414965,72.52717657823253,73.48284149169922,2679600,,
2016-10-04,73.65504581503737,74.2491030643412,72.88018139355852,72.92322540283203,2126300,,
2016-10-05,73.18150312870596,73.85304998879421,72.75963512634704,73.28482055664062,1782800,,
2016-10-06,73.2934339041891,74.05968685314414,73.2245621795179,73.43119049072266,2029200,,
2016-10-07,73.4225765739121,74.61930896233855,73.28482656064193,74.3007583618164,2922700,,
2016-10-10,75.26504287921495,76.91808277329513,75.16173199120783,75.32530975341797,3719800,,
2016-10-11,75.05840209702374,75.58358758602263,74.53321660802484,74.94647979736328,2008100,,
2016-10-12,75.01534621718969,75.43722080546858,74.55903905344668,74.85176849365234,2167700,,
2016-10-13,74.42988818667887,74.7053947493893,74.14577676506109,74.3351821899414,2437100,,
2016-10-14,74.80012804849949,75.15312445038333,74.33520932261678,74.38687133789062,1800700,,
2016-10-17,74.41266626890798,74.6709565256624,74.30074399423125,74.44710540771484,1118700,,
2016-10-18,75.00674838786928,75.00674838786928,73.87888766215212,74.56765747070312,1882000,,
2016-10-19,74.47293411397132,74.84314665034523,73.99940415979741,74.52458953857422,1915300,,
2016-10-20,74.37825927971505,74.4299147259561,73.46564469693965,74.13719177246094,1951800,,
2016-10-21,73.56895401247814,74.47296371390063,73.41398110847992,74.4126968383789,1394900,,
2016-10-24,74.73985525476566,75.06702390741239,74.19745340180422,74.64514923095703,1323400,,
2016-10-25,74.32658797605256,75.32529694568956,74.23188196575137,74.49016571044922,2039000,,
2016-10-26,73.93916575257066,75.30809414852101,73.71532111411575,74.93788146972656,2192600,,
2016-10-27,75.32529516172215,75.42000116978039,74.63653195691134,74.90342712402344,1998000,,
2016-10-28,75.05840848761117,75.42000970369736,74.61931754316588,75.04979705810547,2483100,,
2016-10-31,75.69550597007084,76.49619802101161,75.59219510452701,76.02267456054688,2536400,,
2016-11-01,75.86771508788199,76.13461029578349,75.23060065110315,75.84188079833984,2998300,,
2016-11-02,75.64387787951419,76.35847561126833,75.63526644807445,75.90216827392578,3101700,,
2016-11-03,75.87630655336775,76.26374200494277,75.65246196562599,76.02267456054688,2201100,,
2016-11-04,75.99682532800931,76.22067644031779,75.48886282274098,75.81602478027344,1974200,,
2016-11-07,76.62532806396484,77.29687483197738,75.96239272258153,76.62532806396484,2572300,,
2016-11-08,76.44456342261303,77.1074990753797,76.2895905134654,76.61675262451172,1915300,,
2016-11-09,77.09026258881595,80.06056823937668,76.77170542329279,77.58100891113281,7834700,,
2016-11-10,77.99427560934545,79.06186953914549,77.45187378350874,78.08898162841797,3479300,,
2016-11-11,77.89096305399379,78.476415446306,77.21941607399363,78.43336486816406,3176800,,
2016-11-14,78.32144070901991,79.20822742156867,78.32144070901991,78.88106536865234,2727800,,
2016-11-15,78.63998314844419,78.82939515832352,78.2095036963894,78.5625,2368400,,
2016-11-16,78.22672655288487,78.79495601392773,78.1320205479452,78.5625,1725500,,
2016-11-17,78.57971343466967,79.2426554451759,78.33864600124737,79.01019287109375,1954200,,
2016-11-18,78.94134154189726,79.37182108950303,78.80358493373704,79.17379760742188,2398500,,
2016-11-21,79.42347926251283,79.55262444495172,78.63139844416293,79.4665298461914,2756100,,
2016-11-22,79.85392742581116,80.18970082696585,79.07045177738739,79.2168197631836,5414000,,
2016-11-23,85.69123387971958,88.2482827328063,84.86471416625832,87.96416473388672,20485400,,
2016-11-25,87.54229450512038,90.25431614597822,86.78465309588357,89.47084045410156,6584700,,
2016-11-28,89.10066517019452,89.2900772438976,87.55094256176436,87.5595474243164,4903500,,
2016-11-29,86.70716249944093,87.05154734324691,85.9581259568075,86.397216796875,5902400,,
2016-11-30,86.57803506035913,87.88669642062159,86.2680892944336,86.2680892944336,5146400,,
2016-12-01,86.91380070459418,88.7132082704762,86.22503750691406,88.42047882080078,6152300,,
2016-12-02,87.85224769979237,88.20523743615875,87.04294422488164,87.3873291015625,3282400,,
2016-12-05,88.093314325383,88.29994262203593,86.99128798510722,87.20652770996094,3462100,,
2016-12-06,86.8190842205379,88.67875842390634,86.6641179388517,88.26549530029297,3039300,,
2016-12-07,88.20522365983908,88.87677702034813,87.84362255166862,88.55821990966797,4921100,,
2016-12-08,88.3085473419038,90.20265414929314,88.0760913469021,89.47084045410156,4334100,,
2016-12-09,88.87680432072689,89.38476699986525,88.47215252217467,89.21257781982422,3164300,,
2016-12-12,88.68737435747443,89.23838750455933,88.10192206762237,88.17940521240234,1712500,,
2016-12-13,87.98142275195781,88.17083482693772,87.12046355193817,87.24099731445312,2605900,,
2016-12-14,87.20652760644393,87.37011189908901,86.39722414000421,86.56941986083984,2140800,,
2016-12-15,86.56943278390648,87.67145928738441,86.13895327044817,87.3012466430664,2751000,,
2016-12-16,86.87073526130729,88.23965645899348,86.87073526130729,87.61116027832031,3717800,,
2016-12-19,87.38732376658245,88.67876204884722,87.3012291948171,88.03304290771484,1849000,,
2016-12-20,88.472148182832,89.62583008343321,88.05888497496844,89.22978973388672,2093100,,
2016-12-21,89.14370690237487,89.14370690237487,88.42049783540189,88.75627136230469,1907500,,
2016-12-22,88.6873996257427,88.9629062777808,88.45493698798124,88.75627136230469,1858600,,
2016-12-23,88.67877179476841,88.94566696715161,88.46353205740246,88.78208923339844,1003800,,
2016-12-27,88.77349295384614,89.64306348040303,88.77349295384614,89.45365142822266,1752700,,
2016-12-28,89.58352173166993,90.3455704399251,89.32373780483107,89.54888916015625,2745300,0.6,
2016-12-29,89.40167963881595,90.0078554068372,89.21982889043407,89.37570190429688,2130300,,
2016-12-30,89.20250737442548,89.60950947603027,89.00333374353984,89.22848510742188,1793900,,
2017-01-03,89.78269619085526,90.7265890319618,89.5835225656849,90.10310363769531,3379100,,
2017-01-04,90.35423334532722,92.22470949793292,90.14640486395379,91.63585662841797,4439000,,
2017-01-05,91.4799957201298,92.00823174385802,90.96042114457316,91.22886657714844,2328300,,
2017-01-06,91.61853389717466,92.44119292452989,91.28081016116586,92.2160415649414,2633300,,
2017-01-09,91.73975591079633,92.06015671272893,90.79585657536026,91.09028625488281,2195000,,
2017-01-10,90.92577673404887,91.22886133514594,90.60536923760408,90.83052062988281,1745100,,
2017-01-11,91.01236766593712,91.64452118528249,90.89979527777908,91.54060363769531,1235300,,
2017-01-12,91.06432794768571,91.29813416671148,90.051150047245,91.07298278808594,2166000,,
2017-01-13,91.4106972869055,91.79172164184223,90.8911228253767,91.60987091064453,1360500,,
2017-01-17,91.54059996682464,91.54059996682464,90.14640430799426,90.35423278808594,2438800,,
2017-01-18,90.89113066512591,91.48864498113346,90.4494893616965,91.13359832763672,1941200,,
2017-01-19,91.2981543423021,91.53196061299572,90.8565129346032,90.94310760498047,1526100,,
2017-01-20,91.33279754544276,92.6836929615932,90.96043450038205,92.43256378173828,2843900,,
2017-01-23,92.47583602595394,92.91747731744752,92.18140629604217,92.76160430908203,2073100,,
2017-01-24,92.11209558898274,93.52360690739755,92.11209558898274,93.23783874511719,2277800,,
2017-01-25,93.367786424745,93.93066162244298,93.1599579202908,93.57561492919922,2181200,,
2017-01-26,93.4803539306695,93.59293292836836,92.59707787789056,93.2032470703125,1560000,,
2017-01-27,93.35044866803447,93.51497650146484,92.74427297654873,93.51497650146484,1220700,,
2017-01-30,93.28982315084703,93.28982315084703,92.181389401865,92.70962524414062,2420700,,
2017-01-31,92.06017383300083,92.78758341840751,91.47998241810683,92.70098876953125,1645800,,
2017-02-01,92.9174776727202,93.40241298649006,92.35460255109551,92.78758239746094,1375100,,
2017-02-02,92.78759974163982,93.1599627433874,92.32864207578221,93.03006744384766,1167600,,
2017-02-03,93.09931958814363,93.59291630192978,92.90014597073106,93.51497650146484,1895100,,
2017-02-06,93.31583095031871,93.65355474758769,93.04737891670177,93.57561492919922,2022300,,
2017-02-07,93.94798035838497,94.30302706087532,93.58427881443085,94.18179321289062,1755900,,
2017-02-08,93.76613650031469,93.99994937206068,93.30717881242401,93.87871551513672,1605900,,
2017-02-09,93.87868448440356,94.55413192307405,93.60157106674642,94.49351501464844,2715500,,
2017-02-10,94.60608836284084,95.59328179982631,94.51949372230216,95.46338653564453,2757800,,
2017-02-13,95.2295969919455,97.14336729139767,94.83991113128182,95.90504455566406,2704100,,
2017-02-14,95.15164810393836,95.61926712809577,94.44156142431001,95.29886627197266,3521100,,
2017-02-15,94.4588758374413,94.96978883606475,93.79208323801194,94.49351501464844,5231900,,
2017-02-16,94.5195031708681,94.7359930972298,93.48900900722697,94.53681945800781,4757900,,
2017-02-17,96.78831952355497,97.12604990835679,93.33314192906961,95.4893798828125,6717800,,
2017-02-21,95.4633912587509,95.48936899152301,93.99992392302306,94.91783905029297,3355000,,
2017-02-22,94.21641969399577,95.18629034708727,94.12981843704263,94.95248413085938,4206300,,
2017-02-23,94.86588707631996,94.99577574496108,92.4152195578191,93.28984069824219,4170700,,
2017-02-24,92.89151104034558,94.10385616262994,92.7269831599512,94.06056213378906,2166400,,
2017-02-27,94.08652714623312,95.03042009233505,94.0085873340627,94.83125305175781,1835200,,
2017-02-28,94.31169026460196,95.79248081262071,94.31169026460196,94.8139419555664,2812500,,
2017-03-01,95.87906237128925,96.79697757101218,95.8704009240989,96.31204223632812,2859800,,
2017-03-02,95.92235792536039,96.32070522149529,94.71867440987266,94.85723114013672,2348400,,
2017-03-03,94.75329799012763,96.13017719172511,94.26836272755114,95.97430419921875,1886800,,
2017-03-06,95.17763500269315,96.17348338489685,95.00443909645247,95.98297119140625,1688700,,
2017-03-07,95.97430614629356,96.07821707224092,95.2728743624109,95.46338653564453,1640000,,
2017-03-08,95.63660465993401,96.38998547521132,95.38547551925853,95.66258239746094,1892600,,
2017-03-09,95.72318144124561,96.03492744683842,94.22506832510525,94.89186096191406,2125600,,
2017-03-10,95.10833085646642,95.25554238180095,94.28566539003025,95.18626403808594,1876800,,
2017-03-13,95.40278623048412,95.83576611528082,94.69269948368749,95.15165710449219,1450700,,
2017-03-14,94.64938908107115,94.90051155685997,94.07785256079914,94.57144927978516,1504100,,
2017-03-15,94.90051879048833,96.39863195381108,94.5368173080914,95.9396743774414,2580000,,
2017-03-16,96.29470603852921,96.35532294699031,95.61925859946352,95.88771057128906,1378900,,
2017-03-17,95.8963622257949,96.216769649447,95.45472759599413,95.64523315429688,4122200,,
2017-03-20,95.65389955565297,96.28605299000178,95.1689642789455,96.0176010131836,1360200,,
2017-03-21,96.34667381348994,96.54584083590802,94.51083695220223,94.91783905029297,2261800,,
2017-03-22,94.99578719218314,95.46340627588486,94.4762126347642,95.05640411376953,1650600,,
2017-03-23,95.13434008473244,95.87040456187864,94.61476554832034,94.84857177734375,1046500,,
2017-03-24,94.84856543867815,95.46339603646445,93.81807127549149,94.3722915649414,1844700,,
2017-03-27,93.18593629339738,93.51499864492446,92.59708335446797,92.79625701904297,3473100,,
2017-03-28,92.92614267108274,93.99127611654677,92.92614267108274,93.8094253540039,1864900,,
2017-03-29,93.73975729739837,94.33188978848813,93.48722952171579,94.2012710571289,1615000,0.6,
2017-03-30,94.33188500455314,95.28974458003621,94.26222079888855,95.06333923339844,1091300,,
2017-03-31,94.74115879031987,95.67289599757629,94.375425013507,94.79340362548828,2257900,,
2017-04-03,94.88918281775868,95.14171057386156,94.01840020093945,94.7237319946289,1642000,,
2017-04-04,94.85433935324106,95.46388445457934,94.47990260712088,95.3506851196289,1266700,,
2017-04-05,95.78612094067327,96.69173597224703,94.85438348453766,95.1330337524414,1322800,,
2017-04-06,95.45519374274467,96.56108475331864,95.08945999115656,96.16923522949219,1616300,,
2017-04-07,96.1169973133233,96.51755658009769,95.16784730709496,95.1939697265625,1334700,,
2017-04-10,95.307164182197,95.96896089664361,95.07205577555592,95.46390533447266,1040200,,
2017-04-11,95.80350526944818,96.98777021778274,95.23750185564174,96.79620361328125,2846700,,
2017-04-12,96.64817595779769,96.83103953882056,95.15913824642988,95.2200927734375,2088200,,
2017-04-13,95.00237701494405,95.41164588562431,94.00968541708049,94.04451751708984,2341200,,
2017-04-17,94.38411824542364,94.90658643665353,93.82681795563927,94.74114227294922,1981400,,
2017-04-18,94.06193260504628,94.81080616517502,93.89648843028105,94.45378875732422,1690500,,
2017-04-19,94.74113943295973,94.90658359170463,93.94872416257232,94.236083984375,1458200,,
2017-04-20,94.04451358894703,95.04591483087137,93.40013637454827,94.74114227294922,2014000,,
2017-04-21,94.95015611719569,95.32459298223674,93.20859053905977,93.64398193359375,2025100,,
2017-04-24,94.9240382181849,96.2998700413553,94.86308368578841,96.0038070678711,2711400,,
2017-04-25,97.24900877688249,99.38242365933121,97.15322215177227,98.52906036376953,3326100,,
2017-04-26,98.4768162565841,99.07765846932888,97.96305763212612,98.00659942626953,2208100,,
2017-04-27,97.96306214717566,98.11980331235297,96.25632870610364,96.81362915039062,2635100,,
2017-04-28,96.65687138362532,97.40574497267568,95.64676034963396,97.18804931640625,2297700,,
2017-05-01,97.74532863972605,98.21555195334719,97.46667852538124,97.50151062011719,1808400,,
2017-05-02,97.7714796840051,98.34619945015098,96.15182334392367,96.5959243774414,2653300,,
2017-05-03,96.08217328541708,96.65689313621,95.6032467199687,96.47402954101562,2013100,,
2017-05-04,96.67429482249474,97.60603206880349,96.1518265182782,97.55378723144531,3691000,,
2017-05-05,97.17933337945797,98.5203393330504,96.98776015129566,98.49421691894531,1505800,,
2017-05-08,98.34619839996664,98.51164259222051,97.71923380488242,98.0849609375,1460400,,
2017-05-09,98.36360814949236,99.30405501361774,98.25911183896362,98.90349578857422,2059700,,
2017-05-10,98.83383857773845,99.41726140484789,98.68580711000232,98.87738037109375,2164900,,
2017-05-11,98.7902969948317,99.38242951058258,97.78019249357723,98.8077163696289,1627000,,
2017-05-12,98.43326240485219,98.55517143303844,97.84983967802607,98.49421691894531,1421400,,
2017-05-15,98.93834397454374,99.24311662536292,98.63356468017903,99.09508514404297,2527900,,
2017-05-16,99.35629140636662,100.10516495934151,99.12118303208096,99.9658432006836,3202000,,
2017-05-17,99.9658296819406,99.9658296819406,98.44196036754238,98.59870147705078,2769900,,
2017-05-18,97.693104417109,98.85124025443368,96.76136727798797,98.11107635498047,3278700,,
2017-05-19,104.81608949803046,106.44444848358819,103.62311510888294,105.27760314941406,11097700,,
2017-05-22,106.30516321118047,106.67089038375961,104.59842976226577,105.98297119140625,4423500,,
2017-05-23,106.11360826815097,106.80152757934313,105.39085684257037,106.34871673583984,3719400,,
2017-05-24,106.20065421221354,106.94952784396044,106.05262275196101,106.9146957397461,1990100,,
2017-05-25,107.10627018077048,107.48070700080277,106.28773233150348,106.60992431640625,2792200,,
2017-05-26,106.93211819549153,107.62003068203107,106.54897168163576,106.92340850830078,2132000,,
2017-05-30,106.23547059341475,106.80148057692445,106.10485188282888,106.46187591552734,3261600,,
2017-05-31,107.14979727244551,107.28911902819208,106.33125953547432,106.63603210449219,2341900,,
2017-06-01,109.0655420681888,109.7012164141813,108.08155992863115,108.58660888671875,4198000,,
2017-06-02,109.6228258509632,109.71861247270068,108.36019368230617,108.76946258544922,2428400,,
2017-06-05,108.52564860696303,110.10176985656058,108.52564860696303,109.13520050048828,2098400,,
2017-06-06,108.67367701888229,109.5009178762353,108.53434860644066,108.89137268066406,2051300,,
2017-06-07,108.8913786983912,109.43125971757738,108.66497333743375,109.1003646850586,2144800,,
2017-06-08,109.10037296635674,109.97115572770348,108.98717359905795,109.7186279296875,2267000,,
2017-06-09,109.95370660000948,110.62421286520127,109.12646585798906,109.67505645751953,2395400,,
2017-06-12,109.62284129445574,110.06694236293524,108.31666715243564,109.7186279296875,1997300,,
2017-06-13,109.71861583155513,110.2846258927284,109.71861583155513,110.08434295654297,1171200,,
2017-06-14,110.08434603800809,110.1975520395383,109.6663740673349,110.09305572509766,1836700,,
2017-06-15,109.45737259787907,110.19754313918219,109.2048514845795,110.04080200195312,3859900,,
2017-06-16,110.22366746896863,111.64304741506562,110.18012567982612,111.37310028076172,4207100,,
2017-06-19,111.78238158402368,111.78238158402368,110.15402203194228,110.58070373535156,2089800,,
2017-06-20,110.2672147376582,110.6590709523898,109.75345611572266,109.75345611572266,2204300,,
2017-06-21,109.97984325088395,110.06692018076065,108.09023999048557,108.65625,1850600,,
2017-06-22,108.83041965588893,109.08294078070512,107.5503680840635,107.85514068603516,1979900,,
2017-06-23,107.81160196971733,108.38632173000339,107.41104273234129,107.62873840332031,7209800,,
2017-06-26,108.1250751049329,108.4298476897683,106.44446440164737,107.4110336303711,1714400,,
2017-06-27,107.92480944745151,108.21216268798233,106.1832440557859,106.23548889160156,1465800,,
2017-06-28,106.98805190565761,108.22192010538802,106.33173718680267,108.04690551757812,2375100,0.6,
2017-06-29,107.9681260899982,107.99438428248662,105.81541497599089,106.68175506591797,1817800,,
2017-06-30,107.27682260475548,108.8082235768289,106.98804920978351,108.15190887451172,2305600,,
2017-07-03,108.67698775373496,109.82334886037786,108.32695184041796,109.34204864501953,1681900,,
2017-07-05,109.16704357556682,110.1471428833093,108.60698873582263,109.9108657836914,2293000,,
2017-07-06,109.63956747606188,109.79708328307619,109.11451701147385,109.46454620361328,1851900,,
2017-07-07,109.4995558133506,110.97845392506942,109.42955397732648,110.82093811035156,1584600,,
2017-07-10,110.88220911245087,112.44861474153356,110.84720485144354,112.13358306884766,3103800,,
2017-07-11,112.01981112239149,112.7111368921344,111.4160060147141,112.06356811523438,1834800,,
2017-07-12,112.71113107638462,112.88614568596614,108.03816622510874,108.05567169189453,4848200,,
2017-07-13,108.15192679548869,109.42955883625181,107.85440061913255,108.87825012207031,2894800,,
2017-07-14,108.9657601319646,110.06837091130643,108.74698852284645,109.7970962524414,1777000,,
2017-07-17,109.78833386161472,110.278380086493,109.39454767039167,110.15586853027344,1573400,,
2017-07-18,110.16461553470565,110.64591567795433,109.68331539145697,110.33963012695312,1869400,,
2017-07-19,110.56715452230664,110.90843765091464,110.12961136497547,110.53215026855469,1474300,,
2017-07-20,110.47967335803857,110.8909650914339,109.69209415327946,109.9108657836914,2074100,,
2017-07-21,109.15826756066447,110.34838551039823,109.04450874060863,110.04210662841797,1455800,,
2017-07-24,110.19087119917661,110.82968717001955,109.99835113463821,110.74217987060547,1291200,,
2017-07-25,111.94979735976077,112.66736790186701,110.96969824131216,111.92354583740234,2128000,,
2017-07-26,112.05481895715442,112.16857111208695,111.13597554391667,111.85354614257812,1959300,,
2017-07-27,112.13355147170053,112.4748345748797,111.41598101419842,112.39608001708984,1472900,,
2017-07-28,112.39608903779327,112.90364070554604,112.06355196342756,112.80738067626953,1261200,,
2017-07-31,112.8161430483261,113.35869237211857,112.14232274594029,112.25608825683594,1273300,,
2017-08-01,112.45734577733387,113.28868851973138,112.16856566988396,112.90364837646484,1592200,,
2017-08-02,112.9299148077018,113.24494647989337,112.27359993669938,112.86865234375,1513000,,
2017-08-03,112.8336433000399,113.46370658043519,112.74612931835654,113.33243560791016,1657600,,
2017-08-04,113.41998412753124,113.71751039144125,112.9736947316662,113.54249572753906,1214800,,
2017-08-07,113.91873351721658,114.19876755579597,113.46369823366193,113.72622680664062,1535200,,
2017-08-08,113.54242795908907,115.70389181774453,113.54242795908907,115.52887725830078,3955100,,
2017-08-09,114.89884704289248,115.94894805281909,114.79382759496866,115.87019348144531,1394200,,
2017-08-10,115.73891803449976,115.73891803449976,111.78353059524625,111.81853485107422,2991500,,
2017-08-11,111.94981051070084,112.45735558080379,110.68968387843464,110.87345123291016,2305700,,
2017-08-14,112.10732679019219,113.03491630023761,111.90605396702657,112.50987243652344,2146500,,
2017-08-15,110.95222720821697,112.08108968668446,110.37466686633006,111.29351043701172,2158300,,
2017-08-16,111.84477400140544,111.99354374131198,110.68091433667409,110.81217193603516,1919400,,
2017-08-17,110.68964844368219,111.17094851064552,108.16064993118977,108.4931869506836,4123300,,
2017-08-18,101.01120471701292,103.6189646437978,98.77098608422675,102.65636444091797,11364600,,
2017-08-21,102.79640109325916,103.60147898376061,101.5362745332538,101.9650650024414,4809100,,
2017-08-22,102.35885696105433,102.84015047374477,101.85130524828604,102.8051528930664,3052600,,
2017-08-23,102.428850437363,102.49885226482199,101.46625020054483,101.90379333496094,2778200,,
2017-08-24,102.07004390460062,102.07004390460062,100.84492200850389,101.01994323730469,2738700,,
2017-08-25,101.5800206389354,101.73753644205695,100.68742886245366,101.3699951171875,1861100,,
2017-08-28,101.89505046328715,101.97380502528135,100.73118408704092,101.47500610351562,1471500,,
2017-08-29,100.63492343021372,101.45750667991052,100.22363180536533,101.41374969482422,2578300,,
2017-08-30,101.00248779998431,101.19500790882648,100.59994878894182,101.0637435913086,1809800,,
2017-08-31,101.46625214503909,101.89504923197677,100.66117436461579,101.4487533569336,2067700,,
2017-09-01,101.49252748416914,102.0875865259412,100.99372848418226,101.63253784179688,1815500,,
2017-09-05,101.52753012838585,102.51638212032242,100.89747347307741,101.09873962402344,3225100,,
2017-09-06,101.37873036553458,102.20131349290126,100.74866726171138,101.7025146484375,3147900,,
2017-09-07,101.67628605143753,102.17508500833924,100.42491229270112,101.79879760742188,2881400,,
2017-09-08,101.65001579543848,103.1901626943673,101.42249151495074,102.64761352539062,3000600,,
2017-09-11,103.67146857737039,103.77647465395316,102.35883920906005,103.19892120361328,2759600,,
2017-09-12,103.70649074739354,104.3540528115971,102.16633681973973,102.61263275146484,3726300,,
2017-09-13,102.525125480056,103.225190591848,102.1400853289238,102.70889282226562,2562100,,
2017-09-14,102.70888280453809,103.89900072252345,102.51636274774947,103.58396911621094,1802800,,
2017-09-15,104.18777802135084,104.52906116153532,103.58397298369005,104.14402770996094,6627100,,
2017-09-18,104.13529705765899,105.06288664290733,104.03028427057448,104.91412353515625,2009700,,
2017-09-19,105.01036737257368,107.95941092645002,104.9228600683724,107.70563507080078,3947000,,
2017-09-20,107.72312740717467,108.60696648232744,107.55686554206716,108.46694946289062,2173300,,
2017-09-21,108.34443304011835,109.24577086400548,108.08191115504039,109.19326782226562,1742400,,
2017-09-22,109.01826207448418,109.22828093485653,107.88064711774051,108.29193878173828,1864300,,
2017-09-25,108.23067841773721,108.43195121283631,107.73187947274606,108.30943298339844,1605200,,
2017-09-26,108.51073202333178,108.88701950627437,107.7931613205553,107.88066864013672,1057900,,
2017-09-27,108.07318814716763,108.42322409992444,107.37311624165403,107.9156723022461,2517800,,
2017-09-28,108.07395219211847,109.24350916950034,107.62547419533632,108.74227142333984,2861100,0.6,
2017-09-29,109.04124332101436,110.4834011636996,108.86537303152454,110.4394302368164,3093400,,
2017-10-02,110.53614043541711,111.95191814335297,109.9909386135672,111.93433380126953,2628100,,
2017-10-03,111.85519301124553,112.81369736408696,111.66173840269651,112.6466293334961,1590000,,
2017-10-04,112.47955298261373,113.05113472622091,111.69691215087872,112.84888458251953,1400300,,
2017-10-05,112.7609509644772,112.93682125087805,112.2245445782482,112.56748962402344,1415700,,
2017-10-06,112.22453387052597,112.83129099703113,111.91675083515904,112.67301177978516,1496400,,
2017-10-09,112.7521664669035,113.19184890877474,112.3300683707376,113.12149810791016,988100,,
2017-10-10,113.4204664730211,113.4204664730211,112.52351734222805,112.77853393554688,1123200,,
2017-10-11,112.56747571311554,112.76093702966168,111.6177668912845,112.35643005371094,1868000,,
2017-10-12,112.20692256231817,113.6842553711094,111.97828588586894,112.99835205078125,2751500,,
2017-10-13,113.45563328258649,113.45563328258649,112.0134690540032,112.47953796386719,2023200,,
2017-10-16,112.8224949950757,113.10388472494064,112.30366632740021,112.31246185302734,1249300,,
2017-10-17,112.36521076156227,113.63149796904025,112.36521076156227,113.16543579101562,1777100,,
2017-10-18,113.02475966217914,113.71946538667063,112.78732740284285,113.19184112548828,1701000,,
2017-10-19,112.7697624767196,113.07753214872687,112.14540747788934,113.01598358154297,1637600,,
2017-10-20,113.43806981212371,113.5875602319435,112.67302665832742,113.5699691772461,1384900,,
2017-10-23,113.68427011595107,114.50208628428321,113.13026604766286,113.95687103271484,1337400,,
2017-10-24,115.6364926704359,116.3927470755727,114.56366634179895,115.21440124511719,3153800,,
2017-10-25,115.54850804616694,115.75956038974498,113.73701903908395,114.80984497070312,1498300,,
2017-10-26,115.1176571341566,116.762065129886,114.79228301142957,116.19927215576172,1786900,,
2017-10-27,115.98819866128734,117.22810610967005,115.4869677592427,117.17534637451172,1658300,,
2017-10-30,116.8411967793473,117.62383091527616,116.3399658203125,116.3399658203125,2708100,,
2017-10-31,117.21050488423747,117.38638854355176,116.24321184820538,116.8499755859375,1319800,,
2017-11-01,117.72056504927802,118.47681933691496,117.1753631505313,118.07231903076172,1558000,,
2017-11-02,117.89645630366762,118.74942789557201,117.11380867648143,118.22181701660156,1641000,,
2017-11-03,118.35369322502665,118.74061584472656,118.00195270786708,118.74061584472656,1056500,,
2017-11-06,118.72303480469235,119.44412036912733,118.41526518073543,118.98684692382812,2432000,,
2017-11-07,119.1891039581003,120.20038157024607,119.1891039581003,119.33860778808594,1234200,,
2017-11-08,119.3738084737505,119.48813022683714,118.29219319269872,118.39771270751953,1271200,,
2017-11-09,117.83488950976839,118.01075979557741,114.99454481072668,115.4430160522461,2879200,,
2017-11-10,115.73319475769888,116.55099753081853,115.39024304348077,116.27839660644531,2990800,,
2017-11-13,115.63649692637955,117.11382367838958,115.31113617176793,115.99703979492188,1820300,,
2017-11-14,116.12010133750896,116.95549504709463,115.69801007484114,116.8499755859375,1591300,,
2017-11-15,116.33113048646854,116.9730762693473,115.51332789512841,116.31355285644531,1764800,,
2017-11-16,116.75324158399802,118.95165308183162,116.6301310768409,118.37126922607422,2065800,,
2017-11-17,117.84365932364737,120.04207108683934,117.62381814732818,119.39134979248047,1965000,,
2017-11-20,119.75192161189571,121.1940931215508,119.71675291514464,120.40265655517578,2564500,,
2017-11-21,121.84477954984298,123.42763880861087,121.30836650709502,122.43395233154297,5917200,,
2017-11-22,127.97396614185331,128.38726869671768,125.18638116456232,127.72774505615234,8094200,,
2017-11-24,128.50161319779698,130.06688184206473,127.93882012815067,127.9476089477539,1964900,,
2017-11-27,128.1674642564133,130.87591039426158,127.78934370132778,130.82315063476562,3880800,,
2017-11-28,130.18997070940858,131.73764803849036,129.46009626262463,131.35952758789062,3992800,,
2017-11-29,130.95500455543825,131.20122562627617,129.41611615368024,130.5329132080078,2421800,,
2017-11-30,130.9814061477742,132.5642657356898,130.14601213188783,131.78163146972656,3726400,,
2017-12-01,132.12456016749866,132.33561254834447,129.2050626136532,131.85195922851562,2022500,,
2017-12-04,133.654646184774,134.26139655934963,132.7137195108816,132.7576904296875,1893800,,
2017-12-05,132.49392700195312,134.13833530859446,132.13338412056848,132.49392700195312,1802600,,
2017-12-06,132.37079724456726,133.11826277633864,131.39470166942797,131.42108154296875,1411100,,
2017-12-07,131.1660398844399,133.2061589801398,131.0253383142426,132.88079833984375,1434300,,
2017-12-08,133.4963632987917,134.0679584488834,132.82805090552856,133.2941131591797,1084000,,
2017-12-11,132.60821750412433,133.2941209900974,132.3971651168856,133.07427978515625,1537200,,
2017-12-12,132.99514776636437,133.4084503286987,132.2476822596636,132.8456573486328,1699200,,
2017-12-13,133.38204406949768,134.84179283206703,133.01271247018045,133.61947631835938,1608200,,
2017-12-14,133.98880963252614,134.17348214356917,131.2979555044606,131.4122772216797,1420300,,
2017-12-15,132.4323199780302,133.66342510520442,132.3883490624798,132.66973876953125,2555900,,
2017-12-18,134.10316597103662,136.01138646026232,134.0328151590503,135.45738220214844,1985100,,
2017-12-19,135.72115826513405,136.28395119317005,133.6810389327693,135.84426879882812,1841200,,
2017-12-20,136.24880303950198,136.5126151994744,135.4221978666755,135.74755859375,1430000,,
2017-12-21,136.28397013637962,137.4447382594469,135.64203750846474,137.0578155517578,2315600,,
2017-12-22,137.23365421661848,139.0275657354729,136.39826042742556,138.5263214111328,1714700,,
2017-12-26,138.89568750386047,139.6079709476784,137.89321202403448,139.59918212890625,2407200,,
2017-12-27,139.4848909908859,139.90699590932914,139.1331503102301,139.44972229003906,1781500,,
2017-12-28,139.89097716564348,140.04987094746753,138.84939253090425,139.2024688720703,1237600,0.6,
2017-12-29,139.42318105835253,139.4584967830141,138.1167820949269,138.15208435058594,1258200,,
2018-01-02,138.2933598271789,139.52031896421113,138.18743956093354,139.47618103027344,1897600,,
2018-01-03,139.3702408986826,140.4383194841066,139.14956472945488,140.11170959472656,1392300,,
2018-01-04,140.526540153394,141.32098220817664,138.89354506728606,140.91493225097656,1747000,,
2018-01-05,141.05614199572526,141.64755222758248,138.22265542381433,141.51515197753906,1574400,,
2018-01-08,141.27682946993906,142.27427619516237,140.26171141795191,142.21249389648438,2711800,,
2018-01-09,143.00701307525804,146.511352534105,142.57449630326929,146.17593383789062,4345200,,
2018-01-10,147.18216313763634,148.68275819537084,144.8518236387185,145.59329223632812,5473700,,
2018-01-11,145.76101516791272,147.8971586874402,144.56053637101263,147.81771850585938,1958200,,
2018-01-12,148.69162058265636,150.70418644529806,148.2591038516452,149.44192504882812,2316500,,
2018-01-16,150.19219593552486,150.59824601474398,146.84675112421627,147.88833618164062,2046100,,
2018-01-17,148.82400551446187,148.8593077731837,146.87322236223807,147.79122924804688,1960400,,
2018-01-18,147.37639978089666,148.69162131671757,146.7584956438194,148.2061309814453,2185900,,
2018-01-19,148.76213036253648,150.34217834472656,148.37373837878036,150.34217834472656,1613900,,
2018-01-22,150.059785828868,150.41286229027565,148.92992498955917,150.3952178955078,1401000,,
2018-01-23,149.97152889238046,150.13924494685153,148.6739518561103,148.87698364257812,1365000,,
2018-01-24,149.80383940097795,150.43937447341114,148.34736838142592,149.7067413330078,1448700,,
2018-01-25,150.94249296109095,151.29556942836913,147.33223422750646,149.29183959960938,1651300,,
2018-01-26,149.61844335442788,151.7899027949603,149.30066913066713,151.37503051757812,1554500,,
2018-01-29,151.37504256469555,151.78107920742352,148.965248897309,149.3359832763672,1487600,,
2018-01-30,148.0736867512035,149.53014385623732,147.2527779932032,148.74453735351562,1712700,,
2018-01-31,149.54783342265623,150.5717741398425,146.67022085781065,146.89971923828125,1969800,,
2018-02-01,146.52015604584523,148.6386419099622,144.99306723754788,148.1619873046875,1721300,,
2018-02-02,147.1115416775202,148.23256674417965,145.3990927171083,145.61094665527344,2568700,,
2018-02-05,143.96912523186876,146.58192329768207,138.55814173941272,138.60227966308594,3549600,,
2018-02-06,135.89232904855248,143.22759988330765,133.68556822129764,142.89218139648438,3377400,,
2018-02-07,142.26551118072425,144.90480301388706,142.03601281353795,142.50384521484375,2378800,,
2018-02-08,142.29198537959792,142.30964324373207,135.59226038959622,135.6363983154297,3051300,,
2018-02-09,137.18115428483,138.71705199521716,131.1699368358175,136.7574462890625,3895300,,
2018-02-12,138.35517911540106,141.55056673363868,137.62253238848302,140.53546142578125,2343100,,
2018-02-13,139.48500902486674,142.65391585976664,139.07895891158722,142.38027954101562,1795900,,
2018-02-14,141.1974337139174,145.54033872876212,141.0208820187503,144.1280059814453,2854000,,
2018-02-15,145.64629447697874,147.78243851302696,143.872062647647,147.24398803710938,3026200,,
2018-02-16,146.3171004767862,154.70279365121584,143.0069584342482,149.56546020507812,6626900,,
2018-02-20,149.21239181488914,150.02449196577882,144.4546141720039,145.44325256347656,3750400,,
2018-02-21,145.46969539991247,147.21744643173602,142.9716402013611,143.0775604248047,2753300,,
2018-02-22,143.88084462452096,146.35242010941758,143.66899067930026,144.90478515625,1908800,,
2018-02-23,145.66392869081193,146.75847386352373,143.7661055653122,146.74082946777344,2038800,,
2018-02-26,147.45580638665345,148.56800933579484,146.20236746869946,147.81771850585938,1770000,,
2018-02-27,147.8795184217436,147.8795184217436,144.39283752441406,144.39283752441406,2281800,,
2018-02-28,144.6929384063474,145.5756430184913,142.0006866455078,142.0006866455078,2781400,,
2018-03-01,141.89479005906566,143.74847544121872,137.47244406376515,138.41693115234375,3697000,,
2018-03-02,137.3047169639887,137.93142975006248,133.97691651765223,135.32745361328125,4169500,,
2018-03-05,134.64774144177875,139.6791679767706,133.3236846628866,139.06126403808594,3093400,,
2018-03-06,139.99697990972666,140.85320460191585,138.9906970250618,139.9175262451172,2394000,,
2018-03-07,137.737212571196,139.74979134421153,136.80154789973417,139.37904357910156,2589100,,
2018-03-08,139.19370084255362,142.42440315049228,137.45477157418796,142.1684112548828,3508000,,
2018-03-09,142.9981574600244,148.30320771201454,142.75982342626978,148.2325897216797,3828000,,
2018-03-12,148.25905963026628,148.33849980585856,143.70430099694272,144.79002380371094,2260900,,
2018-03-13,145.6109630454964,146.8026062256777,141.82415260493298,142.39791870117188,2732300,,
2018-03-14,143.36892205768032,143.43954006291523,140.26179717238006,141.41815185546875,2243000,,
2018-03-15,142.04478618234913,142.7156366574401,140.4823956697691,140.87962341308594,1320700,,
2018-03-16,140.98561381266862,144.74593146728063,140.6766617405099,144.6576690673828,3818700,,
2018-03-19,143.57185860745398,143.81901475046038,139.31723060084403,140.8178253173828,2798600,,
2018-03-20,141.4093290010168,143.04233853116338,140.5089661889409,141.22396850585938,1499400,,
2018-03-21,140.2529586332393,141.6211537036318,137.46360836194975,139.51148986816406,2901100,,
2018-03-22,135.70699901742253,138.02850276772028,133.47375763854546,133.80035400390625,3768800,,
2018-03-23,133.95923832346955,135.6981673731132,130.28719761370164,130.64027404785156,2940600,,
2018-03-26,133.63264117622674,135.65402866770907,131.43470199968704,135.35391235351562,2463800,,
2018-03-27,136.1483592963829,138.5757968918882,133.20011576212687,134.3123321533203,2691400,,
2018-03-28,134.241455078125,136.14679152898105,131.85757699466112,134.241455078125,2655000,0.6,
2018-03-29,135.05675657636996,138.09642695187492,134.27691045300207,137.64447021484375,3526700,,
2018-04-02,136.8113761326165,137.25447553605434,132.30061392865537,134.54270935058594,2150600,,
2018-04-03,135.31377025010886,135.77459766204012,132.71719932765055,135.62393188476562,1957400,,
2018-04-04,128.78248063078368,132.18548248243764,127.23163195375977,131.66262817382812,4478100,,
2018-04-05,132.85898460246727,135.79230183860972,132.31840254078085,134.1173858642578,2963400,,
2018-04-06,132.33612459829732,132.7526392928775,126.75306708403902,128.84449768066406,3294000,,
2018-04-09,129.9788157518467,130.66119282083017,126.48718925844841,126.69102478027344,3629600,,
2018-04-10,129.42940829208362,132.47793599637097,128.88882618728468,131.16635131835938,2597400,,
2018-04-11,128.7381295883645,129.54456038305793,127.83420284267187,127.97599792480469,2309000,,
2018-04-12,129.07491452202777,133.97559526116984,129.07491452202777,133.16029357910156,3258100,,
2018-04-13,134.4453204067398,134.70231228957232,132.0259862459876,132.9121856689453,2634900,,
2018-04-16,133.9667026774873,134.06418510945002,131.41444520233497,132.0259246826172,2608100,,
2018-04-17,133.54134414829298,134.83518725797083,132.1765899658203,132.1765899658203,1957800,,
2018-04-18,133.45276596243187,134.44531849723188,132.40705714891226,132.72608947753906,2022000,,
2018-04-19,132.77924529986402,133.39072499221757,129.8281999513285,131.24612426757812,2290300,,
2018-04-20,131.4499130145544,132.81465366719542,129.6509299385469,130.23582458496094,1896700,,
2018-04-23,130.49282388123888,130.9979638837536,128.78246602498893,129.42051696777344,1245200,,
2018-04-24,131.43215503874595,132.17655886000554,121.7725925594321,122.39292907714844,5467900,,
2018-04-25,122.35752688331422,123.97925947789791,120.61171342249271,122.29548645019531,3067300,,
2018-04-26,122.33980790447445,122.50818792380923,118.48483579782504,120.81554412841797,4071600,,
2018-04-27,121.14338598912323,124.00580462774717,120.81549672580081,121.905517578125,2602000,,
2018-04-30,122.06508758041521,122.68542434087401,119.83186172043634,119.9293441772461,2533400,,
2018-05-01,119.42418546589116,120.7180420975748,117.13779017252696,119.96476745605469,2378800,,
2018-05-02,120.00020063180712,122.1891130757119,119.27351101682606,119.4153060913086,2585000,,
2018-05-03,120.52303300188451,121.7814336355493,116.32244595422476,121.29402160644531,3716900,,
2018-05-04,120.62942596436297,122.51703451220165,119.76981169287102,121.6751480102539,1934700,,
2018-05-07,124.06785253276091,125.63642845460406,123.42093108794761,124.2628173828125,1840900,,
2018-05-08,124.643921264144,126.46063246260032,124.26286207075589,125.90233612060547,2189300,,
2018-05-09,126.91255504525832,128.9685295365988,125.92000304589708,128.64064025878906,2332600,,
2018-05-10,128.9153623995224,130.7143451870911,128.10006098781386,129.92562866210938,2413800,,
2018-05-11,130.102869954276,132.0436478820197,129.51797538272962,130.55484008789062,2487000,,
2018-05-14,131.46766790177745,131.7069319700362,129.19898639821798,130.04974365234375,3483900,,
2018-05-15,128.79132976119496,129.78386852573934,127.00120361314762,128.96856689453125,3135000,,
2018-05-16,129.04830205607286,130.80298592096648,129.04830205607286,130.58143615722656,1887400,,
2018-05-17,130.53711713966817,131.24607905355697,128.8622015482968,130.10287475585938,4095700,,
2018-05-18,129.82817045694006,139.2218864927887,129.48255334269172,137.58241271972656,7788800,,
2018-05-21,141.34875622993326,143.02367198543257,138.3356847035544,140.31190490722656,4922000,,
2018-05-22,140.32075981808038,141.26899932937152,137.2722328033133,137.44061279296875,2462000,,
2018-05-23,136.23537468930675,138.85852979861454,135.63276583257309,138.76104736328125,2005000,,
2018-05-24,140.4979872675499,140.59546970104984,138.1938779193247,140.178955078125,2426800,,
2018-05-25,139.75362365711743,141.25130260287807,139.6384269459782,140.9056854248047,2096700,,
2018-05-29,139.16871904595567,140.8081930058428,136.04043689267365,137.36973571777344,3350500,,
2018-05-30,138.05209938181233,138.3799887327496,136.66077377940024,137.4317626953125,2870600,,
2018-05-31,137.2899610371206,137.4228990136641,132.45132159101618,132.49562072753906,4754600,,
2018-06-01,133.55017426028493,136.51007540153847,133.39952206687863,135.93405151367188,2655900,,
2018-06-04,136.235410530569,136.5810277063451,133.9755996786508,134.2946319580078,1737000,,
2018-06-05,134.99470590299413,136.97979668705483,134.62250391641862,136.87344360351562,1872200,,
2018-06-06,137.48490942455416,140.5157083180661,137.165877250378,140.50685119628906,2468100,,
2018-06-07,140.40939525326883,142.06658333383555,139.72701812266598,140.59548950195312,2192300,,
2018-06-08,140.13466322055535,140.56003498776573,138.29136753287736,139.23959350585938,1390300,,
2018-06-11,139.01805040504797,139.7979099509358,137.70647950523005,138.84967041015625,1925100,,
2018-06-12,138.73448671648023,140.5511977711508,138.73448671648023,139.6561279296875,2548600,,
2018-06-13,139.93969128401523,139.93969128401523,135.5264104034133,135.88975524902344,2386100,,
2018-06-14,135.59731573500738,136.38603237166296,132.9387185073155,133.08937072753906,3072100,,
2018-06-15,131.6626036935619,133.10709899754397,129.11034601820367,131.82211303710938,5991000,,
2018-06-18,130.61685458629898,131.28150375751406,129.96106253599748,130.97132873535156,2947200,,
2018-06-19,128.4988332302711,128.4988332302711,125.43257925992047,126.08837127685547,3752500,,
2018-06-20,126.4163097427133,128.3659587893416,124.84774690382586,127.92285919189453,2609600,,
2018-06-21,127.14296993713596,127.4442743478097,124.68819495321816,125.84911346435547,2784400,,
2018-06-22,127.32908529212139,128.81790687130288,126.61126615597121,126.87712860107422,2315000,,
2018-06-25,125.60099379714568,125.76937378856532,122.87149896514711,123.75769805908203,3705200,,
2018-06-26,124.09445804192131,125.06928245417974,122.93353939243858,123.75769805908203,1832500,,
2018-06-27,124.89199180791691,127.02773418546504,123.29684476770538,123.51839447021484,2433700,,
2018-06-28,123.42932724735273,125.11257538449432,122.29826516703581,124.16853332519531,1619900,0.69,
2018-06-29,124.78305186419489,127.10753862537058,124.31103084587454,124.50696563720703,1906200,,
2018-07-02,122.9573483687691,125.86964057220551,122.79704543865736,125.7182388305664,1867400,,
2018-07-03,126.28822641280355,126.46634530799328,124.56044459130192,124.89888000488281,1580700,,
2018-07-05,125.18386935299223,125.56683789338054,122.97516512316459,124.4179458618164,3014900,,
2018-07-06,124.62281763442887,124.95235195888935,122.81488380385551,124.66735076904297,2059600,,
2018-07-09,125.45996614698657,129.82395424984074,125.01466207054851,128.6216278076172,2149800,,
2018-07-10,129.4409859619166,130.28706099108751,128.06054060400513,128.73741149902344,1531900,,
2018-07-11,126.61769331452382,126.96502976910179,125.29068296775424,125.94973754882812,2396600,,
2018-07-12,126.29710737650642,127.16989933589122,125.20166343638887,125.39759826660156,1681700,,
2018-07-13,125.30856991987025,125.42435333352468,122.44081045392674,122.52987670898438,5103500,,
2018-07-16,122.57444057411519,122.85052700858364,120.60618999643074,121.36321258544922,3726400,,
2018-07-17,119.99160082409735,123.00185993152073,119.67098143046884,122.90389251708984,2704800,,
2018-07-18,122.72578396492275,124.23091364511814,122.35173023918891,123.9815444946289,2397700,,
2018-07-19,123.23344314842389,125.84293204754181,123.0375082717829,124.95232391357422,2303400,,
2018-07-20,123.04641022210163,123.96373541728317,121.65706385229659,122.16470336914062,2832100,,
2018-07-23,121.56799241259999,121.8529934965751,120.49035074951867,120.7041015625,2789900,,
2018-07-24,121.89752592066755,126.45744861946888,120.5259954303413,124.54263305664062,5146300,,
2018-07-25,124.31108524226079,126.88494221148127,121.25629226946734,125.86074829101562,4371300,,
2018-07-26,126.4217441013138,128.4345259427991,125.86067056311701,127.11641693115234,3585300,,
2018-07-27,128.11395514946074,128.11395514946074,124.364489814498,125.39759826660156,2321400,,
2018-07-30,126.19024262944963,127.01850150007091,122.7703113624218,123.08201599121094,2994500,,
2018-07-31,124.80978957349639,129.80610039649247,124.68510501206823,128.95111083984375,4856500,,
2018-08-01,127.8913529897795,129.1025807803926,125.77170095880567,126.38622283935547,2198500,,
2018-08-02,125.48662995759432,128.229703533071,124.99680655342748,126.54645538330078,1343200,,
2018-08-03,126.59996266769082,128.24759343586823,126.4752780509901,127.67760467529297,1873700,,
2018-08-06,127.30350274830293,129.0134683842505,127.16100221457425,128.18519592285156,1472900,,
2018-08-07,128.70177105666656,131.25782553303512,128.70177105666656,130.13565063476562,1549900,,
2018-08-08,129.96644039924874,130.31379062267817,128.39897495241698,128.96896362304688,2329000,,
2018-08-09,127.8468083652765,128.21196098460356,123.48282008144155,124.53374481201172,3782500,,
2018-08-10,123.79451371671026,124.0795148036703,121.00690628938146,122.05783081054688,2413100,,
2018-08-13,122.01332561124873,122.30722795332744,120.77538073439754,121.93317413330078,2155200,,
2018-08-14,122.5387231104838,124.3555706203515,122.44075570956352,123.4827651977539,2808800,,
2018-08-15,122.24487640009616,122.38737697332145,118.29948860483992,120.85552978515625,2563100,,
2018-08-16,122.40520183616583,123.0108089319719,121.44334328141183,122.3250503540039,2996000,,
2018-08-17,119.50177821920106,126.81367608067555,117.84526033944191,125.21057891845703,8811200,,
2018-08-20,126.11902398541882,126.6177623882128,124.45359104974558,125.15716552734375,3509600,,
2018-08-21,125.33528535389352,128.59491455387513,125.30856819566436,128.09617614746094,1945200,,
2018-08-22,128.02492872954667,128.4346144809064,126.97401757672382,127.00963592529297,1277900,,
2018-08-23,126.65335394846281,126.74240658365635,124.59603830840285,125.73601531982422,1414700,,
2018-08-24,126.3060318792034,129.00457300631604,125.82509595361135,128.92440795898438,1945400,,
2018-08-27,129.36972018130595,131.16875224364722,129.36972018130595,130.20689392089844,1902500,,
2018-08-28,131.04406390829115,132.25529136267133,129.8239352659405,130.4740753173828,1535200,,
2018-08-29,130.79469155546877,130.9104749442574,129.7348658600642,130.01986694335938,1687800,,
2018-08-30,129.69924718773063,130.17126833983136,127.28569353204608,127.6419448852539,1491800,,
2018-08-31,127.02743294141396,128.3900621967187,126.63556321760855,128.06944274902344,1181300,,
2018-09-04,127.68646380530862,127.96255010922988,125.56682601961654,126.19915008544922,1698900,,
2018-09-05,125.60243457062408,129.21830057164559,125.60243457062408,129.03128051757812,2232100,,
2018-09-06,129.12928170455595,130.16237683960946,128.390075302756,129.2272491455078,1446700,,
2018-09-07,129.2272015107033,132.12167695690115,128.26534342398438,131.48043823242188,3136300,,
2018-09-10,132.25530404890287,134.17010604542023,131.80999999486616,132.353271484375,1872100,,
2018-09-11,131.3646709246148,133.29728852034714,130.81249835143376,132.34434509277344,1152200,,
2018-09-12,132.2196493442038,133.50211325189272,130.5364010264147,131.61402893066406,1949800,,
2018-09-13,132.55807594111582,133.73368488650567,132.12168676954371,132.5847930908203,1502100,,
2018-09-14,132.6115451663683,133.63575266997842,130.78580937092715,131.59625244140625,2002200,,
2018-09-17,132.05937925075912,133.9830961724331,131.85454317536676,132.73623657226562,2131000,,
2018-09-18,133.13702112314942,134.3660511651059,131.71204260570153,132.73623657226562,1529700,,
2018-09-19,133.00342977880524,136.9310153337864,132.96781142903808,135.71978759765625,2373000,,
2018-09-20,137.36737462061012,139.62061163907458,136.45895070969436,137.21597290039062,2762200,,
2018-09-21,137.48317280366453,138.1066093669092,135.96024051016522,136.0938262939453,2514000,,
2018-09-24,135.45255621177768,135.68412296989428,133.3240038120968,134.9716339111328,1713500,,
2018-09-25,135.1052190378124,135.69302352778524,133.73368881747416,134.7400665283203,1400000,,
2018-09-26,134.50854805971412,136.65491696674587,134.25027767515436,135.65744018554688,1784900,,
2018-09-27,136.3463121785309,137.7777750421428,135.0937924114517,135.29061889648438,1494500,0.69,
2018-09-28,134.69116542706064,136.13156963928756,134.23487975240943,134.4943389892578,1737000,,
2018-10-01,135.73792990823605,136.4089254698765,134.36014471019476,134.96852111816406,2670300,,
2018-10-02,135.21015719978536,138.63671137778542,134.55704466733005,138.51145935058594,2149200,,
2018-10-03,139.25392304330646,142.1615701209654,138.77975399660326,141.5442657470703,2973700,,
2018-10-04,141.31163441703325,142.51943164809794,139.28970644169334,141.6337127685547,3882500,,
2018-10-05,141.80373513511933,141.98266456273046,138.43086013631603,139.92494201660156,1948300,,
2018-10-08,137.60775913367993,139.03922170438258,136.0510582633375,137.61671447753906,2863700,,
2018-10-09,136.84735346717,137.5362326126639,134.2975641398135,134.60174560546875,2107400,,
2018-10-10,134.1991293612263,134.83434458017032,131.12149381031156,131.92669677734375,2861400,,
2018-10-11,131.31834309749144,135.09381368463448,130.1731780868498,131.04100036621094,3309500,,
2018-10-12,133.38494341504642,134.19908782419145,130.48625185496368,132.7855224609375,1881000,,
2018-10-15,132.45453432862496,134.29753339459762,132.01614562158233,132.81239318847656,1678300,,
2018-10-16,134.18124400427808,136.27476097968406,132.59770396897997,135.9526824951172,2124500,,
2018-10-17,135.20118474643814,136.41792442164012,133.6892052620204,135.66641235351562,1516000,,
2018-10-18,134.62857868063656,135.14748368039776,130.3610556910983,131.694091796875,2491800,,
2018-10-19,131.9803980808079,133.3044925739028,130.05686868837185,130.5399932861328,1901500,,
2018-10-22,131.3809205808347,131.47037845406467,129.12637194329378,130.11944580078125,1702300,,
2018-10-23,124.91254581408032,126.42452486271787,122.27329898815533,124.92150115966797,5166900,,
2018-10-24,124.93936609874619,125.57458122680539,119.49088550257987,119.78612518310547,3731500,,
2018-10-25,121.3428571992355,123.74054175902961,120.17979534721893,122.37171173095703,1854400,,
2018-10-26,120.33186687383437,121.05653987300785,117.73735624568054,118.98987579345703,4771000,,
2018-10-29,121.13707831784362,121.48599551679027,114.80289126795712,116.80692291259766,3274800,,
2018-10-30,116.75322576974652,118.95409718169464,115.67068027513315,118.77515411376953,2347600,,
2018-10-31,120.43923837696718,122.60431597994665,120.43923837696718,121.17286682128906,2018200,,
2018-11-01,121.8617478530805,126.27241883730287,121.3160042446462,125.83403015136719,2954000,,
2018-11-02,127.51599381386973,128.8043074600001,126.29925466490651,126.79132080078125,2938000,,
2018-11-05,127.1492209449769,128.40175457518194,126.92555568795214,127.6233901977539,1576800,,
2018-11-06,127.42656974618126,130.18212748209058,127.12238825849217,130.14634704589844,1729500,,
2018-11-07,131.1214833185314,134.00229215709103,130.40575195558634,132.79449462890625,2161700,,
2018-11-08,132.21296841683517,132.57082726674486,129.76159297548955,131.2198944091797,1899400,,
2018-11-09,130.20897649628165,130.334228510004,127.97232364306402,129.55587768554688,2581600,,
2018-11-12,129.72579249230043,130.56677567613576,128.428537297665,129.34109497070312,1562800,,
2018-11-13,129.9047412162798,134.2617484539407,129.7615922165771,131.7209014892578,3540500,,
2018-11-14,132.75869592302843,134.41382361871268,129.86894578899782,131.71194458007812,1824100,,
2018-11-15,127.58757527954106,132.18613117503807,127.48916204699104,131.24673461914062,3015400,,
2018-11-16,130.36995726088864,132.6155506855391,129.91368522202976,132.29347229003906,2327300,,
2018-11-19,131.76564065461093,132.56188821525203,127.13130429415699,127.55179595947266,2912400,,
2018-11-20,125.67300689501539,125.67300689501539,121.5575616487671,123.92842102050781,3701400,,
2018-11-21,122.1749134643943,131.04994963549427,122.1749134643943,126.93451690673828,4987600,,
2018-11-23,125.03777828376428,128.33013685768216,125.01989489826163,127.7933349609375,1192500,,
2018-11-26,129.70792889137698,133.43866307481017,129.153243521374,133.23289489746094,4361700,,
2018-11-27,132.39188254632953,133.25076279890098,131.2019822132629,132.2397918701172,1753800,,
2018-11-28,132.6513827919754,136.00636135227685,131.5509399951578,135.99740600585938,2421700,,
2018-11-29,135.85428463160326,136.42686715218665,133.38501141978915,134.1723175048828,2236700,,
2018-11-30,134.10074565185565,138.95876230330984,134.01127408533492,138.5651092529297,2534900,,
2018-12-03,144.92614406383362,147.05542801608465,144.15673503781778,145.1229705810547,5132000,,
2018-12-04,143.9866955736584,144.04037303155175,135.37110864436661,135.62161254882812,3549300,,
2018-12-06,132.14139561285987,138.21615000614287,131.13043820573932,138.12667846679688,4595900,,
2018-12-07,137.41993325746859,138.42194919585907,130.8978470082376,131.74777221679688,3005600,,
2018-12-10,130.4236509236369,132.54399266079628,128.69696212449406,131.54197692871094,1791400,,
2018-12-11,134.45856472439303,135.87213041709393,130.56679846133505,131.51513671875,1818800,,
2018-12-12,134.32443288513127,135.62168890317832,132.4098584508858,132.5351104736328,1863500,,
2018-12-13,133.6176193464355,134.61963524949815,132.20405339664765,132.68716430664062,1733900,,
2018-12-14,130.89781885016617,133.76073066645776,130.89781885016617,133.3134002685547,1967900,,
2018-12-17,132.67819512368567,134.24385147357404,129.72581184789385,130.69204711914062,2504000,,
2018-12-18,132.7139606786373,134.95956770008675,132.25768865088037,133.5102081298828,2846200,,
2018-12-19,133.5460171640247,135.98843724744737,129.10849373142176,130.69204711914062,3173200,,
2018-12-20,129.83313502507303,132.72289843901032,127.57860026155159,129.40370178222656,2822800,,
2018-12-21,129.3142722848981,131.58671847170382,127.46233143800286,127.92755889892578,3931500,,
2018-12-24,126.81814811476546,127.34599462598791,122.90848541259766,122.90848541259766,1444700,,
2018-12-26,123.83894453090419,128.22279057922012,121.7901773347696,128.1780548095703,2267400,,
2018-12-27,126.32608707400829,131.26461791992188,125.40458765267846,131.26461791992188,2457300,,
2018-12-28,131.65136703583474,133.0633050872826,129.9426656568142,130.6531219482422,1597100,0.76,
2018-12-31,131.49846954171122,134.21441767823617,131.49846954171122,134.15145874023438,1954600,,
2019-01-02,131.5074573044496,134.59212963699812,131.5074573044496,133.18919372558594,1987700,,
2019-01-03,132.5776530229155,132.79349460066285,128.33286471821765,129.5469512939453,2047200,,
2019-01-04,132.20890314499877,136.48066910244557,132.06502251028508,136.40872192382812,2549100,,
2019-01-07,136.62457336495225,140.23984044808822,135.69827567219318,138.63905334472656,2947400,,
2019-01-08,139.42144219579419,141.9934954301087,138.5131348239199,141.12115478515625,3124800,,
2019-01-09,141.96654237818183,142.00250911154473,138.04550976051323,138.7919464111328,3134300,,
2019-01-10,138.18039316125177,143.37845717375595,136.23787406817831,143.09967041015625,2693600,,
2019-01-11,141.885620860195,143.70223610754357,140.84240709749358,142.34426879882812,2039000,,
2019-01-14,140.48264839365453,142.39818882367265,140.1498909817332,141.56182861328125,1364900,,
2019-01-15,141.42693223283737,142.7669227788698,140.0779534349268,141.2380828857422,1369100,,
2019-01-16,141.4179342579921,142.71295601055257,141.12115729615357,141.56182861328125,1457300,,
2019-01-17,140.9592908036463,145.36594922130698,140.51861947287165,143.9540252685547,2155100,,
2019-01-18,145.68971774901854,149.45786758269864,145.54582337635483,148.0369415283203,3879800,,
2019-01-22,146.49010002135364,146.58902567960885,141.53485630198506,142.8478546142578,2076500,,
2019-01-23,143.4774095738023,144.5206233605616,140.51865481590946,141.74172973632812,1780800,,
2019-01-24,141.86764112285738,143.0727258744885,141.25611049278507,142.4791717529297,1602100,,
2019-01-25,144.45764795420894,146.42715920417947,143.77415657758527,145.24005126953125,1826400,,
2019-01-28,141.27401920465482,142.4701151280292,139.57430683407418,140.73443603515625,2199400,,
2019-01-29,141.6247661248824,144.7364162070285,141.02222398267187,144.32272338867188,2199700,,
2019-01-30,145.60878316634097,147.20056835977724,143.95403903854825,146.5081024169922,1988800,,
2019-01-31,146.0764197294271,148.27976287807132,144.0529514094644,147.4883575439453,3118800,,
2019-02-01,147.56032377585703,147.81213210148366,146.55309047335052,147.38046264648438,1704300,,
2019-02-04,147.5423457380037,148.27979426865093,145.99551519703567,147.94703674316406,1907900,,
2019-02-05,148.0549127051324,148.37866814070645,146.59800638378866,147.6772003173828,1574600,,
2019-02-06,147.5962641709503,148.3067340305816,146.58903104820652,147.2005615234375,1660500,,
2019-02-07,146.31025076014112,147.3084956750549,143.99000545189492,145.50985717773438,2488100,,
2019-02-08,144.1158687749766,146.40013298161398,144.1158687749766,146.36416625976562,1628300,,
2019-02-11,147.15562454969398,147.7042098831496,145.62677072947346,145.63577270507812,1843900,,
2019-02-12,146.98475439523784,149.2060742518081,146.50811624520688,148.55856323242188,1894400,,
2019-02-13,147.38943652556804,147.93802183629353,145.75268256862327,146.31924438476562,2777700,,
2019-02-14,145.11415239480385,146.9577595721548,144.39469426187148,146.0674285888672,2029700,,
2019-02-15,143.41441161612534,146.94872893561174,141.471879152848,142.9827423095703,7578600,,
2019-02-19,141.08523937666504,142.81193106991654,140.3477908425804,141.42697143554688,2971500,,
2019-02-20,141.99352227858276,144.44866010021332,138.3422881534595,143.78317260742188,3349200,,
2019-02-21,143.8640884835763,147.75814212990633,143.8640884835763,146.45413208007812,2838500,,
2019-02-22,146.5890006536723,149.28695772091777,146.5890006536723,149.25997924804688,1967200,,
2019-02-25,150.16833230272505,150.92377094098063,148.18983259472603,148.26177978515625,2502700,,
2019-02-26,147.00270647835515,148.432620557398,146.41814082843342,147.3084716796875,1623700,,
2019-02-27,147.04768172145836,147.27251152798635,146.0044818482855,147.11962890625,1850500,,
2019-02-28,146.795891302349,148.41466885087502,146.13939202969158,147.5243377685547,1778000,,
2019-03-01,148.25277233235374,149.25101717119162,146.35520831339247,146.86781311035156,1668900,,
2019-03-04,148.027996945856,150.20434851498246,147.62329218803157,149.1251678466797,2663100,,
2019-03-05,148.7294621375935,149.0711942136018,145.15016067537775,145.19512939453125,1965900,,
2019-03-06,145.01523468149836,145.0691916429854,141.930576121286,142.30828857421875,2229700,,
2019-03-07,141.98453895904603,142.38922990947114,139.88012131629262,142.11044311523438,2051300,,
2019-03-08,140.1858728270652,143.87307309103147,140.1858728270652,143.000732421875,1757300,,
2019-03-11,143.0996961419746,144.48465567941088,142.65903842576515,144.26881408691406,1340300,,
2019-03-12,144.39466138184753,144.79036395098126,142.73991765866953,143.1176300048828,1553100,,
2019-03-13,143.6752339276072,144.77240447595113,142.82088341144362,143.60328674316406,1661800,,
2019-03-14,143.04571996075654,143.20760456401624,141.1571577395466,141.87660217285156,1596800,,
2019-03-15,141.75068736310322,143.29751747890657,141.5528360420687,142.22732543945312,2386300,,
2019-03-18,142.07443120222976,144.3317309832618,141.70572079093375,144.16085815429688,1962400,,
2019-03-19,145.17709162227004,146.7329237158397,143.95403068597133,144.76341247558594,1685400,,
2019-03-20,144.358711637171,145.24004054865887,142.11041379586052,143.58529663085938,2017100,,
2019-03-21,142.5600555424047,144.50257420534288,142.54206531961734,143.64822387695312,1082200,,
2019-03-22,142.3802527079249,142.9468145934871,139.62832384187686,140.2398681640625,2177400,,
2019-03-25,140.61752758541277,142.31724004558725,140.2847839272234,141.4898681640625,1137200,,
2019-03-26,142.48813662862818,142.87483729886256,140.75244343222667,141.7327117919922,1036700,,
2019-03-27,142.20939245372014,142.59609323974564,140.3657847921963,142.33529663085938,1068200,,
2019-03-28,142.77803220890178,143.22986142475273,141.630382139795,142.85032653808594,1123300,0.76,
2019-03-29,143.60036962906972,145.66974144178442,143.21178931993433,144.44076538085938,1862600,,
2019-04-01,146.06740962742242,147.36868052118393,145.19989110200171,146.3114013671875,1371400,,
2019-04-02,146.30229267732088,147.03426758003084,145.33538533809642,146.5010986328125,1184300,,
2019-04-03,147.332487178381,148.25422278058082,146.54630863491573,147.64877319335938,1356100,,
2019-04-04,147.72103405637748,148.90482430854448,147.60355405651185,148.41685485839844,1197200,,
2019-04-05,148.95905525216708,149.51028745697104,148.38975980629215,149.13075256347656,1294600,,
2019-04-08,148.18194774937194,149.13982375214357,147.4680634531277,149.1036834716797,1133300,,
2019-04-09,146.55532376737926,146.76317514297256,143.19372695100554,143.528076171875,2451000,,
2019-04-10,143.6817308927993,144.26007189956044,140.75387178990627,143.34738159179688,2746800,,
2019-04-11,143.35638515816055,144.856461590743,142.68767289829336,144.72994995117188,1162200,,
2019-04-12,146.11259230000678,146.68190175142294,144.49503534046332,145.90475463867188,1220200,,
2019-04-15,146.23904659947587,146.92582204805157,145.83240306033588,146.83546447753906,1062500,,
2019-04-16,146.83551871855386,149.3205803397316,146.72707028965112,148.70608520507812,1310200,,
2019-04-17,148.9771596683971,149.81755556089598,148.06446943212364,149.51031494140625,1350700,,
2019-04-18,149.99828068290148,153.612914714324,149.75428902493476,152.7634735107422,2215500,,
2019-04-22,152.0315172701156,153.58581105727652,151.72426288801353,152.8538360595703,1376600,,
2019-04-23,152.47432836109468,152.98942043791484,151.34475498779162,151.5977783203125,1891200,,
2019-04-24,151.18212082464908,151.5616558680763,149.33864914087223,149.3838348388672,1463400,,
2019-04-25,148.1999766134371,148.67891445915018,145.70588440998404,146.22096252441406,1256600,,
2019-04-26,147.1427623905216,149.13080897023573,146.04029756392092,149.11273193359375,988500,,
2019-04-29,149.47413813481998,150.57660247766916,149.1578521816935,150.26934814453125,889700,,
2019-04-30,150.61275712567326,150.61275712567326,147.60357273424907,149.67295837402344,1573700,,
2019-05-01,149.654848223777,151.20010994880738,148.68792724609375,148.68792724609375,1327400,,
2019-05-02,149.0946488396779,150.5947117515567,146.52824773894505,148.30845642089844,1702400,,
2019-05-03,149.21209436355574,151.1188144428259,148.60664479376177,150.82965087890625,1050800,,
2019-05-06,145.7149683221504,145.94088300171964,142.89555753352258,144.748046875,2913100,,
2019-05-07,143.08529611591638,143.57327947035822,140.3381801022941,142.56117248535156,2182200,,
2019-05-08,142.00992475049512,142.58826562669142,140.38335051594774,140.6002197265625,1806400,,
2019-05-09,138.93754385012784,141.2418766034388,137.1663664923752,140.50086975097656,2026000,,
2019-05-10,139.90443393586366,141.27798510810436,137.3290013576239,141.01593017578125,1753700,,
2019-05-13,135.54877503049568,136.0367445535623,131.19313444092322,132.18716430664062,3172500,,
2019-05-14,132.13293935712437,134.58184602928122,131.43711849138498,132.93719482421875,2325400,,
2019-05-15,131.75345908847044,132.48542052855393,130.1449474873948,130.8859405517578,2330500,,
2019-05-16,132.10580824681264,133.79564484471993,131.03045267042387,131.92507934570312,2893400,,
2019-05-17,126.51218190485633,127.75018955824483,120.34019309013567,121.83123779296875,7817500,,
2019-05-20,121.06316088427963,122.89758699888453,119.89743340355287,122.32827758789062,3715300,,
2019-05-21,123.85542809572092,126.06035697590553,123.40359885924813,125.50912475585938,3567300,,
2019-05-22,124.63258970292657,126.58449554508537,124.45186074466794,125.40973663330078,2626800,,
2019-05-23,123.50299455117202,124.53316459795909,122.40053017616951,123.322265625,2584400,,
2019-05-24,124.86754112538445,125.97000574163759,124.18979716237979,125.56336212158203,2597200,,
2019-05-28,126.93691900533877,126.93691900533877,124.29823766522271,124.31631469726562,2054400,,
2019-05-29,123.96391509332136,127.750247901451,123.3855739777502,127.53337860107422,3013000,,
2019-05-30,127.69600044642773,129.85574404843976,127.69600044642773,128.0303497314453,3110600,,
2019-05-31,126.06036768707257,127.19897249578533,124.5241509102818,126.66581726074219,2206600,,
2019-06-03,126.09650987918508,129.9461041843465,126.09650987918508,129.4852294921875,2213600,,
2019-06-04,131.03046497708561,132.4582468707942,130.02740362467725,131.59072875976562,1872000,,
2019-06-05,132.19618348923368,132.7926013525466,130.27140044124474,132.1329345703125,1634100,,
2019-06-06,131.87992293632777,132.99141902407789,130.88589307656142,132.37693786621094,1391300,,
2019-06-07,133.09987971008422,134.82587108261905,132.4402127404784,134.38308715820312,1555800,,
2019-06-10,135.25056355918272,136.66026858712422,135.23248652866872,135.3770751953125,1708500,,
2019-06-11,136.85903826805142,137.86209947023542,134.50953510737048,135.54873657226562,2019800,,
2019-06-12,134.87105709909065,135.41325781900395,133.4794288081276,134.4553680419922,1344100,,
2019-06-13,135.19634337031184,137.57296954337338,134.64511115564207,136.93136596679688,1192500,,
2019-06-14,137.0488566139256,137.44646857519402,135.11502790217614,136.91329956054688,1013500,,
2019-06-17,138.5308495419844,140.2477951608028,137.5910369888802,139.4977569580078,1742200,,
2019-06-18,140.8713424037499,144.558271245887,140.52794771408816,144.02511596679688,2617000,,
2019-06-19,144.0160512231296,145.90470797400062,143.74496470319383,144.53114318847656,1671100,,
2019-06-20,146.61860685451154,147.41383082950776,145.3534903385956,147.0794677734375,1945100,,
2019-06-21,147.7120253840684,148.83255310615897,146.49208088608356,148.45301818847656,2380800,,
2019-06-24,149.22111852523796,152.15800837485185,149.01326716183897,150.80252075195312,2582200,,
2019-06-25,151.26342863265808,151.26342863265808,149.92601762288726,150.2874755859375,2084800,,
2019-06-26,150.10673681018832,150.5314574728656,149.6729845250822,150.1157684326172,2025700,,
2019-06-27,149.99774163125966,150.21562145262737,148.60879066879912,149.62554931640625,2072100,0.76,
2019-06-28,149.63460818836612,151.6590244550968,149.63460818836612,150.43348693847656,6514900,,
2019-07-01,152.7847037692095,153.30214920764297,147.92790589120992,149.916015625,2409200,,
2019-07-02,150.17933019477442,150.39721005817432,148.96286545804276,149.90699768066406,1371000,,
2019-07-03,150.53338391148728,150.54245704421004,147.78270096428076,150.05223083496094,918600,,
2019-07-05,148.51799704645356,148.8811161792186,146.6660534538736,148.35458374023438,1291700,,
2019-07-08,148.0096500995727,149.48938796942326,147.07460492535478,148.7812957763672,1384000,,
2019-07-09,147.06547967895546,148.52705691379967,146.2575279064084,148.29103088378906,1486000,,
2019-07-10,147.25617446405894,148.09135975020348,145.8127430147677,145.9852294921875,1753200,,
2019-07-11,145.90351026831547,146.43004276253018,144.67795882549225,146.3937225341797,2012800,,
2019-07-12,147.17445877755927,150.16116764479318,147.16538564544337,150.12484741210938,2268500,,
2019-07-15,151.51378718192734,152.33989926244143,150.05220959798282,150.69676208496094,1983700,,
2019-07-16,149.97960002561254,151.24145792781803,149.56200048471797,150.8329315185547,1345100,,
2019-07-17,150.76032191497805,151.22330097582287,148.04595947265625,148.04595947265625,1368200,,
2019-07-18,147.74637510297393,148.75404678679286,147.0927494782206,148.1912078857422,1404400,,
2019-07-19,148.92657355914287,151.21426386496748,148.45450740191583,150.34275817871094,2690300,,
2019-07-22,150.33361507975718,151.2232666199363,149.3894832047003,149.916015625,970300,,
2019-07-23,150.7693269999262,153.36566829621736,150.2064883346383,152.83006286621094,2176800,,
2019-07-24,150.51518881667,152.9481176236531,149.85249012702278,151.76795959472656,1775600,,
2019-07-25,151.60458793042702,151.91324065320404,150.1067038300424,151.52288818359375,1180600,,
2019-07-26,151.6227611818145,155.2358489932414,151.45934782188152,154.6820831298828,1950000,,
2019-07-29,154.59125912364473,155.4355312668624,153.53820800550417,154.56402587890625,1459600,,
2019-07-30,153.5654783930829,154.9907360035204,152.21283355143876,154.3552703857422,1400700,,
2019-07-31,154.41877082150958,154.6366367572627,149.45303987157,150.37899780273438,2000300,,
2019-08-01,150.5968796677867,151.74980438477425,145.84902844021966,146.34832763671875,2193800,,
2019-08-02,145.10460684707851,145.10460684707851,142.617211859385,144.0697021484375,2270200,,
2019-08-05,140.34766314597337,141.09206137131522,134.09284247819883,137.13400268554688,3243300,,
2019-08-06,138.36871322570252,140.12079771349974,136.54401596259572,138.69552612304688,1824800,,
2019-08-07,136.57118748137577,137.606092213134,134.9008173620654,137.2974395751953,1747100,,
2019-08-08,138.07820418890748,140.8924129441036,137.4881181056405,140.76531982421875,1661300,,
2019-08-09,139.7303818749678,141.62770509407412,139.30370924742226,140.56556701660156,1742900,,
2019-08-12,139.75764052340512,140.11168661358568,133.2849510361498,133.49374389648438,3738300,,
2019-08-13,132.54055326252654,136.22626780129727,132.07757412487666,133.60269165039062,2890500,,
2019-08-14,130.82473492144558,131.43296705300403,128.7730856186317,129.9713897705078,3001000,,
2019-08-15,130.56152979695986,131.93232094393198,128.2284462845737,130.461669921875,2402700,,
2019-08-16,130.52513227663775,137.07045908170704,130.2618730448031,135.4727020263672,3493000,,
2019-08-19,136.34424760418077,139.12214931544722,135.59076219685883,138.3414306640625,1993600,,
2019-08-20,138.0327774190832,138.52298966227005,137.18850530034587,138.0781707763672,1582900,,
2019-08-21,140.1207459803289,140.9377709959843,139.44896031378252,140.58372497558594,1855200,,
2019-08-22,141.17378497168733,141.81833733933294,138.94057606564417,141.04669189453125,1716400,,
2019-08-23,137.0795630311373,139.63959860563077,132.81285092575507,133.4664764404297,2983000,,
2019-08-26,136.48049265444052,137.89667757211262,134.6104016040727,136.90716552734375,1864100,,
2019-08-27,137.6152041228395,138.60471578030808,135.85404680096812,136.2625732421875,1240700,,
2019-08-28,135.70877850364778,139.3218652571884,135.2367125324175,138.64100646972656,1477800,,
2019-08-29,140.93777772230388,143.22546726827076,140.71082477911176,142.05438232421875,1611800,,
2019-08-30,143.63405243821828,143.87916561942157,140.49301602093908,140.6291961669922,1629100,,
2019-09-03,139.58516966272867,139.58516966272867,136.22626799634625,136.9162139892578,2030600,,
2019-09-04,137.46082332008191,137.98735568164605,137.12493747905677,137.73316955566406,1562300,,
2019-09-05,138.69545987370284,142.7079856204033,138.2869474101809,141.89096069335938,1672900,,
2019-09-06,142.5536772454966,143.27085628140972,141.72756523283024,142.0906982421875,1083200,,
2019-09-09,142.25413715891662,144.50550703287647,142.2359770403854,143.7611083984375,1725700,,
2019-09-10,144.24220967936938,148.9174346923828,143.7247641803883,148.9174346923828,2702900,,
2019-09-11,148.97191857636776,149.96143009164675,147.77360037825827,149.92510986328125,2213300,,
2019-09-12,147.16538770030664,148.59973216492264,144.92309119857066,148.20936584472656,2732800,,
2019-09-13,149.7253942797796,151.23236519988262,148.10949037580227,150.17022705078125,1789300,,
2019-09-16,149.00823548758595,150.22470003377447,147.88254381451202,149.416748046875,1164700,,
2019-09-17,147.96427362797223,149.1081116897915,147.33788117074585,148.87208557128906,1347800,,
2019-09-18,148.40000245431537,150.3608793513895,147.80993029971043,150.13392639160156,1215900,,
2019-09-19,149.92507127737952,150.69671663230253,148.60874730613278,149.28053283691406,986000,,
2019-09-20,149.63461886261922,151.33222247559567,147.86438864426032,148.94468688964844,2942700,,
2019-09-23,147.87348394232706,150.7694062000642,147.7554639593752,149.9796142578125,1412300,,
2019-09-24,150.34270650934232,150.97817197253386,148.83573565941077,150.6604461669922,3124800,,
2019-09-25,150.40630589132854,150.91469231598978,149.2715407375657,149.96148681640625,2814000,,
2019-09-26,149.94330836248008,151.53197938350863,149.56202897968666,151.06900024414062,1808800,,
2019-09-27,151.84410828178926,152.58280712260063,150.47614334231366,151.62522888183594,1591200,0.76,
2019-09-30,152.09952463762798,154.15147291043937,151.99009184942412,153.832275390625,1828700,,
2019-10-01,154.6712542091077,155.22756055389527,150.156958402157,150.93214416503906,2299500,,
2019-10-02,149.56420113299197,150.4579345360598,146.9012304412352,148.88021850585938,2646300,,
2019-10-03,148.84373852281814,150.6494486767476,146.4725932945242,150.32113647460938,1367500,,
2019-10-04,150.29378508828782,153.01147215834274,149.70099179654616,152.9293975830078,1217300,,
2019-10-07,153.1574025814848,153.83225658044245,151.76207903984255,151.88975524902344,1221600,,
2019-10-08,149.82860974392068,151.56137340494013,148.52449005731785,150.44876098632812,1848600,,
2019-10-09,151.75293050616352,152.85642853198502,150.15697114242104,151.78028869628906,2089100,,
2019-10-10,151.85331157085255,154.9905152209188,151.4155664313938,153.02976989746094,1996800,,
2019-10-11,155.0360601029386,158.00909953998016,154.56182825800306,155.90243530273438,5006800,,
2019-10-14,155.7656478614976,155.90243882194082,153.73194339415497,154.06024169921875,1769000,,
2019-10-15,154.6348044820933,157.79936551088565,153.34891368385846,157.44369506835938,1898500,,
2019-10-16,156.91475406281594,158.77519486052924,155.94806070832323,156.00277709960938,1824100,,
2019-10-17,156.88738340140728,157.77200209868184,156.23075892681868,156.98770141601562,1203400,,
2019-10-18,156.88737204828095,158.91196171247623,156.40402544441704,158.6110076904297,1616200,,
2019-10-21,159.28588411200127,160.25257737168883,158.68397603555562,158.71133422851562,1375200,,
2019-10-22,159.36794190595916,160.8635832647878,158.31004550404933,159.73272705078125,1486600,,
2019-10-23,158.39216144269065,160.34380561576356,158.22801225934708,159.59597778320312,1227100,,
2019-10-24,159.5959550511592,159.5959550511592,155.8659729271512,156.96034240722656,2478700,,
2019-10-25,157.04241217254332,158.77517655222994,156.9876957875665,157.872314453125,2102400,,
2019-10-28,159.08526862198,159.95164398076236,157.76290476745274,158.09121704101562,1433100,,
2019-10-29,157.13362576265334,159.2676484111244,156.63203567459473,158.7843017578125,1586500,,
2019-10-30,159.2493761781767,159.2493761781767,157.4163079140276,158.51980590820312,1624700,,
2019-10-31,158.1732493089217,159.03050967805584,155.35524449897628,158.81163024902344,2181800,,
2019-11-01,160.41669410436072,160.7450062691817,159.40439942246772,160.60821533203125,3090800,,
2019-11-04,162.10387822856285,163.53568850199807,162.10387822856285,163.33505249023438,1990200,,
2019-11-05,163.4444484260402,163.88219330049685,162.50511363519644,163.1708526611328,1314300,,
2019-11-06,162.8608358175873,162.91555220486137,159.81483632358373,160.48057556152344,1929200,,
2019-11-07,162.16772098427424,163.38976655447144,161.9032399199461,162.23155212402344,1652800,,
2019-11-08,162.77874820762418,163.1617768035476,161.6661353698962,162.66018676757812,1713600,,
2019-11-11,161.6752790633143,164.59360263715914,161.03689795585828,163.9734649658203,1410200,,
2019-11-12,163.97349285376117,163.97349285376117,160.55357857253284,160.8636474609375,1436200,,
2019-11-13,159.6232903892076,160.3163877136945,157.4983828791824,160.2069549560547,1835500,,
2019-11-14,157.97260600145535,161.15540971251218,157.77197001304145,159.03050231933594,1307500,,
2019-11-15,160.07932855207048,160.35292444692004,158.73872119140643,159.1217498779297,1611100,,
2019-11-18,158.68395280706406,159.5229697382336,157.2065549408373,159.51385498046875,1418100,,
2019-11-19,160.80885085047385,160.80885085047385,158.12763716482377,158.36474609375,1192800,,
2019-11-20,157.68990050100493,158.1458888682516,154.79893592254027,156.92384338378906,2013300,,
2019-11-21,157.52573706202614,160.781500675611,157.0697486959102,160.53526306152344,1627600,,
2019-11-22,160.6629144910035,161.40161330378018,159.24023323444717,159.9424591064453,1292800,,
2019-11-25,160.58086243630228,161.3560342984659,159.77831847014662,161.064208984375,1556800,,
2019-11-26,161.38343252577164,162.6419511397258,161.05512029698738,161.1007080078125,2786900,,
2019-11-27,153.6680976858556,157.1974436069936,152.3457340497329,154.17880249023438,7626000,,
2019-11-29,153.485699890954,154.41592013344732,152.93850823874342,153.25770568847656,1394400,,
2019-12-02,150.74977503676493,152.5190123399318,150.2664284228889,150.7406463623047,2694400,,
2019-12-03,148.95318093703952,149.83779959691068,147.77672300495163,149.10821533203125,1966500,,
2019-12-04,149.62805786251997,152.17246731103407,149.29061694416276,150.72242736816406,1756400,,
2019-12-05,150.97777358421897,151.27872762114384,149.427415688633,150.09315490722656,1234000,,
2019-12-06,152.36398693646925,152.73788688851974,149.97459800249965,150.66770935058594,1523400,,
2019-12-09,150.8409534418469,153.3580182539305,150.57648629924603,153.1208953857422,1730800,,
2019-12-10,152.79257385732598,155.0360427159891,151.9991585623202,154.94483947753906,1643100,,
2019-12-11,155.60146810917664,155.65618448748708,153.5404056707396,154.762451171875,1245800,,
2019-12-12,154.5800596551735,158.829874664508,153.7775156594095,158.51980590820312,2168500,,
2019-12-13,158.44689658289585,160.87274494324473,156.07575070299748,157.3160400390625,1775600,,
2019-12-16,158.8936806106618,159.58679173917866,157.47099932783473,157.63516235351562,1408700,,
2019-12-17,157.27950652920043,158.9210534433578,156.54079371903762,158.53802490234375,1247000,,
2019-12-18,157.5166082714379,158.31002350478414,156.1486432949599,157.41629028320312,2209000,,
2019-12-19,158.04556052430468,158.34651449686467,156.78702826008285,157.55308532714844,1249000,,
2019-12-20,159.94248644344609,161.03685575740892,158.06381656993872,159.2767333984375,2593600,,
2019-12-23,160.18868763201257,160.18868763201257,158.182341852456,159.64151000976562,1005700,,
2019-12-24,159.55032509720263,160.05191507858672,158.70219342331177,159.1399383544922,332300,,
2019-12-26,159.41355895996094,159.7145129956205,158.29183131116628,159.41355895996094,518100,,
2019-12-27,159.60507146222997,160.38025738962364,158.95757565923518,160.33465576171875,719500,,
2019-12-30,160.1880844813687,160.3987458980418,158.924088029175,159.5194549560547,953000,0.76,
2019-12-31,159.4828045575544,159.9865722560919,157.99899240556852,158.69509887695312,748200,,
2020-01-02,159.5927140047994,162.01078479383835,159.1255776405949,161.99246215820312,1591100,,
2020-01-03,159.5652211019559,160.98491076017748,158.96069997105693,160.79257202148438,1301100,,
2020-01-06,159.81256771351377,162.01082330173105,159.13478377074554,161.9467010498047,1234200,,
2020-01-07,161.21394626238975,161.6078061465995,158.90579680434217,159.13478088378906,1234200,,
2020-01-08,159.83089960410425,161.91923344932647,159.3637770779109,161.1132049560547,1713900,,
2020-01-09,161.69022956283544,163.3938715939599,161.30553800433358,162.6702880859375,1459100,,
2020-01-10,163.1282493435919,163.4030190337344,158.83250615737833,158.85081481933594,2560900,,
2020-01-13,159.44619887946374,160.3254899344898,158.97907637998608,160.05072021484375,1300900,,
2020-01-14,160.17895257972225,160.33466008133388,158.85083369783112,159.07066345214844,1039800,,
2020-01-15,158.56686669139395,160.42621601498058,157.6784074804888,158.38368225097656,1139200,,
2020-01-16,159.37294786376086,160.8018065394698,158.5028110011003,160.71937561035156,1410400,,
2020-01-17,160.9391549211977,162.12986079345328,160.77427913859057,161.38795471191406,1653400,,
2020-01-21,160.38042546710818,160.68267209768285,157.89823235095378,158.05393981933594,1655100,,
2020-01-22,158.52107838791608,159.06147736965377,156.27702360842682,156.77163696289062,1285700,,
2020-01-23,155.96559739076326,157.7058703836476,154.48178538680764,157.59596252441406,1245100,,
2020-01-24,157.58680997423704,157.58680997423704,154.8298333480091,155.8190460205078,1103300,,
2020-01-27,152.21027128404376,153.86812754896093,149.23347862863503,149.55406188964844,1586800,,
2020-01-28,150.9462613911573,151.7431212694109,148.7480065211055,149.2792510986328,1750700,,
2020-01-29,150.1311109635887,150.1311109635887,146.54979694645112,146.69635009765625,1959200,,
2020-01-30,145.633871651337,148.2351273882089,145.21253480400313,147.56649780273438,2496400,,
2020-01-31,146.29337355579494,147.66727825562316,144.10428595977857,145.24920654296875,1693300,,
2020-02-03,146.0368861578387,147.8595904532644,144.05846039219745,144.98355102539062,1813400,,
2020-02-04,147.76801233016454,151.239404930922,147.14516834752192,150.60740661621094,1412200,,
2020-02-05,153.3552023128661,154.58256753116567,152.51254262524802,154.1978759765625,1476900,,
2020-02-06,154.5642244923353,154.93059335996065,152.09119969567323,154.66497802734375,1805100,,
2020-02-07,153.34605818452718,154.7016400351436,152.64995160741697,153.37353515625,1711100,,
2020-02-10,152.46678695413004,154.14293835139716,152.1645262498134,154.09715270996094,807700,,
2020-02-11,154.884851056427,156.68007857644147,154.4268828557588,155.94732666015625,1315700,,
2020-02-12,157.54108350987843,158.64020455310296,155.90156326701347,157.3853759765625,1008200,,
2020-02-13,156.49685738779374,157.45859317885478,155.58092120127407,156.40525817871094,831100,,
2020-02-14,156.46940067951138,157.82498249777592,153.12622478020313,153.94142150878906,1152400,,
2020-02-18,153.32772720771575,153.36437248540648,150.40590222345148,152.32020568847656,1177400,,
2020-02-19,152.50339536520622,153.18119326488443,150.99210604661323,151.06536865234375,1244600,,
2020-02-20,150.90965098013584,152.7323691425201,150.67151258737366,151.88970947265625,2048500,,
2020-02-21,162.95420103328487,166.6912221389477,161.2047596622375,162.51454162597656,5917100,,
2020-02-24,158.00816427706607,161.5345245822245,157.0830736560195,157.41281127929688,2292900,,
2020-02-25,157.70590416843092,158.41117902711133,151.86224012474352,152.64077758789062,2358500,,
2020-02-26,154.13376602119874,155.1413015846113,151.68821767300207,152.88809204101562,2545200,,
2020-02-27,150.57994911674496,152.54922090032824,146.51320295580246,146.54067993164062,2957500,,
2020-02-28,142.23573249129404,145.56058551323,139.82682968499276,143.32569885253906,3048300,,
2020-03-02,144.64461224115448,150.2135048290177,143.3897843865729,150.14022827148438,2532100,,
2020-03-03,150.52492615338545,153.7581792714074,143.801958943045,144.51638793945312,2443100,,
2020-03-04,147.68559008292277,149.56324852098462,147.02611475721352,149.36175537109375,2513800,,
2020-03-05,145.47812259000492,148.55566823667155,144.64461744118222,145.6979522705078,1878400,,
2020-03-06,141.23738769501585,151.0745494959578,140.75194252931612,150.2501983642578,2973400,,
2020-03-09,139.2314687845297,144.94691619873046,134.76170924529433,137.39044189453125,2886400,,
2020-03-10,142.5379983659727,143.18831926943255,135.5677227677341,141.96096801757812,2797700,,
2020-03-11,138.1689952615663,138.45293327596085,131.75744121650203,133.61679077148438,2397300,,
2020-03-12,123.65138324393267,125.06191879961187,117.32226093992924,119.42891693115234,3288700,,
2020-03-13,126.33509139804598,127.58076536697044,119.55716814059416,127.27851867675781,2525500,,
2020-03-16,113.48450603733455,121.70044856623834,109.76580000348814,109.9581527709961,2617700,,
2020-03-17,112.47695906718151,118.57709702055456,109.06051424249007,116.05826568603516,2909600,,
2020-03-18,107.91562359032298,110.4161329726881,97.21748643421179,104.60909271240234,2635000,,
2020-03-19,103.40920577789775,110.59014274552977,97.31822821440039,109.60093688964844,2455700,,
2020-03-20,109.60094640020898,110.47108313276888,101.0644129560377,102.2459716796875,4155200,,
2020-03-23,101.00029178162313,105.85475692143585,97.5655306887479,101.80632019042969,3130900,,
2020-03-24,107.5034393526633,116.01248788838608,103.22601178710049,115.40796661376953,3488000,,
2020-03-25,115.29805838906684,125.23596579998022,111.59767491580848,117.68865966796875,3962200,,
2020-03-26,118.47633646700584,128.36843486068767,116.45211159903843,127.39754486083984,2227500,,
2020-03-27,123.65139031611815,127.47084269542005,121.05013479261548,123.75214385986328,2302600,,
2020-03-30,125.93524085530449,130.52240407799653,123.94562281107284,130.0894775390625,2251100,0.76,
2020-03-31,130.7894940594077,133.5620529962381,126.42339154299088,127.26161193847656,2240100,,
2020-04-01,121.75333819999844,124.10219128802395,119.4505438107855,123.12580871582031,2040600,,
2020-04-02,122.79419997533913,128.87358249844917,122.37969981584091,128.38539123535156,2863800,,
2020-04-03,127.5563725976878,128.35775453808205,121.70728375329257,124.82987213134766,2053100,,
2020-04-06,130.4118200027137,133.4422904554071,128.69854085548246,132.17115783691406,2079300,,
2020-04-07,136.32542993201176,139.6875041697648,131.29612072458193,131.55404663085938,2067500,,
2020-04-08,133.63573765935894,136.15960484055785,131.3605761554836,135.1924285888672,1210100,,
2020-04-09,135.66217722973784,138.36105867323832,132.7606628774881,134.25286865234375,1596100,,
2020-04-13,130.59604080909799,131.48952592755262,126.07335041446883,128.77223205566406,1655900,,
2020-04-14,129.24201563786247,131.01055984492706,124.49826534717931,127.2339859008789,2479800,,
2020-04-15,122.61915638283921,124.65483223015462,117.48853924661672,124.63640594482422,2938200,,
2020-04-16,123.6600426553323,124.80223358402888,118.37282236388717,119.69923400878906,3642700,,
2020-04-17,123.00603766464307,127.62084581885834,122.5178464628604,127.53794860839844,2468300,,
2020-04-20,125.1246366410445,129.19597556737733,123.2087099600981,126.46947479248047,1974900,,
2020-04-21,123.42052969882161,124.52586780552522,122.04805966612321,123.48500061035156,1958500,,
2020-04-22,126.5338938365484,127.0036727099053,123.54026226061389,125.46540832519531,1280400,,
2020-04-23,126.81950927915436,129.03940685359285,126.11946471539008,126.29447937011719,1377000,,
2020-04-24,127.98009379494952,128.4222263496652,124.74696171540089,127.69454956054688,1498500,,
2020-04-27,127.69457173402121,129.67496948466984,127.21558651774072,128.68016052246094,1528900,,
2020-04-28,131.7751247281043,133.2120664054941,129.74866815601237,130.39344787597656,1752100,,
2020-04-29,133.56209154733656,136.72151910436685,132.21725326887275,135.49644470214844,1563200,,
2020-04-30,133.1567812076455,134.29897229050437,131.47113401933137,133.61734008789062,2054600,,
2020-05-01,131.62768592714426,131.7658619860658,126.32205415477979,127.28923034667969,1603100,,
2020-05-04,125.6036051210643,125.73256103171174,119.92951694229701,122.45338439941406,2277200,,
2020-05-05,124.46140415679332,127.52872741548873,124.0929627431638,124.4890365600586,1125500,,
2020-05-06,124.91276859686256,125.29963633414187,121.02565087997105,121.70728302001953,1150800,,
2020-05-07,124.03772397717694,126.16550380614353,123.4850476855645,125.27201843261719,1059000,,
2020-05-08,127.11424054890654,127.9892995387586,125.93521103634241,126.19312286376953,1727400,,
2020-05-11,124.4982708372171,125.98127088608308,122.10335921185843,124.24956512451172,1356000,,
2020-05-12,125.08776975623235,126.02731362012561,119.69002019329852,119.79134368896484,1392500,,
2020-05-13,120.62035836761453,120.78616686003829,114.67915209424213,115.89502716064453,2027400,,
2020-05-14,113.29745714933817,116.94508175571589,108.55370042415694,116.7977066040039,2720600,,
2020-05-15,116.05160392504773,117.62671417052923,114.85415526707087,116.07003021240234,1649600,,
2020-05-18,121.56909554146897,127.91559517168571,120.21505156032914,127.02210998535156,2450900,,
2020-05-19,128.11823646232824,128.4406332263956,124.75616303197293,125.41014862060547,1859400,,
2020-05-20,127.5563616699139,131.79350826384004,127.21555265460364,131.08424377441406,2399400,,
2020-05-21,129.94206420524839,133.10149076907888,129.94206420524839,131.5447998046875,2100200,,
2020-05-22,136.32538316952719,136.7030446988378,127.81425283612093,129.61044311523438,3427600,,
2020-05-26,133.06470462139987,139.08880980207383,133.06470462139987,136.35308837890625,2500300,,
2020-05-27,140.00988319006993,142.1008241968345,138.65583911638635,141.26260375976562,1936400,,
2020-05-28,143.86938534982377,144.00754739192712,140.12964948871578,141.07839965820312,1914700,,
2020-05-29,139.33748073830776,140.86652546390224,136.2056720729911,140.12042236328125,2249000,,
2020-06-01,137.5596937243535,139.04269356556745,135.77272340020443,137.37547302246094,1464600,,
2020-06-02,138.75713904579075,141.94421176645375,138.2781540123958,140.88491821289062,1335400,,
2020-06-03,142.89296351254788,146.31030159632357,142.82847854052227,145.8589630126953,1678800,,
2020-06-04,144.42201189144814,148.64073188144343,143.76802631354846,148.4288787841797,1469900,,
2020-06-05,154.65562222787068,156.6912980818652,152.583107858232,153.56871032714844,2061200,,
2020-06-08,153.8266452935751,156.9676598072343,153.65163069381992,155.49386596679688,1373000,,
2020-06-09,150.6395487953395,152.78575424313044,150.26190130467685,151.8093719482422,1977400,,
2020-06-10,151.4501627007722,152.06730984118101,148.26310349477205,148.29994201660156,1311700,,
2020-06-11,142.98510353556026,144.50495624698783,138.8032351600187,139.1716766357422,1576200,,
2020-06-12,144.10884027108025,144.86416342104522,138.64661985566184,142.74559020996094,1598000,,
2020-06-15,136.67544076435195,143.33511740721372,136.4359411811844,143.20616149902344,1321200,,
2020-06-16,148.95394181530696,150.89750062487826,143.2890598176263,145.81292724609375,2105600,,
2020-06-17,146.39321679377042,146.39321679377042,142.64427538408415,143.2429962158203,1131600,,
2020-06-18,142.34951764337225,144.50494365953955,141.49288496212048,142.6534881591797,883800,,
2020-06-19,146.2274291939749,146.32875269924406,141.42839997915823,142.6534881591797,2046200,,
2020-06-22,140.93097885686237,142.5245082117661,139.7795819707769,142.367919921875,1188500,,
2020-06-23,144.1917637410386,144.2654548462963,141.56658663504635,141.81529235839844,940400,,
2020-06-24,139.90853161108544,140.62700211150275,137.35703229003892,138.6189727783203,1985600,,
2020-06-25,137.44921972126485,142.63511820564395,136.59257273094477,142.26666259765625,1671100,,
2020-06-26,141.0967818700504,141.7323552387668,136.5004142156693,137.28335571289062,2302800,,
2020-06-29,139.66278474469337,142.5421438976611,139.17209132452143,142.31068420410156,1094100,0.76,
2020-06-30,141.5051967816883,146.51398800871777,140.83859172502883,145.4955596923828,1836600,,
2020-07-01,147.8101099190093,148.3008031906646,143.81974827014218,145.2177734375,1111100,,
2020-07-02,147.08800617572393,149.91181735153478,145.8381322674391,146.18994140625,1044900,,
2020-07-06,149.17113987704542,149.60628523429853,146.66212469170463,148.337890625,947500,,
2020-07-07,146.63434198108246,148.67118435335396,145.95846953936615,146.93060302734375,1118600,,
2020-07-08,147.45833425992222,147.95828094384692,145.21780629274593,146.63433837890625,1042600,,
2020-07-09,146.11587058727355,147.86570516724902,144.52342689122233,145.95846557617188,1283400,,
2020-07-10,146.53250656396236,147.61573623315263,145.39371470155996,147.29168701171875,982700,,
2020-07-13,150.59691575600905,154.91132718552788,149.67107712103126,151.68014526367188,1829700,,
2020-07-14,151.36538043706202,157.2259413467927,150.26363007794282,156.98521423339844,1651500,,
2020-07-15,158.0314084711951,161.09593227891108,157.23518663162605,159.60533142089844,1992300,,
2020-07-16,159.20724324974924,162.28102066142154,158.2258422734994,160.5589599609375,1142400,,
2020-07-17,162.0217731887395,163.80863510629013,160.50339827937213,163.41978454589844,1140400,,
2020-07-20,162.8272851044843,163.06801226325382,159.89237744561038,160.92005920410156,1314500,,
2020-07-21,161.97551179059926,163.69757269970378,160.51268464181754,162.62359619140625,1079300,,
2020-07-22,161.2718251069343,162.97536470991187,161.19775632499932,162.4754180908203,1246300,,
2020-07-23,162.66987653316835,165.1696385015187,162.40138949349827,163.6234893798828,943800,,
2020-07-24,163.97526543276845,164.5863222635969,161.84583395172018,162.34579467773438,910800,,
2020-07-27,161.7347701004738,163.58644756157776,160.0867782902655,162.94761657714844,887100,,
2020-07-28,161.9291931572088,164.00307706134691,161.69773346766038,162.75318908691406,850000,,
2020-07-29,163.60498310217372,167.3546189986035,162.95688463037578,166.8824462890625,1886900,,
2020-07-30,164.99372398354345,165.95659003332955,163.20684791348174,164.83631896972656,1235700,,
2020-07-31,163.69758439738848,163.7994272481629,160.50344280809034,163.2346649169922,1409600,,
2020-08-03,164.2252717445214,165.6047623545176,162.7902189461638,164.4474639892578,840600,,
2020-08-04,163.79937278948373,165.61402276527699,163.53088579607805,164.901123046875,672800,,
2020-08-05,166.65096886045345,169.97472645998096,166.60467409922336,169.2618408203125,1366100,,
2020-08-06,168.50267651761862,169.65072181704002,166.88245847417997,167.8175506591797,968100,,
2020-08-07,167.95641877085012,170.08585081945304,166.52136581675822,169.89141845703125,1254600,,
2020-08-10,171.2801333157426,177.15921381285577,170.7246245297944,175.8260040283203,2631100,,
2020-08-11,178.03874845379423,181.3254779925972,177.95542637834342,178.89051818847656,1909900,,
2020-08-12,177.10367525675682,178.5202214371633,175.52975232285502,178.04803466796875,1629000,,
2020-08-13,174.56688248842468,176.9925752613745,174.47429297138422,175.44642639160156,1324700,,
2020-08-14,175.18716566834354,178.88126644436684,174.4557453272285,176.9555206298828,900600,,
2020-08-17,178.918340555542,179.8349260146767,177.02036827013808,178.67762756347656,1025900,,
2020-08-18,179.4368110552457,180.37191726112457,177.66845560119265,177.88140869140625,1120900,,
2020-08-19,178.68686198350582,180.16820949537973,177.70547526093952,177.75177001953125,1512700,,
2020-08-20,176.10378427843523,177.80732408561497,175.3353364668191,176.9277801513672,1558700,,
2020-08-21,182.16807582510992,187.89902147252164,181.46444327371162,184.7048797607422,6446300,,
2020-08-24,189.21368446178778,191.16720503349555,187.6305079126668,190.16729736328125,3177900,,
2020-08-25,190.7228079258423,193.8706544446201,190.12101830898715,190.35247802734375,2706800,,
2020-08-26,191.269000967138,196.5462783819789,189.57471456315656,195.3612060546875,2039900,,
2020-08-27,195.5001049698578,196.6944306872078,193.333645783682,194.26873779296875,1875400,,
2020-08-28,194.7316751562937,195.16682051946702,193.2688481671206,194.33355712890625,1261400,,
2020-08-31,194.4261413873629,195.7500840452883,192.36152488919276,194.481689453125,1944500,,
2020-09-01,193.05595632301188,201.57367247791348,192.82449656811139,201.5458984375,1873400,,
2020-09-02,202.0550063835285,203.41599015624138,199.67559457437238,201.00880432128906,1983000,,
2020-09-03,201.1570116347312,202.5087284494806,193.56513586225307,195.17608642578125,1975200,,
2020-09-04,197.37955529781783,198.12948238669009,192.7410943556891,195.666748046875,1662300,,
2020-09-08,194.29650746663344,197.42584675015883,192.54667291286069,194.64833068847656,1918500,,
2020-09-09,195.2223616658241,201.18476554567727,195.2223616658241,199.53677368164062,1569200,,
2020-09-10,199.90707730605317,202.04576230252707,197.76839230957927,199.1571502685547,1840300,,
2020-09-11,198.24985100863546,202.30501502386645,197.20364872708595,199.9441375732422,1902400,,
2020-09-14,201.74026393760673,202.8697883761699,200.62926023020088,202.1383819580078,1249300,,
2020-09-15,203.50864773604803,204.57337095461494,199.2312765095853,199.7682647705078,1740200,,
2020-09-16,201.0551751723319,202.68464652021797,198.92574291653042,199.42568969726562,1572700,,
2020-09-17,197.94434786027293,205.16589367575435,196.28708841672136,203.62899780273438,2094000,,
2020-09-18,203.19378077901766,208.66548981370354,203.17526005303932,205.5083770751953,3063600,,
2020-09-21,200.21260289674078,201.32360642264004,194.59275565519573,198.3238983154297,2134000,,
2020-09-22,199.13862646448553,202.814206935979,198.62015909482398,201.4439697265625,1622400,,
2020-09-23,201.44399261494848,204.30483090078314,198.48131150370332,198.63870239257812,1683500,,
2020-09-24,197.85172877435886,203.11049997396253,195.70379032118595,200.4626007080078,1025900,,
2020-09-25,199.00904839245564,204.54556049305856,198.89795225650653,202.9901580810547,1225400,,
2020-09-28,205.59174109932758,207.72117295172544,205.07327368354603,205.443603515625,1191500,,
2020-09-29,205.91743464869933,206.6049150771872,202.59155298239074,204.55177307128906,892800,0.76,
2020-09-30,205.66662480988592,210.0144352558764,204.60754168772937,205.8988800048828,1883900,,
2020-10-01,207.63611409400414,207.89623874046617,203.05604911990517,203.49267578125,1383800,,
2020-10-02,199.97169804756868,210.44176490641823,199.75802726392328,208.8345489501953,1403600,,
2020-10-05,211.12920446714995,214.7152243466045,208.89027572180595,210.8505096435547,2071500,,
2020-10-06,211.13852690529998,214.26932195675784,209.96795181488278,210.0701446533203,1385800,,
2020-10-07,212.99652471790012,216.02512631259594,211.91885758270996,214.20425415039062,1029200,,
2020-10-08,214.59449801268826,218.1433497387323,214.3343733490298,217.6138153076172,1148300,,
2020-10-09,218.33844164230447,220.18718370152567,217.0006496105536,218.14334106445312,1091500,,
2020-10-12,220.30796766640725,220.7446085283468,218.3849021937154,219.7319793701172,1234800,,
2020-10-13,219.378934445144,220.7167264414624,217.84605605187167,220.3822784423828,1311300,,
2020-10-14,220.54018942271387,223.57809061280528,220.26148042051423,221.5435333251953,1062500,,
2020-10-15,218.0039541487723,222.36106256621773,217.734530265097,221.32984924316406,1225200,,
2020-10-16,222.96490618317208,226.1235700171429,222.6954964921873,223.02064514160156,1652600,,
2020-10-19,223.19721145739854,225.6591105128593,220.2800871795735,221.2648468017578,905500,,
2020-10-20,222.77915772038605,224.86015493208436,220.88394763032616,221.9151611328125,968100,,
2020-10-21,222.51900664336495,224.7486502984659,219.30458929527032,219.62045288085938,1506500,,
2020-10-22,219.30457213484033,221.10687413328688,218.20833477331863,220.06637573242188,1246400,,
2020-10-23,220.28934688145893,222.96493058470855,220.28934688145893,222.52828979492188,820500,,
2020-10-26,220.27079179528764,220.63310926532614,215.30052587291348,217.62307739257812,1010500,,
2020-10-27,217.576642062154,217.93895956305795,211.81671663784985,212.29051208496094,1395700,,
2020-10-28,209.0296432570592,211.35219484880432,206.71637676841831,207.5153350830078,1375200,,
2020-10-29,206.30759677161234,213.49820663167475,205.99171901652653,211.83526611328125,1190700,,
2020-10-30,211.47296233198105,212.3648141637432,206.80927498126013,209.8750457763672,1306200,,
2020-11-02,212.27194090228588,215.75576846255694,211.35220532311126,215.25408935546875,1435900,,
2020-11-03,218.88656500333062,224.4699742384325,217.78102811580365,222.9278106689453,1571800,,
2020-11-04,220.5494849915976,222.96494422431948,216.6476013028179,216.74050903320312,1992600,,
2020-11-05,220.9396965129542,229.5517076822538,220.48447129381714,228.5576629638672,2031800,,
2020-11-06,229.07787786175567,232.5988593389659,228.64123709027544,230.06263732910156,1481600,,
2020-11-09,242.09347537739646,246.99870302401325,230.72227227647997,231.20535278320312,2219500,,
2020-11-10,231.78132113941575,238.66535201814523,231.78132113941575,235.94332885742188,1852800,,
2020-11-11,235.93409194184042,236.22208607696976,228.5019266967776,231.65130615234375,1659000,,
2020-11-12,233.0448165313799,234.29898580016004,229.34730444234702,230.40638732910156,1275700,,
2020-11-13,233.0169690792828,234.66132544331208,231.4004680253047,233.91810607910156,976700,,
2020-11-16,236.90022359926263,241.86118958540197,235.60888569255457,240.70921325683594,1927500,,
2020-11-17,238.2938135450492,241.28526138325998,235.50675139832347,239.88243103027344,1411100,,
2020-11-18,240.0960467756576,242.10273434489713,238.99051017476006,239.0648193359375,1618400,,
2020-11-19,239.02769520827064,241.10869208039836,236.9002302997204,237.44834899902344,1700400,,
2020-11-20,238.4239070596749,241.2295396142993,237.3648097596764,240.20761108398438,1614900,,
2020-11-23,242.19566461618223,244.10944464859404,241.69398558928634,242.5765380859375,2094900,,
2020-11-24,244.936224301492,245.4193330574035,241.5546047673755,242.94813537597656,2345300,,
2020-11-25,244.34171590222547,246.99870119673477,236.44502666451012,238.22874450683594,3037900,,
2020-11-27,240.26330955259982,243.58921926762775,239.82666872469815,243.35696411132812,1072200,,
2020-11-30,244.27666794560406,245.47511240460224,239.7894827707645,243.05035400390625,2342200,,
2020-12-01,244.5367840062727,246.5156022630354,237.0117120748123,237.02101135253906,2086400,,
2020-12-02,237.02102785779013,241.954124926629,236.33354751736243,240.6163330078125,2773200,,
2020-12-03,240.14249503148932,241.3688088706067,234.04812294500036,234.74488830566406,2079900,,
2020-12-04,235.8411512792916,237.59699950626774,234.84709251219834,235.40451049804688,1655000,,
2020-12-07,235.16301036455732,235.5067434815313,232.75683601854774,234.12249755859375,1598400,,
2020-12-08,235.15370431472155,236.75162097984682,233.43502460360523,234.67062377929688,1303600,,
2020-12-09,234.57772021609603,237.3647822384655,233.7416072796774,236.74234008789062,1373800,,
2020-12-10,235.59031316186253,236.1941850127257,232.83112104947236,235.4602508544922,1158900,,
2020-12-11,233.59292472439196,237.82925608020406,233.0169365310558,237.61558532714844,1403600,,
2020-12-14,239.68731691053236,240.38408236666763,234.5869886683596,234.78208923339844,972900,,
2020-12-15,238.13584387432826,245.36362318889076,237.8106951616405,243.39410400390625,2051100,,
2020-12-16,243.25474188964242,243.75642093428945,241.21091365287728,242.58584594726562,1210700,,
2020-12-17,244.3602838170366,245.8560217045741,242.97605221514243,245.75381469726562,1525000,,
2020-12-18,246.19039715463902,252.1825898599269,245.7816259252095,251.48582458496094,3274100,,
2020-12-21,247.0451442148366,252.69357638888889,246.72925229506944,248.7452392578125,2147000,,
2020-12-22,248.58735594139822,251.374418148021,246.40417989404733,250.14813232421875,1531700,,
2020-12-23,251.46727542048808,252.11760114542662,248.81956118532008,248.92176818847656,938600,,
2020-12-24,248.9124935076723,250.44537189483876,248.34580452543392,250.1016387939453,289900,,
2020-12-28,254.02210121703828,254.14287843382178,248.42010801481692,248.5130157470703,691900,,
2020-12-29,250.06448183463155,250.40821491278024,244.1930649684057,246.50631713867188,892800,,
2020-12-30,247.82932274366277,250.02809556833458,247.36347815203936,247.9690704345703,792800,0.76,
2020-12-31,248.53741174795883,250.8014096040685,247.31690121155913,250.67095947265625,805300,,
2021-01-04,253.24241217319,255.04989130308363,245.82617489322232,249.35728454589844,2800000,,
2021-01-05,249.36656772389645,255.99089163266424,249.18024697424667,255.54367065429688,1829200,,
2021-01-06,256.21447796188477,272.83580650208324,255.88838112153667,270.52520751953125,2778300,,
2021-01-07,273.6930626675516,280.0285386455258,273.44148835508196,279.2552490234375,2227300,,
2021-01-08,277.22409741980994,279.95396826007806,270.5532280735681,273.832763671875,1781000,,
2021-01-11,269.7054119607511,275.01602357944176,269.25819088882906,274.7738037109375,1303700,,
2021-01-12,275.8917640650809,282.8235330508117,273.8234131833242,281.4539489746094,1952300,,
2021-01-13,281.02542861563944,283.23352755421604,280.07508739850084,280.6434326171875,1203800,,
2021-01-14,282.20868246670483,285.4230219155629,281.3235946940069,282.162109375,1370800,,
2021-01-15,279.6557963643288,280.55953590504214,272.9942251598845,275.220947265625,1766300,,
2021-01-19,277.87633601697127,279.2924935288076,274.2893264958048,274.8390197753906,1509600,,
2021-01-20,276.59052603514243,281.54711864644906,275.78928709323696,280.38250732421875,1327500,,
2021-01-21,281.37010020554163,285.2366041741052,279.5067220584851,284.6310119628906,1931000,,
2021-01-22,282.1992672706802,285.99121952099046,280.72718287216816,284.3235168457031,1429900,,
2021-01-25,282.4322585236105,284.63103123825016,276.134030861514,277.8297119140625,1539600,,
2021-01-26,280.38246514547933,281.5191267623006,275.2209005806135,275.78924560546875,1364200,,
2021-01-27,269.994170355202,270.78611171255903,259.8946647421625,261.5530700683594,1769900,,
2021-01-28,267.6557044030475,276.9725975226647,263.4258269655289,272.94769287109375,1504200,,
2021-01-29,272.1463681665249,272.93830951934086,265.9972149538675,269.07177734375,1734300,,
2021-02-01,272.1649612240734,273.9351644754982,269.8636884673544,272.2488098144531,1163400,,
2021-02-02,275.99427399853425,283.4384608540432,275.5191034561332,281.87322998046875,1637100,,
2021-02-03,281.61245734309506,281.67765399444954,279.0037098688586,280.5689697265625,1185300,,
2021-02-04,282.16209510613606,288.41372201368836,281.3235804675464,288.1435241699219,1459000,,
2021-02-05,290.7056034217127,291.63729245977936,286.03786067536606,288.1155090332031,1228100,,
2021-02-08,290.6870299430144,295.52249915804447,290.6870299430144,295.38275146484375,962300,,
2021-02-09,294.4323574523588,296.5286577729032,291.77706645931676,293.78948974609375,1066500,,
2021-02-10,295.8578449665472,296.09076722787586,290.1000134903963,292.2149658203125,1070000,,
2021-02-11,293.19324159733657,294.24605481682966,287.93850148928453,292.97894287109375,995400,,
2021-02-12,292.5969450249256,294.21810336305964,290.947865584523,291.6186828613281,1721600,,
2021-02-16,295.16844945366944,299.6964736936531,294.4790085528944,295.4293212890625,3099600,,
2021-02-17,292.6994649871096,295.81130331714394,290.1186962932247,290.76153564453125,1999600,,
2021-02-18,289.60620718404067,290.18384981844,278.1464437845471,279.7396240234375,3110900,,
2021-02-19,298.1405362215909,312.31152062266216,294.29265537671745,307.4574279785156,4870100,,
2021-02-22,306.9915677233242,315.4233429598657,306.07850214190097,314.45440673828125,2312500,,
2021-02-23,308.8735738823182,315.6283201566204,305.59403834084446,314.3612365722656,2222700,,
2021-02-24,316.24323493463294,322.9141325250298,315.10657305741375,322.04766845703125,1941300,,
2021-02-25,322.094302838089,328.9049494076989,318.9265648761846,324.2558288574219,2883000,,
2021-02-26,322.55078495950863,330.19994467924516,320.55695659342075,325.27130126953125,2537800,,
2021-03-01,330.80551045733813,338.4919450882139,330.13469320678234,334.9515380859375,2098800,,
2021-03-02,335.28690086986535,335.28690086986535,326.06318586939153,327.4327697753906,1882000,,
2021-03-03,326.0353005019861,327.36760915064383,319.3923523727918,319.6252746582031,1929100,,
2021-03-04,317.39851414484957,320.05380513223065,308.1840959966237,314.86431884765625,2499400,,
2021-03-05,319.8488713282165,327.8055045683955,311.3146238017006,325.93280029296875,1979700,,
2021-03-08,330.21859758754664,335.3242646588009,325.3645047983035,329.5384826660156,1764200,,
2021-03-09,330.48880112305613,332.9764238499329,327.83348116054225,328.59747314453125,1456800,,
2021-03-10,327.22787741650995,336.98266434234347,327.03223064843866,336.5447692871094,1403200,,
2021-03-11,340.0665356234496,341.76221667976847,336.1348063208435,339.56341552734375,1675700,,
2021-03-12,338.71558103739727,345.4330803188204,338.51993427599456,344.24981689453125,1941500,,
2021-03-15,343.8771003005399,349.13184007187124,341.05408367999485,348.7964172363281,2004400,,
2021-03-16,350.84618553229524,350.84618553229524,345.6566702095665,348.0045166015625,2047000,,
2021-03-17,350.38968457002045,354.7779614585588,346.8027036635007,353.35247802734375,1753000,,
2021-03-18,354.97355180691966,365.61345398047763,353.2312977160807,354.4238586425781,2753100,,
2021-03-19,351.712621846433,353.8927708454014,346.5044833878596,347.0355529785156,3042100,,
2021-03-22,348.19083156383175,348.19083156383175,343.4764872635992,346.2063293457031,1398500,,
2021-03-23,342.1814370788433,346.1504416454462,331.58813682246483,333.06951904296875,2911200,,
2021-03-24,336.8149395632475,342.86159279416154,336.16274581249183,336.25592041015625,1860600,,
2021-03-25,332.8646834368813,342.6660747619314,329.31494886573023,341.7436828613281,1970600,,
2021-03-26,345.68467446228686,347.4269288769105,342.6101111932923,346.8586120605469,1586100,,
2021-03-29,345.18152576886496,347.0449041859202,342.39578413389484,342.83367919921875,1413400,,
2021-03-30,342.76827510479194,350.52959262327755,342.25460107992933,349.23138427734375,1278200,0.9,
2021-03-31,350.2120445950654,354.44294341189345,344.0011265177503,349.4368591308594,2053300,,
2021-04-01,350.8284265952699,351.1739921867389,344.9070387643487,347.5501708984375,1561900,,
2021-04-05,350.80043856958434,352.9859330537272,349.2220211361576,350.0625915527344,1419500,,
2021-04-06,350.97792083293706,356.62844928861045,350.25874297313885,350.8097839355469,1309700,,
2021-04-07,350.94061310699783,353.8639553095317,347.82114441080495,350.04400634765625,1299300,,
2021-04-08,347.70898833777784,349.80107977296086,344.29064204468614,349.3714599609375,1250700,,
2021-04-09,350.83781145834206,353.1166805255175,347.92379026062815,352.1080017089844,1224500,,
2021-04-12,352.8832512607401,354.1161033180482,350.9872858933735,353.2848815917969,1165100,,
2021-04-13,358.2162632974528,359.01946695877615,351.76250192689,353.6678161621094,985100,,
2021-04-14,352.90197574418056,357.69326548740696,352.90197574418056,356.31097412109375,1077100,,
2021-04-15,358.90731874677607,360.46706696037876,353.67706168951844,356.90863037109375,1127000,,
2021-04-16,360.5698854834268,360.5698854834268,355.6758724007683,357.7773132324219,1092000,,
2021-04-19,357.5437168553403,358.34692032735313,353.54631169780345,355.5823669433594,1145100,,
2021-04-20,353.3688478267972,355.60102947083567,342.42267824551425,345.82232666015625,1807400,,
2021-04-21,346.2333015481882,351.0152412158414,343.095164329769,350.8004455566406,1819900,,
2021-04-22,351.0526642762918,352.3322035909004,341.4607653426892,344.03851318359375,1880200,,
2021-04-23,344.5335377328972,352.7524940773981,344.5335377328972,351.4262390136719,1301300,,
2021-04-26,352.12667993475657,358.45901914669406,352.12667993475657,355.3302307128906,1235700,,
2021-04-27,356.3109625679973,358.17890994712184,353.53705956989285,357.1141662597656,925700,,
2021-04-28,356.01200196817115,359.12214959795995,354.4896206451788,354.7231140136719,891000,,
2021-04-29,357.5624115376536,357.5624115376536,347.5035271974611,351.5382995605469,1104500,,
2021-04-30,347.95187385450834,348.8671782975738,344.27201537269707,346.3641357421875,1196700,,
2021-05-03,351.6410668293095,352.8085338506552,347.32611327883404,349.09130859375,924600,,
2021-05-04,347.2981022310394,355.843955299521,343.5902257561866,354.5177001953125,1692300,,
2021-05-05,357.39433152931895,358.0294267195136,351.0339737655663,353.84521484375,1460800,,
2021-05-06,354.7604987018916,365.1836466137902,353.6210498664705,364.1656188964844,2010900,,
2021-05-07,362.20426639059673,370.69408221738297,358.95402829908454,368.1910400390625,1597200,,
2021-05-10,371.72154432670493,373.90703943333693,365.44523972460166,365.55731201171875,1601300,,
2021-05-11,360.7193330631946,363.48388730734,352.5844299024789,357.89874267578125,1588500,,
2021-05-12,359.3743715436944,362.87677264968806,347.83047117959353,348.9605712890625,1631600,,
2021-05-13,344.14122443409497,354.76049880779055,342.27327739203463,353.14471435546875,1483400,,
2021-05-14,356.60043914940616,361.1769038477869,355.49835720009287,358.6458435058594,1143600,,
2021-05-17,356.7685589144687,360.1869056396048,353.770511701626,358.2255554199219,1170200,,
2021-05-18,359.7946583334766,360.81268613191315,345.28070068359375,345.28070068359375,1664800,,
2021-05-19,337.9302954293496,338.266512204932,327.8433646227424,334.7547912597656,2800600,,
2021-05-20,334.3063689332462,335.2963782433947,327.3856241124229,331.7659606933594,2947000,,
2021-05-21,334.1756886157872,344.0664925219451,328.9174420406642,335.9969482421875,3614400,,
2021-05-24,337.66877424372296,338.5560319331904,332.7840827647847,335.6326904296875,1914700,,
2021-05-25,337.89296676520803,343.515477557919,336.5760605731922,336.87493896484375,1682300,,
2021-05-26,335.9316009155849,337.397946235352,331.27108200399294,334.11968994140625,1949800,,
2021-05-27,339.3872866557966,339.49935891262686,335.0256179767617,338.2945251464844,3337100,,
2021-05-28,338.6588339387895,339.53677140527526,333.97026821295844,337.25787353515625,1348100,,
2021-06-01,340.3493246755677,344.8697535015576,338.0984448681486,340.5361022949219,1483500,,
2021-06-02,340.4426636548434,341.1898309968452,332.2703961527925,333.15765380859375,1882700,,
2021-06-03,331.77544742092726,339.4340137292971,331.149672576771,335.21246337890625,1336800,,
2021-06-04,336.4826771212937,337.57543883455696,331.8501757911868,333.0923767089844,1279300,,
2021-06-07,333.4939189163761,335.95027374077324,329.6459527210535,331.9621887207031,1537000,,
2021-06-08,333.35389204540945,335.73551348291545,329.1603309204565,333.03631591796875,1521700,,
2021-06-09,332.279768208316,332.41053818994817,326.1529038422132,326.4517822265625,2000800,,
2021-06-10,328.6465898683272,331.00019275668893,318.27012977366496,318.8959045410156,2232000,,
2021-06-11,322.5758324411742,323.62187839678586,316.26216127715634,319.01739501953125,2028400,,
2021-06-14,318.5223836732642,319.8205922339499,309.9204657782639,313.3855285644531,2775000,,
2021-06-15,314.64644996563675,316.64513909407634,313.59105500181795,315.77655029296875,1722400,,
2021-06-16,315.7764926662633,317.5510368777043,313.00258982166827,314.3381652832031,2264600,,
2021-06-17,313.5723051092875,314.66506682434976,300.64611317323937,306.6982727050781,3387800,,
2021-06-18,302.71014148556156,309.93911585481305,302.09374404954605,307.249267578125,2930600,,
2021-06-21,310.98520046446913,316.39291575843646,310.58359864452785,315.5710144042969,2010700,,
2021-06-22,316.4208792027082,320.0260031079164,313.49753768746695,319.5123291015625,1677400,,
2021-06-23,320.05405383402285,326.1155616416724,318.9426230134765,324.789306640625,3352700,,
2021-06-24,326.47977795701746,331.31775389940077,323.6498393611143,327.46978759765625,2140200,,
2021-06-25,330.71067524812673,332.39184466013097,324.2195764843879,326.8813781738281,6604800,,
2021-06-28,327.24569338946225,327.77806521277284,322.31431363734305,326.7880554199219,1304200,,
2021-06-29,328.48281086266695,330.26195961396985,325.94522351502076,326.7317810058594,1213400,0.9,
2021-06-30,326.02020763300266,330.9081239272972,326.02020763300266,330.2713623046875,1643600,,
2021-07-01,333.03366288625347,333.5299442588482,329.53160295798546,331.7508239746094,1467900,,
2021-07-02,332.01299423827453,333.26774277092346,328.86673565362946,330.0746765136719,1131800,,
2021-07-06,330.0747348782764,330.5429259915789,322.35895447540855,327.2187805175781,1924000,,
2021-07-07,326.21686367616195,330.1309347530636,326.067039082045,329.49420166015625,1309100,,
2021-07-08,323.05184320121396,325.2523469788221,317.90174135307865,321.72216796875,1621000,,
2021-07-09,326.98460983413105,328.4079002041583,325.4395566543243,327.2467956542969,1325400,,
2021-07-12,325.60816364572594,332.1815558159081,323.8102974086231,331.741455078125,1608000,,
2021-07-13,333.35206212685523,333.35206212685523,328.2768580457021,328.45477294921875,950100,,
2021-07-14,330.90814863395525,330.96432928483347,322.61178674879704,323.58563232421875,1409400,,
2021-07-15,321.0854744869276,325.5988438840541,320.533012377073,324.0819091796875,1516200,,
2021-07-16,325.5051834572387,326.2917410946275,320.2427199414901,320.7015380859375,1153900,,
2021-07-19,313.6880430320158,315.8791739930158,308.00419611045106,313.6412353515625,1848600,,
2021-07-20,315.97281495491353,327.06894984902976,313.68804007840237,325.88909912109375,2053900,,
2021-07-21,329.60646467776206,332.04106359799044,328.5858117247966,330.5428466796875,1478900,,
2021-07-22,330.15894599496914,331.71334363847063,328.7543729096968,328.9790954589844,810600,,
2021-07-23,329.8873952552013,333.0430268677956,329.1851086954107,332.1347351074219,796800,,
2021-07-26,333.0149450081969,334.1854226375821,328.7262989715054,332.84637451171875,865500,,
2021-07-27,329.9810113699433,334.89701687419165,328.2393545649714,331.0297546386719,986900,,
2021-07-28,331.76954733363226,334.17605624525044,328.77311311302213,331.0672607421875,1250400,,
2021-07-29,335.72111371467366,339.0733494640299,333.48317508497917,336.9103088378906,1392600,,
2021-07-30,336.8260530865082,338.79246153805957,334.41019944108353,338.5864562988281,1053900,,
2021-08-02,340.7494889421642,344.03619972501446,332.64978834030507,333.3052673339844,1148300,,
2021-08-03,334.83147470848934,343.51175444108463,331.8163234198887,342.584716796875,991500,,
2021-08-04,341.1521092395914,343.27771509044936,337.6125857196837,337.7249755859375,825500,,
2021-08-05,340.7026909428969,341.77952482644133,338.3429893594887,341.1427917480469,794400,,
2021-08-06,343.6522172324497,345.2347052055219,342.3131977401925,343.53985595703125,665400,,
2021-08-09,341.69525778882957,347.32292437941214,340.1595771485306,345.82470703125,923300,,
2021-08-10,347.39772446245405,353.4093095185546,346.0118688052308,352.6601867675781,1184000,,
2021-08-11,353.39064185772077,361.73381081381547,351.57405807642334,361.5184326171875,1651500,,
2021-08-12,361.5090603962713,363.8031794983503,359.2710933605042,361.0876770019531,1314000,,
2021-08-13,361.583955620595,362.60460871834465,358.29727375936153,359.57073974609375,814300,,
2021-08-16,356.76162084886874,358.96212475043035,354.5236536577163,358.6624755859375,910400,,
2021-08-17,357.22974908894486,358.26911943922295,350.3098720807536,352.3886413574219,1206300,,
2021-08-18,350.4410262623147,352.08906802182656,347.79107730121024,347.9689636230469,1374500,,
2021-08-19,345.11304665008413,345.11304665008413,332.30334407312677,336.14251708984375,2281000,,
2021-08-20,339.90667011819903,343.8113956789962,322.82707137562363,329.0727233886719,3498300,,
2021-08-23,331.61975156151163,340.13146235981094,329.84063109058286,339.7194519042969,1946800,,
2021-08-24,341.77948666147677,349.27054390337213,341.7701136955674,344.5699157714844,1638700,,
2021-08-25,345.5249557038203,355.17905177357534,344.3731955640744,352.42608642578125,1657500,,
2021-08-26,351.41487124470086,358.6062794246947,351.20886602503936,355.6473083496094,1490400,,
2021-08-27,355.90014885950654,358.5314092413757,354.0554747054562,355.3476867675781,1115600,,
2021-08-30,356.7615966796875,359.2336592551057,352.78197256974346,356.7615966796875,1378500,,
2021-08-31,356.7615858097096,357.22977686720265,350.0196231513638,353.98052978515625,1589800,,
2021-09-01,354.13970501357136,355.5161877789511,345.70289354456185,352.7444763183594,1895400,,
2021-09-02,354.9731127821487,360.49776186036917,353.76517178362565,360.4603271484375,1333700,,
2021-09-03,360.2543366655902,367.9982072274787,359.57076736730744,364.571044921875,1902000,,
2021-09-07,360.93792602738745,362.5578777506589,346.70493171341116,348.09075927734375,3627000,,
2021-09-08,347.85657983573424,348.7180639477899,339.06396670930303,346.6767578125,2427100,,
2021-09-09,345.3564496816803,347.6224783394131,339.93478937315206,341.629638671875,1725300,,
2021-09-10,344.14851573059445,345.01934423459,339.71941806308206,339.9722595214844,1235500,,
2021-09-13,342.71584556409954,343.3806688478984,334.2790337734794,338.5208435058594,1832900,,
2021-09-14,339.45720031963117,339.4665732842066,332.4343351548051,333.3332824707031,1410800,,
2021-09-15,332.49059761607276,337.8747955674922,331.49803471459626,336.8822326660156,1403500,,
2021-09-16,337.64067689895296,338.32424618384476,330.72082738668445,332.72467041015625,1681800,,
2021-09-17,329.1477410175031,331.7883173022194,325.832939778925,326.8816833496094,7677100,,
2021-09-20,318.96920707354246,320.71086403468547,313.3790048844043,318.1170959472656,2410000,,
2021-09-21,320.9449820933962,322.97694393353225,312.4988253830372,315.51397705078125,1503800,,
2021-09-22,319.91493081915553,323.54809784926834,318.28563514990185,319.1564636230469,1336800,,
2021-09-23,323.05182206003286,329.89677287324474,323.0143587750039,329.1383056640625,1497600,,
2021-09-24,327.6025818722988,330.8892917269861,326.3478334632995,327.0314025878906,1193200,,
2021-09-27,326.5914324842561,333.16482624543215,326.5914324842561,329.9998779296875,1291500,,
2021-09-28,328.41731704605246,333.8764123287559,328.1738485461879,331.423095703125,2018700,,
2021-09-29,333.22623406174097,334.0151318330185,329.4601607776043,329.5259094238281,1320600,1.05,
2021-09-30,331.00988366897053,331.00988366897053,314.56503732248365,314.6871337890625,2079500,,
2021-10-01,317.5328268601662,323.6937689819428,313.35351621197816,321.3834228515625,1740800,,
2021-10-04,320.01212592453487,321.72141872759227,316.3306030607111,317.85205078125,1464500,,
2021-10-05,316.31189284445765,320.3879087571808,312.5176732981534,317.7112731933594,1401400,,
2021-10-06,313.21262577341184,318.0023898008258,309.61562382145917,317.8145446777344,1534700,,
2021-10-07,320.4724091687217,326.60517701824693,319.72105733240767,323.1584167480469,1139200,,
2021-10-08,323.1302173755035,324.3323515577086,320.6602003566343,322.29437255859375,1168200,,
2021-10-11,322.15345788517664,323.1114277692276,312.24524507832524,312.3579406738281,1052100,,
2021-10-12,313.04352156204914,314.1141583045413,309.79397926275107,310.4889831542969,1410000,,
2021-10-13,311.85084118183397,312.63036696764567,307.1080524479365,308.98638916015625,1771800,,
2021-10-14,301.9707659731556,312.63033133219136,301.00342382307156,309.7095031738281,2403800,,
2021-10-15,312.69605288732487,315.560504334237,311.4939187791637,312.5176086425781,1435000,,
2021-10-18,310.5735571934944,313.0154004253191,308.6482737063459,311.6535949707031,1154000,,
2021-10-19,314.53681892215326,322.92358389938624,313.7760949884728,322.2192077636719,1433600,,
2021-10-20,322.74518801293175,325.00858710751646,321.1486190627622,323.120849609375,1001900,,
2021-10-21,323.008138001736,324.0788035927815,320.03099061967515,322.0689697265625,876400,,
2021-10-22,324.05062339175174,325.0649124983202,319.01666663088366,319.9840087890625,825700,,
2021-10-25,319.58954377239655,332.23073928296327,318.49070440542215,331.2633972167969,1564800,,
2021-10-26,331.86457861447934,332.324790684608,320.2564693196579,320.3973388671875,1386300,,
2021-10-27,321.890505882814,325.0273242917635,317.4576307471735,317.6548767089844,2003100,,
2021-10-28,318.6410678012868,328.51173729659996,317.6549524018125,328.4272155761719,1897900,,
2021-10-29,327.30014833088967,328.1078193011301,319.8337489776796,321.4866943359375,1562500,,
2021-11-01,326.0040740360055,343.3880872848038,324.74559203701205,336.9266052246094,2391200,,
2021-11-02,338.15688144569714,338.15688144569714,329.1690353808377,333.6864318847656,1371300,,
2021-11-03,325.0930985803357,325.91957126317186,315.04401505148434,322.1816711425781,2948400,,
2021-11-04,323.8533306795341,329.5165133049221,323.3743744272106,329.50714111328125,1334000,,
2021-11-05,331.3385634918504,336.8608776602382,329.6574728773856,333.59259033203125,1422900,,
2021-11-08,337.1614248528076,343.2190719448429,336.2222565384544,338.90826416015625,1540500,,
2021-11-09,339.9788892565533,341.0777286642229,330.5872072328916,334.1654357910156,1394500,,
2021-11-10,332.37166088366354,333.958857628606,328.84040750950555,331.1601257324219,1067800,,
2021-11-11,331.5921752853656,336.7857750998879,330.8314512168856,334.35333251953125,782400,,
2021-11-12,335.48971656572354,337.3023045886762,332.02418308785604,337.0299377441406,1011100,,
2021-11-15,340.08219650965685,341.6224461755343,337.7624784791869,339.18060302734375,975400,,
2021-11-16,337.9878787833273,343.92342907905254,336.41008298151905,339.9883117675781,1162200,,
2021-11-17,338.10056039536113,338.48562280625924,327.95755504795613,332.0147399902344,1647600,,
2021-11-18,342.3080464629387,343.47260589546664,335.18913523606915,335.3863525390625,2228000,,
2021-11-19,332.21202106629994,333.26388500181326,324.51082935663896,325.0931091308594,1742000,,
2021-11-22,326.6145557080653,333.12301393577246,322.23802790584034,327.9200134277344,1707000,,
2021-11-23,327.7509453163902,331.60151220206143,323.91912281651724,328.0326843261719,1680300,,
2021-11-24,337.4149997773623,351.8500412634886,337.00176341415613,345.4824523925781,4482900,,
2021-11-26,333.40479398638064,339.3215436546383,327.5725660378243,337.4432067871094,2308700,,
2021-11-29,343.73557621622535,344.67474445725327,325.29029820508936,326.9150695800781,2902000,,
2021-11-30,325.1400876921617,330.8032715822644,321.05469971963703,324.5202331542969,3681500,,
2021-12-01,332.1086552694167,332.2119786755111,320.63201868540955,320.77288818359375,1755200,,
2021-12-02,323.90032159537617,332.5782262754957,322.5666901890869,329.2911376953125,1969800,,
2021-12-03,331.169479710475,331.56394295776755,324.0130227502941,327.9950866699219,1379600,,
2021-12-06,331.2916346147886,336.1283458726837,329.1879066877376,332.944580078125,1543500,,
2021-12-07,337.8094478626273,344.64659193497465,337.30228895589374,339.35906982421875,1478900,,
2021-12-08,340.24191693229074,341.8572876798611,335.99688620548676,339.09613037109375,1182900,,
2021-12-09,337.95966262028963,342.1483445207534,336.22219582027583,339.90374755859375,897900,,
2021-12-10,340.78659053943454,341.8572561429445,335.6023919181349,336.5603332519531,1200600,,
2021-12-13,337.2741203247387,339.4811715947811,328.12663011830114,330.04254150390625,1375000,,
2021-12-14,328.59621685119674,332.79430039396806,324.9616400334493,327.34710693359375,1799800,,
2021-12-15,328.22988920136953,328.8779175604638,317.45762866456215,323.01751708984375,1982700,,
2021-12-16,328.49285588700394,330.3711923149709,325.8913702522797,327.1029052734375,1945200,,
2021-12-17,328.0514572670958,329.0657750242628,320.78230420567417,325.9195556640625,2976500,,
2021-12-20,322.07835469332764,322.6042866085902,315.8610656041497,318.0587158203125,1784700,,
2021-12-21,321.91867386671146,331.0755638244121,321.3457950215764,328.5304260253906,1518500,,
2021-12-22,327.8448146191514,330.21153676834075,322.641843554545,325.891357421875,1582400,,
2021-12-23,326.83062324738245,330.10831199286537,325.23402540499114,327.9764099121094,997800,,
2021-12-27,328.70889284401727,330.3618381624552,327.2531934973073,329.41326904296875,953100,,
2021-12-28,328.03264515440287,331.65784906048816,327.66638448542346,328.4928283691406,718700,,
2021-12-29,327.16869166296107,328.0609131117724,324.48268378320523,324.6799011230469,1417300,,
2021-12-30,325.7631708581813,327.87330742621884,322.0233131470173,322.2023010253906,1538800,1.05,
2021-12-31,322.4849492332998,324.00163169230206,321.28858210606785,323.01251220703125,1004700,,
2022-01-03,324.0581178975217,329.99289169684386,324.0486884038908,329.81390380859375,1570700,,
2022-01-04,333.5819968043447,352.0834668975643,332.2631614740179,349.7660827636719,3034100,,
2022-01-05,351.4146231983275,364.141419676239,350.22765706367494,350.48199462890625,3310100,,
2022-01-06,352.79938314639816,356.49212170233966,346.8928413577682,354.5421142578125,1600700,,
2022-01-07,355.02259078954216,359.85520587659033,354.8436029160623,356.69940185546875,1791700,,
2022-01-10,359.1675900437979,363.5197906391608,352.3096161868833,357.8393249511719,2120000,,
2022-01-11,360.68426370703145,361.2965771393803,353.958159200432,358.48931884765625,1249900,,
2022-01-12,360.13777257161973,361.60733590907233,350.92472761061254,354.4385070800781,1458900,,
2022-01-13,356.7277318681781,361.92775321954855,356.6335231664508,358.338623046875,1325100,,
2022-01-14,354.8247916752202,358.04651607343266,351.83854587484973,357.5566711425781,1309400,,
2022-01-18,358.57411496633017,365.5074381379341,357.5001875601701,361.654541015625,2685500,,
2022-01-19,364.7913721491816,365.6015321969184,352.89353895105694,354.1087646484375,1919100,,
2022-01-20,353.8262520469465,358.0653843907634,344.6697250343636,345.7059631347656,2014300,,
2022-01-21,346.2805598679191,349.59649277829897,338.9986627575571,343.1624450683594,1493300,,
2022-01-24,335.8994399540658,344.3588458162894,326.893640924609,342.9269714355469,2251800,,
2022-01-25,337.4160710802335,348.79580190938304,330.4638897662829,346.8740539550781,2511900,,
2022-01-26,347.9668507706268,358.7154104898924,345.2914905214725,350.6610412597656,2296100,,
2022-01-27,353.9110371604227,360.68423102953807,348.97481217038626,354.1653747558594,2030000,,
2022-01-28,350.5479835204437,355.2769896125747,343.40741315903927,352.1211853027344,2100300,,
2022-01-31,352.31896934256264,354.947239222252,345.74359427116457,354.579833984375,2191600,,
2022-02-01,353.2611320351222,357.5473556044292,349.5212730340385,355.97418212890625,1622500,,
2022-02-02,356.62404513510194,357.6791133694983,345.60229063612996,352.7711486816406,1642900,,
2022-02-03,349.8226076814752,355.0602886096605,348.3907046589654,349.3892822265625,893700,,
2022-02-04,346.79871787628645,351.17914884620785,342.46537687708604,348.0704345703125,1102400,,
2022-02-07,348.85233218978004,352.799437651694,347.32624917079767,350.62335205078125,1087300,,
2022-02-08,354.5798457295522,369.23782028678795,352.53565811532343,367.2784118652344,2647500,,
2022-02-09,369.7465445248307,376.4632188378628,369.7465445248307,372.4784240722656,1630400,,
2022-02-10,370.02914015850644,376.0675521167913,367.47624851104547,370.3588562011719,1402300,,
2022-02-11,371.41396249008994,376.55746428493967,364.86687468112194,369.90673828125,2390200,,
2022-02-14,371.263243029723,374.6357248350028,361.69224833551664,364.81036376953125,1799900,,
2022-02-15,368.0979275662867,373.0435811036457,366.4964663500472,370.59429931640625,1590800,,
2022-02-16,368.7668270722142,371.1972790641975,363.06756060581023,367.91900634765625,2174900,,
2022-02-17,364.12263558229336,368.0320519794955,357.12336379483406,358.470458984375,2570300,,
2022-02-18,357.75450175667453,370.17987208109145,344.78276701908914,347.70306396484375,3729400,,
2022-02-22,344.05742795056017,348.993653091688,331.7921860563073,333.27117919921875,2359000,,
2022-02-23,334.4203866144719,335.35298638045566,317.70879677583343,317.9537048339844,3068300,,
2022-02-24,309.9935709334757,323.8602425868879,307.80805618275645,322.88995361328125,3599900,,
2022-02-25,322.8334719497082,328.11824284005127,318.4059224750812,326.8653564453125,3424600,,
2022-02-28,327.8262900271973,341.3821093249969,325.9422308891099,339.14947509765625,3265400,,
2022-03-01,340.18567009060166,340.89219217749184,330.2849313801416,337.8588562011719,2863200,,
2022-03-02,339.865434384622,359.1205215071787,339.49805779366324,354.1842956542969,2564200,,
2022-03-03,356.31318539242744,363.70812181456637,353.86393199012616,359.7892761230469,2961400,,
2022-03-04,356.90674610793127,368.1263219728984,352.7995108954329,367.4574890136719,2404400,,
2022-03-07,371.46104803037775,381.98350055933724,346.7045160069643,347.6088562011719,5456700,,
2022-03-08,352.1871584012341,366.4494997752974,343.01179966292307,343.77484130859375,3512000,,
2022-03-09,347.8443034031163,352.28125315728363,343.1247276225703,347.4768981933594,1744600,,
2022-03-10,343.3696986551525,357.6037483584441,341.29722258226917,356.2283935546875,1768800,,
2022-03-11,360.7690809197732,369.5958937664076,360.26980637637274,366.9017028808594,2144300,,
2022-03-14,370.2175784231897,376.3878598975265,364.047296948853,371.0277099609375,2466500,,
2022-03-15,369.73708182728046,372.10158464057764,359.61026654908756,365.95013427734375,2197700,,
2022-03-16,367.3914420915216,377.640725896289,359.8646368748441,365.69580078125,2271500,,
2022-03-17,362.24798363069567,383.62263243271957,361.7581099570649,382.605224609375,2783800,,
2022-03-18,384.0277002793326,390.8762435185425,380.65521900174093,389.1994323730469,2941700,,
2022-03-21,390.94219849845337,402.05813384794277,390.38640460582445,397.8096008300781,2750200,,
2022-03-22,400.3625456978529,410.98863752549516,398.6763048087568,402.76470947265625,2234400,,
2022-03-23,398.619735118214,409.78278926512763,396.1704529269382,406.5045166015625,2633500,,
2022-03-24,405.4871292805235,410.2349654129422,401.14435888252837,407.1639404296875,1878500,,
2022-03-25,407.2770171270522,411.6197879278008,403.3016516184277,411.1487731933594,1457500,,
2022-03-28,412.5900328893224,412.5900328893224,402.58565685383667,407.53131103515625,1656000,,
2022-03-29,399.8820462715046,399.8820462715046,385.61030677304893,388.9827880859375,3572900,,
2022-03-30,390.8054978655466,401.0525789728813,390.54105836440385,392.458251953125,1693800,1.05,
2022-03-31,391.18332756707235,397.3032219360475,390.3333166187178,392.373291015625,1953700,,
2022-04-01,393.8749627458893,398.47436622655084,390.82446886257475,393.63885498046875,1480900,,
2022-04-04,395.30092880019976,395.4520411774269,385.1766300998922,394.25262451171875,1072400,,
2022-04-05,395.4331573989746,398.993650868219,388.3688051766961,390.7204284667969,1399000,,
2022-04-06,387.76449633308187,391.7027865795379,383.47680002368963,388.39727783203125,1237000,,
2022-04-07,386.9994668505793,389.60610554164174,379.4912579583279,386.7066955566406,1637300,,
2022-04-08,390.18224229619943,396.59490811871814,385.006749972434,395.05548095703125,1341900,,
2022-04-11,393.3460153206091,401.9120104791063,393.3460153206091,395.2537841796875,1437700,,
2022-04-12,399.32435546804385,403.7442859975339,394.30942874770915,396.40606689453125,1119700,,
2022-04-13,398.8615002929202,404.1786510177381,397.80374226728753,403.5458984375,1153200,,
2022-04-14,404.1503066665311,414.99238373537275,404.1503066665311,412.4801940917969,1522700,,
2022-04-18,408.46637881052095,420.7723127233184,408.2208175448095,414.08575439453125,1525700,,
2022-04-19,415.36073860900063,416.9851610675477,410.58192009687593,413.49078369140625,1207800,,
2022-04-20,419.97902100645103,421.9340000811518,412.2724606371895,413.0846862792969,1718200,,
2022-04-21,416.3524035078779,416.5318476999083,399.99485200878763,400.7787170410156,1641300,,
2022-04-22,396.40608382294397,397.4260567495573,379.2929677420384,381.1440734863281,2148800,,
2022-04-25,370.15081601956143,370.15081601956143,351.5077582540984,364.08758544921875,4496300,,
2022-04-26,363.6342434900868,368.9325160480952,358.9687523431239,360.5553894042969,1559000,,
2022-04-27,360.6876705131217,368.39423144120036,354.63386394430415,364.10650634765625,1599200,,
2022-04-28,366.288084084855,368.38472187743827,354.1615945462023,363.4359130859375,1515200,,
2022-04-29,364.69196578442495,368.2996985369825,355.360984405105,356.5698547363281,1526800,,
2022-05-02,354.1238698708083,361.2354347540354,350.9505952747982,360.04547119140625,1563400,,
2022-05-03,364.389783592598,369.00806480847507,362.17981861100964,367.7991943359375,1468200,,
2022-05-04,369.49913839611264,376.27072067288685,363.3697910398667,374.3251953125,1750100,,
2022-05-05,372.0019342388854,374.1457821974092,358.04321662211044,361.7548522949219,1465800,,
2022-05-06,362.2553508059287,362.2553508059287,350.98829759698395,356.48486328125,1516100,,
2022-05-09,351.3283383503898,353.7366259152218,342.2523701107768,344.2734375,1818100,,
2022-05-10,347.5411483349254,350.84665677660206,340.4673694926962,344.481201171875,1344100,,
2022-05-11,345.5578651061996,353.6799484767923,342.0634589515055,343.80120849609375,1380900,,
2022-05-12,342.6773361397755,347.14450508770307,334.61188743422673,342.8095703125,1889400,,
2022-05-13,344.2922586165746,349.43941833424907,343.04563178541997,346.3133544921875,1750300,,
2022-05-16,348.4195094532829,361.1787531131571,345.690089932868,353.6422119140625,1896400,,
2022-05-17,360.30991896158224,364.5598589207545,356.3716285845127,362.9071044921875,1229300,,
2022-05-18,362.6614942876496,363.6909205914712,346.93672432312025,348.1833801269531,1543400,,
2022-05-19,344.1506224816277,349.8644468572434,336.50072624309547,344.3583984375,2253600,,
2022-05-20,320.75712076899407,325.2337147041379,290.54478082998645,295.8996887207031,8814300,,
2022-05-23,299.3373582628532,318.528170513995,298.61012808958344,316.72430419921875,4286400,,
2022-05-24,313.8533429150952,319.1515874308845,309.0178604047975,318.3016052246094,1900600,,
2022-05-25,318.8210321715376,326.5181685518615,317.5366197336856,323.9115295410156,2005800,,
2022-05-26,324.37425599183035,329.5308698890594,321.48429950170015,328.19921875,1349900,,
2022-05-27,334.2246963278664,340.82625971399244,332.75135746991793,340.6846008300781,1968000,,
2022-05-31,338.389561683253,342.02562621641533,335.0651754704504,337.8984680175781,2705000,,
2022-06-01,342.90398343395094,342.90398343395094,329.19085614425853,332.58135986328125,1714800,,
2022-06-02,334.20573738414345,341.3267540015706,331.5046790109681,341.01507568359375,1161600,,
2022-06-03,337.55855526855356,343.4329174949254,337.18075979485275,340.9396057128906,1082200,,
2022-06-06,342.9889999900867,343.59342080936415,338.65403657659954,342.7434387207031,1011000,,
2022-06-07,340.70346316108316,348.0322565119141,338.10627806422116,347.39947509765625,987000,,
2022-06-08,340.89233660512656,344.49061594100283,334.35686225427327,335.2918395996094,1772700,,
2022-06-09,331.5896736995394,334.02629258525513,326.11195753430934,326.1402893066406,1415500,,
2022-06-10,318.1599903008188,322.05104227043563,314.8544810693041,316.6016845703125,1327900,,
2022-06-13,306.94009095910394,315.13774554811516,304.39011559782125,306.84564208984375,1816700,,
2022-06-14,308.0449682073646,312.04934507580094,304.65443669609965,308.4321594238281,1630400,,
2022-06-15,310.13226052046406,316.639375209789,307.3839628152647,312.2099914550781,1442500,,
2022-06-16,304.6167350851349,305.89172249972927,297.1557371184148,299.92291259765625,1799600,,
2022-06-17,297.24080897144637,308.33787434017034,297.24080897144637,304.78680419921875,2329100,,
2022-06-21,312.512205428754,316.2615975711573,309.6317024692719,310.9727783203125,1425400,,
2022-06-22,303.16238033851255,305.8634394254688,299.9796521719838,300.2629699707031,1636100,,
2022-06-23,297.2974590846136,299.4790925101344,279.1643713480332,280.9776916503906,4232900,,
2022-06-24,284.1509358437546,296.4190846841241,282.7154111729118,293.5952453613281,2297000,,
2022-06-27,299.97961207738405,302.86956852505455,293.91635259944553,297.8074035644531,1708300,,
2022-06-28,300.69742540665857,302.387936288261,291.3381099449057,291.9803161621094,1818100,,
2022-06-29,291.20296379479964,291.70534724466035,282.17900919311296,284.9847717285156,1800800,1.13,
2022-06-30,282.2738447911634,288.71952343643846,278.9562101210263,283.8663024902344,2082100,,
2022-07-01,284.92790737828204,288.9848989968449,278.9846129549302,285.9137268066406,1373600,,
2022-07-05,278.5580508661051,279.43958675404787,272.7190110118968,276.9087219238281,2147900,,
2022-07-06,274.73809461473064,276.7381696451579,269.02228452611246,274.0745849609375,2083200,,
2022-07-07,282.3022536957406,288.71949602014354,280.1410530443742,288.1318054199219,2051800,,
2022-07-08,288.82377815560625,291.9707693150008,285.563015234086,288.76690673828125,1516100,,
2022-07-11,284.89948085357986,288.1412963246618,282.3401513275954,282.86151123046875,993900,,
2022-07-12,278.68134753733676,285.5725391526827,277.8661710861945,280.5392150878906,1210200,,
2022-07-13,276.81393295956474,283.5819209898513,276.11249951784555,281.3164367675781,1199900,,
2022-07-14,274.9371480120071,279.49652421045886,273.31625439514664,278.994140625,1366800,,
2022-07-15,282.5392543486009,284.03691669985903,277.9135190953802,282.18853759765625,1184500,,
2022-07-18,285.44923419208095,290.51099214882055,281.477550158132,282.4254455566406,1056200,,
2022-07-19,285.8473757685215,295.9329981654495,285.1459423280688,295.3547668457031,1282200,,
2022-07-20,295.231587785077,299.5255541658896,294.0467181554104,298.9283752441406,1152500,,
2022-07-21,298.4165237970153,300.2554437234924,292.5300708185848,300.0469055175781,1223300,,
2022-07-22,301.27911250605115,303.77208238432274,294.28363884948726,295.9898681640625,1110700,,
2022-07-25,298.4829187427468,306.54003294545,295.6581788789637,306.1324157714844,1433100,,
2022-07-26,306.90015442687843,308.78648638107734,301.6677810191658,302.8052673339844,1122600,,
2022-07-27,304.27446435422917,310.0281971492538,302.0469040789133,308.7390441894531,1148200,,
2022-07-28,312.4738031243888,317.0616147148956,306.9949672861926,314.35064697265625,1295600,,
2022-07-29,318.5402975059746,326.74907668507285,315.6492275632481,325.2987976074219,1880300,,
2022-08-01,321.21340978675727,324.13294472902345,318.4834655546313,320.56884765625,1238900,,
2022-08-02,317.5450077276214,321.40294954021994,313.60175878722896,315.8482666015625,1271500,,
2022-08-03,319.6493466348278,320.9763946529882,316.15160965242245,318.9763488769531,1142800,,
2022-08-04,321.43140044717455,326.7964929594188,319.17540431392763,324.5404968261719,1333900,,
2022-08-05,319.90526839796814,326.6258445544295,319.74414234958124,325.4220275878906,917100,,
2022-08-08,328.8060812589425,331.0431013360667,324.938650412837,325.8012390136719,953200,,
2022-08-09,328.2087726095851,329.3367704166504,325.2229079727827,325.7726745605469,1146300,,
2022-08-10,330.711348452473,338.6357427101994,330.42696238272157,334.0005187988281,1136200,,
2022-08-11,341.71641428588896,344.56010150602117,338.5978292014489,343.06243896484375,1718800,,
2022-08-12,343.56478836685665,349.3753643761162,342.86332591832837,348.9772644042969,1256500,,
2022-08-15,343.5742311184425,347.20468746627546,340.38931578724134,346.9771728515625,1196100,,
2022-08-16,345.32778223738194,353.91571253013234,344.0955297477715,350.7023620605469,1431500,,
2022-08-17,345.47954162609034,348.30428118256737,343.40364776079826,345.6880798339844,1722500,,
2022-08-18,345.4605109483476,350.6644477515963,343.8490771001143,348.8160400390625,1983500,,
2022-08-19,339.94382104113413,350.6455710121158,334.65454712325277,350.39910888671875,4242200,,
2022-08-22,344.4178858087514,353.67881577693464,342.39886347167294,350.3801574707031,2353600,,
2022-08-23,349.2994683845775,365.8781503138004,349.2899801734202,355.3470458984375,2389800,,
2022-08-24,359.0249410471499,362.42788272615195,354.62669164736764,361.5084228515625,1566300,,
2022-08-25,362.09613725213165,368.1910993213984,361.7169847787248,367.9256896972656,1325400,,
2022-08-26,370.79779698393907,372.45661429789027,358.9491018842876,359.6126403808594,1452800,,
2022-08-29,356.56041583105736,365.34739771452524,355.0437770708285,360.7785339355469,1323400,,
2022-08-30,359.4799430657999,359.98232661160904,346.47481337303464,349.52703857421875,1622700,,
2022-08-31,350.74981193579,350.74981193579,345.5363860729926,346.2188720703125,1500200,,
2022-09-01,340.2755195839712,345.75435413639104,338.63565003903096,344.81591796875,1349900,,
2022-09-02,350.67392168727713,351.0815097746878,342.01963188693475,343.3466796875,1141700,,
2022-09-06,344.2662453920433,345.9440103856441,336.957977564179,342.2472229003906,1092600,,
2022-09-07,339.2328585915199,347.84922553076484,338.60724406731214,346.8728942871094,913100,,
2022-09-08,344.8065102560597,351.13844587635015,343.99130500357944,349.28057861328125,1227200,,
2022-09-09,353.5839951516619,355.70730089941145,352.7119474265402,352.8541259765625,1240300,,
2022-09-12,355.7357395208543,356.4087372814527,350.5602088378665,354.5413818359375,1129200,,
2022-09-13,346.5032486439129,352.07687978048546,343.09084739313624,344.3704833984375,1085700,,
2022-09-14,345.36574063720417,346.2188408249944,338.9484694134617,342.0954895019531,1121700,,
2022-09-15,342.0955913028418,345.6028173632422,339.64054463155526,340.0765686035156,970000,,
2022-09-16,336.7872660251647,337.53611158419073,330.9387668776096,336.0289611816406,2422600,,
2022-09-19,332.02884918451036,344.275672311177,331.3274157404555,343.792236328125,1008700,,
2022-09-20,341.12867507073275,341.66898250835953,334.17112479898594,337.06219482421875,1434000,,
2022-09-21,341.5267901054903,342.27563576645133,331.5833740234375,331.5833740234375,1007100,,
2022-09-22,334.1427021171632,335.60244057849036,327.90553259156775,328.0951232910156,1006400,,
2022-09-23,323.69685456214484,325.2229814986277,311.4974429928496,316.8056640625,1717600,,
2022-09-26,313.80083490052823,321.1754617015877,313.5259659972248,314.9288330078125,1331600,,
2022-09-27,318.3981439135557,323.88646784164393,315.0236377045965,318.1896057128906,1180100,,
2022-09-28,320.5783562654119,329.9340827491788,319.5072294326838,327.87713623046875,1292600,,
2022-09-29,324.2917785644531,327.7153925883592,321.8572150412947,324.2917785644531,1589500,1.13,
2022-09-30,322.1615895508552,324.34888351109277,317.3114713974037,317.53021240234375,1697200,,
2022-10-03,322.96995971711846,330.7396632637093,322.5610355889543,327.1924133300781,1536900,,
2022-10-04,332.91735286699827,343.02651107109324,332.85077574650074,342.6365966796875,1639000,,
2022-10-05,337.88161120625375,342.0374865634187,337.88161120625375,338.33807373046875,1073700,,
2022-10-06,336.88299128609907,341.7331080405428,335.7418061230009,338.052734375,915100,,
2022-10-07,334.8003476613471,338.9372134653092,332.56551547714537,338.699462890625,1351700,,
2022-10-10,340.70611146909505,347.38213752338066,338.31908628156435,342.0565185546875,1366900,,
2022-10-11,339.33673367128563,352.11821014510036,338.6520106808208,345.5277404785156,1457200,,
2022-10-12,345.13777048772243,346.4121100981319,340.8867890088571,343.51153564453125,1179400,,
2022-10-13,336.7594473335381,350.3397895234033,331.96641611365766,349.1795654296875,1596600,,
2022-10-14,350.3302482748997,354.15326725137766,338.96575865036345,339.6409912109375,1231700,,
2022-10-17,343.68272825042663,349.1890105611964,343.2832945226133,344.82391357421875,1077100,,
2022-10-18,353.6397083676403,355.6178094433896,347.82909812998776,353.1166687011719,1214800,,
2022-10-19,351.870829742458,356.1978783371336,349.49332413609005,353.12615966796875,817800,,
2022-10-20,353.61123586522024,355.7509914240208,345.89861975953266,347.61041259765625,788300,,
2022-10-21,346.69738222949974,364.83300232682376,345.28039814659223,364.2909240722656,1387500,,
2022-10-24,362.96900847904374,368.4562805139058,361.4854184036217,366.98223876953125,1059700,,
2022-10-25,365.18485783295665,373.26837682144657,364.36700984246505,372.4410095214844,1402500,,
2022-10-26,375.42715619474535,376.37815846604957,369.1981029266171,372.0130615234375,1157500,,
2022-10-27,378.4989334431561,385.54586430475985,374.39059634596157,375.2560119628906,2043100,,
2022-10-28,374.50472925467045,378.2421907011329,371.0526149606289,377.4053039550781,1712300,,
2022-10-31,376.5208567702601,386.1259571238698,375.6554411638221,376.4257507324219,1638400,,
2022-11-01,378.4989436887039,378.4989436887039,366.8301550436114,369.66412353515625,2269000,,
2022-11-02,369.6640836842639,377.86171859565314,366.75401906426464,367.0393371582031,1719300,,
2022-11-03,362.5030575954965,378.47991399470834,361.62815171303873,374.3430480957031,1627400,,
2022-11-04,380.99051711672905,384.1953900587362,374.2193857338026,375.7314758300781,1548500,,
2022-11-07,379.05047789840546,379.26921887192833,374.5997941709768,379.2311706542969,1186300,,
2022-11-08,380.22022902102213,388.7412015426683,379.02195683028117,384.74700927734375,1360800,,
2022-11-09,380.733729772887,385.0702974056342,376.99629815900204,377.6334533691406,2182800,,
2022-11-10,386.40167879246206,388.02788433240244,375.90260699685416,387.6379699707031,2370900,,
2022-11-11,386.6870361003773,393.2394559598869,385.29858085128177,386.1354675292969,1519200,,
2022-11-14,384.75659547295123,390.367533685676,382.6168397545613,387.0009765625,2035700,,
2022-11-15,391.5846973501219,392.7354019510925,382.1126940053018,387.0293884277344,1701100,,
2022-11-16,387.2957235590976,388.56054396874646,382.3504995192245,386.48736572265625,1101600,,
2022-11-17,382.9210946417451,393.3631110078104,381.8940248622367,392.75445556640625,1284100,,
2022-11-18,394.7610271023755,395.63593289179954,391.1281916586894,393.9621887207031,1590800,,
2022-11-21,393.00166021327766,394.9321935236094,386.5919146550667,391.5276184082031,1326000,,
2022-11-22,393.7149421114009,396.40626578163176,391.2898979174553,396.1495056152344,2195200,,
2022-11-23,408.4745310234697,426.42946056688186,407.8659045930315,416.0825500488281,5080300,,
2022-11-25,414.41826450383127,420.73293374737835,411.3560359171304,419.8389892578125,1135500,,
2022-11-28,415.94940963412853,421.90269359143525,415.5119566823692,419.59173583984375,1974800,,
2022-11-29,422.04532838502786,422.74906081580633,414.8462338459187,419.3634948730469,1643100,,
2022-11-30,419.59176170437166,420.04825330540416,411.70797268701017,419.3920593261719,2397200,,
2022-12-01,418.75482914884805,422.73004081180886,414.98886817464586,420.1623229980469,1747400,,
2022-12-02,420.56178992196106,425.76377406393135,417.157185173636,423.7761535644531,1471200,,
2022-12-05,419.45864260633687,420.49523175714126,413.6860509756488,415.48345947265625,1467600,,
2022-12-06,417.61365059551105,417.7372855398394,412.411666779467,416.7767639160156,1015900,,
2022-12-07,414.8557292995758,420.1908380856958,414.37070885636996,419.05914306640625,1433800,,
2022-12-08,421.58880248849255,421.7599759270733,416.1585878012009,421.2274169921875,1200200,,
2022-12-09,421.6553445424721,422.7585105364969,413.0963250578536,413.5052490234375,1340400,,
2022-12-12,414.75116432808926,415.98748486827054,410.49069212689636,415.6355895996094,1591700,,
2022-12-13,417.33782466871816,418.11765348048937,411.5557437479749,415.7686767578125,1675500,,
2022-12-14,418.1177130870808,420.58080578753714,413.08690233197353,416.9574890136719,1767500,,
2022-12-15,413.6860066550885,415.4168378321898,405.1935629550813,408.7312927246094,1561900,,
2022-12-16,403.9477282926473,411.7839776094462,400.9996154891387,409.9675598144531,3097300,,
2022-12-19,410.87104822426465,413.3436600472733,408.645706290243,411.4701843261719,1327700,,
2022-12-20,410.8996347071024,415.6261180349497,408.67429246127114,414.0284118652344,985200,,
2022-12-21,416.39639478471304,422.7300740709929,414.6845731000949,420.0007019042969,1220500,,
2022-12-22,418.76440759512366,418.9451003790607,409.27339287186516,414.50390625,1223600,,
2022-12-23,414.5324627448005,416.42494829154765,411.9932734893341,415.521484375,735600,,
2022-12-27,416.58656172007153,420.58078314061044,414.39926795595477,414.7796630859375,713800,,
2022-12-28,415.58804666923663,416.44394302039035,408.7598564375951,409.1022033691406,821700,,
2022-12-29,409.81747344663756,411.75340752050346,406.6513063681206,408.7779846191406,835300,1.2,
2022-12-30,407.0994742502978,409.82693517530475,405.13493172437035,408.8923645019531,760200,,
2023-01-03,408.16753516383176,408.32012465070176,400.72897957559803,404.62945556640625,1166300,,
2023-01-04,404.28618637977684,406.6035795550546,400.73856027917117,403.8570556640625,1050800,,
2023-01-05,402.98922371850006,403.86657703835766,393.49072298865445,395.51251220703125,1485000,,
2023-01-06,396.91436174406425,408.6825540235531,396.7331635327508,406.7084655761719,1042200,,
2023-01-09,408.0817670990727,414.15659321107677,406.708490625312,408.35833740234375,1200300,,
2023-01-10,407.1090611902539,417.656567733722,407.1090611902539,417.16064453125,1079200,,
2023-01-11,419.36358487858007,419.4971116130328,410.1607465551217,413.3936767578125,1130000,,
2023-01-12,414.8432322026688,419.5924824416876,411.31466893105005,415.8827209472656,1205500,,
2023-01-13,413.7847436847088,419.8595707326969,413.136230897449,419.2587585449219,985700,,
2023-01-17,419.6878197180194,424.51337919765234,417.39903532317015,417.89495849609375,1767700,,
2023-01-18,418.7437500895424,422.58700959391166,405.9074583382374,406.2507629394531,1390800,,
2023-01-19,402.65544558887404,403.65677973083416,388.9799266686845,389.66656494140625,2241000,,
2023-01-20,391.3259519571222,392.35592397931094,387.2538226727868,391.57391357421875,2781500,,
2023-01-23,392.3844660052926,394.4062259452896,388.46489780930347,390.3722229003906,1390500,,
2023-01-24,389.57120350522575,399.7467970730578,386.24293007602876,397.3626403808594,1319700,,
2023-01-25,394.02476937982095,396.16096418299736,390.27685343216075,394.4729919433594,1002000,,
2023-01-26,398.3830151077609,401.7875976591731,392.5847591612452,401.6827087402344,1191100,,
2023-01-27,401.6827841478687,403.27538473046604,398.2686550161759,398.8027038574219,1324500,,
2023-01-30,399.3271597059561,406.0218608270757,398.6309755154848,401.1105041503906,1376100,,
2023-01-31,402.2644936405419,403.43750933351123,396.7809326727585,403.24676513671875,1269800,,
2023-02-01,402.48376390599464,409.9127744588095,399.1077902196803,407.2043762207031,1112100,,
2023-02-02,406.8515966970114,406.96603157015926,383.24844369550937,387.7115783691406,2551300,,
2023-02-03,387.66384604909115,394.5397452310264,386.15707194992655,387.2442321777344,2295500,,
2023-02-06,386.71017384745613,393.77681701486574,386.2524053345791,391.22100830078125,1378100,,
2023-02-07,389.28513264494734,394.2537072505759,386.0235933479131,390.5439453125,1313100,,
2023-02-08,387.2442313667991,392.4321582168255,387.20607671399034,388.7987060546875,1061500,,
2023-02-09,392.0316038624053,393.4144262563692,388.2646541019571,389.1038818359375,1262700,,
2023-02-10,389.723780481452,399.05059999698017,389.2469491583607,398.43072509765625,1357000,,
2023-02-13,399.94706819797227,403.7712649420567,394.94988495789414,396.084716796875,1428400,,
2023-02-14,396.1323977399042,396.1323977399042,385.4132388257138,390.3436584472656,1503000,,
2023-02-15,387.8260476281969,394.81638285731424,386.72931217081094,391.0398864746094,1424800,,
2023-02-16,386.20477411921473,390.30551197459437,384.1639220278985,384.28790283203125,2122500,,
2023-02-17,399.584656963714,416.1593187516049,396.2468376334682,413.2315673828125,4888700,,
2023-02-21,411.90593463575027,417.5897551914184,405.9455437961529,407.37603759765625,1936300,,
2023-02-22,409.4836854710757,411.0190684134933,402.19768863908763,406.65130615234375,1356300,,
2023-02-23,410.05594993979577,411.38152612617085,400.82447172087353,405.3543701171875,1086900,,
2023-02-24,403.97144718219533,404.07633608918155,395.970204711531,398.07781982421875,1031200,,
2023-02-27,399.19357034082543,403.3801625592015,397.41977211399796,402.09271240234375,920200,,
2023-02-28,402.2453949238349,402.6268541798603,397.84899478082366,399.81353759765625,1465200,,
2023-03-01,398.9551979999384,404.20988809954576,397.4960954248142,400.29986572265625,1354000,,
2023-03-02,398.402093356468,403.6472376073261,398.402093356468,401.8161926269531,959800,,
2023-03-03,403.17993389987447,411.667554469491,402.45517010169743,410.3419494628906,1097400,,
2023-03-06,410.36101152296624,411.98224960957845,405.8883315311029,405.98370361328125,1007500,,
2023-03-07,405.83120804948527,407.1472674191743,398.53569317781796,398.77410888671875,1181500,,
2023-03-08,399.37476606929454,406.37464507244493,398.87887206456855,404.62945556640625,1365900,,
2023-03-09,406.2793418914173,412.83102858605304,401.3775311222732,401.89251708984375,2082000,,
2023-03-10,398.9647782503406,400.3189629249061,376.77302960275233,377.5836486816406,2354300,,
2023-03-13,370.85073626720117,384.04942193667637,368.3425992048819,379.7674865722656,2000700,,
2023-03-14,385.6230448978239,387.51130756757135,378.84251690353017,383.80157470703125,1636600,,
2023-03-15,376.40114238268427,378.12726958263966,364.68061937073315,372.38623046875,1964100,,
2023-03-16,369.639633027291,375.1136470892205,366.85492540379767,372.9869689941406,1621800,,
2023-03-17,369.25820108691545,371.8998362314724,363.7174232481519,367.636962890625,3124500,,
2023-03-20,371.1274450007798,378.29897928697324,369.5348152065572,376.2200012207031,1325100,,
2023-03-21,382.21841663212945,385.79465114848927,381.21705350546614,383.93499755859375,1341700,,
2023-03-22,384.93642013987943,385.47998575168356,376.5155623334529,376.66815185546875,1202400,,
2023-03-23,376.69671929615106,382.1421244818143,371.02241530080744,373.69268798828125,1566800,,
2023-03-24,369.4298038737894,370.583727412186,363.82226341415344,368.590576171875,1361500,,
2023-03-27,372.68178770010616,376.72530750825456,368.6668475002062,374.7989196777344,1392700,,
2023-03-28,376.1435574466788,378.53723041289777,374.20762383159354,377.03045654296875,982000,,
2023-03-29,381.13122505061585,383.1053134764688,378.2320828046872,382.2184143066406,1455000,,
2023-03-30,384.8587311280328,388.87665660098145,384.5526265505266,386.19805908203125,1267900,1.25,
2023-03-31,388.39843178322053,395.6306761084491,388.39843178322053,394.98016357421875,1779200,,
2023-04-03,395.1427306074534,401.2174402679578,395.1427306074534,396.9986267089844,1632200,,
2023-04-04,395.5540713869406,396.89337019451847,378.5736017618918,380.419921875,1801600,,
2023-04-05,376.3159488003051,377.10998157495015,354.045224196383,357.613525390625,3265700,,
2023-04-06,356.0541571389827,357.0203791584964,350.22818519227917,353.624267578125,1848500,,
2023-04-10,353.27986884727693,362.19578887685753,352.53368600973744,360.9712829589844,1486500,,
2023-04-11,361.4591868428352,369.4280658203515,361.4591868428352,364.3195495605469,1543800,,
2023-04-12,366.86418440828334,371.8961519740241,366.2040962981569,367.7251892089844,2166100,,
2023-04-13,368.9975824025714,370.57604283204074,362.626315052335,368.06005859375,1627000,,
2023-04-14,369.9064526174662,372.9485809677361,368.5001813318464,370.958740234375,1113200,,
2023-04-17,372.4414767497888,376.2106648214747,372.135342982809,374.450439453125,1116600,,
2023-04-18,376.17244072922153,382.2853951040353,375.0053311329146,379.49200439453125,1402000,,
2023-04-19,378.1048300945106,379.204996566597,373.2163820860177,375.7419128417969,860000,,
2023-04-20,373.78083973044346,375.3688760757555,369.2750438773976,373.4364318847656,1336300,,
2023-04-21,373.0059459424734,373.59906195128104,368.5957915121481,369.93511962890625,2556900,,
2023-04-24,370.5282545070397,375.6367422813269,369.51421175752927,371.217041015625,1132800,,
2023-04-25,368.32789874836925,368.997562746788,362.2340673019512,363.0185241699219,1688400,,
2023-04-26,358.74233822285873,361.7940420489033,356.2455055622002,358.3692321777344,1416500,,
2023-04-27,356.2742077203293,357.7856959431606,350.0273089027926,355.7289123535156,2741600,,
2023-04-28,355.70021939618414,362.01409055102386,354.91576245630586,361.63140869140625,1999300,,
2023-05-01,363.477683259723,367.945204024326,362.98020862254475,365.5535888671875,1184100,,
2023-05-02,367.3617443739646,370.10731450438453,358.0152916089487,367.16082763671875,1547800,,
2023-05-03,368.5575659782574,373.1016359414538,365.57283416829296,365.64935302734375,1235400,,
2023-05-04,365.5345631428702,367.3713077204549,357.14475626796155,357.39349365234375,1382900,,
2023-05-05,361.7079052542986,366.1371814786973,359.73721657479643,364.5682678222656,1862900,,
2023-05-08,369.2558801747286,372.40325454135353,362.42544106651957,363.7647399902344,1106500,,
2023-05-09,361.3635042867345,366.0893385631212,360.05290374349994,364.9031066894531,1478700,,
2023-05-10,368.9784709007954,369.51419046610147,359.8520574865372,363.898681640625,1014600,,
2023-05-11,359.60326819230625,360.65558475596293,354.1217046469554,356.62811279296875,1825100,,
2023-05-12,359.81384020006067,361.1340169064995,355.20279753379873,357.7666320800781,1332000,,
2023-05-15,358.1683538261885,358.54145988087924,353.8251716322777,354.1600036621094,1466300,,
2023-05-16,352.04587835141797,352.84945783126767,346.5547373085128,346.9565124511719,2181300,,
2023-05-17,349.1759122315565,356.570798910217,348.31493636906947,352.1128234863281,1843900,,
2023-05-18,351.414445285446,355.0688411263821,349.8455605482317,354.4565734863281,2034300,,
2023-05-19,373.8764554941369,375.961937095257,345.7988851418841,347.7886962890625,7522100,,
2023-05-22,344.0960905559971,349.98903493464366,340.4416948896258,344.8709716796875,2936200,,
2023-05-23,341.79052735402223,347.30081839209805,339.08323165808554,344.851806640625,2111400,,
2023-05-24,342.7949940895574,343.1394018766777,337.6960830745599,338.729248046875,1717000,,
2023-05-25,338.3275193030348,341.8958203574655,335.60107162725467,339.49462890625,1540000,,
2023-05-26,341.2261262766927,343.9908185395106,339.8868274714596,341.72357177734375,1412900,,
2023-05-30,339.60943366798256,341.5896984991558,331.4205437438323,335.42889404296875,2094800,,
2023-05-31,333.10425523344514,335.036670260412,330.5691191683956,330.9804992675781,3384700,,
2023-06-01,334.08959492843377,340.2408235767891,331.79362047295126,337.2847900390625,2116800,,
2023-06-02,344.45961841767956,356.0063455335966,342.1636732820899,354.98272705078125,2855600,,
2023-06-05,355.1070648931992,355.1070648931992,347.40604581833867,347.8843688964844,1476800,,
2023-06-06,346.5164022021889,358.2257428369189,346.1145979358186,357.4891357421875,1927600,,
2023-06-07,357.76652993003603,367.294717202982,354.0355866703104,365.2666320800781,1928800,,
2023-06-08,365.2188533467194,367.35218514024643,362.1384510431268,364.26220703125,1317100,,
2023-06-09,365.18060368534367,366.749488440813,360.7226284108611,362.444580078125,1254800,,
2023-06-12,362.25318729249244,371.2456546883331,361.5930991556569,370.3464050292969,1527000,,
2023-06-13,372.9198175484924,383.41422721671876,372.3267015933377,380.9747619628906,2141700,,
2023-06-14,382.6585510784204,387.55657586109925,381.04181636455155,381.7497253417969,1900100,,
2023-06-15,382.85934759848084,390.31162928303286,382.1897128100526,388.8957824707031,1471200,,
2023-06-16,390.09164845418553,392.17715956112824,387.91049607354864,389.9577331542969,2119900,,
2023-06-20,384.41871960705305,391.2300361298021,382.65849403782227,390.29254150390625,1700700,,
2023-06-21,389.27848346065514,399.87811048141356,387.47040813434086,398.52923583984375,1868200,,
2023-06-22,396.8455734407687,400.2416853366689,394.1191548300048,397.6683044433594,1518000,,
2023-06-23,393.2581285075702,393.49729007061944,386.5520581319471,386.91558837890625,2033400,,
2023-06-26,387.3938307541551,397.821266890636,387.3938307541551,392.4066467285156,1360400,,
2023-06-27,392.93282060171794,393.6598810000042,383.26114227751896,391.75616455078125,1404900,,
2023-06-28,392.33019473604315,394.90357558355566,387.28867931373935,387.6330871582031,1676100,,
2023-06-29,385.4644038911372,389.41797866827574,379.04463295475927,385.4068298339844,1871600,1.25,
2023-06-30,389.09162564438475,392.0951984967829,387.02847764874974,388.82293701171875,1848800,,
2023-07-03,385.9825849128186,390.857373702639,383.5739629029475,390.0609130859375,652600,,
2023-07-05,389.6002307408224,392.32550962886495,387.4602977486352,388.3143615722656,1398600,,
2023-07-06,386.67346099206316,388.3815594352982,383.60270839788313,384.9653625488281,1390700,,
2023-07-07,383.29562823280804,391.9320869798991,383.29562823280804,388.9093322753906,1013900,,
2023-07-10,386.85581180365836,392.22958523884495,385.69466675349406,390.646240234375,1005500,,
2023-07-11,393.83215388546193,397.7569414217357,393.83215388546193,397.085205078125,1131200,,
2023-07-12,400.15590494194305,401.1346930157961,391.0396433185655,391.2027893066406,1376000,,
2023-07-13,391.7209363057101,394.5997556230135,388.73657433684053,393.0068054199219,999400,,
2023-07-14,396.4901965261894,398.18871873017036,392.55580411959215,397.8624267578125,984200,,
2023-07-17,398.20791481100326,406.3166015382152,398.15034076316584,403.6105041503906,1509100,,
2023-07-18,404.30144574450867,414.5116443869262,403.74485753624947,414.1278076171875,1575400,,
2023-07-19,414.78987414586715,420.12528348671253,414.194922852335,418.5515441894531,1664800,,
2023-07-20,421.0561852177502,422.23651188514634,417.4768420364454,421.8718566894531,1284900,,
2023-07-21,421.2768818169964,422.4571791337875,417.7263258602083,419.2808837890625,1195600,,
2023-07-24,419.3000841655284,428.94411805894714,418.6283478819143,424.7122497558594,1301700,,
2023-07-25,423.2248201094465,431.82288536041654,422.6874428615649,428.3011169433594,1160700,,
2023-07-26,425.61432565716103,428.66586769946343,414.0798645552275,415.4617004394531,1759500,,
2023-07-27,415.9798590847072,416.4692678258913,407.31461258682134,411.30657958984375,1977000,,
2023-07-28,411.4409181978269,412.7555744999626,407.8615751850731,409.8575439453125,1194700,,
2023-07-31,412.1510122480195,415.4040925015449,409.68481639199723,412.2469787597656,1169600,,
2023-08-01,413.9262497559569,421.07530026675215,412.64038062188604,415.93182373046875,1115800,,
2023-08-02,413.2450067702431,417.390485090842,409.7904170990191,413.1394348144531,1077900,,
2023-08-03,409.9631211801827,411.96869540303885,404.2246633326056,406.81561279296875,1083400,,
2023-08-04,411.1626099464001,412.63080676185575,406.2398237754997,406.91156005859375,961200,,
2023-08-07,407.6120436893166,415.33689360848734,407.00751619178476,413.88787841796875,1009400,,
2023-08-08,409.752004581536,413.667186494069,407.2570216474851,413.0722351074219,1354400,,
2023-08-09,415.50961192800713,421.6319060456889,415.0106270936477,418.47479248046875,1361300,,
2023-08-10,419.04099116334373,423.63751484661503,416.6227931425477,417.0162353515625,1283900,,
2023-08-11,417.6975418925008,419.7319031123057,415.0970163169855,417.49603271484375,1217200,,
2023-08-14,417.91825262729185,420.68192414159483,416.65156496909174,419.96221923828125,1058500,,
2023-08-15,416.01819777397867,417.6207534873564,412.2373458848033,414.242919921875,1576800,,
2023-08-16,410.7116131355303,418.1389586374308,406.1055133002942,406.81561279296875,1870300,,
2023-08-17,404.74280187497556,408.2357833628091,398.9755578167577,402.2286376953125,2149200,,
2023-08-18,391.2411672643251,396.26952535819174,379.4092317219307,380.98297119140625,4233700,,
2023-08-21,380.0233310833729,381.9233623734099,369.9186764613202,375.0046081542969,2549100,,
2023-08-22,376.8757982086212,377.211666296721,368.7287494590044,369.64996337890625,1663900,,
2023-08-23,369.61169643815,379.67796055783697,369.61169643815,378.35369873046875,1582200,,
2023-08-24,374.62080227119264,376.2617212156875,370.2545750474234,371.02227783203125,1379900,,
2023-08-25,372.51923949352215,376.2041247858133,370.6192081601321,374.4480285644531,1099900,,
2023-08-28,377.0389720109257,380.0041524133003,375.6667418222452,378.7470703125,1247000,,
2023-08-29,378.2768794127327,389.23556882021006,377.38442314568243,387.7769775390625,1875600,,
2023-08-30,387.5563031636646,398.8028934057829,387.1628609533202,396.57659912109375,1815500,,
2023-08-31,397.3250911549603,400.4342363755066,394.09122167879985,394.3407287597656,1515500,,
2023-09-01,397.9200095370759,402.45892918954115,397.83361918805934,401.9791259765625,1249700,,
2023-09-05,403.8984142068226,406.24946210313277,397.14277550753644,397.68975830078125,1474000,,
2023-09-06,395.4730303913304,399.6089321084786,394.052831498214,397.5553894042969,1002600,,
2023-09-07,394.5518636306764,398.649373378758,389.02452009697544,395.0988464355469,1028800,,
2023-09-08,394.8780640420145,396.4901958899301,382.9405571629369,383.5163269042969,1837500,,
2023-09-11,387.0092717216944,387.68100795437323,381.6354989997238,384.1976318359375,1428200,,
2023-09-12,383.27643762562224,389.3219468923773,383.1708656819556,386.0113220214844,1127800,,
2023-09-13,385.60831383098747,390.46392089932317,383.5355600543465,385.9825744628906,1104200,,
2023-09-14,389.878547765943,395.5018280109561,388.76540066984256,395.0508117675781,1272400,,
2023-09-15,395.15638810293257,398.11196338170777,392.4598960492385,395.46343994140625,1986200,,
2023-09-18,394.34071748841166,396.89327442228563,391.0492740545482,394.2447509765625,969300,,
2023-09-19,386.3280004889468,387.6330806353431,382.31685210676574,382.5855407714844,1957300,,
2023-09-20,385.5027202355182,392.6229838895663,383.41075586085475,386.0784606933594,1289700,,
2023-09-21,382.91180662817493,383.56433206429216,370.4465267145261,371.9819030761719,2209100,,
2023-09-22,366.31062844519454,368.06669559223604,362.3186615787063,365.4853515625,2410500,,
2023-09-25,363.72919832603617,369.6499530933539,363.07664375293655,368.86309814453125,1383600,,
2023-09-26,362.7312469191419,366.4449192853546,362.0019366282533,364.29541015625,1270400,,
2023-09-27,366.3490035076337,370.753594315922,364.90959359832897,368.8343811035156,1403900,,
2023-09-28,369.787730193618,374.7182285607721,368.8247413129055,370.49072265625,1309200,1.35,
2023-09-29,369.5277355435401,372.65744942082995,361.81418516793883,363.4127502441406,2124300,,
2023-10-02,365.15574996600407,366.54245628225465,356.8355120685005,360.0037536621094,1989800,,
2023-10-03,358.6266395427646,360.0133456769088,356.78732752611387,358.9829406738281,1212200,,
2023-10-04,358.59780996529986,364.56832349048904,356.4599734396385,363.04681396484375,1219000,,
2023-10-05,361.8045275173303,364.8283265700932,359.38744552171755,361.7852783203125,997200,,
2023-10-06,359.6185966576092,367.7462257651565,358.54005373324867,364.52984619140625,1203400,,
2023-10-09,364.4238784766942,369.69142887888637,363.55719435358037,368.7669677734375,831200,,
2023-10-10,372.0025949819159,377.4435056993888,371.8389033285923,376.37457275390625,1317400,,
2023-10-11,376.89456651430004,377.9634699909598,373.04261126045765,374.9493103027344,942500,,
2023-10-12,375.37307489886376,376.52867337545666,363.87498467031537,368.13140869140625,1375200,,
2023-10-13,368.82470984209925,371.5403453071321,364.74164674046295,366.5713195800781,1074200,,
2023-10-16,370.70258893316065,378.0501695566023,369.8455147055937,376.085693359375,1202600,,
2023-10-17,374.50635912704064,380.6791212025437,373.6589242341415,376.6441955566406,899800,,
2023-10-18,373.9863491299332,375.94124477830394,364.03868688242943,368.083251953125,1495000,,
2023-10-19,367.5151222641604,372.07004125472037,366.1765534981465,367.2550964355469,1348000,,
2023-10-20,366.3114022009713,368.25662941392164,360.94754638291056,361.26531982421875,1468100,,
2023-10-23,359.3970875176535,366.1476492681933,357.73113549019814,359.4548645019531,1308100,,
2023-10-24,361.7756055294113,363.85566475013155,357.8369850795583,359.74371337890625,899100,,
2023-10-25,358.46294549591823,362.07415353609497,357.3169864601219,358.1451721191406,773900,,
2023-10-26,357.2688705597705,360.928216508382,355.79549876506104,355.8629150390625,1124900,,
2023-10-27,355.3428539052572,356.19992801147197,345.5203567575202,347.78338623046875,1436400,,
2023-10-30,351.7123970693343,355.6702667855007,348.28415941845617,354.187255859375,1277500,,
2023-10-31,348.6019268440098,352.35757708432567,346.08854031751997,351.8375549316406,1233200,,
2023-11-01,351.3754698610083,358.5882488640757,347.98572939794803,356.7585754394531,1073000,,
2023-11-02,361.6023623510659,364.404663812235,358.13559614198596,359.7341613769531,1259300,,
2023-11-03,365.454270145234,370.3944076690541,363.50904323958747,368.0543518066406,1173200,,
2023-11-06,369.0943204330358,370.3173055443162,361.2844959141715,364.25048828125,925900,,
2023-11-07,353.32058434710405,358.72296678933577,349.57457320215985,355.573974609375,1711400,,
2023-11-08,357.0762552402397,359.2526194540549,355.48732950905855,355.6991882324219,1178000,,
2023-11-09,359.80153617890977,360.32155839734367,354.1584061192378,355.93994140625,1094900,,
2023-11-10,358.56893729886787,360.66824613265607,355.3621676748051,360.1482238769531,1311800,,
2023-11-13,359.06001000339637,359.80153022936736,353.5421026782412,356.07476806640625,1418100,,
2023-11-14,359.8592901835948,364.4238477314966,356.88365829203093,361.082275390625,2115800,,
2023-11-15,363.00833003882474,367.8714421863524,359.6282585877772,366.77362060546875,1515500,,
2023-11-16,367.2646772467694,368.72840965900315,361.50599358032815,364.5490417480469,1736200,,
2023-11-17,368.2468985642696,371.04919940236147,365.37721084744305,369.93212890625,1342600,,
2023-11-20,368.3528780879266,370.58698990724065,365.39649523582847,366.2535400390625,2197300,,
2023-11-21,365.9357563697919,369.30621728372415,365.05943300559903,368.4876708984375,2163100,,
2023-11-22,347.61972060346295,359.5222485102943,342.4966129427362,357.0377502441406,6304700,,
2023-11-24,356.80663448830154,357.64445951222433,353.2628424108958,356.4888610839844,1275300,,
2023-11-27,354.72657504180756,355.3525413336508,348.3997603404239,348.80419921875,2322200,,
2023-11-28,348.60198005702233,350.3835153907326,345.48190544081086,346.69525146484375,1904600,,
2023-11-29,349.3145554683477,354.7265479393907,346.33892353851365,350.47015380859375,2263500,,
2023-11-30,351.13461872604347,353.5517300724743,348.01454434821216,350.9227600097656,1950200,,
2023-12-01,351.4042917018428,357.18222524450164,350.1138900705531,355.1599426269531,1764900,,
2023-12-04,351.95315792618794,356.6621578860497,350.5568124080872,355.27545166015625,1405900,,
2023-12-05,354.16809648275046,354.3221782507303,347.4175341268384,347.77386474609375,1572700,,
2023-12-06,349.58417476986523,356.1902930528763,349.0834311862191,352.01092529296875,3218300,,
2023-12-07,351.50053517384936,351.8279478242653,346.8492830258081,347.8507995605469,2753800,,
2023-12-08,348.40939105202506,350.6916995540886,347.5138183798745,350.210205078125,2060500,,
2023-12-11,350.99981052240474,352.3865168727229,347.5812117238818,347.6678771972656,2057900,,
2023-12-12,347.5908528520579,347.9952917299842,342.43885639439304,346.0885925292969,1832000,,
2023-12-13,346.0500117057529,363.82677572583674,345.2507145893542,363.056396484375,3406900,,
2023-12-14,367.12987634542617,380.69838632796285,366.07061207307123,374.0441589355469,3576000,,
2023-12-15,371.6463258852739,373.4663891436153,368.2951430803397,371.7811584472656,3891400,,
2023-12-18,372.5129702812251,375.21899603301324,368.5262116558943,368.5936279296875,1404400,,
2023-12-19,370.66407437655903,379.5909712213858,369.11364690990774,379.35986328125,2078500,,
2023-12-20,379.5717110861291,380.804335711489,372.59968080407043,372.9270935058594,1592100,,
2023-12-21,376.47090634838145,378.88801804200955,374.6990101886703,378.7820739746094,923300,,
2023-12-22,378.74346996336664,383.03842101972384,378.55088984299175,382.1332092285156,1077300,,
2023-12-26,382.1621540673977,388.4119426769465,382.0273215139772,386.4185485839844,966100,,
2023-12-27,385.31107950313776,387.65113526769846,384.5214216226245,386.77484130859375,823500,,
2023-12-28,387.43212872210114,387.63509101526716,385.0254578332344,385.8953552246094,1125200,1.47,
2023-12-29,386.1079638534987,387.3354417214763,384.44553732178935,386.4848937988281,1104300,,
2024-01-02,385.7599913649807,392.9702696634879,384.67748657438955,387.4900817871094,1414600,,
2024-01-03,383.3436664517362,384.2908728691812,380.0961521565693,380.1831359863281,1397600,,
2024-01-04,381.3043413169758,385.2090867544022,378.9750091423675,379.25531005859375,1332100,,
2024-01-05,377.36086019638043,383.9332568030879,375.07019756067007,382.70574951171875,1100300,,
2024-01-08,380.35714866952947,385.0061384852212,377.4575693501685,384.658203125,1233300,,
2024-01-09,382.4641363063565,383.5659905109672,376.9549537714338,380.0574951171875,1012400,,
2024-01-10,379.9801388390467,380.975659682966,377.57346845245337,380.5310363769531,1003900,,
2024-01-11,381.6232447830131,382.6381151063568,376.88727176220215,377.15789794921875,1190600,,
2024-01-12,378.9073279285153,382.01954398917974,372.8375435643924,373.5721130371094,1221800,,
2024-01-16,372.83750181850235,376.31700222593236,371.1460808770056,372.4508972167969,1292900,,
2024-01-17,368.439852614674,369.232381796499,364.8540186560426,365.9365234375,1466300,,
2024-01-18,366.41015100312967,368.9811146744841,363.62655035155666,368.6235046386719,1125900,,
2024-01-19,369.802663336755,371.5134339958451,364.6994049646436,369.90899658203125,1223100,,
2024-01-22,369.174370271283,374.1713241255518,368.8167602664477,371.7163391113281,1113600,,
2024-01-23,374.21969970456104,376.8293328891972,371.7453943795347,374.4903259277344,955000,,
2024-01-24,376.8873230945475,380.0092141202986,373.46581123150673,375.4085388183594,1447800,,
2024-01-25,379.98023690279473,381.7779620088348,375.59219839701507,379.8545837402344,1103500,,
2024-01-26,380.59873955021703,383.44032933878555,379.9125141102967,380.444091796875,884900,,
2024-01-29,380.76310037721,384.86116301760734,379.5839369481839,384.36822509765625,969400,,
2024-01-30,381.9132495565551,385.4217155540247,381.2076746776135,383.643310546875,1098300,,
2024-01-31,384.02025461431657,384.67748545010556,379.60322213700744,380.4054260253906,1342400,,
2024-02-01,381.8552367724012,383.90429751513994,376.48135235316994,380.5021057128906,1485600,,
2024-02-02,377.1772647570366,381.85524914060335,373.6881185014272,379.4582824707031,1666900,,
2024-02-05,378.87825563062876,380.4633726949366,370.33416789521766,373.10809326171875,2164000,,
2024-02-06,376.1817314196488,380.9757235948694,375.1475705899225,375.8821105957031,1740600,,
2024-02-07,377.3608415317857,378.713972399873,372.71185256954664,373.03082275390625,1671500,,
2024-02-08,372.9631999731056,374.5966318963291,371.40707718113936,372.91485595703125,1142000,,
2024-02-09,371.3105176872403,372.76030751222265,367.7150377414421,368.52691650390625,1426300,,
2024-02-12,371.4650623803041,378.40474405125735,371.4650623803041,376.355712890625,1698100,,
2024-02-13,371.75509076313733,372.49930554625445,362.94037384165745,366.5744934082031,1765200,,
2024-02-14,370.1796086139231,372.653913820954,364.50610340492545,371.9000244140625,2409000,,
2024-02-15,354.81184851199436,359.5478219884395,348.6937198619865,352.4535217285156,4933800,,
2024-02-16,348.90637132601876,351.8156253590689,346.2677730132953,348.60675048828125,2274300,,
2024-02-20,347.4662063383791,348.61637499998926,343.1941470958212,345.41717529296875,1973600,,
2024-02-21,344.6536199668932,346.5963473260618,342.5949141676624,345.3302001953125,1364300,,
2024-02-22,342.27599126864055,346.15177148664384,341.3287847987719,344.8372802734375,2197900,,
2024-02-23,345.99713243422565,353.2267310526534,345.4365306025875,352.4535217285156,1704300,,
2024-02-26,351.8348858803604,354.08690863088486,349.515228707217,351.052001953125,1592500,,
2024-02-27,350.9747543717441,351.921931414907,346.2484258749749,348.5874328613281,1559700,,
2024-02-28,349.3122964887023,353.1010633149337,349.04167028682866,352.5984802246094,1675600,,
2024-02-29,354.1062968685498,355.53676665777414,350.7041343245057,352.8304748535156,2491200,,
2024-03-01,352.7917814377092,356.4742443565554,349.2349421637644,355.5367126464844,1967100,,
2024-03-04,356.261661688375,357.5954729324008,350.78144364140957,352.2215881347656,1335000,,
2024-03-05,351.757637107232,357.31516417157883,351.4000270415892,354.4542541503906,1710000,,
2024-03-06,353.7873579017852,355.51741904868976,352.1635710126004,354.35760498046875,1068700,,
2024-03-07,355.1211010699144,363.5975259816966,354.9664533245904,362.75665283203125,1844600,,
2024-03-08,363.549236667951,364.06149445532947,359.7411204764793,361.5775146484375,1064700,,
2024-03-11,360.9009648210024,362.8533670965833,358.2140225123542,362.4957275390625,855700,,
2024-03-12,363.5588674931727,365.19229932522916,360.1277108732912,360.176025390625,1140800,,
2024-03-13,360.8429483741649,367.7826005728245,360.29202126888947,366.16851806640625,1250700,,
2024-03-14,367.7633319065632,369.6480703730975,364.3321746425164,367.50238037109375,1436300,,
2024-03-15,365.3469278330427,371.1267655109867,365.3469278330427,370.5565185546875,3448500,,
2024-03-18,370.17955814101214,374.42262258694205,368.7200940474673,372.4122314453125,1145200,,
2024-03-19,372.62488618316405,379.19725327632096,372.6055662755875,378.40472412109375,1490600,,
2024-03-20,377.68953558994014,382.0582540832008,377.5155679055307,380.8597412109375,1763400,,
2024-03-21,380.69541074189925,385.9823111574048,378.87833644976297,384.3295593261719,1411800,,
2024-03-22,385.1317980475015,387.30648257319285,384.52288166094047,385.50872802734375,1514600,,
2024-03-25,385.4506966045625,388.18598269300986,383.7496302857706,384.70648193359375,1106300,,
2024-03-26,384.98676614693,386.60084856378023,382.9860496099804,385.1800537109375,1053200,,
2024-03-27,386.10170974214384,397.18031956557724,385.39352258146084,396.90869140625,1543800,1.47,
2024-03-28,396.36541597473683,400.9637329721957,396.36541597473683,398.4608459472656,1426700,,
2024-04-01,397.90786626722473,399.60554952824236,391.6118664990831,392.0581359863281,1319500,,
2024-04-02,392.8924069546237,397.45191092681284,390.21490848540225,391.92230224609375,1164500,,
2024-04-03,392.1454249826981,396.43327108420414,391.2335242161751,393.8916015625,1077300,,
2024-04-04,398.39293120582374,401.545771647257,393.20286486579937,394.9393310546875,1218600,,
2024-04-05,396.43327924357186,400.79875038817187,393.8722182334677,400.2070007324219,994400,,
2024-04-08,400.65325567392915,402.39943235534867,397.4033988896651,398.47052001953125,1269800,,
2024-04-09,401.118920426562,401.5263478403265,397.2190804061891,399.1787109375,1114500,,
2024-04-10,394.72593365913553,400.38163129267446,392.3103527140132,399.654052734375,1407700,,
2024-04-11,400.4010304776333,401.68157587027883,394.75504325596484,400.498046875,1472900,,
2024-04-12,398.95553678160644,400.1584570723275,384.9472232858279,385.3934631347656,1886000,,
2024-04-15,390.2633995961275,392.13569442534873,380.8339814154706,382.0271911621094,1353300,,
2024-04-16,380.5332552608066,383.88009850302797,375.08127192513336,381.2608337402344,1865400,,
2024-04-17,384.1614703431705,385.7330352577349,380.6594065033383,385.0151672363281,1442200,,
2024-04-18,386.56734510288686,390.25373125037595,384.85995129718816,388.62396240234375,1562900,,
2024-04-19,388.98288758124664,390.93280752617784,386.83896445705017,388.3523254394531,1125200,,
2024-04-22,386.92628422509046,390.8455156920659,380.4556725369088,387.6635437011719,1005500,,
2024-04-23,388.8858835424387,393.49388107113026,384.8599547805261,385.3352966308594,1278300,,
2024-04-24,385.66512313914154,385.86886644799205,380.639987748607,382.8227233886719,986600,,
2024-04-25,374.237303217487,383.1040749488628,372.656057324517,382.27947998046875,1316900,,
2024-04-26,380.88255344056853,384.11301910190565,379.40800475754446,381.5713195800781,998300,,
2024-04-29,383.52116124222005,390.5544198165172,383.52116124222005,388.97314453125,847100,,
2024-04-30,385.8882413203258,386.4703100537404,378.46694638371565,379.70867919921875,1016600,,
2024-05-01,377.3319942810939,379.5341513553454,372.2971474727796,375.9156494140625,2017800,,
2024-05-02,377.00208517471776,386.46060603478077,374.17907693462325,384.1226501464844,1790100,,
2024-05-03,387.69262891839776,389.3417890278453,383.0458194467387,388.97314453125,1627000,,
2024-05-06,392.8923774631967,394.8325867346199,387.25607189813184,389.82684326171875,1042800,,
2024-05-07,391.5924396163591,394.41544765034763,390.69993032790387,393.4453430175781,942000,,
2024-05-08,392.13575865234856,394.7938362982145,389.4582599633603,393.2998962402344,640300,,
2024-05-09,393.2998955567643,398.21830432417556,393.2998955567643,396.7728576660156,995100,,
2024-05-10,398.2280041359476,399.3824311692195,393.54241116962174,395.696044921875,1426800,,
2024-05-13,396.7728144689183,404.1165140082352,395.3758613600702,395.7929992675781,1402800,,
2024-05-14,397.74292943761907,404.9896127752412,397.74292943761907,400.4398193359375,1765800,,
2024-05-15,402.2830033571213,404.0777029440221,399.9353666001878,401.6427307128906,1861200,,
2024-05-16,394.72595481315864,397.74296651940836,382.3959015352778,382.638427734375,3623800,,
2024-05-17,382.6771545886585,385.7038761392988,379.83475527650836,385.1509094238281,1612100,,
2024-05-20,383.9189787283569,384.9666788973134,379.2527769586002,379.7766418457031,1158500,,
2024-05-21,379.24302476893723,379.48555094489853,373.7037351994502,375.17828369140625,1370900,,
2024-05-22,374.460412770374,376.94387842447287,372.76272955185544,374.4701232910156,1318800,,
2024-05-23,375.556636618584,375.98348505428845,367.3980525526244,367.9024963378906,1736600,,
2024-05-24,368.52335509754244,369.9590910162856,362.5572174871647,363.75042724609375,1511800,,
2024-05-28,363.78927102183684,363.78927102183684,356.009041803472,358.2305603027344,1448000,,
2024-05-29,354.0785285723278,356.85304359392757,351.8375889344289,354.06884765625,1673500,,
2024-05-30,354.41807936520684,357.56120940171996,354.03975389296846,357.3381042480469,1340300,,
2024-05-31,358.55071356793536,363.8668685326578,355.3687712427248,363.55645751953125,2332100,,
2024-06-03,364.1384464739354,364.26456480809145,353.6516181731335,357.1148986816406,1284200,,
2024-06-04,356.9014901648819,358.5409693704453,353.1665813899847,358.3275451660156,1328700,,
2024-06-05,358.8902518146238,360.4327147616734,354.5441720255635,359.8991394042969,1394800,,
2024-06-06,360.39394165188816,362.71250638878223,358.3082222040241,360.1708068847656,1305400,,
2024-06-07,357.9686447563507,361.8587741906611,355.6986032446718,357.5611877441406,1080000,,
2024-06-10,356.82388899269824,361.5385832427679,356.076889486772,357.2895202636719,1033700,,
2024-06-11,355.71803665055916,356.45532580476294,352.90473852750574,354.2143859863281,948400,,
2024-06-12,358.1529736610832,361.7908664597708,356.5910896247847,359.02606201171875,1055500,,
2024-06-13,357.17318015065814,366.96153408461686,357.17318015065814,366.651123046875,1583900,,
2024-06-14,363.7989510392977,367.7278629948075,361.8005378464651,366.6995544433594,1485200,,
2024-06-17,364.71091611426294,369.8718512169543,363.46918313842934,367.8831481933594,1227900,,
2024-06-18,368.8435367804857,371.79266365445517,368.067464784559,371.31732177734375,1211900,,
2024-06-20,370.33747817844784,373.0052661679455,368.64950543331736,370.1240539550781,1352600,,
2024-06-21,366.660753024164,368.63977484173034,362.82885733829835,363.82806396484375,2450600,,
2024-06-24,365.49668119769206,371.48221102637916,364.7691026230212,366.8645324707031,1323100,,
2024-06-25,364.293743778979,364.72059225932963,356.1642904247077,358.42462158203125,1644700,,
2024-06-26,359.65663580864765,365.11833044390545,356.3776769232017,365.0019226074219,2442500,,
2024-06-27,363.78929151255943,366.8354347240105,363.4885613999956,365.5257873535156,1709400,,
2024-06-28,368.3208533291047,371.43735883995544,359.8576229581574,363.8798522949219,6689500,1.47,
2024-07-01,365.2823229818729,365.5160505223149,351.150960915656,351.5697326660156,1458100,,
2024-07-02,350.1478472019695,355.9230931519545,349.8751551592391,355.4264221191406,1290000,,
2024-07-03,355.9036251310111,358.02672958286706,351.6866024491505,353.3227844238281,668900,,
2024-07-05,353.6830600711499,353.6830600711499,347.4890137774627,350.6347351074219,1273500,,
2024-07-08,350.70294077244756,352.20276170098026,345.4925468767193,345.73602294921875,1671600,,
2024-07-09,345.5023126501392,346.0476967020237,336.9124692511552,339.7367858886719,2112700,,
2024-07-10,340.18475015766415,343.34993904014334,338.7238937503661,342.3565673828125,1475800,,
2024-07-11,343.69077907233896,353.303208570599,343.3012233446978,352.16375732421875,1764900,,
2024-07-12,354.98815070386405,358.54289578861955,353.98503036946124,355.7964782714844,1034900,,
2024-07-15,355.53351568139027,362.46770982092124,353.65388743987165,361.9710388183594,1158600,,
2024-07-16,362.29243811441773,370.69723787230345,356.3808312518812,367.6586608886719,1732900,,
2024-07-17,368.1650763352922,377.41716806472994,367.8242038536512,375.0798034667969,1528000,,
2024-07-18,372.810546789066,380.15379338798397,370.59979477135727,370.7069396972656,1736000,,
2024-07-19,373.2390304132741,374.11556795688364,367.3371734288475,368.1942138671875,1152100,,
2024-07-22,369.2363466871319,370.71667054223343,362.56509620346617,369.35321044921875,1071200,,
2024-07-23,366.51911567535984,368.418240819198,361.08474312966064,361.82489013671875,1335900,,
2024-07-24,360.7438904718193,365.8763553640741,358.3285971407111,359.7505187988281,1256300,,
2024-07-25,358.56237712823133,376.1803032291799,358.56237712823133,371.72955322265625,1241600,,
2024-07-26,375.2161111638385,379.8129407981809,374.0474437985524,376.46270751953125,1380800,,
2024-07-29,375.118747473792,376.45299166334127,361.31850990754174,366.93792724609375,1491000,,
2024-07-30,356.4197568569525,365.21411147235887,354.67645984292164,362.0683898925781,2266900,,
2024-07-31,363.4805504773441,366.9476472783284,361.30873326971874,362.2729187011719,1659500,,
2024-08-01,356.8093211055073,361.5230144496457,346.72940544524147,348.5700988769531,2991300,,
2024-08-02,346.86575917056354,350.98538506057366,341.9280572348238,344.5186462402344,2820600,,
2024-08-05,336.74691047370237,342.2397455034442,331.32228560560185,335.8411865234375,2509200,,
2024-08-06,338.4219421529924,340.4281823158803,333.7569626933237,337.0292663574219,1570900,,
2024-08-07,340.8664696787257,344.8010509649526,336.8344920283511,336.9513854980469,1384500,,
2024-08-08,337.827897635323,341.69429854376654,337.36041291417894,340.0289306640625,1557700,,
2024-08-09,339.5322793322821,339.8049713622664,334.41928147917514,337.0001220703125,1335200,,
2024-08-12,337.70129774668277,339.07450630190095,334.92566469767576,336.0067138671875,1581300,,
2024-08-13,338.7433968936349,343.23308139922614,336.97088395477317,341.44110107421875,1696600,,
2024-08-14,340.8665322473102,346.5151657503559,339.2595959680992,342.1131286621094,2040500,,
2024-08-15,349.826439067193,368.59356436904676,348.560345634995,363.51953125,3184500,,
2024-08-16,362.42875675578927,368.65198971401986,361.47431985193344,368.05792236328125,2103100,,
2024-08-19,369.09994385315963,371.0672493619557,362.1073188187674,363.1786193847656,1676500,,
2024-08-20,365.15568547419787,366.77237020023466,362.05867689211334,362.86700439453125,932300,,
2024-08-21,364.08437734788095,367.9702459663729,362.4092607749841,367.2106018066406,1249100,,
2024-08-22,367.2398378963382,368.2429581843727,363.80195674208386,366.76263427734375,1072700,,
2024-08-23,368.9149520369199,372.8592824459289,366.76263176784494,371.23284912109375,1197500,,
2024-08-26,371.5249850465908,375.2452765037921,370.7458438535977,373.09295654296875,1108500,,
2024-08-27,371.5444896081716,372.06065769715406,365.1556797923431,366.1685485839844,1107200,,
2024-08-28,365.20437994953676,369.4700857258528,364.6882118367662,368.087158203125,1096600,,
2024-08-29,369.87908527751165,374.4661657479636,367.1132009097921,371.8561096191406,1075000,,
2024-08-30,372.2262283669283,375.81993754422,368.57408731042864,375.673828125,1413200,,
2024-09-03,374.81682582532227,378.24498826819365,370.04470030241026,375.62518310546875,1929700,,
2024-09-04,376.45297593538606,388.1787622922813,376.0244556662689,381.7218017578125,2370300,,
2024-09-05,381.7704798805417,384.6921927367703,372.8397645060081,373.6773376464844,1397300,,
2024-09-06,374.7973100419638,378.8487553105433,371.36917776294996,371.6029052734375,1670300,,
2024-09-09,374.11560878834865,381.770482253063,373.47282838943977,377.1249694824219,1215300,,
2024-09-10,378.38131025689034,379.29678273058965,371.71980801847576,377.1931457519531,1041600,,
2024-09-11,376.5795833055726,378.7124063481855,368.7786004647442,378.449462890625,1160000,,
2024-09-12,376.55034868205473,378.9071802931142,373.1027193591047,376.90093994140625,1068500,,
2024-09-13,379.8129103545146,384.8869729150852,376.3360947572388,384.3805236816406,1126000,,
2024-09-16,385.66608159048343,389.1721428219094,382.8612326053426,384.3610534667969,940200,,
2024-09-17,386.1530167210064,389.6785451825884,385.13042919572234,387.49700927734375,983200,,
2024-09-18,387.6139273437099,395.39541351000133,386.53290779242064,390.60382080078125,1163500,,
2024-09-19,395.91155714174005,401.6868321093151,392.8145486649305,399.0378112792969,1751000,,
2024-09-20,396.0089657927288,399.21311929469385,391.97701740419114,395.29803466796875,2709400,,
2024-09-23,394.45070131100283,399.55397995541153,393.52551007649134,398.2781677246094,1184500,,
2024-09-24,400.9953363600406,404.90070201048064,396.7393794370542,400.16754150390625,1253600,,
2024-09-25,402.0666297744939,403.06974997005943,395.4733086561845,396.31085205078125,923600,,
2024-09-26,399.2617863982346,402.36854339871655,397.7132821747379,400.7323913574219,1062100,,
2024-09-27,403.2937290843901,408.67941804035036,401.80365686970157,407.0919494628906,1410800,,
2024-09-30,406.57401991902196,408.4700646095394,403.1924270469629,407.8738708496094,1176700,1.47,
2024-10-01,405.77253826745107,410.94268189815756,401.804535127192,407.0039978027344,1089200,,
2024-10-02,406.6912754376566,408.11818544909835,404.75615866454694,407.0528869628906,863800,,
2024-10-03,403.33902609832234,404.45317978847294,398.481638131066,399.478515625,1103800,,
2024-10-04,402.66463171261074,402.8014738166094,395.8916633908521,398.7454833984375,877900,,
2024-10-07,398.6281820587741,399.8205396102989,395.22705350196696,396.83966064453125,942000,,
2024-10-08,394.3962859783164,396.7125799075749,389.74413220661916,391.21014404296875,981500,,
2024-10-09,392.40249909515245,397.1621460554652,392.40249909515245,396.2923278808594,760300,,
2024-10-10,395.59842136716554,397.33808766219204,392.75435464742594,396.5660095214844,578100,,
2024-10-11,395.87213528503395,403.0262817288593,395.30529037769185,401.7655029296875,653400,,
2024-10-14,398.7845713187263,399.5175772971686,390.4087491801303,398.4815979003906,996200,,
2024-10-15,395.84275155481765,399.7716825599992,392.3829849240402,392.88140869140625,834600,,
2024-10-16,394.093347622922,401.14975308229873,393.98582456913135,400.0942077636719,867600,,
2024-10-17,398.87257184115,399.976972407633,387.5451884680405,395.9601135253906,1398500,,
2024-10-18,397.7681861174247,400.29949688696047,395.04142495407297,399.4687805175781,749900,,
2024-10-21,398.755243334122,401.423395773235,396.7223865896232,397.7388000488281,838600,,
2024-10-22,397.82681317122984,398.6575593436378,392.7055536736125,397.4358825683594,610200,,
2024-10-23,398.02224908284467,402.40074889547617,397.05469072887047,399.3807678222656,1112700,,
2024-10-24,399.72285048578266,402.43010525819903,397.94411180185665,401.7557373046875,718300,,
2024-10-25,403.64198705024666,405.35233445300196,398.1884353123702,398.6868591308594,591000,,
2024-10-28,399.73258409170893,403.9644587166824,398.99957813066055,403.0066833496094,828300,,
2024-10-29,400.90540393782754,401.687265029347,396.0284506816433,396.83966064453125,758600,,
2024-10-30,393.5362619728033,398.89210317758096,392.236381306393,395.520263671875,785100,,
2024-10-31,395.1000140598856,398.08089317425333,392.8912131184034,395.520263671875,746300,,
2024-11-01,396.60511743392476,397.856113198955,389.2848400907949,391.3470458984375,1522500,,
2024-11-04,391.34703089171853,397.6410816556697,390.4576466968115,392.5784606933594,801900,,
2024-11-05,389.2848055559989,394.8556628211484,387.79925753746727,391.2981262207031,902200,,
2024-11-06,403.27058318861015,406.08533104964874,392.9987160526081,396.51715087890625,1664000,,
2024-11-07,398.3740788851512,402.6353025259201,397.1035471067425,401.8436584472656,1073500,,
2024-11-08,392.98893578067344,397.2794485026164,384.7988110586024,385.131103515625,1623200,,
2024-11-11,388.1804308714993,393.75128850607405,384.2613123333124,393.5264892578125,1143200,,
2024-11-12,393.07691887526755,393.07691887526755,384.21242569657545,384.8281555175781,1144900,,
2024-11-13,382.18930204743737,383.24484735021645,378.26040077308926,380.6255798339844,1474700,,
2024-11-14,381.5735862365222,386.55800278054005,379.00317396143504,385.6979675292969,1225000,,
2024-11-15,383.77266697314764,390.51631677883773,381.1631522687499,389.9103698730469,1168100,,
2024-11-18,387.23240448371524,397.7583898181748,387.16401325765344,395.3638916015625,1457300,,
2024-11-19,390.4576302700932,393.4971473807112,388.73750004671956,391.02447509765625,1076500,,
2024-11-20,395.0022575543249,399.67394770629676,391.5620269665173,395.78411865234375,1487000,,
2024-11-21,403.3976454336521,432.03373528687644,401.64819605187716,427.6259460449219,4148700,,
2024-11-22,426.0524099733426,437.36025661549564,422.41669893759587,436.5295104980469,2202200,,
2024-11-25,437.84890840742815,458.7542534177792,436.5783766304318,452.2060546875,3266900,,
2024-11-26,446.2931188095046,452.84128723152674,444.09410101625565,450.5934143066406,1747300,,
2024-11-27,451.4437480014869,456.4770500048667,450.65210389154225,455.4410705566406,1258700,,
2024-11-29,455.441032328655,458.4610132771972,453.6525109260365,455.3432922363281,732200,,
2024-12-02,453.1932111151933,453.77959208397436,448.45309944359997,452.460205078125,1318600,,
2024-12-03,453.4961791287866,454.9915102334611,448.5508341773225,448.8440246582031,1166100,,
2024-12-04,448.59965855843274,451.7564817079029,443.02880119491834,445.9217529296875,1056400,,
2024-12-05,447.6028186147584,447.98396624565993,437.7805197916227,437.9662170410156,1159700,,
2024-12-06,436.3828979698387,438.78714925796424,432.93288431443096,433.9395446777344,1129900,,
2024-12-09,434.9168804965983,442.97994625861395,434.0568153764757,439.2269592285156,1209100,,
2024-12-10,436.99866755767306,438.52331776466906,431.00755996780515,433.9004821777344,1215300,,
2024-12-11,437.80978329911363,439.56901546606485,435.9723769546947,437.8782043457031,1677400,,
2024-12-12,437.4872673396517,437.4872673396517,428.5250349776417,429.5219421386719,867000,,
2024-12-13,430.0302030066092,432.10216193983,427.11771498521694,430.4602355957031,900700,,
2024-12-16,430.3526574457422,431.3984197365381,426.1207829768135,428.4859619140625,956800,,
2024-12-17,426.677923289718,434.8582656738306,425.1434902013043,433.5388488769531,1357100,,
2024-12-18,433.1577268888072,435.219902957125,414.8912134635232,416.3474426269531,1423600,,
2024-12-19,418.3705086614292,421.29274968239554,412.4087206064377,416.963134765625,1757200,,
2024-12-20,416.3571554066474,426.60945557356314,416.0932541804829,422.6903076171875,2446400,,
2024-12-23,422.8271905606867,422.8271905606867,417.3247540200511,422.5828552246094,1093900,,
2024-12-24,420.85292780604766,423.7654156515547,418.9959852795146,423.03240966796875,383200,,
2024-12-26,422.0061974243883,425.58327006951737,420.6867807381055,424.0097351074219,444900,,
2024-12-27,422.53395319449805,425.3096287471795,417.41269430152755,420.3153991699219,735300,,
2024-12-30,417.5593131873649,418.20436206422767,412.1741825744067,415.01824951171875,792500,,
2024-12-31,417.45130325252404,419.70778480749397,413.4877149276616,415.68536376953125,772700,1.62,
2025-01-02,418.0202722398424,420.7280737559212,409.9754011212466,410.26971435546875,1005300,,
2025-01-03,411.88856233435536,414.9397497343694,408.798153123765,414.2333679199219,875100,,
2025-01-06,415.979705956564,420.9832414266515,409.97547536858457,410.09320068359375,1077900,,
2025-01-07,409.9460189014873,412.15345824348856,404.5500560654844,405.45263671875,1223400,,
2025-01-08,403.3040951562205,404.1772744989,400.48838818519624,402.2445373535156,878000,,
2025-01-10,398.21228475229276,403.60824791249667,395.38675743431753,400.8415832519531,1699200,,
2025-01-13,400.29218500270457,424.09326798814243,398.39866969012803,421.7779235839844,1988700,,
2025-01-14,422.5529457325575,425.24110666127615,419.27609839890624,424.1324768066406,1224700,,
2025-01-15,429.69523603136656,429.7148469353629,418.3833372628495,420.7673645019531,1432100,,
2025-01-16,423.72046442902047,431.549497089351,420.4043950823293,430.8038635253906,1181300,,
2025-01-17,439.33930459965524,448.57131033362816,435.24820033237995,446.8249816894531,2315500,,
2025-01-21,449.79766288559466,456.78297742076774,444.9707155711174,454.3891296386719,1733700,,
2025-01-22,454.0849826986465,455.5369980137404,449.8957641722919,451.0534362792969,1132200,,
2025-01-23,452.43673668199307,466.91754724388784,451.9363742216692,465.740234375,1934700,,
2025-01-24,465.48518322053786,470.41024487664976,463.424900491827,469.7136535644531,1400800,,
2025-01-27,470.92035885873645,475.2273323454808,465.14175925055855,474.9918518066406,1418500,,
2025-01-28,473.2848203729218,476.64993190691604,467.31002134104034,470.91058349609375,1642400,,
2025-01-29,471.9014792690001,473.7066705240939,468.30088724096487,469.1152038574219,977000,,
2025-01-30,466.7507961757117,474.4326720908985,465.4459673969246,470.91058349609375,1122300,,
2025-01-31,469.9393189692723,470.5181550386307,465.0927607583725,467.54547119140625,1400700,,
2025-02-03,455.3701637074497,460.78576691905766,450.45495289121766,458.2153015136719,1397700,,
2025-02-04,459.8047298368836,465.65198309038175,456.2041377693535,463.33660888671875,1045500,,
2025-02-05,463.57208834167545,465.0240737439395,455.9196138912039,458.83343505859375,1084600,,
2025-02-06,462.4340413269684,462.4438318095057,454.69327265663844,456.1845397949219,809300,,
2025-02-07,459.55948083208636,460.58960728096656,454.24199121688906,456.7928161621094,898000,,
2025-02-10,458.7451298347148,462.9539891823175,455.2230413618432,461.0899353027344,1348800,,
2025-02-11,460.6386353502458,467.6828425468767,460.0107570413709,465.3282165527344,1489000,,
2025-02-12,459.94206884900154,468.7423950803393,455.1936250434857,467.54547119140625,2038900,,
2025-02-13,445.9027543649163,465.40671241559636,442.6847994914245,457.40106201171875,3058400,,
2025-02-14,461.0114348817629,472.0388410581082,458.26441124512866,471.13623046875,1919300,,
2025-02-18,471.90151205485716,492.6023951829564,470.9204278302109,492.0726013183594,2367600,,
2025-02-19,486.7747198000886,505.30738398998403,486.61774274185046,499.63671875,2095200,,
2025-02-20,498.5280764482343,499.6268858222396,483.7823540521822,486.41168212890625,1514500,,
2025-02-21,487.86372155085513,489.33534782731266,478.0430892253747,480.7116394042969,1104300,,
2025-02-24,480.711617493929,483.03678211430304,473.0297119143789,475.3843078613281,1245800,,
2025-02-25,477.4740615725397,481.46708153837034,473.7165221792032,478.3668518066406,1214700,,
2025-02-26,480.7312407801383,481.4474429989968,468.38921515996947,469.4683837890625,1557700,,
2025-02-27,473.1964989881913,478.2392557858428,470.0962695824166,471.4599609375,1328600,,
2025-02-28,470.85168667222416,476.0318095418084,463.6211016188785,471.6954345703125,1995800,,
2025-03-03,474.9133967942632,475.50205325387947,454.7815315053166,457.0184020996094,1487700,,
2025-03-04,445.2159986937752,454.52650812603423,439.1823368422172,449.7093811035156,2325900,,
2025-03-05,451.6813060018946,459.971448367599,449.97419937337065,458.65679931640625,1291500,,
2025-03-06,459.14740949787887,475.71793614790306,456.49847015926554,473.7066955566406,1695800,,
2025-03-07,469.2230982286507,490.8069491876437,469.2230982286507,490.16925048828125,2615900,,
2025-03-10,488.2071129779443,495.427908231758,471.4599985612363,479.5343322753906,2174100,,
2025-03-11,474.79566584941153,479.2988383104608,463.76826012056995,466.5054931640625,1492200,,
2025-03-12,466.00516372970776,467.6043357289334,454.44799332034125,462.4536437988281,1679800,,
2025-03-13,464.58261312057186,470.92040856927906,456.6946878937487,458.2546081542969,1314500,,
2025-03-14,462.9441733267529,472.2154305255187,461.5510505995552,468.4676818847656,1018000,,
2025-03-17,468.3008904869482,476.88537691568933,466.51534006440767,473.2259521484375,893000,,
2025-03-18,473.01006963292826,476.84611195709124,469.8804090400234,472.0682373046875,931700,,
2025-03-19,469.7038235530878,473.68702252123313,468.1536939406706,470.3415222167969,841700,,
2025-03-20,466.996039598513,471.45016987208845,459.2356606417592,467.9967346191406,1153400,,
2025-03-21,464.64144237813167,466.70172500559244,459.4416786097487,463.4935607910156,1685000,,
2025-03-24,467.6239877593302,474.0893290486401,465.19088816325643,470.88116455078125,903800,,
2025-03-25,472.5980180960792,473.03951792156465,468.12427695111205,469.87060546875,808200,,
2025-03-26,472.36259884035957,475.717919891926,468.153739347164,474.471923828125,811200,,
2025-03-27,472.7942369506519,481.3002192362087,469.7528702865108,470.6456604003906,1193200,,
2025-03-28,468.5559826081093,470.47889918755936,453.99669719736204,456.5082702636719,1183600,,
2025-03-31,453.6236745365064,465.5756323747237,451.2805316042337,462.08062744140625,1496300,1.62,
2025-04-01,462.0904343376775,472.1226117729237,458.79234391276196,471.0396728515625,1253600,,
2025-04-02,466.10726627034603,467.14099163633574,457.5813905268055,463.6065979003906,1394700,,
2025-04-03,449.47883902815704,456.5082675258729,439.6829648901538,440.5198059082031,2287700,,
2025-04-04,419.85487550760035,431.9939222974285,413.53432685236146,423.20220947265625,3609600,,
2025-04-07,410.66939594348617,434.2090757698836,405.9141873095734,416.7930603027344,3007400,,
2025-04-08,426.7464629723259,428.8434778474536,399.79052593028825,406.593505859375,1816400,,
2025-04-09,401.4051872117604,448.6125441457921,398.1563100071415,445.5802307128906,2914700,,
2025-04-10,437.4776529167103,442.2722506630755,421.8928442038854,437.310302734375,1956600,,
2025-04-11,437.36935054582415,456.2030653720124,434.66194319860745,452.0188903808594,1245100,,
2025-04-14,457.1383399691046,465.45747649861613,454.32265070983306,460.4266357421875,1283600,,
2025-04-15,457.4829191685917,459.89498500774516,453.5153379624756,454.11590576171875,1143600,,
2025-04-16,450.93593857357723,454.4407981781501,441.7307472341577,445.412841796875,1015600,,
2025-04-17,448.25810725635694,451.76296718917035,444.536653505452,445.06829833984375,1044800,,
2025-04-21,443.4437980767791,444.86146736320103,429.19791177467386,434.72100830078125,969300,,
2025-04-22,439.33841574799914,451.15255802021426,439.33841574799914,447.6181640625,751600,,
2025-04-23,455.779725524207,464.65015593866207,447.33259790548436,449.37054443359375,1025500,,
2025-04-24,451.4183362087164,459.28460586007566,449.89235494855177,457.3155822753906,828400,,
2025-04-25,456.961167763679,458.7431318031073,450.25664448938414,452.186279296875,983400,,
2025-04-28,452.1862724928575,457.9752068731416,450.00065502366687,453.0723571777344,755100,,
2025-04-29,450.33542483207805,455.7305305555313,445.40301083622205,453.50555419921875,799600,,
2025-04-30,453.3184320058336,458.0834651096226,444.9992959811412,456.3802490234375,1325900,,
2025-05-01,457.79803036309005,477.95099001979526,457.0596464431496,472.58538818359375,1855300,,
2025-05-02,479.58520346098385,484.684967007552,473.2350907895645,474.20977783203125,1108800,,
2025-05-05,473.12682445509427,477.6851187182208,469.85823819599483,473.8848876953125,805200,,
2025-05-06,470.6458227980141,474.3082076532265,467.6529287565928,467.93841552734375,887700,,
2025-05-07,467.73171320155916,470.01578781639324,461.99202255682394,465.0833740234375,1011200,,
2025-05-08,470.5080503047157,486.5359016280075,469.12973975748747,482.40093994140625,1568800,,
2025-05-09,483.11963302326666,486.2799074973607,481.54440812996177,484.97052001953125,653500,,
2025-05-12,499.8760036010033,506.03905698330516,486.30943241908403,487.9437255859375,1597200,,
2025-05-13,488.3375298736279,493.8901908205099,485.3347809160208,490.8480529785156,1500100,,
2025-05-14,491.04493585934665,493.2600873921572,488.3769173146267,489.79461669921875,1601200,,
2025-05-15,509.3371359852377,523.3073602902523,500.32888941771125,508.3231201171875,3211700,,
2025-05-16,507.8112130629031,525.5127774349534,507.8112130629031,523.2483520507812,2322000,,
2025-05-19,517.8630590980861,524.2229668386982,513.4721148583869,521.6239013671875,1273000,,
2025-05-20,519.5170833744088,521.5451754709951,515.697172421252,518.1781616210938,1250500,,
2025-05-21,511.52279880321197,514.9095217701133,506.1276934136649,506.6888122558594,1060100,,
2025-05-22,504.8773584271627,511.11912971174945,503.4301248508719,507.6635437011719,949200,,
2025-05-23,503.03629458312247,508.7661602233553,500.81128839648784,502.1600646972656,850800,,
2025-05-27,504.84778623153426,506.9645106456088,497.96605833743706,501.73675537109375,1103500,,
2025-05-28,502.4652741998625,503.79437111673496,498.01529175406154,500.12213134765625,739800,,
2025-05-29,502.59326182559914,502.59326182559914,494.3036594489873,495.6524658203125,994200,,
2025-05-30,497.35565576077613,505.89135610170973,495.3177091574015,498.4189453125,1686500,,
2025-06-02,498.32051463060435,501.39218675244933,493.2601093708318,499.9744873046875,993700,,
2025-06-03,498.75363972669726,506.6986264150701,498.18260610810677,505.20220947265625,1107700,,
2025-06-04,506.472257528095,508.72676793882187,499.5905295961648,499.9154052734375,992700,,
2025-06-05,502.1994593454998,506.9251338633628,499.1966804232826,502.8393859863281,1126000,,
2025-06-06,511.58186947179894,517.8532048064702,509.9968199014603,511.936279296875,1473800,,
2025-06-09,511.9461250783151,517.4593670047649,509.58327277279074,513.60009765625,1101000,,
2025-06-10,511.87723132116724,512.5466921583969,501.07713528603637,507.8309020996094,1294000,,
2025-06-11,510.18386158416104,513.5311655195269,504.69026912957065,512.7731323242188,1037000,,
2025-06-12,510.46931942952926,512.0543688542228,507.0235284594167,508.8547058105469,797000,,
2025-06-13,505.05454597174736,508.40191007844754,499.86617967822656,501.6973571777344,824500,,
2025-06-16,507.29928095413624,518.2864064583276,504.9068643454027,516.3173828125,1278800,,
2025-06-17,514.7913427657801,516.8587933220639,511.84766236552355,515.0177612304688,862500,,
2025-06-18,513.9151730116197,523.1498987438043,513.265421646189,516.8489990234375,959700,,
2025-06-20,520.265253920313,521.7912351371822,510.9025374264032,513.3047485351562,1389700,,
2025-06-23,510.43002551352424,514.8209098221267,497.82825605024516,506.11785888671875,1261400,,
2025-06-24,510.5677846961916,510.5677846961916,500.01384726547985,506.1374816894531,1215600,,
2025-06-25,505.16284549544275,506.03907543672767,495.1405223794797,498.8915100097656,1189200,,
2025-06-26,501.3134447513206,501.5398632474924,495.55404443461896,500.65380859375,1199400,,
2025-06-27,500.67346277498154,506.40332864920634,499.2360839627075,505.3893127441406,1835500,,
2025-06-30,505.6658352438454,506.0312529976906,498.2191072778031,502.1992492675781,1408600,1.62,
2025-07-01,498.43639579341703,508.45096428832176,488.8070169206392,502.07086181640625,1375200,,
2025-07-02,502.5843992434084,514.1396648262357,501.1128424134356,513.8729858398438,1096800,,
2025-07-03,513.5668705038163,517.102597759934,513.0039149698484,514.5248413085938,470300,,
2025-07-07,512.5792261229363,513.0335569644463,500.6881697405287,503.97698974609375,1017000,,
2025-07-08,501.0930877977934,508.3620193890459,501.06346014717803,502.6140441894531,1285000,,
2025-07-09,504.65848095701955,505.7349925314484,493.3303795280772,503.02886962890625,1152400,,
2025-07-10,505.3793753784582,522.4357088608357,504.18435332301266,512.7767333984375,1268800,,
2025-07-11,507.8386335030684,509.4978423021931,503.3547912611179,506.07073974609375,1046900,,
2025-07-14,506.1596574811926,506.43622242361397,495.91795372197845,501.33013916015625,1087100,,
2025-07-15,501.3696437657073,505.29053044295443,496.8858015629535,497.2413635253906,1173100,,
2025-07-16,496.77717540295157,502.3770427093665,492.93528576214266,501.44866943359375,1150600,,
2025-07-17,499.54254593251903,506.59422877466227,485.9725382844029,492.9649658203125,1778500,,
2025-07-18,496.15494585319834,496.97469442152715,490.75261652251885,493.6365051269531,1064500,,
2025-07-21,498.52527018817483,499.9869713449382,489.8934059968277,490.1007995605469,1111000,,
2025-07-22,490.95014304299366,501.90293970681,490.0415115434929,499.4338684082031,975800,,
2025-07-23,503.56218090671535,509.41881117163405,499.6412942257094,508.7966003417969,995100,,
2025-07-24,506.3867613512078,511.0977687703632,505.083114586565,508.2928771972656,850000,,
2025-07-25,508.3027834169544,512.5792320385846,502.4757808341176,510.9792785644531,858400,,
2025-07-28,510.03113965025153,510.12005274659435,502.75232176320264,504.2337646484375,824700,,
2025-07-29,505.34977479764234,508.4311710851839,499.70053822380555,506.1596374511719,1139100,,
2025-07-30,504.12512670602393,506.3768884866979,498.49563183424345,501.5869140625,1121000,,
2025-07-31,505.66579174832896,520.0456602899696,505.66579174832896,517.8827514648438,1549300,,
2025-08-01,512.5792528962246,513.7347615012135,493.8143091485786,494.7821960449219,1623100,,
2025-08-04,495.29573969682065,505.8337199122509,487.1873173824687,504.24365234375,1087400,,
2025-08-05,504.6979632007051,505.7744747725742,497.7648211846171,502.28814697265625,1027900,,
2025-08-06,503.532560125555,507.67075649697034,501.1030022168782,503.3350524902344,966700,,
2025-08-07,506.860888916474,507.6904631728507,495.4241329987595,500.3721618652344,958500,,
2025-08-08,502.4659321897052,509.8929184923335,501.0536003964983,504.0559997558594,883700,,
2025-08-11,506.13001872783764,508.9151387181098,496.15499360500445,500.7079772949219,1098000,,
2025-08-12,502.89059475747734,507.12749962859306,495.56237749498075,499.5919189453125,1285800,,
2025-08-13,500.7869535645416,508.1645705235919,494.3574817586415,507.186767578125,1853600,,
2025-08-14,478.9998724716517,479.3554043015282,464.67925772765386,472.91607666015625,5100700,,
2025-08-15,470.2593426183504,486.2984512623004,468.11620547689535,482.7528381347656,2674700,,
2025-08-18,480.33315283499763,486.1601552703639,474.06170549471744,485.05401611328125,1391600,,
2025-08-19,485.261406423245,493.02418247159505,481.02447151952725,483.3849182128906,1493700,,
2025-08-20,483.33553888279465,490.15016968526623,481.38002355059433,486.62432861328125,1438800,,
2025-08-21,485.1231406631879,487.1576530014373,478.6245281287545,480.7380676269531,844800,,
2025-08-22,484.29355836913,492.9254530518675,483.2466744372245,489.8539123535156,1133400,,
2025-08-25,490.1106879108794,490.2193125885911,481.6269619374477,481.8639831542969,729600,,
2025-08-26,481.9726456768999,484.31332065080215,474.0716168286043,481.7257385253906,1502800,,
2025-08-27,480.08629077519,487.5527609266054,479.45419397463013,486.97991943359375,912400,,
2025-08-28,488.87618509907094,488.87618509907094,483.5528521718866,485.3602294921875,1120400,,
2025-08-29,478.8220734885784,481.7553314426167,468.74825037732757,472.7185363769531,1535100,,
2025-09-02,467.069329362034,475.9283590828615,465.0249309326047,470.8815612792969,1600700,,
2025-09-03,469.3309738346352,471.92844184885075,460.9855303328001,463.71136474609375,1515400,,
2025-09-04,464.26440355157376,469.0247802734375,461.18300737743095,469.0247802734375,1486800,,
2025-09-05,469.45937507585774,472.47166038967646,464.4224631881874,467.4051208496094,1262400,,
2025-09-08,468.0075728871063,475.7802053630609,465.22245292397145,475.5530700683594,1271500,,
2025-09-09,473.98271868081343,477.39990510897906,463.9878921904028,469.7161560058594,1204300,,
2025-09-10,467.8001880715573,473.5580498160039,465.39037176416406,465.5187683105469,1347400,,
2025-09-11,465.66686155148255,472.69877200849754,465.26193022898184,470.56549072265625,1368700,,
2025-09-12,468.0964485771288,468.5013799249158,463.49409562768886,464.68914794921875,1764500,,
2025-09-15,466.41748112959976,467.1976860041227,457.10412074784057,463.3064270019531,1787700,,
2025-09-16,466.1409709892603,469.61741291161127,461.1040589552615,462.90155029296875,1659200,,
2025-09-17,465.74587256522403,469.37048271598644,458.5855653591411,463.3163146972656,1522500,,
2025-09-18,461.4694752427651,472.21487951009567,460.23493946094925,470.229736328125,1785000,,
2025-09-19,470.11119645436474,471.8198047204612,463.05951404033397,463.82000732421875,2754900,,
2025-09-22,462.15090549090587,466.3582127531872,459.00036800934333,463.2274169921875,1678800,,
2025-09-23,465.5187599549604,469.02482952924424,462.4373634572171,465.8348083496094,997200,,
2025-09-24,465.4199694186458,471.3161132607019,462.50645304478667,463.1385498046875,976900,,
2025-09-25,463.5138515838933,464.91626728660833,458.26954624452054,460.92626953125,1343700,,
2025-09-26,461.2818441446827,465.1928452382123,457.58812256412887,458.24981689453125,1106200,,
2025-09-29,460.06705233967307,463.43486973768586,457.5189836201982,459.73126220703125,1055900,,
2025-09-30,458.8689827127127,459.51317717934177,449.6321311366019,453.1802062988281,1954800,1.62,
2025-10-01,450.94033699787917,452.7539958145804,443.44779227969144,447.69952392578125,2141700,,
2025-10-02,450.464638359117,458.21487345639866,449.30509435390485,457.69952392578125,1511900,,
2025-10-03,456.8868300775888,460.6132919927237,455.40021349382226,458.75006103515625,989400,,
2025-10-06,460.56373620186946,461.3169649760349,452.06030235076724,453.2297668457031,1150200,,
2025-10-07,455.65791739904205,461.8224222325309,454.4091497517649,457.3923034667969,1237600,,
2025-10-08,458.2544995330626,462.46657964562957,451.52507366100957,456.6390380859375,915300,,
2025-10-09,457.768899034106,458.4725557411299,450.9502795345017,452.14947509765625,992700,,
2025-10-10,452.7937118468701,456.51025361492873,437.9473856877203,442.3675842285156,1581100,,
2025-10-13,445.3605748905091,445.98495867189627,433.55683602155807,435.1921081542969,1758500,,
2025-10-14,432.18918933273534,445.81650894452474,429.1366830476238,443.95330810546875,1258400,,
2025-10-15,445.4299767791683,448.32390680943087,442.3278986492813,444.4587097167969,1019900,,
2025-10-16,446.33187854705085,453.65592751975413,441.5746871168942,453.08111572265625,1574500,,
2025-10-17,458.3932400584391,461.5547802937679,450.5538119392768,454.40911865234375,1136300,,
2025-10-20,453.52707290993345,459.75107019140063,451.8224482219913,458.3139953613281,813800,,
2025-10-21,456.99584522551163,462.61526935676716,454.6569162612324,455.7173767089844,953900,,
2025-10-22,456.0245962168095,468.0067222241179,456.0245962168095,458.23468017578125,1293400,,
2025-10-23,461.4061442164837,465.7966112887373,456.5994111909129,465.2317199707031,1161800,,
2025-10-24,469.2257772258655,473.33874387778934,466.35162752773977,468.54193115234375,1187200,,
2025-10-27,476.27233240486476,478.69056459178415,469.9294407036389,473.83428955078125,1273100,,
2025-10-28,471.20792947336685,472.24854901526237,463.7054636288816,464.0126953125,1064700,,
2025-10-29,467.63010866731423,473.62614703192605,464.84518268842567,469.265380859375,1134800,,
2025-10-30,467.9274715866802,475.5290211247656,461.0692001288019,461.25750732421875,1035000,,
2025-10-31,459.43389309392217,460.3952396652973,454.6271602370464,457.5111999511719,1116400,,
2025-11-03,455.69753005893693,459.6618409954924,450.4448301661178,457.8184509277344,957500,,
2025-11-04,453.20995850274466,465.4795060422949,451.93145972037996,464.1217041015625,1576900,,
2025-11-05,463.8243580639812,472.0404005675994,462.2386277138496,469.4635925292969,891600,,
2025-11-06,470.90070082107576,476.98590253238876,465.33081841072624,471.1385498046875,1258600,,
2025-11-07,459.7808058959785,467.0453925399172,453.56672900853954,463.61627197265625,1912500,,
2025-11-10,464.7163418424439,472.2980804326902,459.54291487875366,470.1573791503906,922900,,
2025-11-11,470.3258702260152,475.9353741065763,467.7986339777773,473.6856384277344,1179100,,
2025-11-12,474.72623927119366,480.603323032946,473.5072027580375,476.4903564453125,1068200,,
2025-11-13,477.02555543201544,478.4824409512565,468.67077716130126,469.1861267089844,1005300,,
2025-11-14,469.06718609292716,475.3704259217614,466.79760962838765,471.98095703125,1180100,,
2025-11-17,471.02949785550857,475.47945739228135,468.8887663474222,471.7331848144531,1318400,,
2025-11-18,467.2634225262093,472.86300569902636,465.8065370409716,469.6221923828125,1117500,,
2025-11-19,470.1276205630577,472.14942761417655,463.9829567440029,470.5339660644531,1202100,,
2025-11-20,473.73516074473065,479.8897450547617,469.4834287622519,472.0800476074219,1543200,,
2025-11-21,473.37837824839573,486.6588136908179,472.25845558188234,482.8927001953125,1835800,,
2025-11-24,484.26039481493376,489.8996295091924,479.78073437083964,482.8828125,2182900,,
2025-11-25,485.6875424583027,496.0542068856401,483.86396309264444,493.685546875,2188500,,
2025-11-26,472.87293809832187,483.4675618088713,465.22181655493216,465.6777038574219,5473600,,
2025-11-28,462.7440939567113,469.4437889077675,458.8788969639063,460.3456726074219,1682600,,
2025-12-01,459.58256463429984,470.26638131829475,457.2931775052504,463.9333801269531,1824400,,
2025-12-02,467.51118835499966,469.5428856049021,462.26837869069755,464.964111328125,1303600,,
2025-12-03,466.7976191577068,478.1454714667702,464.3793870337419,477.5210876464844,1157700,,
2025-12-04,476.6984384474051,479.1860530756807,470.97001072903174,478.7202453613281,1379800,,
2025-12-05,477.09490762431636,481.1087602036582,469.46359725053856,470.87091064453125,1224900,,
2025-12-08,474.74602431262673,484.62707009459257,460.77185307582295,462.1890869140625,1896600,,
2025-12-09,460.7421414412259,465.1326085360116,457.679684632864,458.730224609375,1173700,,
2025-12-10,458.52213344211316,465.77683012295574,451.8422788167695,464.71636962890625,1677800,,
2025-12-11,467.66976927155275,476.45070353924564,465.93538322476854,471.69354248046875,1186500,,
2025-12-12,473.95317883005237,482.8233363417884,473.3387154953946,480.4744567871094,1852100,,
2025-12-15,480.47447197778735,484.62709009105356,480.47447197778735,483.6558532714844,1473200,,
2025-12-16,482.6548434521929,484.78565447381675,479.88972818016094,481.1087646484375,1632200,,
2025-12-17,480.62314303921005,486.0443392716999,475.41006465517995,476.7083740234375,1641500,,
2025-12-18,478.7302250435982,482.78372958282677,465.58852384518156,470.8114929199219,1927500,,
2025-12-19,470.8610409190081,472.2485437077057,464.73618773692624,466.3714599609375,2990700,,
2025-12-22,467.29314697192274,468.5220736714679,463.47749168459944,464.5874938964844,1173200,,
2025-12-23,466.1930820269764,466.97601168073663,461.25750389405266,462.05035400390625,1083700,,
2025-12-24,461.8719554269454,464.2208048186047,460.2564938803667,463.2693786621094,343300,,
2025-12-26,463.5567881277477,465.2217914214664,461.9710577428908,464.7460632324219,503200,,
2025-12-29,465.30109474517917,467.5409401943977,461.6341251261247,466.0444030761719,981500,,
2025-12-30,465.68760806839276,468.9779933870244,464.1910710193451,465.7470703125,826700,,
2025-12-31,464.42435807068915,467.64657822385846,463.0121765136719,463.0121765136719,812100,1.62,
2026-01-02,463.4397894313205,467.89518717414,456.3987004050815,464.2353820800781,1175500,,
2026-01-05,459.7700594249365,465.3194198163143,456.4384583057285,463.53924560546875,1320200,,
2026-01-06,462.544738315259,484.78187750564126,461.7590700914741,483.3100280761719,1621000,,
2026-01-07,484.4636992828537,486.4129226731252,471.08758056281704,472.58929443359375,1286900,,
2026-01-08,471.3163175435366,501.11171011223735,470.1228981512334,498.0486145019531,1796900,,
2026-01-09,497.9491903543617,500.78350831111953,482.19618784672315,485.39849853515625,1725600,,
2026-01-12,483.6481845772197,494.2893809935198,481.6690969200025,488.04388427734375,1547500,,
2026-01-13,489.6251641525673,496.84528799266093,487.3079783442002,496.7756652832031,849100,,
2026-01-14,500.4652659971555,513.2546289567742,498.4662992224221,509.2864990234375,1890900,,
2026-01-15,510.97714947154583,516.3275963856673,505.35819687452766,512.2103271484375,1203700,,
2026-01-16,513.4237108046497,513.9706770004072,507.1980931260701,511.5739440917969,1323300,,
2026-01-20,511.73301519466656,512.4291815485938,504.3040540116843,505.88531494140625,1377100,,
2026-01-21,509.8732926125729,527.2871026934471,508.3218656530455,526.6008911132812,1620600,,
2026-01-22,526.3522772221038,529.6838481811064,518.2967418662714,519.5100708007812,1159300,,
2026-01-23,515.4126735905328,518.7641538525776,503.6377265507755,511.60369873046875,1590500,,
2026-01-26,512.8866461683546,515.8104964699897,509.75398843792436,513.7021484375,750600,,
2026-01-27,514.487818811031,518.6249371663162,511.02689656880665,516.3375854492188,1043300,,
2026-01-28,517.083457593701,525.864962663495,516.2381517645995,522.1256103515625,1106700,,
2026-01-29,527.0882142055648,534.3083379460898,518.6746710476267,527.1578369140625,1493500,,
2026-01-30,522.0460413427755,527.0782394101843,515.850288220011,525.0991821289062,1517800,,
2026-02-02,524.3533362464314,531.7624187610515,519.5200512142824,529.3258666992188,1557900,,
2026-02-03,530.3303070013403,542.3240475604636,530.0717257158472,542.0057983398438,1605300,,
2026-02-04,544.9892980279294,568.419857391064,544.9892980279294,564.1434936523438,3209200,,
2026-02-05,560.7323621354083,571.7813097626126,558.1168063727357,562.6218872070312,1913100,,
2026-02-06,564.879460613791,580.851226033434,564.4319207321406,579.9064331054688,1440400,,
2026-02-09,576.8134993299545,584.5109663159365,571.1448028000215,582.4523315429688,1101800,,
2026-02-10,582.8899588790042,590.4979548653916,580.3838447692372,590.1498413085938,1609100,,
2026-02-11,589.2448340174291,610.9648728349596,587.2558219194799,609.3239135742188,1826300,,
2026-02-12,609.5028930175031,622.8093882769148,593.5013253209836,594.823974609375,2767800,,
2026-02-13,595.5698519902672,607.6034110788263,593.9189987287725,599.6075439453125,1565100,,
2026-02-17,589.7918212540962,603.7049516638375,589.7918212540962,597.5390625,1863200,,
2026-02-18,600.4926298489628,600.4926298489628,587.6734337006235,590.0105590820312,2558200,,
2026-02-19,630.128935991536,670.4860067172342,625.2657870534819,658.3629760742188,6653300,,
2026-02-20,660.6006210616758,663.2559351281768,642.8487129577901,658.8502807617188,2989900,,
2026-02-23,648.5969441986213,666.1201358299901,640.8994771335155,643.2863159179688,2074700,,
2026-02-24,639.7657235891805,644.2509555429357,631.2726638569027,640.9989013671875,1399200,,
2026-02-25,641.7249338097099,643.3757871332133,620.0645630566042,620.1838989257812,2100500,,
2026-02-26,621.5264845984335,623.5552549636017,611.2233564228271,616.0567016601562,1421700,,
2026-02-27,611.6212213835016,628.0405259979815,610.1195075344731,626.2504272460938,2015300,,
2026-03-02,622.3220746444466,632.9533460479706,616.3848423523865,627.4139404296875,996900,,
2026-03-03,616.5937981134122,620.124282720707,605.863098865928,615.8180541992188,1071400,,
2026-03-04,615.8279314431696,619.2987476739423,609.5824653221406,610.6664428710938,1073200,,
2026-03-05,604.271788040364,607.0066795944413,583.0788671893075,587.4447631835938,1642100,,
2026-03-06,582.0247046976924,586.6093629706675,574.4565283069725,586.5298461914062,1412700,,
2026-03-09,583.2479290889828,597.5191272060314,575.1427412697341,596.1864624023438,1499500,,
2026-03-10,593.7997157496717,599.7170391504154,588.1807320372354,589.463623046875,1092800,,
2026-03-11,587.5144188240528,594.714633098083,582.0843938003476,590.7763671875,998400,,
2026-03-12,588.2105852917545,590.4084048708078,579.1108304206157,582.6115112304688,1622500,,
2026-03-13,581.7860044008726,586.4303303802233,568.4595998491947,574.3272094726562,1381700,,
2026-03-16,578.7726300994451,579.7373324873822,567.5943923247681,569.3347778320312,1150900,,
2026-03-17,573.2034346555878,573.6807781252095,559.101346458758,571.1050415039062,1462300,,
2026-03-18,570.5978556728426,575.232227234956,566.0032425014505,567.8828735351562,1226400,,
2026-03-19,560.0958350608205,566.8783732465488,554.8746785748702,564.4617309570312,1449100,,
2026-03-20,565.4463062905023,570.5580819026492,548.251318715594,556.6548461914062,2726900,,
2026-03-23,567.1170768427461,568.7977945006636,560.9312783277022,565.90380859375,1244200,,
2026-03-24,557.470313648858,581.2887439542723,556.9233475010992,579.81689453125,1144900,,
2026-03-25,585.3463594251597,587.4447525206035,573.9393440227508,574.8145141601562,930100,,
2026-03-26,570.8067495163073,584.6203932709363,570.8067495163073,577.9970092773438,1516500,,
2026-03-27,577.5295178290727,578.7229372158326,560.9511191549842,563.5269165039062,1455800,,
2026-03-30,569.1558098997568,570.140361193933,551.9906254745114,552.4481201171875,1262900,,
2026-03-31,558.5522933042167,565.055457342731,548.2589651651833,561.84375,1445400,1.62,
2026-04-01,563.9781980553864,577.8721782023357,562.6915549451517,569.224609375,1573400,,
2026-04-02,559.2504742354741,579.1887857659701,555.0114614590251,574.2216796875,1248600,,
2026-04-06,570.9102395021145,573.7229563833764,565.1950116266571,573.603271484375,1055700,,
2026-04-07,571.8278770435718,574.6405940872695,567.8382178401484,574.5109252929688,876100,,
2026-04-08,590.7088903316335,608.1038056690242,588.4746910753865,607.7447509765625,1449900,,
2026-04-09,606.1189996413043,617.3498999814,605.8796298307122,616.40234375,1205800,,
2026-04-10,616.8511534118333,617.6390891345573,599.5060966052915,603.4359130859375,1263800,,
2026-04-13,602.8973297799473,606.3583296728788,597.3017868762888,601.48095703125,1178300,,
2026-04-14,597.9102868572239,600.8825634254528,592.1452001987923,594.4990844726562,868100,,
2026-04-15,589.2527520490936,592.3247458393624,570.6209897826959,575.1492919921875,1553900,,
2026-04-16,571.359115020964,584.0163111396373,563.3598289253679,582.6797485351562,1443900,,
2026-04-17,584.4850410327703,592.165146750824,580.5253337131203,588.9335327148438,1238700,,
2026-04-20,588.454730333834,594.1001318680387,586.0310198147009,592.9830322265625,919900,,
2026-04-21,591.0280886318961,597.1122943260232,585.0934586255728,585.7816772460938,632000,,
2026-04-22,587.9660411937066,591.5666940140904,578.3110732270744,578.4906005859375,796500,,
2026-04-23,582.8592568286966,593.4318289046857,578.5005592096682,590.419677734375,919200,,
2026-04-24,583.85670509263,586.6594382862753,560.1681032482975,561.1854858398438,1102600,,
2026-04-27,565.1651548529925,576.49577240769,562.7015086326581,566.222412109375,1035200,,
2026-04-28,572.9649320112178,572.9749158993872,558.3129064716107,562.4022827148438,894800,,
2026-04-29,556.8267896942253,562.4023044332016,556.3180983968776,558.572265625,872400,,
2026-04-30,561.0059203185508,592.8732727722365,561.0059203185508,588.3450317382812,1562300,,
2026-05-01,586.7790759090218,588.5445194691758,574.2116746100191,575.7676391601562,802600,,
2026-05-04,575.2090810440297,580.4654152204022,571.5186344055544,576.8947143554688,799100,,
2026-05-05,580.8744430332813,589.2427679158171,574.3014526367188,574.3014526367188,906100,,
2026-05-06,578.4506928426878,592.0155090074313,578.4506928426878,590.1104736328125,983200,,
2026-05-07,590.5991870039006,592.2748364395094,576.5855222689337,579.0391235351562,828800,,
2026-05-08,578.2811743533323,581.4728529694263,570.8204703509257,573.3539428710938,896900,,
2026-05-11,574.2216738657546,587.6468375848361,572.2467512427285,587.2179565429688,907400,,
2026-05-12,589.8411659690967,592.4444039007452,578.6601245136869,587.6668090820312,1264800,,
2026-05-13,586.8190479993449,589.4821284596129,578.6601413941088,579.14892578125,961500,,
2026-05-14,578.6800746711405,585.6320870426232,572.5160589032154,573.1544189453125,1056300,,
2026-05-15,570.5611294294514,571.1396470481166,554.1237533186933,560.3775634765625,971200,,
2026-05-18,562.6516171751592,566.5315751436649,555.968926208379,563.0306396484375,848400,,
2026-05-19,561.1156246875781,562.133007216009,552.6176315144859,556.6272583007812,1027900,,
2026-05-20,554.562616572668,566.1326036466187,548.8374654872786,559.0111083984375,1441200,,
2026-05-21,545.765411353291,546.5832987771832,513.8182476448627,529.976318359375,3212500,,
2026-05-22,530.1459115629007,531.4026638981458,520.1517962086806,527.7820434570312,1763900,,
2026-05-26,528.6298050247881,530.3752807960963,522.4558054328945,527.7520751953125,1419100,,
2026-05-27,526.0864362376137,532.3901049327408,524.6701243001155,528.0214233398438,1332700,,
2026-05-28,526.0465032758678,538.314753793733,521.1292557069455,537.6065673828125,1880200,,
2026-05-29,534.8836259427969,545.5658989234178,533.6168897331409,540.7783203125,2271300,,
2026-06-01,536.8285716804094,543.1621922723148,527.083870349496,541.0277099609375,2214300,,
2026-06-02,560.5470977506609,579.2386407004021,551.2212940518409,577.7525024414062,2045600,,
2026-06-03,576.3461685213632,592.254885153609,574.1218922222389,586.7691040039062,1840000,,
2026-06-04,592.6140347428598,602.9472375818582,585.8515330981644,590.22021484375,1769000,,
2026-06-05,589.1330073978922,596.2745315592372,577.7225794877962,581.9317016601562,1751600,,
2026-06-08,584.2855710637436,591.077963339914,564.2275742729109,572.1769409179688,1476300,,
2026-06-09,576.1366756225698,581.2733858353555,566.7110942443028,575.8374633789062,1037300,,
2026-06-10,575.9671364955325,575.9671364955325,558.4924108057986,558.6021118164062,1112100,,
2026-06-11,560.2677681701451,570.2419153856845,555.1809774411654,567.169921875,1266000,,
2026-06-12,568.067584856569,577.0343947548097,565.7835269544821,575.987060546875,854100,,
2026-06-15,582.400421721145,591.8160194259007,573.2441615925845,573.9822387695312,1541300,,
2026-06-16,576.6453765527389,588.9634243296267,575.5282769060719,583.77685546875,747800,,
2026-06-17,583.7669746026197,596.9328015141667,581.69233473302,586.9486694335938,1517200,,
2026-06-18,593.970484951553,596.6635170310922,586.3203306401106,587.7166748046875,1436100,,
2026-06-22,587.9760143440105,602.3288276762246,585.8913906623303,597.0425415039062,934200,,
2026-06-23,588.5345842784114,599.8253273081931,581.8718606084624,590.4097290039062,1384000,,
2026-06-24,591.157739120439,611.3952620886685,590.4695205212234,599.1968994140625,1239400,,
2026-06-25,604.8921673989053,630.2962917005967,602.4484891012916,629.1293334960938,1262300,,
2026-06-26,621.1599936918002,628.4211413028065,610.577377091848,611.6546020507812,2319500,,
2026-06-29,612.5223576128116,626.5559904529066,607.0465603747881,625.010009765625,1207600,,
2026-06-30,626.1699829101562,636.2899780273438,617.5800170898438,634.3300170898438,1758400,1.62,
2026-07-01,629.3200073242188,633.7999877929688,619.2999877929688,627.6300048828125,1636900,,
2026-07-02,638.0399780273438,638.989990234375,615.1199951171875,621.27001953125,1288800,,
2026-07-06,619.1500244140625,637.7000122070312,617.6799926757812,635.239990234375,1081700,,
2026-07-07,630.3400268554688,634.9400024414062,592.5,603.6099853515625,1433100,,
2026-07-08,599.97998046875,601.5,590.77001953125,596.739990234375,1001100,,
2026-07-09,602.8499755859375,606.0,591.3699951171875,592.9000244140625,840800,,
2026-07-10,596.219970703125,599.4400024414062,586.6799926757812,586.8599853515625,782100,,
2026-07-13,585.7899780273438,587.8300170898438,582.010009765625,585.6400146484375,996000,,
2026-07-14,594.8300170898438,601.0,579.6199951171875,584.4000244140625,951000,,
2026-07-15,583.9199829101562,590.1799926757812,576.4500122070312,589.47998046875,1013700,,
2026-07-16,585.0,599.75,583.9000244140625,598.969970703125,807800,,
2026-07-17,596.0499877929688,614.9199829101562,595.739990234375,597.239990234375,938800,,
2026-07-20,597.47998046875,599.760009765625,582.5,586.0,1105900,,
2026-07-21,592.0,596.0,580.02001953125,586.8800048828125,950700,,
2026-07-22,589.9000244140625,609.3699951171875,589.9000244140625,607.3300170898438,990100,,
2026-07-23,610.0,615.9500122070312,606.739990234375,610.02001953125,1695300,,
2026-07-24,612.2100219726562,629.3400268554688,611.2899780273438,628.1599731445312,960300,,
2026-07-27,627.7100219726562,628.030029296875,612.3800048828125,625.02001953125,876500,,
2026-07-28,630.219970703125,643.989990234375,628.0,639.8400268554688,1360000,,
2026-07-29,631.4299926757812,634.010009765625,608.2100219726562,610.9500122070312,1346500,,
2026-07-30,600.6699829101562,604.77001953125,590.0599975585938,599.469970703125,1368800,,
2026-07-31,600.0599975585938,602.989990234375,590.6300048828125,592.6699829101562,1123900,,
2026-08-03,602.9099731445312,616.22998046875,600.5499877929688,605.0599975585938,1053200,,
2026-08-04,610.6599731445312,622.0,597.22998046875,617.3699951171875,966300,,
2026-08-05,619.0,624.72998046875,611.6199951171875,612.0,814700,,
2026-08-06,614.5700073242188,618.1400146484375,611.1900024414062,614.8400268554688,817900,,
2026-08-07,612.3499755859375,627.8800048828125,611.2100219726562,620.8300170898438,942000,,
2026-08-10,621.1199951171875,623.5499877929688,603.1099853515625,609.280029296875,1022900,,
2026-08-11,608.469970703125,621.2999877929688,606.3200073242188,617.9500122070312,674700,,
2026-08-12,618.97998046875,623.280029296875,610.989990234375,619.77001953125,859000,,
2026-08-13,619.5499877929688,622.010009765625,611.1099853515625,612.3800048828125,517500,,
2026-08-14,608.8300170898438,616.0,607.0,608.8499755859375,802300,,
2026-08-17,606.3699951171875,610.6400146484375,599.47998046875,599.9199829101562,1245700,,
2026-08-18,603.9299926757812,604.0399780273438,588.0,588.719970703125,1218300,,
2026-08-19,589.5800170898438,596.0599975585938,579.3099975585938,580.6300048828125,1596700,,
2026-08-20,611.1199951171875,639.0,586.47998046875,620.9400024414062,3200600,,
2026-08-21,623.260009765625,654.280029296875,607.9000244140625,647.469970703125,2392500,,
2026-08-24,653.0399780273438,660.7000122070312,645.77001953125,648.6400146484375,1228900,,
2026-08-25,652.0700073242188,653.1799926757812,627.1400146484375,630.6599731445312,1206900,,
2026-08-26,632.1500244140625,639.6500244140625,630.4099731445312,634.5399780273438,830700,,
2026-08-27,628.8200073242188,629.3499755859375,617.8099975585938,622.6599731445312,807500,,
2026-08-28,626.5,632.02001953125,617.2100219726562,630.3300170898438,630600,,
2026-08-31,648.0,657.1699829101562,641.1300048828125,654.9099731445312,1786500,,
2026-09-01,655.3400268554688,677.8900146484375,654.0499877929688,676.0800170898438,2309600,,
2026-09-02,678.0599975585938,700.6400146484375,677.6599731445312,698.3699951171875,2027900,,
2026-09-03,703.25,705.8800048828125,685.47998046875,694.4099731445312,1692900,,
2026-09-04,692.030029296875,702.4500122070312,690.8300170898438,693.530029296875,1053800,,
2026-09-08,687.2100219726562,690.5800170898438,680.260009765625,680.72998046875,883500,,
2026-09-09,681.3200073242188,688.5900268554688,672.6199951171875,677.2100219726562,1035800,,
2026-09-10,675.030029296875,682.0,671.4000244140625,677.9400024414062,1175900,,
2026-09-11,685.9199829101562,692.6900024414062,675.4299926757812,675.739990234375,1322300,,
