date,open,high,low,close,volume,div,split
2016-09-12,6.399773445035361,6.611118309982611,6.399773445035361,6.604513645172119,14645500,,
2016-09-13,6.551677523916014,6.558282188663519,6.446005407377934,6.525259494781494,10465100,,
2016-09-14,6.538467349163123,6.545072013056812,6.432795246285763,6.4724225997924805,21652500,,
2016-09-15,6.4790736108028675,6.565550030789355,6.45911770907881,6.512333869934082,13484800,0.07,
2016-09-16,6.459116019229603,6.479071915732751,6.399247695333644,6.472419738769531,18595900,,
2016-09-19,6.505682530029624,6.538942793449194,6.419206098893445,6.465770721435547,10542200,,
2016-09-20,6.49237958734175,6.512335494042603,6.412555326151503,6.4591193199157715,8953300,,
2016-09-21,6.485724092695972,6.505679989199121,6.385943975793715,6.472419738769531,11205400,,
2016-09-22,6.525639643909752,6.578855816317049,6.5189874637621354,6.572203636169434,12495600,,
2016-09-23,6.558899306555186,6.632072019747617,6.525639674435156,6.585507392883301,9261500,,
2016-09-26,6.532290266752813,6.552246804376092,6.392597675323486,6.392597675323486,8010800,,
2016-09-27,6.385946971362352,6.479074954986572,6.3327307994665665,6.479074954986572,9189300,,
2016-09-28,6.592158493670496,6.598810672760011,6.479073986695613,6.59881067276001,11634000,,
2016-09-29,6.598811935595412,6.625420022658828,6.439163413214919,6.4591193199157715,8124500,,
2016-09-30,6.50568322918276,6.598811849888557,6.452467055747113,6.558899402618408,10208700,,
2016-10-03,6.538942605689355,6.5921587718779096,6.479074260130546,6.518986701965332,8295900,,
2016-10-04,6.558899275874201,6.6320719887243476,6.505683103466904,6.572203636169434,8099900,,
2016-10-05,6.605464148613882,6.785068578583151,6.5788560614189215,6.745156764984131,10745100,,
2016-10-06,6.738502237663056,6.798370571597126,6.718546337813906,6.758458137512207,9731500,,
2016-10-07,6.765112400054932,6.818328572307361,6.671983781419773,6.765112400054932,8896500,,
2016-10-10,6.791718393518536,6.838282371295427,6.758458137512206,6.758458137512207,5875300,,
2016-10-11,6.6852882235947835,6.771764663161328,6.598811784028239,6.665332317352295,10420300,,
2016-10-12,6.685288624828885,6.711896712878094,6.618768087512436,6.632072448730469,6066900,,
2016-10-13,6.552247152571726,6.598811140727069,6.365989931176836,6.465770721435547,15157000,,
2016-10-14,6.538942160759661,6.612114225693387,6.499030356027338,6.532289981842041,7450300,,
2016-10-17,6.545594224814528,6.558897948029615,6.419205365144426,6.4258575439453125,7854200,,
2016-10-18,6.485726439500801,6.5256388813355874,6.419205914571736,6.518986701965332,7428200,,
2016-10-19,6.545592662727881,6.698588932316041,6.51898458826096,6.671980857849121,13416200,,
2016-10-20,6.658680323003801,6.7651126717836405,6.645375962212902,6.745156764984131,8984700,,
2016-10-21,6.638721608910083,6.725198022585981,6.6187657086423,6.691938400268555,11869100,,
2016-10-24,6.751809366798057,6.765113729669409,6.698593184086527,6.718549728393555,6884200,,
2016-10-25,6.718548911128186,6.811676902351514,6.678636461756145,6.778416633605957,11335300,,
2016-10-26,6.811674454421163,7.17088383213202,6.805022276185291,7.1176676750183105,28691000,,
2016-10-27,7.17088535554928,7.224101523968487,7.091061102920469,7.1509294509887695,16197300,,
2016-10-28,7.157583259863713,7.170886987803356,6.964674446837038,7.024542808532715,11847500,,
2016-10-31,6.991281492373932,7.084409477195765,6.991281492373932,7.051149845123291,14652300,,
2016-11-01,7.08441053584148,7.124322988434235,6.944717903347204,7.024542808532715,16268800,,
2016-11-02,7.004584298252432,7.017888656843308,6.81167553939187,6.871543884277344,18456700,,
2016-11-03,6.871544070781965,6.911456513251146,6.778415461278378,6.818327903747559,17179400,,
2016-11-04,6.8249786495248665,6.884846983458936,6.698589803578137,6.758458137512207,12223200,,
2016-11-07,6.91145652376603,7.017888857996766,6.91145652376603,6.95136833190918,12007200,,
2016-11-08,7.011236667843971,7.011236667843971,6.738503653195949,6.818327903747559,16032300,,
2016-11-09,6.951367228824139,7.297272894570379,6.891498891722931,7.257360458374023,26319300,,
2016-11-10,7.337185541888546,7.7562633155032215,7.330533997078199,7.716351509094238,25992800,,
2016-11-11,7.70304605679468,7.81613054953894,7.64982989954875,7.782870292663574,16750200,,
2016-11-14,7.875999182593605,8.115471899247602,7.856043281469103,7.9558234214782715,24603100,,
2016-11-15,7.935867520353769,7.955823421478271,7.742958784452495,7.9558234214782715,24681900,,
2016-11-16,7.869347267913454,7.969127411267799,7.829435464326389,7.935867786407471,16608600,,
2016-11-17,7.969126825354139,8.162036187926185,7.915910668226207,8.135427474975586,17202300,,
2016-11-18,8.18199255851796,8.341641039077658,8.162036657044665,8.315032958984375,19530200,,
2016-11-21,8.374903444230146,8.381555624555048,8.261818916254114,8.27512264251709,14973600,,
2016-11-22,8.374903570926275,8.374903570926275,8.248514680388418,8.328339576721191,14351800,,
2016-11-23,8.361597446555797,8.434770147030399,8.308381283148837,8.388205528259277,9111200,,
2016-11-25,8.42811628056365,8.434768458254325,8.334987696053954,8.354944229125977,4265700,,
2016-11-28,8.275120100858524,8.368248693642732,8.122123806698726,8.155384063720703,11444900,,
2016-11-29,8.135428513063234,8.235209296200194,8.108820431104053,8.168688774108887,12097300,,
2016-11-30,8.308382304364748,8.381555013833296,8.268470494097166,8.288426399230957,17093400,,
2016-12-01,8.381555284533226,8.740764760476832,8.348295018644839,8.66759204864502,24429200,,
2016-12-02,8.654289777256167,8.72080968582466,8.514597144559346,8.607725143432617,24055000,,
2016-12-05,8.674244228700058,8.760720666255143,8.614375876978324,8.66759204864502,14661300,,
2016-12-06,8.700851984373415,8.820588683273392,8.574463740057604,8.793980598449707,15768900,,
2016-12-07,8.760720634356307,8.813936805829238,8.714156642914196,8.787328720092773,18660200,,
2016-12-08,8.90041237376377,9.073365231351842,8.820588124350829,8.953628540039062,23825000,,
2016-12-09,8.953631473106714,9.00019547525454,8.827243195396784,8.986891746520996,17121400,,
2016-12-12,8.960281095659559,9.060061253018786,8.813936315064161,8.847196578979492,15915900,,
2016-12-13,8.9137163899566,8.940324473965342,8.740764161093157,8.813936233520508,13909900,,
2016-12-14,8.714154243469238,8.940322592760268,8.574461673220485,8.714154243469238,18113100,,
2016-12-15,8.7873257767836,8.927018338706809,8.700849368508605,8.873802185058594,21239200,,
2016-12-16,8.860422914905666,8.94742110318701,8.706503485171684,8.71319580078125,26217700,0.08,
2016-12-19,8.719886080521656,8.786807949462162,8.65965652611805,8.760039329528809,12653600,,
2016-12-20,8.873802217919128,8.947415730780675,8.853725283145467,8.940723419189453,16827400,,
2016-12-21,8.920650482177734,8.954111414521382,8.833652313369935,8.920650482177734,6723700,,
2016-12-22,8.940726786298242,8.987572346865027,8.88049787393672,8.920650482177734,12561800,,
2016-12-23,8.920649287446796,8.980878829956055,8.887188359584528,8.980878829956055,5035700,,
2016-12-27,9.061184550122896,9.061184550122896,8.940725466749827,8.9942626953125,5248900,,
2016-12-28,9.074570380267001,9.074570380267001,8.84034449557067,8.86711311340332,6545100,,
2016-12-29,8.893879910228202,8.900572222869672,8.713191936406938,8.753344535827637,8328200,,
2016-12-30,8.760037254292754,8.860419395708934,8.733268640700834,8.84703540802002,8770200,,
2017-01-03,9.007646145334114,9.054491054655879,8.847034480618902,8.913955688476562,10926200,,
2017-01-04,8.913958806451745,9.067878850970036,8.913958806451745,9.02103328704834,12001900,,
2017-01-05,8.994260602184694,9.087951049472956,8.806880345822126,8.873802185058594,12436100,,
2017-01-06,8.940725761097257,9.021031606585103,8.847035927135165,8.893880844116211,12037300,,
2017-01-09,8.84034216836893,8.954108923762377,8.78011263454722,8.913955688476562,18797300,,
2017-01-10,8.934035110400874,9.007648650985535,8.893881863945658,8.920650482177734,13106600,,
2017-01-11,8.920649165592351,9.061184550122896,8.867111937029678,8.9942626953125,11258000,,
2017-01-12,8.907264014440614,8.994261520834169,8.793497259047165,8.913955688476562,8551900,,
2017-01-13,8.960803167583693,9.14818348347607,8.947418540198585,9.0143404006958,10808300,,
2017-01-17,8.927342968803343,8.940726959070917,8.652964467068854,8.666348457336426,12562500,,
2017-01-18,8.70650108574162,8.806883239363373,8.6061182939057,8.800190925598145,12260000,,
2017-01-19,8.840345058439496,8.893882297513537,8.66634871234175,8.706501960754395,10144500,,
2017-01-20,8.7466532449869,8.8604200203261,8.706500640875499,8.78011417388916,7818100,,
2017-01-23,8.753347523130648,8.820269395956021,8.673041658668767,8.73996353149414,10099200,,
2017-01-24,8.773422631881951,8.900574045247682,8.73327002424007,8.86711311340332,14194900,,
2017-01-25,9.101336460434684,9.395791174492988,9.000953692890661,9.382407188415527,18265100,,
2017-01-26,9.442639346705295,9.482792595243707,9.34894949713939,9.375718116760254,16825700,,
2017-01-27,9.355637169238426,9.375714104021965,9.161564600495272,9.221794128417969,10164400,,
2017-01-30,9.161566211187234,9.168258523958318,8.960801933767225,9.114721298217773,8551900,,
2017-01-31,9.047802227971944,9.154876704811858,8.954111741629905,9.05449390411377,11980000,,
2017-02-01,9.168259274031797,9.295410674228656,9.000955270351604,9.034416198730469,9740100,,
2017-02-02,8.954107811244663,8.99426040332763,8.806880151107913,8.860417366027832,12209300,,
2017-02-03,8.974187235262711,9.148183563506297,8.91395768793115,9.108030319213867,16564500,,
2017-02-06,9.014341294405915,9.114723456889777,8.967495732127784,9.05449390411377,7300800,,
2017-02-07,9.081262841937486,9.094647471119185,8.974188361340891,9.02103328704834,13113000,,
2017-02-08,8.960802336067852,8.974186323996834,8.833650940564965,8.967494010925293,10240900,,
2017-02-09,9.014338639469605,9.108028460003545,8.947416792047616,9.067875862121582,7830200,,
2017-02-10,9.094644998118588,9.141489911088046,9.034415459606956,9.114721298217773,6862600,,
2017-02-13,9.181643248315748,9.328870301579707,9.168258622629526,9.241872787475586,11977000,,
2017-02-14,9.255259573607173,9.462716866977196,9.188337701367997,9.449332237243652,10105000,,
2017-02-15,9.536329776414346,9.556406081454183,9.435947613000941,9.516253471374512,8533300,,
2017-02-16,9.48279094696045,9.529635863600895,9.382408800384031,9.48279094696045,6351200,,
2017-02-17,9.382409677755351,9.4627155301689,9.315487814970302,9.456023216247559,6958800,,
2017-02-21,9.509560393753052,9.596558559562482,9.429254541824543,9.496175765991211,7918100,,
2017-02-22,9.422562227943622,9.543021324943476,9.422562227943622,9.496175765991211,5586700,,
2017-02-23,9.516250537168476,9.536326836018059,9.402483779997453,9.489481925964355,6013300,,
2017-02-24,9.369022856438795,9.489481925964355,9.335561932880134,9.489481925964355,8740000,,
2017-02-27,9.476097752521222,9.52294266480575,9.43594515290993,9.50955867767334,4843000,,
2017-02-28,9.489481852574245,9.50955815126856,9.362330471677515,9.462713241577148,9723400,,
2017-03-01,9.690248000267276,9.864244324689958,9.68355632487729,9.810707092285156,10392500,,
2017-03-02,9.864244084623595,9.864244084623595,9.556404686680803,9.56309700012207,7967000,,
2017-03-03,9.569790843808569,9.6835576376453,9.556406214785781,9.636712074279785,5936200,,
2017-03-06,9.522943948762615,9.623326737753354,9.489483657313185,9.576481819152832,6991800,,
2017-03-07,9.743786927793085,9.743786927793085,9.496176403294916,9.529637336730957,6513900,,
2017-03-08,9.62332498198496,9.65009359318908,9.456021002405695,9.489481925964355,8919800,,
2017-03-09,9.529634977478986,9.589864515109987,9.462713765388813,9.50955867767334,9858800,,
2017-03-10,9.596558559562482,9.609942549110144,9.369024993324615,9.496175765991211,10345800,,
2017-03-13,9.489482377867695,9.529634977478986,9.422560527563457,9.50955867767334,6303600,,
2017-03-14,9.462714888097167,9.462714888097167,9.295410880700773,9.422561645507812,7603900,,
2017-03-15,9.462716158596177,9.50286876836243,9.261951195122235,9.32218074798584,13096300,,
2017-03-16,9.416412539732573,9.42987448143146,9.301988602894879,9.36929702758789,10064500,0.08,
2017-03-17,9.369295154730901,9.402949360350165,9.180832501923835,9.241409301757812,26067700,,
2017-03-20,9.227949509577412,9.254872750083447,9.086602336445566,9.100064277648926,9308900,,
2017-03-21,9.100062062655256,9.180831764513668,8.527942538782503,8.548134803771973,21459400,,
2017-03-22,8.480829753444858,8.743331208001958,8.326020627256678,8.601984024047852,18859500,,
2017-03-23,8.575059783859793,8.857754118879404,8.568328813525834,8.76352310180664,24181100,,
2017-03-24,8.837560525687108,8.864483761088493,8.73659791150649,8.824098587036133,13203800,,
2017-03-27,8.548136544424622,8.76352310180664,8.45390552735186,8.76352310180664,16548700,,
2017-03-28,8.71640572423681,8.951984517554251,8.71640572423681,8.898138046264648,10633200,,
2017-03-29,8.898138046264648,8.97217678381271,8.8375606055887,8.898138046264648,13044000,,
2017-03-30,8.884675679899217,9.167369961514693,8.864483414612552,9.147177696228027,9722500,,
2017-03-31,9.093332465816053,9.14717894184674,8.99236984183304,9.01256275177002,10820200,,
2017-04-03,9.10006446074594,9.10006446074594,8.84429334984206,8.985640525817871,15629900,,
2017-04-04,8.931792203342518,8.999099971142872,8.884676059791646,8.958715438842773,7910700,,
2017-04-05,9.046217458270508,9.100064582990033,8.79044698583148,8.7971773147583,8065300,,
2017-04-06,8.776982096470444,8.931791164008215,8.702943367935287,8.884675025939941,7684700,,
2017-04-07,8.81736927573394,8.904869319446613,8.750060858523504,8.830830574035645,7942500,,
2017-04-10,8.80390847279439,8.89814014068144,8.702946475837402,8.750061988830566,6331100,,
2017-04-11,8.689484533896087,8.750061988830566,8.575060594997783,8.750061988830566,8248500,,
2017-04-12,8.716406878323102,8.750061087810195,8.588521652552934,8.655829429626465,15162600,,
2017-04-13,8.608714409241268,8.68275316078727,8.474098205566406,8.474098205566406,9686200,,
2017-04-17,8.494289065504208,8.702944627986822,8.45390453205634,8.689482688903809,9116300,,
2017-04-18,8.622174198654307,8.69621293172187,8.521211589670685,8.615443229675293,14465200,,
2017-04-19,8.447174964831433,8.601983438582351,8.426982694755377,8.474098205566406,21970800,,
2017-04-20,8.507752297059914,8.622176229046135,8.42698257599329,8.561598777770996,20334200,,
2017-04-21,8.575056404127343,8.622172535994254,8.45390219537056,8.480825424194336,8948800,,
2017-04-24,8.696211648707354,8.7769813388374,8.655826482692111,8.743327140808105,11841300,,
2017-04-25,8.851020076029744,8.871212980021914,8.763520059665423,8.776981353759766,9917700,,
2017-04-26,8.750060858523504,8.89813899124608,8.743329888422332,8.830830574035645,7703200,,
2017-04-27,8.8510200609815,8.8510200609815,8.689480680721408,8.743327140808105,6528800,,
2017-04-28,8.756792058087745,8.817369506784383,8.649099101249572,8.655829429626465,12050200,,
2017-05-01,8.709674857773539,8.824098771091247,8.622174822319366,8.810637474060059,9195400,,
2017-05-02,8.810638479781632,8.830830748583622,8.655829373897966,8.71640682220459,10160300,,
2017-05-03,8.676019430565313,8.87121300984271,8.649096200385687,8.844289779663086,12769600,,
2017-05-04,8.904867569265262,8.972175973246763,8.763521076325032,8.783713340759277,10433500,,
2017-05-05,8.80390456888075,8.80390456888075,8.716403910764756,8.743327140808105,5661400,,
2017-05-08,8.736597201212021,8.803905605193522,8.709673967999523,8.783713340759277,6625600,,
2017-05-09,8.80390383834097,8.864481261386956,8.682748992248998,8.70294189453125,7441700,,
2017-05-10,8.68275260925293,8.71640681850908,8.62890613120335,8.68275260925293,7839800,,
2017-05-11,8.635635430164387,8.702943835650368,8.54813475979282,8.608712196350098,8402800,,
2017-05-12,8.548135827009446,8.595251973492196,8.467366115482656,8.588521003723145,7009200,,
2017-05-15,8.635637105095975,8.743330061240794,8.615444836293985,8.71640682220459,7430600,,
2017-05-16,8.72986586157891,8.783712321757156,8.669288433403274,8.776981353759766,7333300,,
2017-05-17,8.54140235987022,8.595249460377985,8.231784901927778,8.272170066833496,13118900,,
2017-05-18,8.26543891938898,8.460632488073315,8.258708593634655,8.413516998291016,10626100,,
2017-05-19,8.447173887541314,8.568328134447226,8.413519680439434,8.4606351852417,7563900,,
2017-05-22,8.494289525032466,8.527943732660058,8.406788841960978,8.50775146484375,5352400,,
2017-05-23,8.52794064018117,8.709672268428,8.480825151728359,8.676018714904785,5565100,,
2017-05-24,8.696214669438955,8.696214669438955,8.5750597712091,8.62890625,4360100,,
2017-05-25,8.635637223546164,8.716406941762651,8.581790744735173,8.66256046295166,4816600,,
2017-05-26,8.662560399904015,8.723137848600652,8.615444891762477,8.655829429626465,7298100,,
2017-05-30,8.655828647402254,8.655828647402254,8.514481493850479,8.575058937072754,8308600,,
2017-05-31,8.575061165149183,8.622177323175798,8.319290028364573,8.440444946289062,15343500,,
2017-06-01,8.480829056704373,8.56832910643437,8.33948188436261,8.561598777770996,8907100,,
2017-06-02,8.453903968607339,8.5346736720204,8.400056857764756,8.467365264892578,5932300,,
2017-06-05,8.4606351852417,8.568328134447226,8.453904857341811,8.4606351852417,5619100,,
2017-06-06,8.393325675828542,8.42697987596524,8.292363075418452,8.379863739013672,9073800,,
2017-06-07,8.420250479669424,8.548135693785241,8.386596273249284,8.541404724121094,10827600,,
2017-06-08,8.5212151677179,8.803909564534202,8.480830620687458,8.696216583251953,8710100,,
2017-06-09,8.756792593550053,8.98564046177514,8.723138382005063,8.945255279541016,9971100,,
2017-06-12,8.938525134472094,9.066411021775284,8.88467864778678,8.999102592468262,9137200,,
2017-06-13,9.05294830748687,9.086602519271722,8.931794043722391,8.985640525817871,9280700,,
2017-06-14,8.898137707108509,9.0462151765606,8.803906064993095,9.026022911071777,8674400,,
2017-06-15,8.951541243163849,9.107278788296291,8.937998511020327,8.998939514160156,5900300,0.08,
2017-06-16,8.84997145365047,9.012480987916947,8.84997145365047,8.951539993286133,8585200,,
2017-06-19,8.998938373537765,9.066650734166762,8.965082193223267,9.019251823425293,4827000,,
2017-06-20,8.998938627607652,9.026023443473358,8.951540361280902,8.958311080932617,5549100,,
2017-06-21,8.985397090675423,8.985397090675423,8.836430271450338,8.843201637268066,7800600,,
2017-06-22,8.822890560905272,8.84997538769745,8.660381600152206,8.76194953918457,7962600,,
2017-06-23,8.795800570156953,8.84319947353059,8.585893447190957,8.606206893920898,15526100,,
2017-06-26,8.612978290965321,8.789029239551676,8.606206926778546,8.66037654876709,10510400,,
2017-06-27,8.734860143279217,8.836428674935362,8.680690518030422,8.741631507873535,10695300,,
2017-06-28,8.816114949449624,8.951539008309625,8.802572220687198,8.897369384765625,8821000,,
2017-06-29,9.202075711303888,9.33749980007799,8.958311705757511,9.059880256652832,15035800,,
2017-06-30,9.120822157755075,9.222390072916482,9.01925359684061,9.154678344726562,17302100,,
2017-07-03,9.23593123222692,9.351041860863583,9.188532320242269,9.31041431427002,4809900,,
2017-07-05,9.3239572552984,9.425525155443152,9.269786976701177,9.344270706176758,11309100,,
2017-07-06,9.344270752602268,9.41198247111753,9.235931486375476,9.249473571777344,10690900,,
2017-07-07,9.276558200156854,9.3239571124843,9.202075117575083,9.269786834716797,10691100,,
2017-07-10,9.222388568142302,9.317185747044242,9.195303752135025,9.269786834716797,8233600,,
2017-07-11,9.263014609070742,9.35781112680794,9.23592979746685,9.28332805633545,9747200,,
2017-07-12,9.249472921101098,9.317185280605937,9.202074656899462,9.296871185302734,11150100,,
2017-07-13,9.310416712362128,9.39844254786029,9.269789155304087,9.391671180725098,7108700,,
2017-07-14,9.296873968861204,9.398442538528906,9.181763956442788,9.337501525878906,8335000,,
2017-07-17,9.337497158551866,9.364581968644544,9.249471364312459,9.35103988647461,5953900,,
2017-07-18,9.276556691996266,9.32395559661771,9.215615704449299,9.28332805633545,7679800,,
2017-07-19,9.317188341587112,9.364586621360532,9.22916250361281,9.27656078338623,6141200,,
2017-07-20,9.27655827555769,9.357812724239963,9.181761741638184,9.181761741638184,11204100,,
2017-07-21,9.134362540957268,9.256244533014724,8.734861029882653,8.782259941101074,22572700,,
2017-07-24,8.79580170474935,8.992166770475947,8.79580170474935,8.931225776672363,11629900,,
2017-07-25,9.107275744212306,9.14790328131021,8.931224159709378,9.073419570922852,19004100,,
2017-07-26,9.093735905144415,9.100506624869938,8.890599461060761,8.924455642700195,9282800,,
2017-07-27,8.917684345043895,8.958311246717836,8.843201261473032,8.883828163146973,13071000,,
2017-07-28,8.863514921044132,8.95154073774794,8.816116652723995,8.917684555053711,7231600,,
2017-07-31,8.937997077051513,9.05310769879162,8.931225712066116,8.971853256225586,7563400,,
2017-08-01,9.032794553852264,9.05310800373979,8.965082193223267,9.019251823425293,8544600,,
2017-08-02,9.005709738751252,9.059879368953277,8.93122601290877,9.019251823425293,7145300,,
2017-08-03,8.985396239163405,9.053107953664943,8.877056333605678,8.91091251373291,13027700,,
2017-08-04,9.005709648132324,9.13436235712935,8.958310737867802,9.005709648132324,9120900,,
2017-08-07,9.005710203965913,9.039566386029346,8.965082656339202,8.992167472839355,5434000,,
2017-08-08,8.965084204832356,9.181763420012437,8.958312838099495,9.039567947387695,8658200,,
2017-08-09,8.965082823373848,8.992167640378637,8.87705700667004,8.917684555053711,8095200,,
2017-08-10,8.843201860277226,8.877057398713667,8.673921585083008,8.673921585083008,8248800,,
2017-08-11,8.795800287773115,8.795800287773115,8.579121807602528,8.612977981567383,7865800,,
2017-08-14,8.707777436317675,8.802574626302794,8.673921896665085,8.775489807128906,5664700,,
2017-08-15,8.782260705854032,8.897371342653619,8.782260705854032,8.802574157714844,5180400,,
2017-08-16,8.81611688945738,8.856743793179003,8.728091070389873,8.802574157714844,8857900,,
2017-08-17,8.76194603079655,8.795802212168654,8.552038868644814,8.558810234069824,10454200,,
2017-08-18,8.531723609582016,8.653604932631259,8.491096071397061,8.57235050201416,7073300,,
2017-08-21,8.552038379169012,8.585894558603359,8.491097385337772,8.53172492980957,5118100,,
2017-08-22,8.565578680214303,8.619748297730464,8.552036598711652,8.599434852600098,4258200,,
2017-08-23,8.52495197099411,8.63329120832718,8.504638525432355,8.579121589660645,6006000,,
2017-08-24,8.612977579855526,8.640062388613606,8.558807962339367,8.599434852600098,4900200,,
2017-08-25,8.626520557165884,8.694232908968958,8.6062071099261,8.640063285827637,7727600,,
2017-08-28,8.660376237666497,8.694232411631354,8.572350443658994,8.612977981567383,5827200,,
2017-08-29,8.49787092817364,8.572354025415084,8.443701285497484,8.524955749511719,6435200,,
2017-08-30,8.504638525432355,8.606206398993912,8.491095797889326,8.579121589660645,4608000,,
2017-08-31,8.640066401636819,8.640066401636819,8.51818438273893,8.524955749511719,6058900,,
2017-09-01,8.552036598711652,8.680689278874338,8.538493871456224,8.599434852600098,6546400,,
2017-09-05,8.552038392241542,8.565580476584232,8.382758140563965,8.382758140563965,12242200,,
2017-09-06,8.430154743439015,8.497867089070166,8.403069934337111,8.470782279968262,8174100,,
2017-09-07,8.470786331025572,8.477557697977574,8.220251565579366,8.247336387634277,11028200,,
2017-09-08,8.240564651640305,8.409844943340799,8.227021918342794,8.342132568359375,8736500,,
2017-09-11,8.450468956362684,8.53172403680138,8.44369823778683,8.491096496582031,9042600,,
2017-09-12,8.491096318614682,8.72131753494241,8.477554235993962,8.66037654876709,9006500,,
2017-09-13,8.6536059797776,8.73486042022705,8.60620771762031,8.73486042022705,9568700,,
2017-09-14,8.802573624214922,8.809344989675797,8.63329336221079,8.667149543762207,12740000,,
2017-09-15,8.65352058741548,8.701217600172331,8.564941163511856,8.694403648376465,16064000,0.08,
2017-09-18,8.735285333366173,8.966954476653463,8.701216876847345,8.919258117675781,10663700,,
2017-09-19,8.912447549909011,9.0623512847941,8.878378430642254,9.028282165527344,7600700,,
2017-09-20,9.014651057657636,9.116858379173898,8.905630434558292,9.103230476379395,9330800,,
2017-09-21,9.082792021102176,9.178185420094028,9.075978067642534,9.130488395690918,5855800,,
2017-09-22,9.082793223692311,9.123676300048828,9.041910797150246,9.123676300048828,6183000,,
2017-09-25,9.089606178747347,9.198626837293114,9.035095849474466,9.116861343383789,5371600,,
2017-09-26,9.164556503295898,9.184997711607952,9.096418925650953,9.164556503295898,6287500,,
2017-09-27,9.280390487374296,9.477990554182906,9.239508073449343,9.368969917297363,11233000,,
2017-09-28,9.389412718398374,9.477992163360499,9.314461180267822,9.450736999511719,15272900,,
2017-09-29,9.457551740516932,9.573386358974107,9.39622745429673,9.512062072753906,8818500,,
2017-10-02,9.546130026020032,9.566571235656738,9.42348146857112,9.566571235656738,9670700,,
2017-10-03,9.559756535727209,9.559756535727209,9.368970411121463,9.471177101135254,9063000,,
2017-10-04,9.471178579926685,9.491620440972582,9.368971873954752,9.375785827636719,4382000,,
2017-10-05,9.39622745429673,9.539317238872393,9.348531076042981,9.512062072753906,4556300,,
2017-10-06,9.539315327687307,9.60745355423936,9.42348073243739,9.471177101135254,6774700,,
2017-10-09,9.491619316901689,9.518874478587396,9.423481087780264,9.437108993530273,5385400,,
2017-10-10,9.43710843483859,9.552943027598836,9.43710843483859,9.525687217712402,6637400,,
2017-10-11,9.471177458276674,9.491619316901689,9.382598670158858,9.437108993530273,8996300,,
2017-10-12,9.450737211856902,9.484806329886952,9.368971718473404,9.39622688293457,5982700,,
2017-10-13,9.362156971844788,9.477991573446095,9.26676422921853,9.334901809692383,7185400,,
2017-10-16,9.355342605255537,9.4848051071167,9.355342605255537,9.4848051071167,8487300,,
2017-10-17,9.53250087316341,9.53250087316341,9.3894111247895,9.409852981567383,5243800,,
2017-10-18,9.443922836337592,9.525688326067844,9.409854369644084,9.505247116088867,6675800,,
2017-10-19,9.416666577423765,9.56657028272778,9.368970209751055,9.525687217712402,7517400,,
2017-10-20,9.655150209993325,9.709660532929892,9.607453839877405,9.668777465820312,8030500,,
2017-10-23,9.675593545831227,9.682407500149928,9.580200784627179,9.614269256591797,5684300,,
2017-10-24,9.682404518127441,9.723287581633896,9.593825088708668,9.682404518127441,9735800,,
2017-10-25,9.655146235896542,9.655146235896542,9.375780783380995,9.45754623413086,12205400,,
2017-10-26,9.403040520504506,9.518875128025313,9.34853019341405,9.477992057800293,12749500,,
2017-10-27,9.437108535965042,9.55294312996655,9.430294583420416,9.498432159423828,8316100,,
2017-10-30,9.450736457762003,9.498432829309651,9.368970970902753,9.382598876953125,6403300,,
2017-10-31,9.389409169547301,9.525684937283973,9.362154015999966,9.403037071228027,7376200,,
2017-11-01,9.498431761681193,9.539314825422705,9.38259782234446,9.409852981567383,7642800,,
2017-11-02,9.403040625229945,9.471178209944712,9.314461180267822,9.450736999511719,9130700,,
2017-11-03,9.389411926269531,9.43029499350082,9.328087650329751,9.389411926269531,7819900,,
2017-11-06,9.389411926269531,9.443922249368377,9.362156764720106,9.389411926269531,5686000,,
2017-11-07,9.375785521723008,9.416667942852111,9.123675092045646,9.130488395690918,9368300,,
2017-11-08,9.137302719199893,9.150930626671085,9.02146810495233,9.055537223815918,8270400,,
2017-11-09,8.994212200389047,9.110046805113575,8.91926066490261,9.001026153564453,10764900,,
2017-11-10,9.028281577632754,9.06916464805356,8.953330039978027,8.953330039978027,8767600,,
2017-11-13,8.919258337352796,9.116858379173898,8.885189230180709,9.103230476379395,8477100,,
2017-11-14,9.048720574987762,9.294017637894216,9.04190727309585,9.273575782775879,11459000,,
2017-11-15,9.17818535740221,9.294019966167404,9.10323316948687,9.205440521240234,8394000,,
2017-11-16,9.253136958706964,9.294020029650435,9.130488395690918,9.130488395690918,8297200,,
2017-11-17,9.075975976684601,9.23269362107927,9.075975976684601,9.225879669189453,6074700,,
2017-11-20,9.23950932846582,9.29401965431281,9.212254165542324,9.246322631835938,4565500,,
2017-11-21,9.27357608411691,9.300831242012805,9.198624562356752,9.232693672180176,5714000,,
2017-11-22,9.259948778824313,9.307645142424587,9.19862451144441,9.225879669189453,5128000,,
2017-11-24,9.26676100450863,9.294016157176605,9.171367645263672,9.171367645263672,2257300,,
2017-11-27,9.16455550089766,9.253134926980339,9.150928246784908,9.198624610900879,5934600,,
2017-11-28,9.22587885382174,9.532499513808423,9.20543764977307,9.518872261047363,11494500,,
2017-11-29,9.607452256780135,9.934514140506918,9.600638305082278,9.866375923156738,14562400,,
2017-11-30,9.93451530594672,10.063977804136751,9.791425552576529,9.811866760253906,13866100,,
2017-12-01,9.84593672530391,9.900447050372142,9.48480565927328,9.839122772216797,14848800,,
2017-12-04,10.023096034982286,10.172999760232667,9.975399660963038,10.016282081604004,9744000,,
2017-12-05,10.036724907676525,10.077607984713373,9.832311471935684,9.852752685546875,8688400,,
2017-12-06,9.873193886417617,10.036724894725053,9.825497504781563,9.893635749816895,11095700,,
2017-12-07,9.880006312014359,10.063979155252417,9.832309937759023,10.023096084594727,7786000,,
2017-12-08,10.09804645389757,10.118488311767578,9.961770650502288,10.118488311767578,6531500,,
2017-12-11,10.104858837808795,10.132113994256668,9.934513947556031,9.961769104003906,7732900,,
2017-12-12,10.016282020081325,10.172999697747388,9.954957739682188,10.09123420715332,9383200,,
2017-12-13,10.111674830645791,10.159371201604623,9.92088869699615,9.934515953063965,7884300,,
2017-12-14,9.995840444148717,9.995840444148717,9.777799143875782,9.839122772216797,10346400,,
2017-12-15,9.859720216032818,10.161829008820698,9.804791463671817,10.010774612426758,18245200,0.11,
2017-12-18,10.113768196590838,10.182429480310194,9.983312543287099,10.079438209533691,10669700,,
2017-12-19,10.148097754636451,10.148097754636451,10.031373977661133,10.031373977661133,13655400,,
2017-12-20,10.134363602035164,10.182426091762771,10.003907337342637,10.051970481872559,9899700,,
2017-12-21,10.09316915753935,10.244223575133699,10.058838518794843,10.189294815063477,6335200,,
2017-12-22,10.216758309808505,10.216758309808505,10.058837647188708,10.148097038269043,4921800,,
2017-12-26,10.12063473179974,10.216760400666603,10.0039109391766,10.0451078414917,4436200,,
2017-12-27,10.058839220378301,10.100036120705603,9.962714210952123,10.017642974853516,5264400,,
2017-12-28,10.045105300428498,10.12063217163086,9.990176547771801,10.12063217163086,6961500,,
2017-12-29,10.113764797682519,10.134363568757264,9.983309188220677,9.997041702270508,7305700,,
2018-01-02,10.100035357211793,10.127499737086369,9.94898094050039,10.024508476257324,13411000,,
2018-01-03,10.051970514521132,10.154961751358323,9.997041767567653,10.10689926147461,15133700,,
2018-01-04,10.216757480662192,10.237355598531414,10.127498096825748,10.196159362792969,15114300,,
2018-01-05,10.237355065967348,10.306016328362697,10.203024434769674,10.285417556762695,9988300,,
2018-01-08,10.237354771993624,10.306016032417311,10.196158539581258,10.264819145202637,11481400,,
2018-01-09,10.312884755274181,10.566930431901516,10.278554116853739,10.457072257995605,6983800,,
2018-01-10,10.56006253315662,10.772911279661049,10.50513378213597,10.62872314453125,8935400,,
2018-01-11,10.676785501706386,10.752312365063215,10.621856754755543,10.731714248657227,6850300,,
2018-01-12,10.779776739339232,10.882768630981445,10.745446108791828,10.882768630981445,7951800,,
2018-01-16,10.98576057228243,10.98576057228243,10.70425056238607,10.766045570373535,10524200,,
2018-01-17,10.814109045516043,10.848439681382926,10.669920898717065,10.820975303649902,9992400,,
2018-01-18,10.855304692833958,10.88963466995578,10.642455298746007,10.649321556091309,9854500,,
2018-01-19,10.669922510241303,10.855307579040527,10.656190646702017,10.855307579040527,9001600,,
2018-01-22,10.869038455947871,11.020092215180759,10.81410969717183,11.00636100769043,10999700,,
2018-01-23,11.020089549027437,11.212340813033588,10.903366455969676,11.013224601745605,24556300,,
2018-01-24,11.075018130234108,11.143679388475297,10.937696923356306,11.061286926269531,12994400,,
2018-01-25,11.109351098955457,11.143681078480109,10.999493592950849,11.02009105682373,12549600,,
2018-01-26,11.08188612062168,11.129948616027832,11.040689883074233,11.129948616027832,8683800,,
2018-01-29,11.136816221169045,11.191744981078939,11.102486237327215,11.143682479858398,7159600,,
2018-01-30,11.054422378540039,11.164279884868494,11.026957347155538,11.054422378540039,8264500,,
2018-01-31,11.075021770284105,11.157415569174983,11.054424302765138,11.109353065490723,9993900,,
2018-02-01,11.081885236661051,11.226074020982885,11.081885236661051,11.219207763671875,12872400,,
2018-02-02,11.198609464388145,11.349664512396426,11.006359489984487,11.040689468383789,12434600,,
2018-02-05,10.923966253829963,11.102485031550456,10.587527472219925,10.594393730163574,20177800,,
2018-02-06,10.409008812670008,10.752313856121143,10.360946316123618,10.663054466247559,29742700,,
2018-02-07,10.621859780536825,10.827842967680754,10.608127262486063,10.7385835647583,14957100,,
2018-02-08,10.793508329175705,10.793508329175705,10.367810249328613,10.367810249328613,18378500,,
2018-02-09,10.546331136950712,10.663054908954408,10.278553611014827,10.58066177368164,12596300,,
2018-02-12,10.656188174843939,10.752313161728894,10.518865642489951,10.62872314453125,10565200,,
2018-02-13,10.580663329319306,10.717985241630542,10.560065206173253,10.656190872192383,9891600,,
2018-02-14,10.635591884630454,10.917101963020931,10.580663120788532,10.910236358642578,13726900,,
2018-02-15,10.951432013096042,10.972030134724493,10.827842628522845,10.889636993408203,10831700,,
2018-02-16,10.841573250877463,10.923966382766555,10.800376357531714,10.869037628173828,13753000,,
2018-02-20,10.869036507411375,10.965162145437839,10.820974015799312,10.917098999023438,7828400,,
2018-02-21,10.937698582122659,11.184878625435417,10.882769829120354,11.02009105682373,10175600,,
2018-02-22,11.081885958479662,11.123083505029115,10.77977781994318,10.800375938415527,7822400,,
2018-02-23,10.848441443011215,10.978897094726562,10.827843320067217,10.978897094726562,5484500,,
2018-02-26,10.992628490595193,11.088753491052037,10.937699731819151,11.00636100769043,9520100,,
2018-02-27,10.965165002624019,11.150549414863434,10.862173080444336,10.862173080444336,9914300,,
2018-02-28,10.903369473150425,11.026958857294272,10.779779434204102,10.779779434204102,7339000,,
2018-03-01,10.793510774658808,10.855305787392732,10.663054491153321,10.71798324584961,8245800,,
2018-03-02,10.66305418375632,10.862171077490771,10.505134182257652,10.84843921661377,6811900,,
2018-03-05,10.731713382160049,11.026955209481908,10.690516497872068,10.99262523651123,6382200,,
2018-03-06,11.054422796843694,11.164280307329197,10.910234650630866,11.12308406829834,8213400,,
2018-03-07,10.985759674785356,11.198608401795033,10.985759674785356,11.178010940551758,7066200,,
2018-03-08,11.184876364727534,11.226072593751411,10.985758856837196,11.095616340637207,5444100,,
2018-03-09,11.17801064906995,11.32906436920166,11.088750620661317,11.32906436920166,7147300,,
2018-03-12,11.335932139454966,11.397727149032988,11.294735902937866,11.315333366394043,8384200,,
2018-03-13,11.356529893589055,11.383993612268116,11.12308239159621,11.184877395629883,7645600,,
2018-03-14,11.212342347134182,11.232941120611835,10.98576107729908,11.02009105682373,6970600,,
2018-03-15,11.068153347232421,11.088750808287106,10.930830828713084,11.013224601745605,8269900,,
2018-03-16,11.027050947454823,11.179148388331978,11.027050947454823,11.110013008117676,17423900,0.11,
2018-03-19,11.110014798004954,11.144583153005115,10.874955258595502,11.006312370300293,8645400,,
2018-03-20,11.047793272736541,11.103101323065529,10.923350489158306,10.944090843200684,6871900,,
2018-03-21,10.978656768798828,11.110013202313406,10.874953696664713,10.978656768798828,5759300,,
2018-03-22,10.888781333199283,10.944089376114068,10.57767342697265,10.584587097167969,11080500,,
2018-03-23,10.626070141024833,10.626070141024833,10.149038000945286,10.162864685058594,9354500,,
2018-03-26,10.349529945147971,10.577675839027117,10.301134902068979,10.563848495483398,7782100,,
2018-03-27,10.584587200938753,10.626067903869577,10.238911599670423,10.321873664855957,8929000,,
2018-03-28,10.404837454206454,10.460145506828464,10.238913296340426,10.3840970993042,9831700,,
2018-03-29,10.425575240849987,10.494710619258537,10.30804549314975,10.43940258026123,7864800,,
2018-04-02,10.418662487999168,10.467057520873507,10.031506180947794,10.142122268676758,8458800,,
2018-04-03,10.211259196803985,10.280393932423731,10.059161723522159,10.252739906311035,10744200,,
2018-04-04,10.100642505461408,10.41866413769996,10.059161795656898,10.3840970993042,6571200,,
2018-04-05,10.432491321182976,10.473972030353954,10.321875217628387,10.41866397857666,7539100,,
2018-04-06,10.301132263788315,10.314959603790637,9.948543664939272,10.066073417663574,8954900,,
2018-04-09,10.135207500993722,10.356439652498189,10.093726802248545,10.107553482055664,7858700,,
2018-04-10,10.266566917515986,10.335701650903331,10.176691170720865,10.280393600463867,8878100,,
2018-04-11,10.218169718885296,10.259651077608197,10.114467311063786,10.128293991088867,6976500,,
2018-04-12,10.225087392925767,10.42557927673513,10.197433362721856,10.363357543945312,8687800,,
2018-04-13,10.473971033275323,10.487798374565333,10.114468730946035,10.135209083557129,8693500,,
2018-04-16,10.211257653169305,10.231998004787513,10.052246532566002,10.142122268676758,8275100,,
2018-04-17,10.204343886709259,10.204343886709259,9.94854402141522,10.010765075683594,8358100,,
2018-04-18,10.017679214477539,10.114468624517388,9.94163081615446,10.017679214477539,8137600,,
2018-04-19,10.017680244067277,10.169777715669511,10.017680244067277,10.14903736114502,7123900,,
2018-04-20,10.169778490092217,10.280394601744836,10.121384106075203,10.197432518005371,7565300,,
2018-04-23,10.24582584695627,10.384096631607614,10.190517796825318,10.377182960510254,12391800,,
2018-04-24,10.39792368918832,10.43940505794338,10.1282964405904,10.26656723022461,11395300,,
2018-04-25,10.287306407089739,10.473970896805291,10.204344338402391,10.411749839782715,8844000,,
2018-04-26,10.418663354982968,10.473971403449882,10.356441635626705,10.391009330749512,7904300,,
2018-04-27,10.384097056843233,10.4739721474935,10.356442371321315,10.467059135437012,5593900,,
2018-04-30,10.480884141855096,10.543105855675496,10.308046340942383,10.308046340942383,6172900,,
2018-05-01,10.252740219889017,10.30113460223537,10.149037783625685,10.238913536071777,6804500,,
2018-05-02,10.204344471359338,10.26656618851654,10.114468730946035,10.135209083557129,8852300,,
2018-05-03,10.086818292496318,10.100644979376343,9.858672354720559,9.996942520141602,7605500,,
2018-05-04,10.038421890742725,10.232000083597205,9.858670382001552,10.162864685058594,5924400,,
2018-05-07,10.190517911592703,10.259653304696991,10.09372915243547,10.18360424041748,4953100,,
2018-05-08,10.176691652158294,10.384097180780177,10.155950637769305,10.273480415344238,8858200,,
2018-05-09,10.3287863227118,10.49471110673471,10.287305621198968,10.432489395141602,7661100,,
2018-05-10,10.418664095097647,10.529280199889353,10.349529359264826,10.467059135437012,6562600,,
2018-05-11,10.480885350533727,10.529279729386587,10.425577300609325,10.460144996643066,5569900,,
2018-05-14,10.487800954829702,10.508541312543448,10.397925192304688,10.446319580078125,5670800,,
2018-05-15,10.432489710441512,10.577673488772017,10.404835688822553,10.473970413208008,8096100,,
2018-05-16,10.45322926034864,10.529277649138981,10.411748560762577,10.43940258026123,9524300,,
2018-05-17,10.439404873996146,10.619155710570142,10.384096822846614,10.612242698669434,8798700,,
2018-05-18,10.563849844046782,10.605331220649356,10.45323371887207,10.45323371887207,8085500,,
2018-05-21,10.42557616359454,10.619154317218289,10.42557616359454,10.52236557006836,8424500,,
2018-05-22,10.522367122360555,10.722858975879019,10.522367122360555,10.619155883789062,7810900,,
2018-05-23,10.591502551027958,10.632983922443893,10.42557838401228,10.49471378326416,5839200,,
2018-05-24,10.49471142391514,10.501624434826967,10.280392261875296,10.473970413208008,6443500,,
2018-05-25,10.411748560762577,10.487796949552916,10.384094541263922,10.43940258026123,5852000,,
2018-05-29,10.287307271956651,10.335701651261868,9.948545298172192,9.983112335205078,11540800,,
2018-05-30,10.079902229648347,10.301134441872223,10.079902229648347,10.273480415344238,9663500,,
2018-05-31,10.238912892296254,10.356442004987139,10.16977749958494,10.280393600463867,12484800,,
2018-06-01,10.480884708415168,10.619154824754961,10.404836309259263,10.501625061035156,11876500,,
2018-06-04,10.5223647597391,10.626067169220422,10.5223647597391,10.55693244934082,7395500,,
2018-06-05,10.522367783500297,10.563848495483398,10.453232384429754,10.563848495483398,5293100,,
2018-06-06,10.591501605218392,10.798907125128919,10.584588593369753,10.778166770935059,7902200,,
2018-06-07,10.785079330744363,10.895695420811665,10.688289922273523,10.757425308227539,8099100,,
2018-06-08,10.750512724225782,10.874955508465867,10.68137733128487,10.847301483154297,8093900,,
2018-06-11,10.861127727834658,10.957917136305499,10.729771285710713,10.757425308227539,5178600,,
2018-06-12,10.833474821668002,10.881869201228335,10.736685403223364,10.778166770935059,9993300,,
2018-06-13,10.8196478126664,10.951004931697115,10.695205024345292,10.750513076782227,8927700,,
2018-06-14,10.778163780866018,10.812731467815363,10.57075831849374,10.66063404083252,8168100,,
2018-06-15,10.625822270808387,10.7372331434465,10.47263198890039,10.674564361572266,15489000,0.11,
2018-06-18,10.604932234142854,10.723306452336145,10.535300770774624,10.674564361572266,7630700,,
2018-06-19,10.604929690428197,10.723303880228073,10.535298243761872,10.702414512634277,6669800,,
2018-06-20,10.737233071688088,10.799901853143497,10.730269726179447,10.758122444152832,6080300,,
2018-06-21,10.758122664641446,10.967018385753756,10.611895726268948,10.86953353881836,11579500,,
2018-06-22,10.946126718820965,11.00183214423493,10.674562271882097,10.688488960266113,10115400,,
2018-06-25,10.660637059281106,10.667599739942213,10.45174136604248,10.584041595458984,7399600,,
2018-06-26,10.597968436376926,10.597968436376926,10.409962110556714,10.479594230651855,6192900,,
2018-06-27,10.500483940432424,10.542263346652044,10.305514927550176,10.361220359802246,7933700,,
2018-06-28,10.38210916125471,10.472630649713041,10.312477706790602,10.368183135986328,8872000,,
2018-06-29,10.44477663668537,10.57011416882512,10.256770338475746,10.277660369873047,17854600,,
2018-07-02,10.34033030703435,10.361219676736457,10.228918785813905,10.326403617858887,10078000,,
2018-07-03,10.340328832335503,10.423886963288274,10.235880670598794,10.249807357788086,4920700,,
2018-07-05,10.340330667546121,10.361220037976528,10.22195646167196,10.270698547363281,6477600,,
2018-07-06,10.249810058422469,10.382110301274427,10.187141277680583,10.354257583618164,5792900,,
2018-07-09,10.409963277695146,10.5910062789917,10.361221186600378,10.5910062789917,8028400,,
2018-07-10,10.591004585609655,10.639746668911116,10.361219529958369,10.430850982666016,8542900,,
2018-07-11,10.40299841614067,10.472630533895813,10.31247759274451,10.326403617858887,8612600,,
2018-07-12,10.382109408406935,10.402998778837341,10.173213711919527,10.270698547363281,7513500,,
2018-07-13,10.263734789984255,10.277661479085488,10.096618505135975,10.201066017150879,9413400,,
2018-07-16,10.235884219644797,10.403000539493892,10.221958191687985,10.375147819519043,6779600,,
2018-07-17,10.396034808505322,10.472629599956456,10.340329384893403,10.389071464538574,5890200,,
2018-07-18,10.458704860247758,10.52137297146005,10.389072740152617,10.479594230651855,8219900,,
2018-07-19,10.458705132388666,10.479594503336315,10.340330923583437,10.444778442382812,11357900,,
2018-07-20,10.43084931915134,10.542260821025582,10.375143900244705,10.514408111572266,10098000,,
2018-07-23,10.528334899876933,10.723303880228073,10.514408876168076,10.702414512634277,9975500,,
2018-07-24,10.709380129631432,10.737232847022025,10.549226506589642,10.646711349487305,9887700,,
2018-07-25,10.46566537198323,10.660635002217424,10.416923296455169,10.514408111572266,12155500,,
2018-07-26,10.56315112441381,10.723304051966192,10.542261756485464,10.660635948181152,11046600,,
2018-07-27,10.695452826327587,10.827753724401298,10.674563455496363,10.799901008605957,8294400,,
2018-07-30,10.820791520669182,10.946129086997702,10.779012110539277,10.785975456237793,8038500,,
2018-07-31,10.848641631103536,10.897383711151885,10.688488702909794,10.7511568069458,7668400,,
2018-08-01,10.827754866367698,10.869533612436408,10.716343991436212,10.785975456237793,8153500,,
2018-08-02,10.751156344266992,10.946125984191895,10.695450922591593,10.946125984191895,7707200,,
2018-08-03,10.953089714050293,11.008795805127862,10.897384287033795,10.953089714050293,7706200,,
2018-08-06,10.953091729545564,11.015760512486171,10.883460264992484,10.994871139526367,6802900,,
2018-08-07,10.99486887687013,11.120206416957881,10.987905532629465,11.05057430267334,7747800,,
2018-08-08,11.071464588807965,11.231617535248533,11.036649192841658,11.196802139282227,9731700,,
2018-08-09,11.189838947007466,11.287323119539835,11.0714647397372,11.092354774475098,8002300,,
2018-08-10,10.946126881087158,11.071463758096057,10.904347479376817,11.029685020446777,8476100,,
2018-08-13,11.036648033027925,11.113242825790202,10.932199863921866,10.939163208007812,7755400,,
2018-08-14,10.960053877379567,11.155023550566547,10.960053877379567,11.092354774475098,10087500,,
2018-08-15,11.036648576308147,11.15502277535204,10.987905829368202,11.0784273147583,9723600,,
2018-08-16,11.113243401386967,11.21769157590279,11.092354032108233,11.141096115112305,9380200,,
2018-08-17,11.141095578659352,11.238579739973552,11.134132234548039,11.21072769165039,6581800,,
2018-08-20,11.210728077158025,11.266433503842002,11.148059306123283,11.217691421508789,5712000,,
2018-08-21,11.231617567467653,11.370881807976822,11.2246555507522,11.287322998046875,7570000,,
2018-08-22,11.182875481726112,11.35695511830146,11.182875481726112,11.287322998046875,6035800,,
2018-08-23,11.287324332028474,11.308214369010386,11.189840149024317,11.266435623168945,9927900,,
2018-08-24,11.3151763773976,11.3151763773976,11.217692205914519,11.287322998046875,9928400,,
2018-08-27,11.32910442352295,11.412661915335129,11.294287695165886,11.32910442352295,4708800,,
2018-08-28,11.363919823757627,11.363919823757627,11.25947229493121,11.32910442352295,8260800,,
2018-08-29,11.322139180185577,11.405696657992964,11.231617029751714,11.356954574584961,7239900,,
2018-08-30,11.370880868028303,11.384807556552447,11.29428540926763,11.322138786315918,11956800,,
2018-08-31,11.280360981331421,11.343029756748326,11.252507601980698,11.287322998046875,7635400,,
2018-09-04,11.266431898073547,11.440511497665234,11.245541867998643,11.419621467590332,9519900,,
2018-09-05,11.412658124232031,11.489253573051396,11.37087939220417,11.419621467590332,8820800,,
2018-09-06,11.433549281045572,11.503181393368651,11.377843856811523,11.377843856811523,10321400,,
2018-09-07,11.440514521135572,11.454441211532684,11.27339822073711,11.315176963806152,9637900,,
2018-09-10,11.349990599697861,11.37088063205055,11.217691045830437,11.238579750061035,8170300,,
2018-09-11,11.231618149545772,11.40569779514279,11.203766096873844,11.315176963806152,6741200,,
2018-09-12,11.32213875150978,11.343028784231775,11.029684934012401,11.05057430267334,12361900,,
2018-09-13,11.092355503160386,11.141097592628563,10.876496445116295,10.980944633483887,14794200,,
2018-09-14,10.9668938717151,11.065251907653145,10.959868824155409,11.002021789550781,15644000,0.14,
2018-09-17,11.044173507950497,11.051198554290808,10.910687577346744,10.994994163513184,14861900,,
2018-09-18,10.994996235600842,11.023098436285721,10.87556171518778,10.882587432861328,10617600,,
2018-09-19,10.910687313288468,11.121454108608225,10.89663655093871,11.044173240661621,10230300,,
2018-09-20,11.086327126561617,11.261966695717934,11.086327126561617,11.226838111877441,9069900,,
2018-09-21,11.268991732901025,11.283041825571463,11.184684476786513,11.205760955810547,11435900,,
2018-09-24,11.205760418522098,11.233862612543108,11.058223732409504,11.079300880432129,8140700,,
2018-09-25,11.128478170805625,11.135503885940885,10.994992263271959,11.00904369354248,7614800,,
2018-09-26,11.023096650549663,11.037148083620435,10.735048972690905,10.763151168823242,8455900,,
2018-09-27,10.763150905325904,10.79125310077026,10.538333341771063,10.587512016296387,23660700,,
2018-09-28,10.54535728626417,10.594535952526313,10.43294852337409,10.48212718963623,14197700,,
2018-10-01,10.580485195706185,10.60156167125285,10.446999287222786,10.489152908325195,14785100,,
2018-10-02,10.496181090461162,10.566436923292619,10.362695812092527,10.439976692199707,11464500,,
2018-10-03,10.489154535765316,10.770176486686289,10.475103103214677,10.728023529052734,16285200,,
2018-10-04,10.72802432820502,10.959867622487595,10.72802432820502,10.82638168334961,17688900,,
2018-10-05,10.875558998117059,10.931764055454268,10.71397155205117,10.78422737121582,13938700,,
2018-10-08,10.749101875174535,10.959868709983702,10.720999675200598,10.931766510009766,8761000,,
2018-10-09,10.882583885300805,10.973916175256022,10.819353786869572,10.847455978393555,9983400,,
2018-10-10,10.88961055842763,11.009045050411117,10.636690812467446,10.643715858459473,15092800,,
2018-10-11,10.615612826392706,10.713970832616727,10.32756519317627,10.32756519317627,18650200,,
2018-10-12,10.496183566438026,10.503209285380345,9.87793503972149,10.09572696685791,16977000,,
2018-10-15,10.095725903692957,10.158956027496297,9.997367858886719,9.997367858886719,10685100,,
2018-10-16,10.046545024648188,10.053570741317985,9.828752497949,10.032493591308594,11199600,,
2018-10-17,10.004390855201565,10.215157653866402,9.920084269737467,10.109774589538574,7782000,,
2018-10-18,10.102749977802265,10.194082289542886,9.941161835489089,9.983315467834473,13882100,,
2018-10-19,9.948185648947103,10.144900998895508,9.877930501827237,9.976287841796875,12320200,,
2018-10-22,10.039518639943376,10.095723029543446,9.575832090738205,9.596908569335938,18800200,,
2018-10-23,9.343987765611288,9.82875073891334,9.28075766691774,9.716341972351074,19862600,,
2018-10-24,9.688239309946681,9.688239309946681,9.224552835403893,9.24562931060791,12298400,,
2018-10-25,9.329937921110396,9.63906275172472,9.266707811666139,9.547730445861816,17823300,,
2018-10-26,9.421269011919472,9.688240178470153,9.393166819125144,9.561779975891113,20689400,,
2018-10-29,9.709316940363367,9.906032965702988,9.653112553126087,9.751470565795898,12044800,,
2018-10-30,9.80064883189145,9.906032556110828,9.61095920031116,9.89198112487793,19465500,,
2018-10-31,9.997366353327841,10.243261093308096,9.955213390479907,10.067622184753418,12341000,,
2018-11-01,10.12382630537222,10.180030700973832,10.025468948074021,10.102749824523926,10615700,,
2018-11-02,10.067622463016983,10.215159177081116,9.884957832269142,10.039520263671875,16853600,,
2018-11-05,10.046548274280545,10.158957097319915,9.997368911693743,10.09572696685791,10862700,,
2018-11-06,10.095723685842405,10.390797085429382,10.060595772556486,10.250286102294922,11332900,,
2018-11-07,10.285413463214786,10.383770811122133,10.102748859945164,10.299464225769043,11174900,,
2018-11-08,10.257310722475776,10.439974646019698,10.22920852885293,10.348642349243164,9805900,,
2018-11-09,10.327569290172567,10.425927335415697,10.222186196705147,10.306492805480957,11361200,,
2018-11-12,10.278388294845222,10.362694884692461,10.222183901613729,10.236234664916992,7758200,,
2018-11-13,10.215158862966288,10.383772053852097,10.201108098730433,10.278388977050781,11095200,,
2018-11-14,10.355668068434992,10.362693784345218,9.934135163958642,10.158952713012695,14181000,,
2018-11-15,10.088696628634944,10.390795704739148,9.948185664171055,10.383769989013672,18019400,,
2018-11-16,10.313515791309166,10.49617972692477,10.257311400349105,10.390796661376953,17297600,,
2018-11-19,10.411874773547568,10.517258525633617,10.278389491583061,10.425926208496094,11997300,,
2018-11-20,10.348643451379978,10.390797081308207,10.173004555029259,10.236234664916992,12023300,,
2018-11-21,10.264340878971058,10.355673221221798,10.10275335268785,10.130855560302734,11393700,,
2018-11-23,10.081671850783346,10.243259296707828,10.02546746350447,10.16597843170166,4301900,,
2018-11-26,10.27839004345416,10.447003251833925,10.27839004345416,10.362696647644043,7929800,,
2018-11-27,10.348644138248572,10.418899969455623,10.229210297211402,10.278388977050781,9994800,,
2018-11-28,10.313516616821289,10.376746729214705,10.151928477370419,10.313516616821289,10107700,,
2018-11-29,10.173003202649726,10.29243768989156,10.102748055454553,10.187054634094238,8405300,,
2018-11-30,10.144902362437161,10.29243906223065,10.144902362437161,10.250286102294922,12612500,,
2018-12-03,10.404848100760294,10.432950296258255,10.102748996650318,10.173004150390625,14556200,,
2018-12-04,10.123828243276593,10.151930446456726,9.55475846137655,9.610962867736816,17272700,,
2018-12-06,9.4634235845009,9.610960278958926,9.245631066011741,9.57583236694336,24255700,,
2018-12-07,9.547729627543083,9.681214881588568,9.393167225483186,9.428295135498047,18071300,,
2018-12-10,9.393170028136094,9.407221464338246,9.020815678900663,9.147275924682617,10966500,,
2018-12-11,9.259682536226165,9.3088612112411,8.915429801094033,8.964609146118164,12091400,,
2018-12-12,9.091067030927587,9.161322842406731,8.894351696798687,8.936505317687988,16674300,,
2018-12-13,8.971635153786945,8.999737350423326,8.66953603743893,8.718714714050293,13859700,,
2018-12-14,8.662511029630654,8.795996977083533,8.53605079941409,8.550102233886719,13371100,,
2018-12-17,8.521672409027117,8.635389365755064,8.436384691481159,8.457706451416016,15167400,0.14,
2018-12-18,8.507459494411323,8.578532264875426,8.308454110375916,8.358205795288086,14139700,,
2018-12-19,8.365315035383821,8.514568088096933,8.130772877875327,8.173417091369629,19903300,,
2018-12-20,8.123663070897218,8.34398950538853,8.109448112384731,8.237380027770996,18955000,,
2018-12-21,8.194735830040065,8.36531194315726,8.159199111565377,8.237380027770996,43622000,,
2018-12-24,8.152093269244153,8.24448847702642,7.960195373587152,8.024161338806152,10457000,,
2018-12-26,8.05258771879712,8.3866317085229,7.9033340789457185,8.379524230957031,12572400,,
2018-12-27,8.244485114605688,8.393738746643066,8.109445759149503,8.393738746643066,13689600,,
2018-12-28,8.450599670410156,8.55720914814877,8.351096994129328,8.450599670410156,12186400,,
2018-12-31,8.464812535352179,8.585636951410967,8.329773840948695,8.471920013427734,12627900,,
2019-01-02,8.372416866278243,8.642494917165461,8.329773355920796,8.628280639648438,10385800,,
2019-01-03,8.571423017941319,8.7206766745012,8.528778825578591,8.557208061218262,8967000,,
2019-01-04,8.720678398564539,8.813072924304878,8.670926718004461,8.798858642578125,11130000,,
2019-01-07,8.74910485101296,8.955216953901166,8.678031431614395,8.834392547607422,9592800,,
2019-01-08,8.926788073178923,8.948109828715452,8.734890239930987,8.91968059539795,10149100,,
2019-01-09,8.92678790839927,9.026289884270629,8.855714487514264,8.990753173828125,7867300,,
2019-01-10,8.962325321863618,9.004969516526101,8.834394093489129,8.926789283752441,8618200,,
2019-01-11,8.905470915883553,9.047617166685635,8.827290647394106,8.976544380187988,8150600,,
2019-01-14,8.919682944076442,9.140009390850558,8.891253703273119,9.118687629699707,11405000,,
2019-01-15,9.09736496611122,9.161330921025064,8.962325577336104,9.154223442077637,9649200,,
2019-01-16,9.282154276889194,9.466943963475314,9.175544138444382,9.431407928466797,8597500,,
2019-01-17,9.388763316360755,9.552231239047538,9.303475616114644,9.495372772216797,9049600,,
2019-01-18,9.55223383154397,9.687273235271752,9.410087625888337,9.658843994140625,14025800,,
2019-01-22,9.60198427990552,9.687271992356147,9.559340084776963,9.609091758728027,14975000,,
2019-01-23,9.694380223151894,9.729916264407914,9.523804107212914,9.637521743774414,17047200,,
2019-01-24,9.538019669001075,9.687273356255147,9.402980263586802,9.559341430664062,17733600,,
2019-01-25,9.637520533901485,9.751237478380672,9.559339626217202,9.630413055419922,12721100,,
2019-01-28,9.530910623837922,9.680164286578837,9.495373908365044,9.644627571105957,12595300,,
2019-01-29,9.637521743774414,9.751238702529374,9.580662586590394,9.637521743774414,8231300,,
2019-01-30,9.651734503356135,9.680163738563703,9.573554275986933,9.5877685546875,7524200,,
2019-01-31,9.530911063269532,9.566447780380864,9.29636967926384,9.410086631774902,17579000,,
2019-02-01,9.47405026441155,9.530908726727995,9.410084324853965,9.46694278717041,10660200,,
2019-02-04,9.45983773978762,9.545125449058384,9.374549352710396,9.53091049194336,8219000,,
2019-02-05,9.53091040886478,9.552232166545,9.388764227985895,9.452730178833008,7927300,,
2019-02-06,9.417193058534005,9.516695719766565,9.388763823582764,9.509588241577148,9236300,,
2019-02-07,9.673058543384538,9.992888362215243,9.665951741260095,9.921814918518066,30562900,,
2019-02-08,9.85784820882388,9.89338492798346,9.616199331906584,9.68016529083252,10787800,,
2019-02-11,9.715702082876707,9.822311563348663,9.694380322343626,9.758345603942871,13725900,,
2019-02-12,9.850739479064941,9.985778859169335,9.815203442222533,9.850739479064941,12941300,,
2019-02-13,9.893385398166233,9.957351360132149,9.850741197586764,9.872063636779785,8677500,,
2019-02-14,9.758343900238346,9.808095569871478,9.644626960173634,9.729914665222168,8564300,,
2019-02-15,9.829418815048582,9.971565011653192,9.779667815688601,9.957350730895996,8385000,,
2019-02-19,9.893382966015107,10.071065848769967,9.843631975741797,10.035529136657715,7375800,,
2019-02-20,10.056851998916262,10.191891384233998,9.992886723446604,10.14214038848877,19086800,,
2019-02-21,10.149248542515695,10.177677783561139,10.049746537759924,10.092390060424805,10406600,,
2019-02-22,10.113710503295382,10.227428130459067,10.05685202861678,10.184783935546875,12013300,,
2019-02-25,10.255857654240021,10.383788886936696,10.227428416106704,10.234535217285156,14219100,,
2019-02-26,10.191889008460397,10.298498453865182,10.078172085946939,10.163459777832031,11996100,,
2019-02-27,10.156356390117134,10.234536636372345,10.113712188101003,10.213214874267578,8495700,,
2019-02-28,10.227427719096326,10.27007123448685,10.19189100439992,10.241641998291016,8890400,,
2019-03-01,10.270071934403429,10.383788886936696,10.177676741018523,10.234535217285156,12398500,,
2019-03-04,10.241644116342801,10.341146802509376,10.092390425996236,10.213214874267578,10686100,,
2019-03-05,10.198998862999453,10.22032062148934,9.985779244681149,10.14214038848877,10636700,,
2019-03-06,10.142142334320956,10.184785859482151,9.950244437675751,9.971566200256348,9192000,,
2019-03-07,9.91470503173054,9.91470503173054,9.70148543020599,9.729914665222168,18118200,,
2019-03-08,9.658844359158387,9.800990570185872,9.63041511695289,9.779668807983398,14976900,,
2019-03-11,9.793881830675573,9.907598784873398,9.729915874487668,9.73702335357666,21784000,,
2019-03-12,9.779666150067383,9.843632097096748,9.71570020303802,9.751236915588379,14741300,,
2019-03-13,9.793881311248224,9.950242453880735,9.765452074206538,9.893383979797363,12356100,,
2019-03-14,9.907600025323008,10.035531953716129,9.886278263193022,9.999995231628418,11941400,,
2019-03-15,10.014349998185935,10.064601683042499,9.87077522277832,9.87077522277832,50648700,0.14,
2019-03-18,9.942564012108239,10.050244933982034,9.921027280038597,9.992815017700195,36485000,,
2019-03-19,10.043063856452736,10.050242765593733,9.727199385051911,9.748735427856445,12847900,,
2019-03-20,9.734378698742866,9.813344648720195,9.274938763902124,9.303653717041016,17573800,,
2019-03-21,9.267762537244298,9.339550283181495,9.038042845635161,9.059578895568848,43579100,,
2019-03-22,8.994969094544233,9.00214800529024,8.722176647763487,8.793964385986328,31984800,,
2019-03-25,8.793963438819624,8.937538215182768,8.750890663601412,8.84421443939209,16680500,,
2019-03-26,8.887286735265612,9.038040413470496,8.865750691127342,9.023682594299316,13635500,,
2019-03-27,9.002147677485643,9.102650370414192,8.95907489919667,9.052398681640625,16554900,,
2019-03-28,9.059578555123627,9.18161730785962,9.002148634379472,9.16726016998291,11929000,,
2019-03-29,9.253402405045744,9.260580629622124,9.095469825851545,9.102648735046387,12533100,,
2019-04-01,9.167256463975864,9.461584859957457,9.167256463975864,9.432869911193848,15140700,,
2019-04-02,9.404157041982709,9.56926786273002,9.368263176936349,9.461586952209473,9446300,,
2019-04-03,9.569270576414901,9.676951517471961,9.447231811420245,9.483125686645508,11723300,,
2019-04-04,9.447229145753068,9.612340651353275,9.418514190598929,9.562088966369629,13264600,,
2019-04-05,9.576446704817869,9.612340569609936,9.490301840088023,9.554910659790039,12583900,,
2019-04-08,9.547732185463174,9.619519233703613,9.526196139452898,9.619519233703613,11993500,,
2019-04-09,9.569270403934087,9.597985366672981,9.41851667840022,9.454410552978516,12937600,,
2019-04-10,9.49748161413377,9.554912217937572,9.33237076763109,9.547733306884766,11536300,,
2019-04-11,9.619518974300062,9.691306705223207,9.526195882565933,9.583625793457031,8451200,,
2019-04-12,9.7200244407363,9.913850958894852,9.662594513419412,9.827705383300781,14201700,,
2019-04-15,9.83488167016583,9.849239490471918,9.648234113898013,9.662591934204102,8636700,,
2019-04-16,9.684128857355716,9.849240382740849,9.540554064380787,9.806167602539062,15827500,,
2019-04-17,9.834882656295271,9.928206443786621,9.748737779676786,9.928206443786621,9547300,,
2019-04-18,9.921024967524493,9.921024967524493,9.763093076871444,9.770271301269531,13804800,,
2019-04-22,9.777451262453116,9.84206008131768,9.705664218418006,9.79180908203125,7472400,,
2019-04-23,9.813346435022194,9.91384913161184,9.684128780066732,9.899491310119629,9995700,,
2019-04-24,9.870773917826034,9.8923099601354,9.712841343447653,9.863595008850098,8957600,,
2019-04-25,9.720023418502603,10.021530847516756,9.483124822079864,9.820526123046875,17189100,,
2019-04-26,9.820522924231366,9.956918771681938,9.755914112684826,9.863595008850098,11406300,,
2019-04-29,9.885135384095761,10.093319028903377,9.849241510587131,9.999995231628418,12201500,,
2019-04-30,10.043066023292152,10.071780981433072,9.90667014327744,9.992815017700195,11065200,,
2019-05-01,9.964098742910185,10.071779650555099,9.755915152743109,9.885132789611816,12682600,,
2019-05-02,9.899488827794887,10.043063583622173,9.885131694521379,10.007169723510742,8125700,,
2019-05-03,10.02153101780631,10.129211950875977,10.007173194933728,10.11485481262207,8329900,,
2019-05-06,9.956921323263852,10.093317890286142,9.906670316791754,10.021530151367188,5941900,,
2019-05-07,9.892312125545413,9.942563814758529,9.73438020121445,9.798988342285156,11266600,,
2019-05-08,9.78463198605373,9.849240816895058,9.698487106471509,9.720023155212402,8576200,,
2019-05-09,9.619517801792334,9.798986422606507,9.533372945955744,9.748735427856445,8824100,,
2019-05-10,9.712843815950704,9.827703650330648,9.619520029362345,9.806167602539062,7429900,,
2019-05-13,9.626696243708434,9.669769011845451,9.34672564698231,9.37544059753418,11687700,,
2019-05-14,9.389801455833334,9.583627962421467,9.375444317170526,9.51901912689209,8338100,,
2019-05-15,9.389798930247538,9.418513884468354,9.231866339723794,9.310832977294922,13571900,,
2019-05-16,9.382622803821926,9.497482654777498,9.346729613862346,9.454410552978516,8698000,,
2019-05-17,9.36108350243652,9.626696986695942,9.353904593089878,9.490301132202148,14109500,,
2019-05-20,9.4400502358099,9.626697786621078,9.4400502358099,9.562088966369629,10814100,,
2019-05-21,9.626698669835879,9.70566531721857,9.590804801445437,9.655413627624512,9028300,,
2019-05-22,9.59798318282887,9.626698139034204,9.519017224418839,9.569268226623535,8565200,,
2019-05-23,9.475942582156513,9.49030039974166,9.303652878845295,9.37544059753418,9244500,,
2019-05-24,9.425695760132578,9.511840649901972,9.404159708844912,9.483125686645508,7099200,,
2019-05-28,9.447229987139396,9.533374860274025,9.375442935169835,9.389800071716309,14139400,,
2019-05-29,9.28929532333765,9.440048989142761,9.231865420613648,9.411334037780762,15448900,,
2019-05-30,9.411334875513688,9.533373600819855,9.224688017355875,9.28929615020752,13694500,,
2019-05-31,9.195974331435842,9.203152557441244,9.066756678678214,9.081113815307617,8581300,,
2019-06-03,9.045220135546064,9.274939785971583,9.030862315085189,9.210330963134766,8563900,,
2019-06-04,9.33954967765995,9.626699273554276,9.325191855555914,9.597984313964844,8095200,,
2019-06-05,9.597981635034198,9.669769356280144,9.44722796811247,9.626696586608887,8449200,,
2019-06-06,9.619520362502259,9.669772055247746,9.511839435196546,9.597984313964844,7441300,,
2019-06-07,9.590806189443525,9.633878974669342,9.504661303610586,9.51901912689209,8156600,,
2019-06-10,9.626698240228142,9.784630843326916,9.597983283720962,9.641056060791016,8007400,,
2019-06-11,9.741559203953296,9.892312914376845,9.669772146610768,9.720023155212402,7662300,,
2019-06-12,9.727199259429522,9.791808071627184,9.605160544082482,9.626696586608887,5527200,,
2019-06-13,9.669771017298196,9.755915886819736,9.590804373439525,9.641056060791016,6424400,,
2019-06-14,9.655565066995123,9.728108339068788,9.503223296260757,9.6918363571167,6982900,0.14,
2019-06-17,9.713598075814593,9.77163295894019,9.503221451526707,9.524984359741211,7905100,,
2019-06-18,9.532239870824736,9.742616516691248,9.488713358100773,9.699090003967285,9425500,,
2019-06-19,9.749870410688011,9.923975770677252,9.568511208398327,9.590274810791016,10491100,,
2019-06-20,9.64105708145085,9.684583603053259,9.36539095618384,9.619294166564941,10208000,,
2019-06-21,9.590274756048986,9.771633957303457,9.583020221959499,9.670072555541992,12814400,,
2019-06-24,9.648310728217572,9.81516088002357,9.568512227935985,9.713600158691406,9434300,,
2019-06-25,9.706344541937128,9.77163396513393,9.517730806442025,9.728107452392578,12249400,,
2019-06-26,9.800653329433816,9.931231509574586,9.728109357931823,9.757126808166504,14240000,,
2019-06-27,9.807905966805832,9.982010634519078,9.778887830356506,9.902212142944336,10397800,,
2019-06-28,10.025537490844727,10.156116351029443,9.836924427259662,10.025537490844727,14348600,,
2019-07-01,10.156116351029443,10.199642868367857,9.967502595613857,10.025537490844727,10904600,,
2019-07-02,10.0110281425715,10.047300121532539,9.807906028952324,9.880449295043945,6952900,,
2019-07-03,9.931229734115316,10.040045671914697,9.880449378240549,10.032791137695312,4493300,,
2019-07-05,10.119845457515215,10.272187246846867,10.040047640943623,10.098082542419434,7398300,,
2019-07-08,10.01103000386261,10.083573283441769,9.909468582255084,9.960248947143555,10361100,,
2019-07-09,9.894962334136727,10.076321609889616,9.865944877689493,10.047304153442383,6480600,,
2019-07-10,10.054557958889617,10.061812495930399,9.894962294976812,9.952997207641602,5578000,,
2019-07-11,9.974758077384273,10.076319499594835,9.91672317664412,10.054555892944336,6054200,,
2019-07-12,10.098081522511476,10.098081522511476,9.931230678747536,10.061809539794922,10259700,,
2019-07-15,10.06180960318803,10.06180960318803,9.873195845338032,9.92397689819336,6942500,,
2019-07-16,9.931232516665508,9.967504506094718,9.83692631271248,9.93848705291748,6524700,,
2019-07-17,9.865941935724104,9.894959383518506,9.749871452715968,9.858687400817871,9401900,,
2019-07-18,9.815163763414747,10.061812487960086,9.793400844140372,9.982014656066895,8705100,,
2019-07-19,9.996521121217418,10.192389432616213,9.952995291015862,10.06906509399414,7307500,,
2019-07-22,10.069062153663054,10.083570528883358,9.974755293324701,10.003772735595703,7102700,,
2019-07-23,10.054556950064502,10.221407826107818,9.996522043222653,10.214153289794922,8196500,,
2019-07-24,10.214152450076993,10.446292058359914,10.177880463325135,10.402766227722168,12123900,,
2019-07-25,10.264930874731942,10.591378001917795,10.170624695578777,10.453544616699219,14371400,,
2019-07-26,10.468053699604475,10.642158373119734,10.410018808432723,10.598631858825684,9807300,,
2019-07-29,10.569617301970558,10.63490674534034,10.388258044534792,10.395512580871582,9226500,,
2019-07-30,10.351986667985935,10.482564861904319,10.286697225111414,10.475310325622559,8031300,,
2019-07-31,10.439035265169016,10.511578526346726,10.308456426486565,10.33747386932373,12041400,,
2019-08-01,10.315713584284161,10.395511399427884,9.786144253005023,9.844179153442383,13769000,,
2019-08-02,9.844178131564867,9.88045011353064,9.633801466359998,9.778888702392578,9772200,,
2019-08-05,9.590273741133057,9.61203664926795,9.285590259923039,9.379897117614746,9904400,,
2019-08-06,9.488714348633051,9.524986331051066,9.292846750504612,9.47420597076416,6741900,,
2019-08-07,9.292847568325058,9.350882468569054,9.10423379661678,9.285593032836914,12029900,,
2019-08-08,9.365391786361915,9.532242660158982,9.358137250146683,9.430681228637695,6692800,,
2019-08-09,9.401663775607421,9.503225207128708,9.307356880301365,9.430681228637695,4737300,,
2019-08-12,9.314607537953313,9.350879512095322,9.220300681916235,9.24931812286377,6349800,,
2019-08-13,9.213048928548558,9.510477960960785,9.169523099909513,9.358136177062988,7400200,,
2019-08-14,9.118741926612365,9.20579427459984,8.944637230637417,9.024435043334961,8756700,,
2019-08-15,9.082470766255415,9.125996594968521,8.966400275415793,9.009926795959473,10787200,,
2019-08-16,9.118739452674516,9.387150959106126,9.096976544539622,9.379897117614746,10024600,,
2019-08-19,9.561258314331301,9.590275761902223,9.452442367067446,9.503223419189453,8416600,,
2019-08-20,9.41617107646876,9.43068014723549,9.300101277657216,9.358136177062988,8868100,,
2019-08-21,9.437932000528047,9.488712350119592,9.329116076192825,9.379897117614746,6829400,,
2019-08-22,9.423423758229351,9.495967714132185,9.307353982249165,9.365388870239258,8290700,,
2019-08-23,9.314610295735585,9.408917179694159,8.988163815467026,9.031689643859863,7562100,,
2019-08-26,9.125996588354706,9.16226857347639,9.031689703770558,9.155014038085938,4583200,,
2019-08-27,9.20579453641408,9.220303607406581,8.973654935178729,9.111488342285156,8397800,,
2019-08-28,9.067961744543771,9.365390779071916,9.046198830069429,9.336373329162598,8775400,,
2019-08-29,9.430678519063566,9.597528653091459,9.42342398493267,9.590274810791016,7798500,,
2019-08-30,9.670072547699332,9.735361970790864,9.597528590524199,9.612037658691406,7066500,,
2019-09-03,9.532239755476231,9.546748131655022,9.263828223779417,9.343626022338867,9304100,,
2019-09-04,9.445188457671634,9.4814597480075,9.343627045971862,9.466951370239258,7329600,,
2019-09-05,9.626548688191379,9.887705741935726,9.612039617068065,9.822416305541992,8269900,,
2019-09-06,9.829670841103649,9.873196670812412,9.757126869148259,9.822416305541992,5964200,,
2019-09-09,9.91672243153401,10.366493224391178,9.902213361523842,10.279440879821777,11258800,,
2019-09-10,10.322967651740306,10.48256397731796,10.30120473656218,10.424529075622559,10631700,,
2019-09-11,10.424527185310422,10.605886393179771,10.2141505318552,10.598631858825684,12800800,,
2019-09-12,10.46805745981314,10.743723637815666,10.330224024896514,10.627653121948242,11299100,,
2019-09-13,10.721956316669647,10.859789703889888,10.663921424733909,10.700193405151367,13025700,,
2019-09-16,10.590261912565111,10.751497931902321,10.516973321185269,10.714853286743164,10028000,0.15,
2019-09-17,10.641563871075043,10.692865950960956,10.546288080616621,10.66355037689209,5871500,,
2019-09-18,10.590262407598605,10.78081401218263,10.531631252178673,10.692867279052734,7187300,,
2019-09-19,10.656223431046163,10.766156680965276,10.582934131807715,10.604921340942383,4353600,,
2019-09-20,10.626906769193724,10.648893277151348,10.502315392536373,10.553617477416992,12947400,,
2019-09-23,10.465668205595245,10.656219758798247,10.429023568604157,10.590259552001953,5316800,,
2019-09-24,10.641565848587083,10.656223288876085,10.355738424096776,10.414369583129883,8164100,,
2019-09-25,10.414367270352813,10.590260708390488,10.370393561374197,10.53162956237793,6012300,,
2019-09-26,10.472998243114585,10.538958456022158,10.42902453486341,10.443682670593262,5361000,,
2019-09-27,10.568275580193365,10.670880448551786,10.414368627124977,10.516973495483398,7758000,,
2019-09-30,10.560945760638136,10.590261335380024,10.4363543932505,10.458341598510742,5242100,,
2019-10-01,10.51697286650875,10.612247961289704,10.187171773272977,10.20182991027832,6720000,,
2019-10-02,10.150525641102993,10.179841209857456,9.937987592898574,10.01860523223877,8297700,,
2019-10-03,9.996621824990887,10.106555067116801,9.820727659075516,10.099225997924805,6545000,,
2019-10-04,10.113883185061594,10.20915897878099,10.011278322839527,10.20182991027832,5746600,,
2019-10-07,10.194497215676805,10.267786476758243,10.12853702049115,10.143195152282715,5637000,,
2019-10-08,10.003948536088298,10.055251312985193,9.879357176241886,9.894015312194824,8385800,,
2019-10-09,9.959976359224942,10.040594016894328,9.872029632966035,9.945318222045898,4872800,,
2019-10-10,10.01127613088465,10.179841174846791,10.003947063986667,10.062578201293945,7461700,,
2019-10-11,10.297105577994566,10.385052302135108,10.238474428567537,10.253131866455078,7425400,,
2019-10-14,10.157853616789168,10.30443215383887,10.033262279659882,10.282444953918457,3477900,,
2019-10-15,10.311762244778118,10.494984747770982,10.245802031870545,10.443682670593262,5631800,,
2019-10-16,10.480326053288458,10.538957191295076,10.355734710289818,10.407036781311035,5819200,,
2019-10-17,10.458340928092067,10.465669297103936,10.319091432790682,10.392380714416504,5303700,,
2019-10-18,10.341078552328025,10.465669919134013,10.33375018288059,10.399709701538086,10829800,,
2019-10-21,10.516970300131772,10.575601435968942,10.458339164294602,10.524298667907715,5746900,,
2019-10-22,10.531629775240024,10.648892069635211,10.363065401781544,10.575603485107422,7156500,,
2019-10-23,10.553618551900048,10.648894361334605,10.494987392084713,10.604921340942383,9241300,,
2019-10-24,10.54628923663286,10.626906899424428,10.363066703884163,10.502315521240234,9814300,,
2019-10-25,10.4363549626671,10.634235627175215,10.4363549626671,10.612248420715332,7339300,,
2019-10-28,10.67820541063195,10.729508177907253,10.604916841427356,10.685534477233887,8242000,,
2019-10-29,10.626905065019681,10.729509917265272,10.546287416144242,10.597589492797852,8147800,,
2019-10-30,10.553618411098874,10.560947480712649,10.37039586438578,10.414369583129883,9602200,,
2019-10-31,10.348405758067596,10.480326169514626,10.135867705701994,10.355734825134277,13289800,,
2019-11-01,10.47300081265914,10.524302902423798,10.407040583568264,10.509645462036133,9100600,,
2019-11-04,10.604919844099262,10.788142367395677,10.560946130975202,10.773484230041504,6715300,,
2019-11-05,10.810128380469237,10.993350895392444,10.758826299951036,10.898075103759766,8422200,,
2019-11-06,10.868760849936093,10.978694092672061,10.832116202711266,10.92739200592041,9596900,,
2019-11-07,10.993351145440558,11.11061344582844,10.94937743332588,10.978693008422852,9075300,,
2019-11-08,10.94937743332588,10.986022076931706,10.839444201446852,10.978693008422852,7450700,,
2019-11-11,10.88341597936658,11.00067825891467,10.854100409479557,10.942047119140625,5536200,,
2019-11-12,10.964036653145238,10.993352231137397,10.868760849936093,10.92739200592041,4663800,,
2019-11-13,10.832113002252628,10.868757638650422,10.714850724930331,10.751495361328125,5863600,,
2019-11-14,10.722181278622063,10.824786134974332,10.685536637143509,10.766154289245605,6386800,,
2019-11-15,10.758824610821343,10.86142875574895,10.758824610821343,10.839442253112793,5977900,,
2019-11-18,10.824784598555853,10.846771100746965,10.758824393044215,10.7954683303833,7276500,,
2019-11-19,10.839442253112793,10.898073392768088,10.773482046266007,10.839442253112793,6612800,,
2019-11-20,10.766151921007612,10.832112121372017,10.670876852634859,10.744165420532227,7644500,,
2019-11-21,10.81745706689094,10.832114504119321,10.67087919991513,10.766154289245605,7202900,,
2019-11-22,10.80279939269177,10.920061691286989,10.780812886439774,10.890746116638184,5532900,,
2019-11-25,10.942050144385746,10.964036653145238,10.87608991916876,10.92739200592041,6741400,,
2019-11-26,10.927391306831694,10.927391306831694,10.81012900236501,10.824787139892578,7988900,,
2019-11-27,10.883417008275593,10.956705590452632,10.839443299818663,10.93471908569336,5373000,,
2019-11-29,10.89807589393015,10.978693554723751,10.876089386247981,10.912734031677246,3267700,,
2019-12-02,10.97136497439438,11.044653564909,10.846773601687213,10.868760108947754,5660200,,
2019-12-03,10.736842155456543,10.78081587910571,10.590264241523695,10.736842155456543,7930000,,
2019-12-04,10.7734822625776,10.942047316674785,10.74416669216135,10.883416175842285,5801300,,
2019-12-05,10.949377978168034,10.993351692470847,10.876089386247981,10.912734031677246,5641100,,
2019-12-06,11.06664015014653,11.176573379219217,11.000679933127547,11.147257804870605,6946200,,
2019-12-09,11.103283025175847,11.235203446516332,11.095954656497875,11.198558807373047,7230600,,
2019-12-10,11.169243903574236,11.308493400855768,11.147257398349193,11.264519691467285,5813800,,
2019-12-11,11.330480319284035,11.411097974008111,11.125271298843753,11.147257804870605,10854100,,
2019-12-12,11.191229905922482,11.455070037104656,11.183900838655063,11.433083534240723,13294100,,
2019-12-13,11.337808432864081,11.44774165267944,11.19855894223037,11.249861717224121,11648900,,
2019-12-16,11.374454118842003,11.433085267995752,11.242533683776855,11.242533683776855,15339400,,
2019-12-17,11.264738550584408,11.360955191519386,11.220330598675782,11.346152305603027,12084500,0.15,
2019-12-18,11.360954412908384,11.405361655933156,11.286941400079897,11.32394790649414,17565100,,
2019-12-19,11.36095386104309,11.36095386104309,11.205527106325537,11.220329284667969,7491800,,
2019-12-20,11.360952870180231,11.360952870180231,11.168519627629406,11.212926864624023,18442500,,
2019-12-23,11.24253593078898,11.264740263038998,11.12411564881778,11.190727233886719,5301200,,
2019-12-24,11.205526129018457,11.227729747515767,11.124111684794483,11.212926864624023,7036600,,
2019-12-26,11.249932485952085,11.249932485952085,11.168518753937258,11.235130310058594,6087700,,
2019-12-27,11.22033230437952,11.257338818955658,11.138918536984459,11.190727233886719,5085600,,
2019-12-30,11.242535288145833,11.249936731806093,11.116714275124002,11.131516456604004,5750900,,
2019-12-31,11.146316329907831,11.175921390703003,11.087105502477158,11.161118507385254,6654400,,
2020-01-02,11.190725767711584,11.220330834325617,10.990891744526975,11.09450912475586,9975100,,
2020-01-03,10.946481753979505,10.998290434449673,10.805857890200334,10.961284637451172,7858600,,
2020-01-06,10.805858539493356,10.83546360237524,10.717042645007327,10.78365421295166,7198700,,
2020-01-07,10.70964060020365,10.783652895445629,10.59122036314425,10.66523265838623,7101800,,
2020-01-08,10.672634607084131,10.798456291401903,10.65783172382777,10.754048347473145,9332700,,
2020-01-09,10.783654436750128,10.820660942580592,10.702240688595422,10.776253700256348,5915900,,
2020-01-10,10.791055478614025,10.791055478614025,10.606023662168873,10.643030166625977,5809900,,
2020-01-13,10.680034467129609,10.731843139173993,10.620824354553108,10.702238082885742,9214100,,
2020-01-14,10.724441319741164,10.835460806279885,10.65782976898597,10.805855751037598,11634100,,
2020-01-15,10.731843139173993,10.776251076526478,10.61342291402099,10.702238082885742,12287400,,
2020-01-16,10.76885081203176,10.91687610963846,10.754047929350943,10.850264549255371,8456200,,
2020-01-17,10.90947550097917,10.931679826695174,10.81325887373087,10.887271881103516,9582900,,
2020-01-21,10.820658658178843,10.894671654214527,10.717040604896933,10.813257217407227,9144000,,
2020-01-22,10.791056000938136,10.998291447752312,10.776253821943039,10.902074813842773,16634100,,
2020-01-23,10.894673057281437,10.894673057281437,10.309972571987846,10.561615943908691,23476700,,
2020-01-24,10.561619868913144,10.591224940974152,10.12494452663284,10.154549598693848,18484800,,
2020-01-27,9.954710812089171,10.073131052502019,9.925105751985958,9.984315872192383,14859100,,
2020-01-28,10.036127888067425,10.139745272675352,9.969516308910615,10.065732955932617,10854000,,
2020-01-29,10.073131990249776,10.132342115968305,9.954711738812716,9.97691535949707,5976700,,
2020-01-30,9.925104932730953,10.184149716631774,9.888098434196515,10.176748275756836,9733800,,
2020-01-31,10.191552665515754,10.191552665515754,9.999119409335185,10.043526649475098,11535300,,
2020-02-03,10.139746709743045,10.309976403474284,10.132345265267645,10.154549598693848,12078600,,
2020-02-04,10.309971906485767,10.428392143077431,10.250761788189935,10.26556396484375,9276400,,
2020-02-05,10.420991921839082,10.509807109680622,10.36178179661139,10.428393363952637,12139500,,
2020-02-06,10.49500442251368,10.539411661361477,10.332176233110978,10.339577674865723,7625700,,
2020-02-07,10.295169705650869,10.391386330712319,10.198953080589417,10.332176208496094,6278000,,
2020-02-10,10.280368652389795,10.346979517788087,10.25076358804375,10.30997371673584,5460300,,
2020-02-11,10.354378554592957,10.465398049476605,10.332174937952326,10.383983612060547,5115000,,
2020-02-12,10.435795914480718,10.524611111755561,10.376585782964154,10.398789405822754,5206800,,
2020-02-13,10.369183836296394,10.472801208496094,10.317374444356133,10.472801208496094,7647200,,
2020-02-14,10.472800580576555,10.480202022672882,10.361781772493133,10.420991897583008,5274700,,
2020-02-18,10.38398405282058,10.450595611410122,10.161945759468864,10.29516887664795,6393800,,
2020-02-19,10.324773497125367,10.406187934541425,10.309971321311696,10.383983612060547,6607100,,
2020-02-20,10.376583609778024,10.524608907568233,10.35437928572927,10.465398788452148,5123300,,
2020-02-21,10.369181876378613,10.420990552685911,10.213755141616438,10.29516887664795,8930500,,
2020-02-24,10.036127197573377,10.05833082048452,9.902904048425626,9.991719245910645,7364300,,
2020-02-25,10.006521639635986,10.02872526145518,9.466228332539224,9.495833396911621,12025000,,
2020-02-26,9.703067326489544,9.762277445952705,9.384813110835122,9.399615287780762,12170700,,
2020-02-27,9.214584855303709,9.49583331740691,9.02955302806532,9.140572547912598,21359200,,
2020-02-28,8.992546823110825,9.118368526320939,8.814916432404932,9.0813627243042,33656500,,
2020-03-02,9.05175356634209,9.717868341001612,8.859321068002382,9.57724380493164,19653100,,
2020-03-03,9.458825858081424,9.888099597570042,9.207182485448715,9.310800552368164,25218500,,
2020-03-04,9.399617326105048,9.48843252455953,9.170178239891081,9.362610816955566,21492600,,
2020-03-05,9.059159034709285,9.110968431697785,8.570675072912287,8.718700408935547,16861900,,
2020-03-06,8.230215072631836,8.592877261781679,8.045183257044322,8.230215072631836,20856400,,
2020-03-09,7.80834289939407,8.133998590115247,6.838775857708092,6.994202613830566,20120800,,
2020-03-10,7.349464264743636,7.541896824992493,6.846177478307259,7.3790693283081055,20124300,,
2020-03-11,7.120023570182295,7.149628629910775,6.6685462328629,6.75736141204834,29290700,,
2020-03-12,6.209666703100761,6.698150482459398,5.891411820131861,6.20226526260376,17195700,,
2020-03-13,6.80917113392058,7.031209468841553,6.305885041385505,7.031209468841553,15997600,,
2020-03-16,5.876610527835115,6.328088258409146,5.735986305101558,6.2392730712890625,15691400,,
2020-03-17,6.487939560342137,6.623576162826544,5.78715176498953,6.307091236114502,24100500,0.15,
2020-03-18,5.892647961074885,6.020748699071385,5.538486061533192,5.817294120788574,16587900,,
2020-03-19,5.628909812623046,5.847435429872935,5.16925343382693,5.787152290344238,22654000,,
2020-03-20,5.877575655771603,6.081029819040859,5.463131084914687,5.741939067840576,20332400,,
2020-03-23,5.7117983270400146,5.862505624014245,5.16171746560849,5.274747848510742,12937100,,
2020-03-24,5.591231638050084,5.779615451411267,5.448059896777952,5.598766803741455,19288000,,
2020-03-25,5.711797905104436,5.98307073216794,5.410383692735392,5.757009983062744,18525700,,
2020-03-26,5.659050897958664,6.480404580286845,5.606303291803589,6.405050754547119,15544400,,
2020-03-27,6.0734965884211505,6.49547607587141,6.01321344518595,6.254344940185547,15901900,,
2020-03-30,6.201595953345888,6.367373941393034,5.975535550527519,6.314626693725586,10411800,,
2020-03-31,6.246808597744353,6.420122117883252,6.013212660860582,6.186525821685791,15633500,,
2020-04-01,5.877574856429442,5.885110021782148,5.530948626678733,5.613837242126465,10230600,,
2020-04-02,5.523413628836368,5.862504725576924,5.387777405728322,5.553555011749268,10177200,,
2020-04-03,5.493272797233498,5.613838340985167,5.1391113328061415,5.146646499633789,13744500,,
2020-04-06,5.538485637791931,5.7042636425619,5.4329907725015865,5.643980503082275,17535100,,
2020-04-07,6.035819888965399,6.322163482350264,5.839900474760887,6.126244068145752,21015000,,
2020-04-08,6.20913097397907,6.691393846001371,6.20913097397907,6.638646602630615,15218300,,
2020-04-09,6.872242585125901,7.211333362684702,6.661252879764677,6.804424285888672,20652300,,
2020-04-13,6.8496369274859354,6.8948486492295675,6.442727838656442,6.570828914642334,10161300,,
2020-04-14,6.706463825215279,6.729070401433643,6.1413123550467805,6.329696178436279,12515400,,
2020-04-15,6.035819187786428,6.035819187786428,5.794687712003896,5.8248291015625,9741800,,
2020-04-16,5.802222581603497,5.809758108262806,5.365172096146829,5.410384178161621,15604400,,
2020-04-17,5.749474949523234,6.141312967568313,5.674121484514565,6.073495388031006,16009300,,
2020-04-20,5.86250572051454,6.2694144588959775,5.711798421059578,6.1337785720825195,14228200,,
2020-04-21,5.870041300808915,6.058425168894731,5.787152298243316,5.87757682800293,10177700,,
2020-04-22,6.065959999137054,6.118707246179883,5.915252706395768,6.058424472808838,16715900,,
2020-04-23,5.930323024520268,6.276949308786015,5.839898870184938,5.9679999351501465,11192400,,
2020-04-24,6.103637286976456,6.299555953150089,5.960465152457483,6.148849010467529,15456100,,
2020-04-27,6.201595488304819,6.75921218471697,6.171454103522591,6.7139997482299805,14702800,,
2020-04-28,7.007878907099988,7.18872721884555,6.78181815810438,6.887313365936279,11891400,,
2020-04-29,7.151051206929249,7.3695764574281935,7.007879788448174,7.264081954956055,12653400,,
2020-04-30,7.060626677520385,7.1811922276628355,6.864707299225221,6.962666988372803,14807300,,
2020-05-01,6.759212089517561,6.81949485823297,6.359837848493871,6.457797527313232,12221100,,
2020-05-04,6.2844852055330485,6.389979699169988,6.20159585352992,6.352303504943848,9257200,,
2020-05-05,6.45779732708956,6.646181153141201,6.239272117614746,6.239272117614746,7528200,,
2020-05-06,6.292020176718077,6.3673732771497,6.028282528639201,6.201595306396484,10997100,,
2020-05-07,6.276948988095683,6.5180800540038035,6.1639189806080665,6.216666221618652,12373300,,
2020-05-08,6.412585749584656,6.555757144276041,6.352302981438043,6.518080234527588,6504100,,
2020-05-11,6.412585712310497,6.480404005738052,6.163919115494312,6.201595306396484,7664800,,
2020-05-12,6.246807721860586,6.314626015074305,5.900181448811682,5.922787666320801,9928300,,
2020-05-13,5.885112835337974,5.885112835337974,5.493274348200035,5.568627834320068,12022200,,
2020-05-14,5.417918888278654,5.86250483339045,5.267211611628972,5.809757232666016,13099700,,
2020-05-15,5.74193909169495,5.824828078073416,5.621373554645285,5.659050464630127,8470900,,
2020-05-18,5.983070256636765,6.269413394280987,5.937858182271888,6.224201679229736,9626700,,
2020-05-19,6.141312750208685,6.194060712818339,5.922787889074632,5.937858581542969,8270700,,
2020-05-20,6.073495796232831,6.216667209715072,6.073495796232831,6.186525821685791,8735200,,
2020-05-21,6.126242605378219,6.314626446680277,6.118707079255579,6.156383991241455,7594200,,
2020-05-22,6.201596191149071,6.231738297974686,5.998142000467829,6.103637218475342,4908600,,
2020-05-26,6.397514789820593,6.872242134741784,6.389979264037568,6.774282455444336,9933000,,
2020-05-27,7.143515311144689,7.324364354923912,6.902384210942211,7.173657417297363,11190900,,
2020-05-28,7.2414736737939425,7.309291962960041,6.819494325736133,6.864706039428711,16327200,,
2020-05-29,6.713999164775648,6.872241600787714,6.616039493089394,6.6989288330078125,15744700,,
2020-06-01,6.721535885984761,6.940061125206419,6.6386472499446025,6.85717248916626,7419500,,
2020-06-02,6.9852731217163235,7.09830313809671,6.872242386708618,6.932525157928467,10105800,,
2020-06-03,7.1585852558862415,7.535352900932885,7.105838015540432,7.459999084472656,11556900,,
2020-06-04,7.4072547505266,7.889517784118652,7.309295038142548,7.889517784118652,12353700,,
2020-06-05,8.567696504747774,8.801292770214205,8.175858511915827,8.281352996826172,14563000,,
2020-06-08,8.560163326262453,8.635517166398024,8.296426323042908,8.552628517150879,10438500,,
2020-06-09,8.24367554516266,8.416989031107732,8.115575210282259,8.288887977600098,9279600,,
2020-06-10,8.190929005325716,8.29642421093297,7.821696863641263,7.836767196655273,21210500,,
2020-06-11,7.399719231836886,7.512750001024573,7.1058408129294754,7.143517017364502,12517000,,
2020-06-12,7.557960032688141,7.6107080005544825,7.181192324118659,7.452465534210205,11399000,,
2020-06-15,7.135981365770777,7.693597461702594,7.075698583433687,7.625779151916504,12983000,,
2020-06-16,7.969967838448944,8.05410351210912,7.625775517825958,7.862885475158691,10490100,0.15,
2020-06-17,7.931728121126704,7.939377021562105,7.709915114575131,7.740509986877441,8631100,,
2020-06-18,7.633425649809904,7.90113126222475,7.556938853005027,7.7711029052734375,9694200,,
2020-06-19,7.8934827714821365,7.947024334394477,7.5492903444817685,7.870536804199219,30329800,,
2020-06-22,7.786402660050554,7.862889476086682,7.6563742704059115,7.740509986877441,8338500,,
2020-06-23,7.8781852568810224,7.992915816236348,7.771102866560706,7.801697731018066,9562900,,
2020-06-24,7.679318827432902,7.686967726459067,7.273936661755195,7.296882629394531,13394700,,
2020-06-25,7.266289412470106,7.595184850876179,7.220396737332781,7.564589977264404,8499100,,
2020-06-26,7.35042260579629,7.35042260579629,6.715578649503412,6.730876445770264,23500200,,
2020-06-29,6.9144459865656955,6.967986817426377,6.6926330351497265,6.784417629241943,21560800,,
2020-06-30,6.692632006090856,6.975634643387161,6.623793388746539,6.914444923400879,22709500,,
2020-07-01,6.899148713481106,6.983284406533646,6.554955584086412,6.608497142791748,18734100,,
2020-07-02,6.837958296015059,6.891499855030039,6.539658554733303,6.577902317047119,13712300,,
2020-07-06,6.730877008597445,6.891500235635126,6.616145715319596,6.707931041717529,12276000,,
2020-07-07,6.616145498991402,6.646740363643974,6.394332547900476,6.417279243469238,10348800,,
2020-07-08,6.3943328054616035,6.532010066663318,6.2948993089758245,6.455522537231445,8159200,,
2020-07-09,6.386684653280678,6.40198172154479,6.126627927838474,6.164871692657471,10145100,,
2020-07-10,6.180167479020284,6.509062767028809,6.1648704139291155,6.509062767028809,8519100,,
2020-07-13,6.662040282263156,6.738527832972138,6.38668641270164,6.631445407867432,9467400,,
2020-07-14,6.631443061507556,6.715578753966782,6.424927185327065,6.600848197937012,19011200,,
2020-07-15,6.784417401682466,6.990933278542439,6.715578776062475,6.967986583709717,8891100,,
2020-07-16,6.8609054346683465,7.090367293948328,6.79971570278557,6.937392234802246,6343500,,
2020-07-17,6.876203672497222,7.006232057224516,6.799716859353634,6.822662830352783,9157300,,
2020-07-20,6.723228884459516,6.815013491993527,6.669688045757814,6.6773362159729,5836300,,
2020-07-21,6.7538257958582495,7.07507238408539,6.707933842934052,7.052126407623291,10251400,,
2020-07-22,6.990934110247435,7.090367611368147,6.914446577250219,7.05977201461792,6094200,,
2020-07-23,7.235691806351651,7.495748498562871,7.143907220178113,7.4192609786987305,9209300,,
2020-07-24,7.465153842787376,7.511045772422739,7.304530630185467,7.342774391174316,10270800,,
2020-07-27,7.342773169155906,7.358070233342196,7.067418719413218,7.090365409851074,11633800,,
2020-07-28,7.052124063032745,7.189800605472025,6.975636527669325,6.983285427093506,12542300,,
2020-07-29,6.952689773017129,7.250989522453288,6.899148941977637,7.228043556213379,10357800,,
2020-07-30,7.052123512380239,7.136259211159057,6.8991491830373235,7.120962142944336,6761100,,
2020-07-31,7.021526797415402,7.105662474037363,6.9526881849797295,7.090365409851074,14092100,,
2020-08-03,7.166852189660417,7.174501086473035,7.006229003790164,7.090365409851074,7791200,,
2020-08-04,7.113313756432211,7.113313756432211,6.975636485388229,7.013880252838135,6545100,,
2020-08-05,7.075067991187196,7.212745223355099,7.021527169539229,7.182150363922119,6292900,,
2020-08-06,7.113312721252441,7.2356921757312564,7.059771162838645,7.113312721252441,4408900,,
2020-08-07,7.059772203970954,7.403965382250997,7.013880266493077,7.388667583465576,7202500,,
2020-08-10,7.43455961684914,7.610479911255334,7.39631585258371,7.549290180206299,6664700,,
2020-08-11,7.717560768127441,7.969968540789932,7.679317011479401,7.717560768127441,7255700,,
2020-08-12,7.870535169582223,7.94702268389193,7.49574795423045,7.625776290893555,6369800,,
2020-08-13,7.503398937861999,7.61048061234275,7.449857371182425,7.472804069519043,4153600,,
2020-08-14,7.442208170381192,7.679318937517235,7.388667335308835,7.57223653793335,5322300,,
2020-08-17,7.541641315184927,7.55693911273515,7.4422078194258825,7.480451583862305,5472300,,
2020-08-18,7.480452761048768,7.480452761048768,7.281586467674556,7.289234638214111,4551100,,
2020-08-19,7.296882762251066,7.42691113030671,7.23569302780596,7.281585693359375,7293800,,
2020-08-20,7.228043749357682,7.235692648121747,7.0291767581268045,7.036825656890869,7664800,,
2020-08-21,7.052123005884855,7.14390759689848,6.945040618316082,6.967986583709717,7932300,,
2020-08-24,7.036826401528594,7.32747802036763,7.006231532673917,7.304532051086426,10128100,,
2020-08-25,7.411612191015028,7.480450814028388,7.258637878451483,7.327476501464844,10667100,,
2020-08-26,7.327477088932321,7.327477088932321,7.182151662705511,7.19744873046875,5336300,,
2020-08-27,7.182152071319528,7.426911004969376,7.166854273246833,7.373370170593262,5371500,,
2020-08-28,7.42691139087705,7.449857359739222,7.281585948831029,7.319828987121582,10208400,,
2020-08-31,7.304531122567902,7.304531122567902,7.128610101936375,7.19744873046875,8529800,,
2020-09-01,7.120961848476867,7.342774799211425,7.075069186852185,7.220394611358643,6877000,,
2020-09-02,7.197449853030983,7.449857710724157,7.151557913144534,7.411613941192627,10151900,,
2020-09-03,7.465155072534047,7.717562915425291,7.342775600761225,7.38101863861084,7450300,,
2020-09-04,7.564588801523908,7.709914246232525,7.43456042652394,7.602831840515137,9643800,,
2020-09-08,7.449857368365773,7.5569397722452365,7.350423863928957,7.434560298919678,13322300,,
2020-09-09,7.53399415173013,7.572237191833334,7.396316873153047,7.488101482391357,9755800,,
2020-09-10,7.564587233017632,7.641074024579875,7.319827603476901,7.327476501464844,7392700,,
2020-09-11,7.350421539263134,7.465152806299998,7.2662858603206075,7.403963088989258,8156700,,
2020-09-14,7.449858335285847,7.771104859179752,7.4422094348504455,7.740509986877441,12025900,,
2020-09-15,7.702263473740458,7.732858335157379,7.564586962083831,7.6487226486206055,12666900,,
2020-09-16,7.656488636404639,7.866149438501284,7.602132461289513,7.679784774780273,9860900,0.15,
2020-09-17,7.555542206807813,7.7030814793593505,7.501186022471703,7.602133750915527,8716300,,
2020-09-18,7.5477779167849635,7.64872564991261,7.485656348790643,7.524481773376465,19013800,,
2020-09-21,7.361412765013738,7.40800431313615,7.058570294134428,7.112926483154297,12605900,,
2020-09-22,7.12845435564116,7.206105916962776,6.856672039647417,6.903263568878174,10759300,,
2020-09-23,6.942089156030891,7.074097628240911,6.740194499016083,6.747959136962891,7296000,,
2020-09-24,6.771257097292672,6.887734843905217,6.6392485895064794,6.732430934906006,6346400,,
2020-09-25,6.639249726957408,6.864440618723328,6.615954321753369,6.848909854888916,6537400,,
2020-09-28,7.035274031941662,7.151751777214419,6.949856327564025,7.081864833831787,6975800,,
2020-09-29,7.050803658463137,7.128455978004861,6.89549975992709,7.02750825881958,5997300,,
2020-09-30,7.050802936603935,7.229402957045921,7.043037557335299,7.120689868927002,8545100,,
2020-10-01,7.213871889306408,7.213871889306408,7.0352726170669015,7.105158805847168,7566700,,
2020-10-02,6.957621212190324,7.28375976436701,6.918795053017405,7.244933605194092,9099500,,
2020-10-05,7.33811698370762,7.5167170450164384,7.283760797484173,7.508951663970947,7164900,,
2020-10-06,7.586602400364391,7.757436304210056,7.37694159944379,7.4080023765563965,8767900,,
2020-10-07,7.516716527846231,7.757437399314252,7.516716527846231,7.672020435333252,8277800,,
2020-10-08,7.72637447171631,7.811792152518889,7.656487547622287,7.788496017456055,5630300,,
2020-10-09,7.811791885755627,7.889443445004981,7.617661876811422,7.6487226486206055,7694400,,
2020-10-12,7.6331956032919654,7.749673369064834,7.6331956032919654,7.726377964019775,5581300,,
2020-10-13,7.703079950313434,7.703079950313434,7.4157675835646195,7.423532962799072,6099900,,
2020-10-14,7.439063801550404,7.508950741277183,7.330350701914592,7.345881462097168,6017000,,
2020-10-15,7.28375949381239,7.524480338757623,7.2216379376621775,7.501184940338135,6063500,,
2020-10-16,7.470125499290987,7.571073231239884,7.3225869621641335,7.508951663970947,5901500,,
2020-10-19,7.508950963451221,7.594367925340477,7.384707840504146,7.392473220825195,4826800,,
2020-10-20,7.540011928832423,7.780733540847889,7.477890365837616,7.672020435333252,7865700,,
2020-10-21,7.625429506504111,7.672021052773604,7.470125586518311,7.524481773376465,9932100,,
2020-10-22,7.679786030738732,8.145697766236843,7.602133704548647,8.060280799865723,10729000,,
2020-10-23,8.153462406970075,8.200053946565045,7.904976170589964,8.130167007446289,7551200,,
2020-10-26,8.044749428677077,8.083575588829389,7.881680148475299,7.982627868652344,7800300,,
2020-10-27,7.936038432041483,7.959333835915242,7.710847553135051,7.718612194061279,6038800,,
2020-10-28,7.5710733551155265,7.757438059971584,7.51671716800272,7.633194923400879,10299400,,
2020-10-29,7.609898205595345,7.928271373186254,7.501185109605632,7.873915195465088,7523400,,
2020-10-30,7.819559182829065,8.114636985649637,7.788498400455713,8.106871604919434,8821400,,
2020-11-02,8.231117638119763,8.47183857963847,8.052517537125812,8.394186973571777,10387800,,
2020-11-03,8.557253279863295,8.665965637983383,8.48736634075901,8.61160945892334,9123200,,
2020-11-04,8.277704078038981,8.277704078038981,7.8117924662776685,7.827322483062744,15944300,,
2020-11-05,7.866150393355775,8.262175907246087,7.85061963255344,8.207818984985352,7109700,,
2020-11-06,8.293233756777603,8.293233756777603,7.819556087407981,7.881677627563477,8503300,,
2020-11-09,8.557254573037659,9.496843481283154,8.557254573037659,9.279417991638184,21582600,,
2020-11-10,9.31824268880491,9.582259683475298,9.155173412128928,9.419190406799316,17185200,,
2020-11-11,9.419188065523587,9.419188065523587,8.937745735137156,9.03869342803955,8137500,,
2020-11-12,8.891155565789253,8.945512479839417,8.627138596408619,8.766912460327148,7496700,,
2020-11-13,8.891156250691282,9.100817062719631,8.844565452827679,8.999869346618652,6282700,,
2020-11-16,9.403659990210066,9.56672927284018,9.256121468091118,9.341538429260254,6532100,,
2020-11-17,9.108583894439821,9.3493055431682,9.038697680822768,9.333775520324707,5404000,,
2020-11-18,9.44248552156327,9.512372458110438,9.217294692993164,9.217294692993164,6340700,,
2020-11-19,9.131879451658833,9.28718337283381,8.992105552327597,9.279417991638184,5199000,,
2020-11-20,9.217295425504842,9.25612158673299,9.085286921657593,9.124113082885742,4463800,,
2020-11-23,9.30271176111791,9.481311794517536,9.256120963220534,9.458016395568848,6964300,,
2020-11-24,9.683208751950444,10.063703537078114,9.628851825112564,10.04040813446045,10930800,,
2020-11-25,9.861806479348575,9.939458796256172,9.698737206280523,9.85404109954834,7493400,,
2020-11-27,9.908398927178107,9.908398927178107,9.605555752094801,9.675442695617676,3931200,,
2020-11-30,9.62885163621097,9.722034725948529,9.357069969543453,9.380365371704102,12364200,,
2020-12-01,9.71426829449163,9.784155233963101,9.582259795611607,9.706502914428711,7614500,,
2020-12-02,9.613322143123304,10.001582323020623,9.558965954912887,9.962756156921387,9595400,,
2020-12-03,10.009346017338622,10.164649915012564,9.900632918693162,10.079232215881348,7935100,,
2020-12-04,10.156884197207752,10.250066532713182,10.110293399728723,10.180179595947266,8011300,,
2020-12-07,10.110293952269203,10.125823972095157,9.947224671085912,10.10252857208252,5532500,,
2020-12-08,9.962753696126176,10.13358834043823,9.947223677850902,10.017109870910645,8084300,,
2020-12-09,10.094764497844297,10.273363821958737,9.962755979782532,10.024877548217773,9150400,,
2020-12-10,9.90063275157735,10.133588964429823,9.807450414545837,10.118058204650879,8178200,,
2020-12-11,9.97052118605996,10.094764320750832,9.923929640277134,10.04040813446045,8445800,,
2020-12-14,10.017109146711798,10.05593530041401,9.434719062820477,9.714266777038574,36739600,,
2020-12-15,9.861807036671237,9.86957241691032,9.605555413160886,9.776390075683594,15836600,,
2020-12-16,9.784157938273092,9.82298336822411,9.621088614616953,9.722036361694336,13832900,,
2020-12-17,9.674876975807596,9.777048043598207,9.431236373045238,9.698454856872559,16954300,0.15,
2020-12-18,9.698456891731537,9.769191299294722,9.525550645413471,9.737753868103027,28982500,,
2020-12-21,9.72989137418473,9.918515904170397,9.596282144729734,9.635579109191895,21485900,,
2020-12-22,9.682734775415966,9.777047039517482,9.5176881258565,9.533407211303711,11862600,,
2020-12-23,9.61985974105731,9.800625472463192,9.580562777749314,9.784906387329102,15787900,,
2020-12-24,9.832062815205965,9.832062815205965,9.55698482375944,9.706313133239746,4545200,,
2020-12-28,9.737752216844743,9.847782832593733,9.596283425707638,9.792767524719238,10554400,,
2020-12-29,9.792767764763022,9.800627308802706,9.635580631606187,9.68273639678955,11770900,,
2020-12-30,9.714172910890309,9.894938659185415,9.690595030513487,9.871360778808594,9731400,,
2020-12-31,9.839923612776566,9.96567331078195,9.769189220266705,9.926376342773438,8675400,,
2021-01-04,10.020688353898201,10.075703657953218,9.761329421171254,9.871360778808594,13977800,,
2021-01-05,9.989251217394733,10.170016221359235,9.902798487176142,10.091423034667969,11452800,,
2021-01-06,10.397938775110346,11.160297334247632,10.35078300829293,11.081704139709473,23567200,,
2021-01-07,11.254608547943326,11.561124001239566,11.160296273743095,11.348920822143555,17605400,,
2021-01-08,11.31748486569613,11.39607881248979,11.152438177051389,11.341063499450684,12000100,,
2021-01-11,11.254609445131818,11.584702805910478,11.065984881694694,11.57684326171875,12087000,,
2021-01-12,11.63971843325764,11.83620253358623,11.54540540551584,11.71045207977295,10115700,,
2021-01-13,11.66329650708922,11.77332712538382,11.553265139267243,11.686874389648438,12601600,,
2021-01-14,11.781187696496877,11.883359529197332,11.671157068609803,11.789047241210938,11520700,,
2021-01-15,11.568983527157805,11.71831110703189,11.451092622441848,11.600420951843262,13518600,,
2021-01-19,11.647575206652562,11.741887468502826,11.498247646104783,11.694731712341309,10487900,,
2021-01-20,11.663295857182167,11.663295857182167,11.482530102227868,11.537546157836914,13576800,,
2021-01-21,11.600419499500719,11.600419499500719,11.37249801168451,11.403935432434082,12170600,,
2021-01-22,11.065981997179453,11.293903472636652,10.798763560534352,10.877357482910156,31658100,,
2021-01-25,10.712314214709366,10.767329527959168,10.28004900474362,10.594423294067383,24510600,,
2021-01-26,10.688735064652633,10.783047340281485,10.523688394920308,10.625860214233398,12318100,,
2021-01-27,10.413655094053619,10.602279610210326,10.366498590250842,10.437232971191406,18681600,,
2021-01-28,10.539405721988057,10.767327220280986,10.468671334668308,10.665155410766602,13237300,,
2021-01-29,10.641578378197295,10.783047164092725,10.248610194734283,10.397937774658203,27765500,,
2021-02-01,10.429375511219394,10.460812934596092,10.232891427733216,10.3900785446167,12868000,,
2021-02-02,10.570844591278378,10.673016414779573,10.460813973298144,10.633719444274902,10087700,,
2021-02-03,10.649438161249432,10.767328319128648,10.562984679245817,10.704453468322754,10450000,,
2021-02-04,10.735889957087538,11.176014623858068,10.69659299138043,11.097420692443848,9082000,,
2021-02-05,11.21531144942634,11.246748871693752,11.026686166294601,11.058123588562012,8031800,,
2021-02-08,11.191734192178261,11.207453280002047,11.034547061577205,11.176015853881836,8766000,,
2021-02-09,11.176017370662993,11.286048002253134,11.058126444566819,11.223173141479492,6489700,,
2021-02-10,11.2467484075255,11.419653848096592,11.160294937712715,11.254607200622559,7024000,,
2021-02-11,11.26246630569174,11.341060229826796,11.034544825132729,11.246747970581055,8155200,,
2021-02-12,11.254607292145737,11.45895090487575,11.19959199238275,11.356779098510742,6170000,,
2021-02-16,11.490389561100006,11.867639405881627,11.490389561100006,11.82834243774414,13026200,,
2021-02-17,11.867639461563712,11.930514311067766,11.686873707094062,11.765467643737793,7339900,,
2021-02-18,11.608280943640892,11.741889441567771,11.506109122086045,11.631858825683594,9446700,,
2021-02-19,11.72617108318553,12.064123973167396,11.702593201183436,12.024827003479004,10712700,,
2021-02-22,12.016967101268506,12.323482556264294,11.969810589143256,12.237029075622559,7252200,,
2021-02-23,12.29990432972572,12.37849826934201,12.126998861813657,12.354920387268066,12933400,,
2021-02-24,12.394217137950703,12.795044873758037,12.362778963038119,12.74788761138916,11288600,,
2021-02-25,12.873636205407843,12.960089679925149,12.299903054103767,12.339200019836426,11290300,,
2021-02-26,12.20559439922406,12.292047899333772,11.875500988597434,12.056266784667969,16143500,,
2021-03-01,12.347061541914556,12.519967769135846,12.284186686475431,12.441373825073242,9398800,,
2021-03-02,12.394216523692638,12.559262436639962,12.354919556526811,12.370637893676758,9216000,,
2021-03-03,12.496386543770234,12.897214226186733,12.457090329418502,12.519965171813965,10601900,,
2021-03-04,12.740028878201969,12.873638131971513,12.174155185265839,12.402076721191406,15837300,,
2021-03-05,12.685012448671522,12.84220032125954,12.237028960566713,12.755746841430664,11112700,,
2021-03-08,12.88149728901471,13.227309729386606,12.787185759220845,13.054404258728027,10834600,,
2021-03-09,12.795044022103077,12.881495999248953,12.480669039648532,12.622137069702148,11249500,,
2021-03-10,12.622138186994947,12.897216227301257,12.582841966546068,12.85006046295166,9295800,,
2021-03-11,12.653576350664226,12.89721621513788,12.622138175090996,12.826481819152832,9002400,,
2021-03-12,13.062264380786862,13.172295003433993,12.952232259084926,13.125139236450195,13358800,,
2021-03-15,13.093699564218696,13.16443395614624,12.818621539950982,12.967949867248535,11314500,,
2021-03-16,12.84220044673256,12.850059990344217,12.50424756670465,12.653575897216797,10590800,,
2021-03-17,12.764640967313133,12.923307089618932,12.59804214415296,12.772574424743652,9454300,0.15,
2021-03-18,12.955039342845938,13.415169279500237,12.907440111647846,12.970906257629395,12408500,,
2021-03-19,12.740839071134985,12.915372087426546,12.510774885776252,12.677372932434082,34951000,,
2021-03-22,12.669441402913906,12.836040221537955,12.336243765665806,12.48697566986084,11065700,,
2021-03-23,12.375910215439058,12.471109431671529,12.050645280924638,12.137911796569824,9590900,,
2021-03-24,12.415576112579933,12.574242231134257,12.145845375505058,12.153778076171875,12347700,,
2021-03-25,12.106180724959394,12.613909962098168,11.971314957200347,12.558377265930176,10758500,,
2021-03-26,12.709107961224566,12.828106793407489,12.510776069868948,12.756707191467285,10684900,,
2021-03-29,12.54251051127462,12.605976662909844,12.185512462606223,12.383844375610352,12719200,,
2021-03-30,12.534577796307996,12.7805097159071,12.534577796307996,12.701176643371582,8912600,,
2021-03-31,12.590111109332906,12.764643423507401,12.447311874410474,12.471112251281738,12258500,,
2021-04-01,12.502841429294627,12.709106758360587,12.407642221243274,12.677372932434082,8578900,,
2021-04-05,12.939174583539407,13.010574198806815,12.685309957323083,12.780509948730469,11603700,,
2021-04-06,12.70910827845179,12.796373283882922,12.59804214415296,12.772574424743652,9345400,,
2021-04-07,12.812240441528608,12.923307334508236,12.724975434443852,12.804306983947754,5794900,,
2021-04-08,12.693244372845914,12.80430977689947,12.502845888831542,12.73291015625,8131400,,
2021-04-09,12.883640765151236,12.923308055267828,12.780508837152894,12.907441139221191,7019600,,
2021-04-12,12.939172752814464,13.089905420735889,12.92330735078509,13.0740385055542,7937200,,
2021-04-13,12.812240441528608,12.915373876927381,12.637708914206785,12.804306983947754,9654500,,
2021-04-14,12.796372438056743,13.121638118599154,12.748773209772175,12.978838920593262,8893900,,
2021-04-15,12.947105948758201,12.947105948758201,12.55044215614599,12.772574424743652,10011800,,
2021-04-16,12.923307975062995,13.058172221165215,12.764641841886142,12.836041450500488,14800600,,
2021-04-19,12.86777405112385,12.899507883715334,12.518710214955863,12.590109825134277,14186000,,
2021-04-20,12.415575443187514,12.439375813633127,12.010978981101173,12.034778594970703,17862000,,
2021-04-21,11.98718035564003,12.36004455789589,11.804715361785238,12.296578407287598,16214500,,
2021-04-22,12.225178660235137,12.256911735179845,11.447717945801728,11.471517562866211,34380300,,
2021-04-23,11.487382842779128,11.891980084787454,11.34458439474617,11.82058048248291,27385400,,
2021-04-26,11.93164526186403,12.106177519201863,11.884045280198789,12.058577537536621,17812000,,
2021-04-27,12.066510993910168,12.16171020066461,11.923711805490484,12.058577537536621,14412600,,
2021-04-28,12.106178724492333,12.21724409847549,12.05857873808804,12.137911796569824,18406400,,
2021-04-29,12.296578407287598,12.415577250534097,12.217245340739137,12.296578407287598,10817600,,
2021-04-30,12.248977293358793,12.391776497427234,12.129978461019176,12.153778076171875,14283100,,
2021-05-03,12.312445482122163,12.336245099763364,12.098246653622757,12.169646263122559,10049500,,
2021-05-04,12.129978317386493,12.280710220336914,11.971312957287072,12.280710220336914,12298700,,
2021-05-05,12.280711135524514,12.455243422928493,12.137912679081415,12.336244583129883,7237500,,
2021-05-06,12.447311874410474,12.479044953662537,12.225180319646025,12.471112251281738,7024500,,
2021-05-07,12.201377830256298,12.550441619948346,12.153777844282963,12.534575462341309,7776700,,
2021-05-10,12.669441726009858,12.724975171351502,12.502842903137207,12.502842903137207,10388900,,
2021-05-11,12.439374602515267,12.693239143276474,12.375908467324965,12.423507690429688,12410100,,
2021-05-12,12.574243173272825,12.653575481917919,12.034780145550982,12.074446678161621,11253900,,
2021-05-13,11.987179853820754,12.407644029719041,11.95544677984505,12.3283109664917,17889400,,
2021-05-14,12.431442440848988,12.598041252213998,12.375909755919348,12.574241638183594,12707700,,
2021-05-17,12.518709072312673,12.66944173705927,12.471109840922484,12.63770866394043,9482400,,
2021-05-18,12.669444185751209,12.756709964550312,12.45524533336756,12.471112251281738,11193400,,
2021-05-19,12.423510271709699,12.423510271709699,12.122045688631317,12.399710655212402,13904600,,
2021-05-20,12.336245258511427,12.383844494406354,12.153779503377642,12.312445640563965,9475500,,
2021-05-21,12.344177222880313,12.542509113786272,12.328310308451298,12.48697566986084,13543800,,
2021-05-24,12.471109462488077,12.526642149616878,12.367976788837359,12.40764331817627,8890100,,
2021-05-25,12.391776945366109,12.582175386622485,12.169645430567003,12.185511589050293,9214700,,
2021-05-26,12.248980159079249,12.328313236916847,12.15378091961991,12.288646697998047,12188700,,
2021-05-27,12.447309105821835,12.58217485178971,12.407643333011617,12.542509078979492,37404800,,
2021-05-28,12.50284295008405,12.621841785478711,12.360043742349543,12.582175254821777,13175700,,
2021-06-01,12.669441431638218,12.843973707872477,12.661507974405724,12.756707191467285,19691900,,
2021-06-02,12.772573806567383,12.78844072066048,12.566308462813737,12.598041534423828,13406800,,
2021-06-03,12.598044600253319,12.661510758918471,12.494911903278373,12.550444602966309,17579000,,
2021-06-04,12.558376026154663,12.582175642651961,12.193445294699378,12.399710655212402,14762400,,
2021-06-07,12.479042359004582,12.49490927361969,12.288643923080079,12.3600435256958,15515500,,
2021-06-08,12.264845934739744,12.272779393099718,11.931648249383102,12.066514015197754,157402000,,
2021-06-09,11.97924764936089,12.050646501333954,11.852314591619875,11.89198112487793,22044000,,
2021-06-10,12.026845216388054,12.050644830412397,11.455649183771223,11.503249168395996,26453400,,
2021-06-11,11.558782529410236,11.638115589566528,11.463583311168367,11.479450225830078,23928200,,
2021-06-14,11.511183050985876,11.574649195115375,11.320784618597374,11.400116920471191,27863000,,
2021-06-15,11.439784487921505,11.558783329820109,11.312852188142678,11.471517562866211,18634400,,
2021-06-16,11.415402388200409,11.615813247956064,11.223008146316605,11.51961612701416,19252400,0.15,
2021-06-17,11.599780755410302,11.62382984447491,10.830203024782039,10.83821964263916,27363400,,
2021-06-18,10.734006882956317,10.734006882956317,10.429382257164798,10.637809753417969,45662500,,
2021-06-21,10.717972367428269,10.99854786849717,10.669874190649262,10.966482162475586,22054400,,
2021-06-22,10.966482162475586,11.006563721622513,10.766071308714011,10.966482162475586,14986500,,
2021-06-23,11.094744369614041,11.255072890806531,11.094744369614041,11.126810073852539,16804700,,
2021-06-24,11.174908539769563,11.439451562278602,11.094744659333328,11.399369239807129,17950200,,
2021-06-25,11.455484727438737,11.736060237251705,11.407385784654004,11.712010383605957,26081600,,
2021-06-28,11.631847768755634,11.655896860521299,11.359288847055272,11.48755168914795,19084600,,
2021-06-29,11.59176482964583,11.66391286565405,11.359288249456462,11.447468757629395,12271600,,
2021-06-30,11.423417983343112,11.503582625871003,11.311187636705403,11.439451217651367,13812900,,
2021-07-01,11.487550991146012,11.623830443715637,11.431436192266801,11.567715644836426,10314000,,
2021-07-02,11.527631086381216,11.583745874397282,11.431433979279396,11.503582000732422,7792900,,
2021-07-06,11.495566360121023,11.527632065211046,11.118793751933204,11.198958396911621,14771300,,
2021-07-07,11.06267832500141,11.279121630825118,11.054661708061767,11.166892051696777,12002100,,
2021-07-08,11.00656350048231,11.14284293946264,10.806152650747322,10.97449779510498,14893500,,
2021-07-09,11.223007141530076,11.463500304607058,11.150859116156312,11.439451217651367,12219500,,
2021-07-12,11.279121399521452,11.623828275790473,11.150858589144141,11.583745956420898,11637600,,
2021-07-13,11.559698179759886,11.567714797443028,11.271106823727404,11.343254089355469,10957400,,
2021-07-14,11.343253700644667,11.495566373377969,11.102761294445502,11.29515552520752,17936700,,
2021-07-15,11.174908233270124,11.479532805388843,11.086727737856819,11.431434631347656,9070400,,
2021-07-16,11.47953409789202,11.495567334048758,11.062679896404974,11.102762222290039,10641200,,
2021-07-19,10.838219788472895,10.902351203179274,10.533595186364208,10.605742454528809,14894200,,
2021-07-20,10.573676710307753,11.134827733792127,10.477479588583599,11.006564140319824,13478700,,
2021-07-21,11.118795015781041,11.367304831856302,11.10276254366701,11.263091087341309,8135000,,
2021-07-22,11.182925848213927,11.263090498110648,10.966482516703598,11.022597312927246,9036000,,
2021-07-23,11.158877115838791,11.279123330021834,11.030614283508402,11.078712463378906,6192900,,
2021-07-26,11.166893991073605,11.287140208024992,11.07871271843624,11.1588773727417,7873400,,
2021-07-27,11.030615512531515,11.214993163422976,10.902352665910174,11.150861740112305,8021700,,
2021-07-28,11.206974951617834,11.335238544516889,11.04664641612747,11.214991569519043,11276000,,
2021-07-29,11.223008177093341,11.615813279809984,11.223008177093341,11.51159954071045,14698900,,
2021-07-30,11.495567376341858,11.519616466158665,11.174909532588396,11.287139892578125,13944100,,
2021-08-02,11.343253402083064,11.6077956535446,11.223007202148438,11.223007202148438,12912200,,
2021-08-03,11.287138016296698,11.631844892565718,11.0626780981364,11.583745956420898,17478100,,
2021-08-04,11.415401396996133,11.607795622174264,11.335237518758591,11.431434631347656,12851200,,
2021-08-05,11.511599194796727,11.663911872175628,11.455484400239625,11.551681518554688,14605600,,
2021-08-06,11.575731161282818,11.944487181400918,11.575731161282818,11.800191879272461,12332000,,
2021-08-09,11.74407599582754,11.896388676327415,11.607796550962076,11.73606014251709,13269700,,
2021-08-10,11.7120112727667,11.944487857444255,11.647879853856121,11.920438766479492,12459300,,
2021-08-11,11.920437804348486,12.241095637527033,11.856306390614128,12.217045783996582,17597300,,
2021-08-12,12.209028539204684,12.313242272298202,12.088782335754239,12.281176567077637,16194900,,
2021-08-13,12.329276812531281,12.353325902866239,12.12084932427686,12.144898414611816,9778100,,
2021-08-16,11.952501909177345,12.096797952992492,11.896387120807743,11.992584228515625,12017200,,
2021-08-17,11.888372674289629,11.992586417790966,11.67192933356131,11.872340202331543,11309900,,
2021-08-18,11.848290090363781,12.032668483172387,11.744076349125313,11.79217529296875,12787900,,
2021-08-19,11.671928791761289,11.80820747285287,11.575730906451016,11.720026969909668,14247100,,
2021-08-20,11.703994443677901,11.856306359774127,11.647878883426236,11.832257270812988,12761900,,
2021-08-23,11.98456986909787,12.09680023148285,11.912421833600867,12.048701286315918,10379700,,
2021-08-24,12.048700260088772,12.305226671618568,12.024651171807044,12.265144348144531,19782600,,
2021-08-25,12.305226733684744,12.65794950012055,12.273161027645125,12.545719146728516,21642100,,
2021-08-26,12.577786807219903,12.609852518242185,12.28919540801936,12.34531021118164,16236200,,
2021-08-27,12.345308292854217,12.585801470404723,12.345308292854217,12.545719146728516,10415200,,
2021-08-30,12.577788073625927,12.577788073625927,12.313245739929696,12.32126235961914,12846900,,
2021-08-31,12.337294319793385,12.513655347633415,12.2811787522926,12.44952392578125,13777500,,
2021-09-01,12.481587415832855,12.521669738485242,12.217045156636505,12.281176567077637,11382500,,
2021-09-02,12.265143784265975,12.425472306284435,12.225061462634686,12.313241958618164,10416300,,
2021-09-03,12.35332616111817,12.385391870404062,12.144898668506476,12.22506332397461,10258400,,
2021-09-07,12.273160965740685,12.473571818604135,12.241095259862803,12.265144348144531,10503800,,
2021-09-08,12.273161344394213,12.33729275812857,12.14489775241874,12.217045783996582,9260300,,
2021-09-09,12.184982224639754,12.457541163300592,12.152916512121237,12.297212600708008,10372700,,
2021-09-10,12.353326416005244,12.393408744566331,12.20903033898806,12.305228233337402,11791600,,
2021-09-13,12.473572759509299,12.569769884399278,12.257128655126753,12.369359016418457,17929300,,
2021-09-14,12.337295347319698,12.417459249058025,11.976555113723018,12.056719779968262,16218100,,
2021-09-15,12.09679919055993,12.313242513919311,12.048700249531882,12.168947219848633,14242500,,
2021-09-16,12.233717852912863,12.30658592031833,12.07988586671861,12.185139656066895,13056300,0.15,
2021-09-17,12.23371846184622,12.241815085769062,12.015115020885345,12.104175567626953,31972900,,
2021-09-20,11.780318839711224,11.84509028961196,11.472654066614428,11.675065040588379,18437400,,
2021-09-21,11.731740352631805,11.76412607892493,11.488847019365048,11.537425994873047,12160600,,
2021-09-22,11.72364344398751,11.885572843666587,11.666968617381796,11.739836692810059,10647300,,
2021-09-23,11.909862554090648,12.347070256891843,11.877476826925248,12.233719825744629,12648100,,
2021-09-24,12.152754204698539,12.444225708673349,12.152754204698539,12.298489570617676,9366100,,
2021-09-27,12.452323160571098,12.865241731100816,12.428034059991875,12.792373657226562,11332800,,
2021-09-28,12.857146660165283,12.92191811762613,12.630446559052313,12.687121391296387,12240400,,
2021-09-29,12.654735662565962,12.735699598323682,12.589964205105113,12.687121391296387,13421000,,
2021-09-30,12.743794685881042,12.743794685881042,12.492805511538643,12.517094612121582,14238500,,
2021-10-01,12.61425278158866,12.94620668024047,12.541384701955502,12.84095287322998,14540000,,
2021-10-04,12.873337715330472,13.083845314875212,12.816662889351731,12.849048614501953,17726700,,
2021-10-05,12.930012067562979,13.091940677711314,12.832854901473977,12.986687660217285,14962800,,
2021-10-06,12.840952020439964,12.946205820460365,12.59805946730922,12.873337745666504,11904400,,
2021-10-07,13.02716891296488,13.116230225456452,12.873336158008442,12.930011749267578,9746900,,
2021-10-08,12.938107633706068,13.08384376569461,12.865240339848299,12.954300880432129,14182800,,
2021-10-11,13.051462244747544,13.140522036588237,12.79237563403171,12.800472259521484,11090700,,
2021-10-12,12.759986838706961,12.816661659246218,12.622347326994603,12.776179313659668,9009700,,
2021-10-13,12.670927456489185,12.808566989193563,12.46042061717952,12.759988784790039,9192700,,
2021-10-14,12.921914277390682,13.027168057518589,12.759985681861766,13.002878189086914,10547200,,
2021-10-15,13.140520709834854,13.172907208523997,12.93001387331182,13.059556007385254,13847800,,
2021-10-18,13.027170524225248,13.261966453098664,12.97049569809281,13.108135223388672,9061300,,
2021-10-19,13.156713756232442,13.237678457433134,13.03526747656802,13.229581832885742,10502600,,
2021-10-20,13.156712953180875,13.545341642095433,13.124326456968094,13.521053314208984,10738400,,
2021-10-21,13.521053507712617,13.5615350842848,13.253871087225992,13.351027488708496,6319900,,
2021-10-22,13.423896176864453,13.602017283923665,13.407702927784554,13.504860877990723,7150400,,
2021-10-25,13.561537341967448,13.561537341967448,13.415801171208829,13.4724760055542,7088400,,
2021-10-26,13.496765422442238,13.512958672924679,13.318644299955473,13.33483600616455,7370000,,
2021-10-27,13.197193370332787,13.302447929508824,12.930011749267578,12.930011749267578,10238000,,
2021-10-28,12.954300669788472,13.035265357829246,12.792372065843415,12.88952922821045,11280500,,
2021-10-29,12.849048237910644,12.93810878642934,12.622348168503416,12.743794441223145,9579400,,
2021-11-01,12.840951242669043,12.962398284015014,12.792373043839891,12.913819313049316,9311100,,
2021-11-02,12.857147093676492,12.889532823498884,12.72760417438693,12.800472259521484,8937800,,
2021-11-03,12.711408909162113,13.197194779520524,12.679023184471552,13.124326705932617,9743700,,
2021-11-04,13.083845004108817,13.100038252367604,12.638540714767649,12.751891136169434,8013300,,
2021-11-05,12.954301492244552,13.043362809171118,12.711408184837659,12.832855224609375,8030800,,
2021-11-08,12.881433629080906,12.970494947433622,12.808565558478337,12.897626876831055,8295700,,
2021-11-09,12.800470412844916,12.921916689124101,12.751891439051287,12.849048614501953,6961100,,
2021-11-10,12.954300635948911,13.01097545414751,12.832854376341485,12.865240097045898,8201900,,
2021-11-11,12.881433708744336,13.261965767587569,12.857144609105452,13.181002616882324,11471500,,
2021-11-12,13.124327939520859,13.22148589486124,13.027171528453787,13.15671443939209,7615700,,
2021-11-15,13.197193563370726,13.383412814419966,13.116230417310128,13.326736450195312,8762100,,
2021-11-16,13.32673761620129,13.464377138529137,13.245774463056923,13.351027488708496,6366400,,
2021-11-17,13.221484042038897,13.286255488431156,13.051459574361626,13.205290794372559,8121000,,
2021-11-18,13.20529148453842,13.261966310059583,13.027170383718598,13.091941833496094,10159000,,
2021-11-19,12.832855703734122,13.067651624025345,12.727601907523518,12.970495223999023,11805900,,
2021-11-22,13.189100952519475,13.278160738708252,13.00288166661935,13.116232872009277,6681700,,
2021-11-23,13.221484317799371,13.30244901354665,13.12432637404801,13.278159141540527,8232800,,
2021-11-24,13.278159149920338,13.375317093733013,13.15671287835934,13.237677574157715,5322800,,
2021-11-26,12.808566835838727,12.82476008520378,12.330876789482438,12.44422721862793,10727200,,
2021-11-29,12.654734827553858,12.743795382651768,12.330876789482438,12.44422721862793,9690500,,
2021-11-30,12.266104917409088,12.314683891708652,11.990826636833559,12.015115737915039,18227400,,
2021-12-01,12.371357157707948,12.492804192068773,11.869378089904785,11.869378089904785,13512800,,
2021-12-02,12.023213274667913,12.387552907083407,11.877477112847052,12.330877304077148,13781400,,
2021-12-03,12.29848983674393,12.355165431734498,11.95844012748327,12.096078872680664,14143700,,
2021-12-06,12.306587389998269,12.533287470671015,12.160852009919807,12.34706974029541,10028000,,
2021-12-07,12.395647424704269,12.606154234489956,12.363261702265198,12.541382789611816,9584700,,
2021-12-08,12.573769335516696,12.60615506007673,12.419937336890671,12.484708786010742,7201000,,
2021-12-09,12.35516690093021,12.622349343494385,12.330877026415907,12.492806434631348,6977600,,
2021-12-10,12.589963213444712,12.589963213444712,12.28229842867085,12.363263130187988,8025500,,
2021-12-13,12.29848987685265,12.338972224224635,12.015114989521845,12.079886436462402,8402400,,
2021-12-14,12.11227293648406,12.395648614119416,12.079887210937441,12.31468391418457,15309600,,
2021-12-15,12.411841562069787,12.581866820679098,12.201333951956043,12.452323913574219,15788400,,
2021-12-16,12.587272030665495,12.824459056480633,12.489125755845155,12.579092979431152,12740500,0.155,
2021-12-17,12.497307970490509,12.570917894831998,12.063828258254233,12.170153617858887,25742600,,
2021-12-20,12.031112515249301,12.12925881852832,11.654884629347654,11.892071723937988,11740800,,
2021-12-21,12.063827565934526,12.366445519751494,12.039291185894625,12.32555103302002,8914600,,
2021-12-22,12.317370881436345,12.423695438728652,12.211045544146698,12.366443634033203,5892300,,
2021-12-23,12.472771301902911,12.628169420826088,12.440055867392902,12.480950355529785,6459900,,
2021-12-27,12.48094963812448,12.603632315485843,12.36644523392242,12.595453262329102,4493100,,
2021-12-28,12.546378873769365,12.677240587290205,12.521842497483542,12.611809730529785,4542900,,
2021-12-29,12.619991302490234,12.709958553500469,12.546381378937545,12.619991302490234,5322100,,
2021-12-30,12.628169576220259,12.799925804510705,12.603633195035194,12.619991302490234,4614800,,
2021-12-31,12.587273354243962,12.677240587290205,12.5627361979608,12.611809730529785,5027900,,
2022-01-03,12.677241305131052,13.069826467923463,12.66906225257353,12.922607421875,10812500,,
2022-01-04,13.037108975676526,13.495125706489508,13.037108975676526,13.413336753845215,10338100,,
2022-01-05,13.495128855803399,13.658706799265635,13.42151893724488,13.42969799041748,11826400,,
2022-01-06,13.658708258152215,13.953146403840341,13.576919277685215,13.928610801696777,12749000,,
2022-01-07,13.904071823973645,14.182153385252706,13.863178119077544,14.084006309509277,11697800,,
2022-01-10,14.190334291195134,14.288479819759493,13.773211894808984,13.928610801696777,15486800,,
2022-01-11,13.895893365816548,13.977682339104618,13.707779819250426,13.912251472473145,14773600,,
2022-01-12,13.912252197281449,14.026755829853274,13.830463219732291,13.977683067321777,10962000,,
2022-01-13,14.100361275729364,14.26393917887947,14.018572324154313,14.173971176147461,12630800,,
2022-01-14,13.969501277883234,14.42751727847105,13.904070420656403,14.41933822631836,17087800,,
2022-01-18,14.484770567216135,14.550202991139878,14.157616247571656,14.27212142944336,14130500,,
2022-01-19,14.288476662475121,14.36208657263054,13.97768047737034,13.994038581848145,16133000,,
2022-01-20,13.928609875771429,14.165796187363853,13.601453975651614,13.642349243164062,18531600,,
2022-01-21,12.971679122047563,13.02893170529563,12.194687132227084,12.41551685333252,33069600,,
2022-01-24,12.341907453268236,12.824460614767382,12.063825917489247,12.79174518585205,24476000,,
2022-01-25,12.677242547883422,12.84899876844174,12.276478293246496,12.69360065460205,17131200,,
2022-01-26,12.865356674335874,12.889893835518436,12.407340585559684,12.619991302490234,17027300,,
2022-01-27,12.840817249252902,12.90624810356778,12.2519387804217,12.317370414733887,14739200,,
2022-01-28,12.276476091154429,12.423695125227397,12.07200447383339,12.41551685333252,12132200,,
2022-01-31,12.211045081472884,12.440053071574953,12.031109842108318,12.317370414733887,20704800,,
2022-02-01,12.325552329571842,12.767211116736396,12.26012145591765,12.726317405700684,19833200,,
2022-02-02,12.677241905184266,12.96350251826804,12.587274662785255,12.930787086486816,11443700,,
2022-02-03,12.93896489185824,13.086184719552369,12.726314982963531,12.734493255615234,9105600,,
2022-02-04,12.652704688161764,13.061647948335082,12.652704688161764,12.9471435546875,8448700,,
2022-02-07,12.96350165949317,13.078005273143384,12.840818213442754,12.9471435546875,6914200,,
2022-02-08,13.102542417396227,13.356086801654458,13.020753453443488,13.331549644470215,9847100,,
2022-02-09,13.33973106487334,13.396982881804918,13.192511215623558,13.200690269470215,7063300,,
2022-02-10,13.24976035747761,13.503304705702526,13.069824350354853,13.127076148986816,13317200,,
2022-02-11,12.996216530642542,13.323371592721333,12.92260662217488,13.020752906799316,11462400,,
2022-02-14,13.02893174559283,13.143435352448476,12.726313844621407,12.84081745147705,11140500,,
2022-02-15,13.045289442725421,13.298834599441788,12.996216689810861,13.257939338684082,6002200,,
2022-02-16,13.127080535980935,13.413341184801913,13.127080535980935,13.241585731506348,6522300,,
2022-02-17,13.086185657855905,13.19251022992823,12.930787546367743,12.979860305786133,13662200,,
2022-02-18,12.922607447365927,13.094363651425756,12.881712964495037,12.963501930236816,10190600,,
2022-02-22,12.889891747862393,13.061647948335082,12.808102783828783,12.9471435546875,10043700,,
2022-02-23,13.020754800244392,13.11890187913846,12.480949766314245,12.513665199279785,10860300,,
2022-02-24,12.063827091834565,12.276477790483234,11.76120914991027,12.235583305358887,18710600,,
2022-02-25,12.358265413728208,12.832639547412189,12.251940069282158,12.734493255615234,16817900,,
2022-02-28,12.366445540206584,12.718137034682536,12.350088213485414,12.69360065460205,17393400,,
2022-03-01,12.513664863867312,12.579095728044605,11.556737500277626,11.769388198852539,26745000,,
2022-03-02,11.908427871409016,12.423695683828129,11.900248819149066,12.341907501220703,11989300,,
2022-03-03,12.341908797076238,12.440055094508567,12.121079042855422,12.33372974395752,8297400,,
2022-03-04,12.031112690631822,12.12925899534156,11.867535516115591,12.072007179260254,14148600,,
2022-03-07,11.949323709639522,12.04747001431858,11.515844002307645,11.524023056030273,17039700,,
2022-03-08,11.769387137419185,11.982037036818639,11.434053013756204,11.605809211730957,14249500,,
2022-03-09,11.949323693775726,12.161974410296784,11.900250931500093,12.031112670898438,10998100,,
2022-03-10,11.842996405889645,12.022931658243564,11.769387274469617,11.949321746826172,10312200,,
2022-03-11,12.055646798856195,12.29283385218521,12.006574045752178,12.039289474487305,13213800,,
2022-03-14,12.251940409274235,12.513664641326372,12.161973167629778,12.301013946533203,12256700,,
2022-03-15,12.374623741040125,12.472770034597927,12.063826754775045,12.243762016296387,9501600,,
2022-03-16,12.407340585559684,12.619991302490234,12.382804204374619,12.619991302490234,16581400,,
2022-03-17,12.508455964694038,12.591074089575729,12.235814655551,12.549764633178711,10356100,0.155,
2022-03-18,12.467144652949827,12.59107221578577,12.25233614198278,12.49193000793457,21424600,,
2022-03-21,12.624119341306566,12.756308948873304,12.351478078722119,12.458882331848145,7589100,,
2022-03-22,12.657168193592923,12.871976724460053,12.5910733822357,12.739787101745605,9284800,,
2022-03-23,12.632382176343288,12.71500108017961,12.35974089676059,12.384526252746582,6619500,,
2022-03-24,12.4340965206378,12.566286123348519,12.326692271457294,12.508453369140625,8385500,,
2022-03-25,12.50845342518819,12.731523183784008,12.483667283634732,12.681952476501465,5816500,,
2022-03-28,12.607596627754235,12.607596627754235,12.260598497602302,12.467144966125488,6239200,,
2022-03-29,12.69847651803418,12.75630927584897,12.500192101601556,12.66542911529541,7172300,,
2022-03-30,12.648907619117228,12.69021628752163,12.219290534082814,12.301909446716309,7932100,,
2022-03-31,12.285382893427,12.376263048828875,12.070574393845636,12.078836441040039,10430900,,
2022-04-01,12.25233511492933,12.310167867683303,11.85576631676696,11.930122375488281,12519200,,
2022-04-04,11.91359906952093,12.029265362941038,11.682267270592881,11.930122375488281,9498100,,
2022-04-05,11.855767303923944,12.087099122113575,11.847505256296257,11.87229061126709,8254300,,
2022-04-06,11.773148450732043,11.847505303855254,11.624434744485617,11.657482147216797,13351100,,
2022-04-07,11.640958086726092,11.731838241379526,11.252650538821097,11.442673683166504,16652600,,
2022-04-08,11.40962828240018,11.558341217179496,11.327009372479866,11.401366233825684,11862700,,
2022-04-11,11.401366233825684,11.698792891296637,11.343532681716537,11.401366233825684,13312700,,
2022-04-12,11.434411801418229,11.525291957386077,11.054366295142922,11.12872314453125,12205700,,
2022-04-13,11.029582981168666,11.136986463579627,10.95522611802851,11.103939056396484,12387200,,
2022-04-14,11.0874152065392,11.219604828830981,10.988272989820365,11.037843704223633,10599100,,
2022-04-18,10.980011230586776,11.211343075689078,10.963487921321343,11.170034408569336,9989000,,
2022-04-19,11.318745806077347,11.632696518596937,11.211341552748626,11.624434471130371,16990200,,
2022-04-20,11.723576453770718,11.979694404972179,11.682267793048847,11.764885902404785,19033900,,
2022-04-21,11.979696443444206,12.318432561641137,11.61617496701422,11.649222373962402,24290000,,
2022-04-22,11.855768381297798,11.855768381297798,11.351794460982283,11.368318557739258,17257000,,
2022-04-25,11.43441138035628,11.508768227006485,11.145246040697078,11.48398208618164,18895900,,
2022-04-26,11.327007198340482,11.607910492657354,11.21134090423584,11.21134090423584,14514300,,
2022-04-27,11.21960490528525,11.285699716881533,11.062629924722152,11.153510093688965,14194600,,
2022-04-28,11.269175993015677,11.31874670593158,11.054367469280699,11.2196044921875,13683000,,
2022-04-29,11.219602826970156,11.32700707289667,10.83955733673486,10.86434268951416,19427500,,
2022-05-02,10.922177587061832,11.04610515426962,10.723892376452213,10.955224990844727,20107900,,
2022-05-03,11.062629343215239,11.244389671594638,10.946963035045586,11.145247459411621,14721900,,
2022-05-04,11.161770134580307,11.492244133123256,11.070889194046874,11.48398208618164,13541100,,
2022-05-05,11.401364325311683,11.409626372503164,11.03784212800833,11.244388580322266,12934000,,
2022-05-06,11.227865478686128,11.252650832800558,10.90565272354974,11.029581069946289,11571900,,
2022-05-09,10.913913815299093,11.01305601098839,10.765200127809084,10.872604370117188,10334000,,
2022-05-10,10.946964735017595,11.062631061149258,10.500824316956015,10.823037147521973,17119600,,
2022-05-11,10.83955809603929,11.037842507987715,10.55039352559256,10.55865478515625,12081500,,
2022-05-12,10.500821845542742,10.699106254033609,10.376894287213998,10.641273498535156,15671400,,
2022-05-13,10.7486784798252,10.880868094459947,10.666059576722356,10.781725883483887,11637200,,
2022-05-16,10.756940444309448,10.864343914433192,10.575179331639907,10.666059494018555,9985900,,
2022-05-17,10.87260519529503,11.136984403864915,10.87260519529503,11.12872314453125,11209200,,
2022-05-18,11.087415450102217,11.095677498655025,10.81477415115809,10.897392272949219,11414000,,
2022-05-19,10.715630454958156,10.963486361985687,10.715630454958156,10.83129596710205,16014900,,
2022-05-20,10.905651834805758,10.996532772339426,10.533868401738587,10.756938934326172,14067500,,
2022-05-23,11.013057118176858,11.293960428159643,10.897390817621533,11.161770820617676,12716800,,
2022-05-24,11.186556954076774,11.186556954076774,10.839558816158329,11.087414741516113,9667200,,
2022-05-25,11.095677404577962,11.335271295191728,11.054367950076491,11.269176483154297,8335400,,
2022-05-26,11.211340820396039,11.459196712816967,11.211340820396039,11.409626007080078,11114400,,
2022-05-27,11.417888088422785,11.508769035339355,11.376579426637674,11.508769035339355,6586800,,
2022-05-31,11.442676227021526,11.566603809818929,11.260915089394626,11.467461585998535,17286600,,
2022-06-01,11.45919605064146,11.483981402077669,11.04610318311475,11.227864265441895,10562700,,
2022-06-02,11.293961966094205,11.42615159163685,11.153510291977064,11.401366233825684,11480700,,
2022-06-03,11.244387570428662,11.30222110766264,11.17829277465736,11.227864265441895,9761600,,
2022-06-06,11.327007660423847,11.5335541160932,11.269174904968331,11.318745613098145,9936100,,
2022-06-07,11.236129299096039,11.368318925782198,11.103938884497554,11.36005687713623,10826000,,
2022-06-08,11.27743788857545,11.27743788857545,11.120462904948397,11.170034408569336,7312200,,
2022-06-09,11.161772080262839,11.178295389114192,10.806511878967285,10.806511878967285,8414900,,
2022-06-10,10.5834419926513,10.624750658363503,10.261229199874986,10.286014556884766,17102600,,
2022-06-13,10.021633611051525,10.252965408953893,9.947276764747725,10.129037857055664,19305300,,
2022-06-14,10.178609300038518,10.327323003419671,9.996848982475129,10.11251449584961,15460500,,
2022-06-15,10.327325134421308,10.55039573552275,10.203397547973204,10.360372543334961,19258700,,
2022-06-16,10.222342624670329,10.25580361534957,9.871001823651813,9.904462814331055,15281700,0.155,
2022-06-17,9.937925170315452,10.163786688986706,9.912829623301548,9.988116264343262,26544500,,
2022-06-21,10.188882839329333,10.297631271344976,10.071768959211015,10.138690948486328,10190400,,
2022-06-22,10.055038668605485,10.230708288765978,9.98811588283617,10.180517196655273,10024100,,
2022-06-23,10.163786688986706,10.172152137249025,9.812445839699818,9.988116264343262,10933600,,
2022-06-24,10.029942527852496,10.473301704520859,10.004846981289036,10.464936256408691,14079000,,
2022-06-27,10.556955547617692,10.556955547617692,10.289267545704462,10.347824096679688,7184700,,
2022-06-28,10.506763093386816,10.582049735901784,10.264170673443731,10.27253532409668,10035900,,
2022-06-29,10.305997661276988,10.364555010106862,10.147058109363156,10.239075660705566,11418800,,
2022-06-30,9.988115695054,10.222343446410429,9.845907071565254,10.063403129577637,16300600,,
2022-07-01,9.92956119754413,10.16378819928285,9.762256196302186,10.121962547302246,20518500,,
2022-07-05,9.929561578101639,10.147058486938477,9.778986672326413,10.147058486938477,13911100,,
2022-07-06,10.071771034050863,10.205615040174084,9.971388029458447,10.147058486938477,12583800,,
2022-07-07,10.264172174955254,10.38965072860911,10.255806725305481,10.356189727783203,9425200,,
2022-07-08,10.423113082807449,10.423113082807449,10.188886046613261,10.26417350769043,9446100,,
2022-07-11,10.172152517048838,10.347822948251325,10.11359597257237,10.280900955200195,8468300,,
2022-07-12,10.205614261732,10.53185960010261,10.163787813565541,10.322728157043457,11522600,,
2022-07-13,10.289267942887701,10.289267942887701,9.971388029458447,10.147058486938477,15210500,,
2022-07-14,9.937926474163088,9.97975292318923,9.82081257644453,9.94629192352295,12813900,,
2022-07-15,10.113595413428085,10.523492797647778,10.07176897064029,10.464936256408691,12764100,,
2022-07-18,10.61551227318678,10.749357074117922,10.464938168520677,10.523494720458984,11293100,,
2022-07-19,10.682435030094668,10.950123035346978,10.665704130879806,10.908296585083008,12855100,,
2022-07-20,10.816277895193657,10.89156533819633,10.682433906643618,10.841373443603516,15176100,,
2022-07-21,10.916659763026264,11.284730693655755,10.724258450958356,11.159252166748047,20004700,,
2022-07-22,11.201079745405847,11.251270842154963,10.824642530921992,10.891565322875977,12271700,,
2022-07-25,11.00867822497058,11.134157560237178,10.883199687477068,11.100696563720703,9184600,,
2022-07-26,11.025407176934038,11.067232816870641,10.732622910740162,10.774449348449707,8288900,,
2022-07-27,10.791182484736902,11.017044833329921,10.74935683301805,10.950122833251953,7928700,,
2022-07-28,10.950123035346978,11.042140587709163,10.774452582456853,10.908296585083008,13837400,,
2022-07-29,10.941756437793622,11.150887869399421,10.916660889377393,11.117426872253418,15653100,,
2022-08-01,11.042140357029655,11.184349806292367,10.941757357157124,11.167619705200195,10541900,,
2022-08-02,11.175982257601847,11.175982257601847,10.958486197618319,11.050503730773926,9812900,,
2022-08-03,11.117429319448817,11.2512733374949,11.033776409283377,11.201082229614258,9362600,,
2022-08-04,11.226175706578307,11.234541155601798,11.117427262592301,11.142522811889648,9957200,,
2022-08-05,11.150889198138444,11.36002065466433,11.092332645598617,11.251272201538086,9234600,,
2022-08-08,11.276367934591109,11.401847289191855,11.217811381108021,11.259637832641602,8352500,,
2022-08-09,11.293097687290611,11.36001968383789,11.201080141481384,11.36001968383789,8350600,,
2022-08-10,11.527322589435402,11.761550332742495,11.502227044714278,11.677897453308105,12067500,,
2022-08-11,11.761551700267729,12.004144121506293,11.761551700267729,11.870299339294434,12779200,,
2022-08-12,11.970682719928472,12.020873813506418,11.836837942250172,12.004143714904785,7707200,,
2022-08-15,11.887029860333884,12.045969387385547,11.820107870230757,12.012508392333984,6076000,,
2022-08-16,12.004143536339678,12.171448508732533,11.970682541861107,12.10452651977539,7031200,,
2022-08-17,11.970684259293353,12.029240808588693,11.878665912945648,11.987414360046387,9275500,,
2022-08-18,12.020875359325602,12.029240808588693,11.88703136220874,11.987414360046387,7477500,,
2022-08-19,11.903760705395547,11.928857051587666,11.694629273766477,11.778282165527344,10961900,,
2022-08-22,11.57751560085292,11.594245699700537,11.4353061706694,11.468767166137695,11709800,,
2022-08-23,11.502227389039266,11.602610368701756,11.460400948069976,11.477131843566895,10715300,,
2022-08-24,11.410210066399774,11.569149587670575,11.393479170595995,11.49386215209961,9006200,,
2022-08-25,11.527325215085654,11.736456663533806,11.493864215244876,11.7197265625,9672000,,
2022-08-26,11.820108990794134,11.836839091019428,11.410211563110352,11.410211563110352,9266700,,
2022-08-29,11.34328995811558,11.360020058918224,11.167619511935477,11.2680025100708,8928200,,
2022-08-30,11.284734342006422,11.334926247660341,11.142524873389139,11.201082229614258,10047700,,
2022-08-31,11.217809494474949,11.334923379517894,11.167618399294453,11.209444046020508,19214100,,
2022-09-01,11.175984564145082,11.209445564723207,10.91666200910791,11.18435001373291,13193900,,
2022-09-02,11.33492415056431,11.45203724580068,11.06723536622448,11.142522811889648,13879400,,
2022-09-06,11.217811024712026,11.242906575725591,10.841374568415798,11.017045021057129,20313400,,
2022-09-07,10.975217426818459,11.37675019004649,10.941756429697213,11.33492374420166,12405100,,
2022-09-08,11.267999927966715,11.845202234420052,11.22617348888506,11.828472137451172,21315100,,
2022-09-09,11.870297778759857,11.945585209552242,11.786645698369517,11.828472137451172,15002200,,
2022-09-12,11.895395862684175,12.196544832177198,11.878664965492463,12.096161842346191,19089500,,
2022-09-13,11.828473271007057,12.012508344166188,11.694628493564444,11.728090286254883,22500900,,
2022-09-14,11.769916524767053,11.811742969965076,11.477133003927063,11.602611541748047,17437100,,
2022-09-15,11.677898976408818,12.062700836003769,11.644437979825478,11.92885684967041,28496600,,
2022-09-16,11.780855373539836,11.80622669497815,11.510224987552014,11.594797134399414,37161000,0.155,
2022-09-19,11.467940935596552,11.916171425678451,11.42565485769301,11.86542797088623,20260100,,
2022-09-20,11.747028963568322,11.848515075623393,11.679371555531608,11.755485534667969,18028500,,
2022-09-21,11.82314141637437,11.975370968074582,11.603255271911621,11.603255271911621,18911300,,
2022-09-22,11.628626931563876,11.687826956031815,11.290339925261591,11.341082572937012,21893100,,
2022-09-23,11.205767025671916,11.239595724053862,10.909765309925044,11.155023574829102,23118900,,
2022-09-26,11.053539781640467,11.205769359331722,10.901311010489168,11.00279712677002,21225200,,
2022-09-27,11.011253072499938,11.1550244469588,10.740622657745968,10.875937461853027,21535300,,
2022-09-28,10.884394202183415,11.290339397303207,10.850565503135083,11.222681999206543,18674600,,
2022-09-29,11.053538953997014,11.205768520289947,10.909766765062555,11.138111114501953,18323200,,
2022-09-30,11.138111874078925,11.391827566356294,11.078911841612188,11.14656925201416,16952700,,
2022-10-03,11.273423880376393,11.459482115800766,11.095823020775802,11.391824722290039,20244400,,
2022-10-04,11.594799232542435,11.882343616008622,11.535599202960542,11.797771453857422,30663400,,
2022-10-05,11.6201692184673,11.738570070516333,11.493311796410337,11.603255271911621,24549000,,
2022-10-06,11.544054335122294,11.653997809599817,11.434111667184583,11.501769065856934,22501100,,
2022-10-07,11.408738823022587,11.425653574900874,11.112737924010398,11.171937942504883,21667200,,
2022-10-10,11.24805409616978,11.315711498923955,11.061995835325867,11.18885326385498,17346400,,
2022-10-11,11.104279668745397,11.231137071627925,10.994336209862013,11.061993598937988,16984600,,
2022-10-12,11.053538287952776,11.138110443361718,10.952052185385954,11.019709587097168,14409000,,
2022-10-13,10.884391698979819,11.772395852949188,10.799820374078692,11.747024536132812,30245900,,
2022-10-14,11.848513706932232,12.051485907595866,11.518683275948954,11.560969352722168,27258200,,
2022-10-17,11.679369962400266,11.924628234713735,11.560969111216593,11.7131986618042,17564000,,
2022-10-18,11.916170541931933,12.110685356706508,11.763940995385019,11.933084487915039,22121800,,
2022-10-19,11.840056492249996,11.941542593970214,11.476397356180996,11.518683433532715,19879800,,
2022-10-20,11.52714084965142,11.628626951717997,11.078910363889083,11.163481712341309,23522200,,
2022-10-21,11.425653926102376,12.271372189058175,11.425653926102376,12.22062873840332,41221500,,
2022-10-24,12.347486533513171,12.694230880252281,12.29674308461829,12.558916091918945,33353000,,
2022-10-25,12.465889602552323,12.618119179729366,12.355946108651121,12.550461769104004,19309800,,
2022-10-26,12.609659194946289,12.728060042333407,12.558916550737372,12.609659194946289,14198700,,
2022-10-27,12.719603822938126,12.82954730410961,12.575831640370792,12.601202964782715,15781200,,
2022-10-28,12.719603799678897,12.795718579315343,12.626575072645384,12.778803825378418,14443300,,
2022-10-31,12.694232879041003,12.956405121082609,12.67731812456612,12.838005065917969,17296900,,
2022-11-01,12.939490704484797,12.998690729922917,12.863375925184439,12.922575950622559,10520900,,
2022-11-02,12.854917729750088,13.0663473003267,12.66040291195871,12.668859481811523,16340400,,
2022-11-03,12.567371978969977,12.75343020609661,12.381314558383057,12.618115425109863,13878400,,
2022-11-04,12.778803456680386,13.024061735910525,12.719603432688922,13.007147789001465,16228700,,
2022-11-07,13.074805294427279,13.159377449269384,12.981776569332835,13.108633995056152,13719300,,
2022-11-08,13.057889974544274,13.184748201305807,12.981776006335124,13.091718673706055,14151300,,
2022-11-09,12.98177595601994,12.998689902265369,12.643488159173476,12.668859481811523,18651600,,
2022-11-10,13.074805982787133,13.150920764844336,12.728061581450884,12.838005065917969,29785600,,
2022-11-11,12.905661527835713,13.007147627650667,12.550459775213458,12.66040325164795,22359800,,
2022-11-14,12.643488691061654,12.804175623121973,12.592746043650909,12.651946067810059,16890200,,
2022-11-15,12.787259633187722,12.888745724736065,12.618116147273815,12.770345687866211,19620000,,
2022-11-16,12.761889901317906,12.804175979697686,12.592746394338649,12.601202964782715,12180300,,
2022-11-17,12.465888057607865,12.567374160968352,12.381316708077385,12.499716758728027,11747100,,
2022-11-18,12.702689256760952,12.75343190311312,12.508173628304784,12.592745780944824,9665200,,
2022-11-21,12.567373348593117,12.6942315744983,12.558916778764614,12.635030746459961,7490600,,
2022-11-22,12.719602886699505,12.846460305961521,12.677316811432233,12.812631607055664,7874000,,
2022-11-23,12.761889527595356,12.880289575743646,12.744974774122834,12.829546928405762,6720600,,
2022-11-25,12.821088864412953,13.015604486221012,12.821088864412953,12.88874626159668,4746400,,
2022-11-28,12.795716205116843,12.863373595231247,12.677315369146786,12.728058815002441,10430900,,
2022-11-29,12.795715311685912,12.973316149970582,12.744971869373298,12.93948745727539,11858400,,
2022-11-30,12.956403877058934,13.125548179407643,12.575830809853954,13.091718673706055,22373900,,
2022-12-01,13.07480517194827,13.31160607413214,12.939490370700344,13.184748649597168,17218100,,
2022-12-02,13.024061805626118,13.108633960243626,12.94794783431817,13.07480525970459,14368100,,
2022-12-05,13.134004976913666,13.142462353485634,12.516631004876752,12.592745780944824,14730400,,
2022-12-06,12.550458755433151,12.66040222293425,12.27137180198412,12.415143966674805,16716200,,
2022-12-07,12.347486763473476,12.694231116670371,12.313658065760114,12.406686782836914,23331500,,
2022-12-08,12.457430542737043,12.508173997125272,12.296744415830702,12.364401817321777,16459000,,
2022-12-09,12.347487607122407,12.440516330555447,12.296744153815403,12.305201530456543,13963300,,
2022-12-12,12.32211593220999,12.372859387390765,12.161429802793943,12.355944633483887,16965700,,
2022-12-13,12.364402641018868,12.482803504785853,11.907714747260357,12.017658233642578,36456000,,
2022-12-14,12.043028352852817,12.085314429000746,11.721655303284296,11.780856132507324,28774200,,
2022-12-15,11.65399738401389,11.687826082114693,11.510225215450529,11.620168685913086,17830200,,
2022-12-16,11.556018839447823,11.701431426500237,11.487589482686957,11.675769805908203,34659400,0.155,
2022-12-19,11.684322070692609,11.82973463772401,11.61589272335338,11.709982872009277,12309100,,
2022-12-20,11.769859394551883,11.863949545060942,11.709983102644136,11.786966323852539,12853700,,
2022-12-21,11.923823879169438,12.0179148364087,11.889609208103007,11.975146293640137,10552200,,
2022-12-22,11.93237846859561,11.940932340812253,11.675768012291394,11.898163795471191,10250200,,
2022-12-23,11.932379580727897,12.026470552396214,11.872504101115135,12.017916679382324,9062800,,
2022-12-27,12.060684640602663,12.069237697457256,11.940932871474283,12.00936222076416,6714800,,
2022-12-28,12.009361701371303,12.060684118990162,11.932378482814089,11.958039283752441,6880000,,
2022-12-29,11.992256100365928,12.112007061831074,11.949487550238842,12.094900131225586,8330200,,
2022-12-30,12.026468579726064,12.137665647698336,11.966592294192424,12.060683250427246,9323500,,
2023-01-03,12.22320273232234,12.248863531412704,11.966592294192424,12.060683250427246,13366800,,
2023-01-04,12.188988053236546,12.36006140662478,12.146219510953964,12.28307819366455,12374200,,
2023-01-05,12.206097971029244,12.257419578317892,12.060685390807679,12.19754409790039,11069800,,
2023-01-06,12.265974122645074,12.514030746759918,12.206098638951167,12.488369941711426,12433600,,
2023-01-09,12.514029704149298,12.514029704149298,12.300187776496184,12.325848579406738,12233800,,
2023-01-10,12.325849092717807,12.419940066878622,12.274527484759409,12.377171516418457,9339200,,
2023-01-11,12.385723345810355,12.471260438249256,12.300187069113623,12.462706565856934,11205900,,
2023-01-12,12.488368780233893,12.608119736484303,12.445600231969228,12.531136512756348,10520600,,
2023-01-13,12.394276853022408,12.488367815081373,12.086344797651059,12.471260070800781,18410700,,
2023-01-17,12.437044795061755,12.471259466222145,12.325846909854967,12.402830123901367,17971600,,
2023-01-18,12.325847871008216,12.394277218665023,12.017915806552587,12.035022735595703,16754200,,
2023-01-19,11.932378918842792,12.086345361583403,11.786966348641588,11.992255210876465,24312500,,
2023-01-20,12.120561086662846,12.360063828332148,11.761306566287766,12.069238662719727,24914200,,
2023-01-23,12.129115416889526,12.625228665480225,12.077792991012911,12.608120918273926,20103700,,
2023-01-24,12.625227331371903,12.676548936083075,12.479814758453248,12.556797981262207,11088500,,
2023-01-25,12.49692075425474,12.61667251586914,12.368615936322417,12.61667251586914,13122500,,
2023-01-26,12.736423208977927,12.787744805548442,12.6423322556952,12.762084007263184,11508700,,
2023-01-27,12.762085195018166,12.881836957731332,12.74497745074108,12.839068412780762,11921800,,
2023-01-30,12.779194162869997,12.847624335156352,12.685104001557455,12.693657875061035,9499000,,
2023-01-31,12.68510222055399,13.001588154070928,12.616672873617471,12.975927352905273,29536400,,
2023-02-01,12.830514720326239,13.147000652205227,12.770639246002206,13.018695831298828,16821200,,
2023-02-02,13.08712631051094,13.343736790274336,12.958820662758129,13.258199691772461,16912900,,
2023-02-03,13.172661713310676,13.318074281604678,13.129893982658935,13.21543025970459,12975700,,
2023-02-06,13.138445854187012,13.172660525067364,13.044355713201567,13.138445854187012,9788000,,
2023-02-07,13.12134099540889,13.360843729332828,13.078572446129773,13.318075180053711,12364900,,
2023-02-08,13.215429673133977,13.335181434573284,13.164108072332944,13.206875801086426,9641100,,
2023-02-09,13.258198849216344,13.283859650839275,12.993034513305458,13.052910804748535,10169100,,
2023-02-10,13.010142406879302,13.070017883264386,12.916052256025289,13.027249336242676,7695800,,
2023-02-13,12.97592658868432,13.1897684892022,12.958818845086675,13.155553817749023,8589100,,
2023-02-14,13.138447313455286,13.181215860741492,12.967373940052651,13.129894256591797,9903900,,
2023-02-15,13.018697676372865,13.206877998273141,12.98448299823261,13.181217193603516,8182600,,
2023-02-16,13.061464323892357,13.189769144278563,12.993034161845275,13.121339797973633,8596400,,
2023-02-17,13.147001931455614,13.198324354257323,12.94171387173325,13.172662734985352,12383900,,
2023-02-21,13.121338777101936,13.138445704476132,12.787745128013178,12.85617446899414,10887700,,
2023-02-22,12.83906972585241,12.890391332448118,12.710764077878682,12.77064037322998,15023100,,
2023-02-23,12.839068062250057,12.941712077883762,12.744977102779233,12.90749740600586,9539600,,
2023-02-24,12.804852999243343,13.095678109193212,12.75353058512309,13.078570365905762,10727700,,
2023-02-27,13.206875399738188,13.292412486130011,13.061463658059466,13.095678329467773,10134800,,
2023-02-28,13.121340533492225,13.181216010929827,13.06146505605462,13.104232788085938,14643200,,
2023-03-01,13.09567965084895,13.138447382618102,12.94171320610498,13.087125778198242,11757700,,
2023-03-02,12.984481638364885,13.010142440347048,12.650887949628022,12.804854393005371,11208400,,
2023-03-03,12.856175521359088,13.044356632331676,12.7449776292272,13.018695831298828,14027400,,
2023-03-06,13.035804373615923,13.138448406194522,12.933160341037325,12.984482765197754,11530800,,
2023-03-07,12.941713871117722,12.941713871117722,12.325848876237679,12.360063552856445,18582400,,
2023-03-08,12.368616839607784,12.462706991913455,12.291633616929417,12.351509094238281,17392800,,
2023-03-09,12.206096793594241,12.283079197101268,11.735644421537547,11.752751350402832,20986200,,
2023-03-10,11.325067103171541,11.701429313124434,10.82895394838629,11.436264991760254,43247700,,
2023-03-13,10.230199245076514,10.230199245076514,9.032684613394721,9.511690139770508,79742800,,
2023-03-14,11.136887251693645,11.359282221870593,9.152433738807808,9.451812744140625,67471600,,
2023-03-15,9.135327211345361,9.289292841196415,8.50235449931876,9.280739784240723,71165700,,
2023-03-16,9.195201942890762,9.631439626192062,8.639213314501196,9.520241737365723,47780600,,
2023-03-17,9.212298021528916,9.281693798065778,8.891342348230205,8.969412803649902,80446700,0.155,
2023-03-20,9.177600388929543,9.446509650948324,9.064832042099923,9.229647636413574,30271000,,
2023-03-21,9.6373461118306,9.819510208469763,9.45518201519144,9.750114440917969,34061900,,
2023-03-22,9.732767189770355,9.732767189770355,9.212298037574454,9.24699592590332,25852000,,
2023-03-23,9.325065306150877,9.602648380772663,9.212296975270073,9.264344215393066,38668600,,
2023-03-24,9.116878011185703,9.385786408234338,9.030132886630312,9.351088523864746,21344900,,
2023-03-27,9.706743899057171,9.906257392728303,9.507231232649016,9.64602279663086,24809600,,
2023-03-28,9.63734811706625,9.750116469617241,9.489881873519797,9.64602279663086,14751700,,
2023-03-29,9.758790202754184,9.854209186922027,9.69806910621673,9.836860656738281,14239500,,
2023-03-30,9.98432674911775,10.001675279063681,9.602649163152632,9.663371086120605,15931100,,
2023-03-31,9.767465108223753,9.802162996659634,9.567951629270258,9.715417861938477,15360500,,
2023-04-03,9.776139126047493,9.880232784315911,9.54192777449641,9.689393997192383,17960900,,
2023-04-04,9.741440081995368,9.758789438082562,9.307716106969476,9.524578094482422,17010600,,
2023-04-05,9.333742476178283,9.620000305129173,9.290369902372353,9.576627731323242,16483100,,
2023-04-06,9.672046301980883,9.836861909665057,9.55927877326603,9.706744194030762,14406000,,
2023-04-10,9.628673679649769,9.958303210444244,9.567951753650426,9.802163124084473,16774200,,
2023-04-11,9.802162178662465,9.975651606364053,9.776138971322938,9.888906478881836,10479400,,
2023-04-12,9.923606041460786,10.027700542936023,9.77614062344067,9.819512367248535,14995200,,
2023-04-13,9.802162826097883,9.932279698652616,9.646021917221884,9.82818603515625,14317400,,
2023-04-14,10.027701689577997,10.045050223632307,9.784815594713024,9.897583961486816,13932800,,
2023-04-17,9.966978080730359,10.192514776454587,9.663371753959689,10.157816886901855,16107100,,
2023-04-18,10.17516547811301,10.183840157368136,9.966978139567642,10.062397956848145,18141000,,
2023-04-19,10.105770405469903,10.313958585840432,9.94963030427076,10.270586013793945,15951900,,
2023-04-20,10.322630434201601,10.444073446899832,9.975651579725,10.088419914245605,15658600,,
2023-04-21,10.053721698131943,10.053721698131943,9.871557598707378,9.923604011535645,13493200,,
2023-04-24,9.932279871478455,9.949629229327853,9.689394652427294,9.715417861938477,14696900,,
2023-04-25,9.541926845854581,9.680718376704966,9.377112109785442,9.489879608154297,18822200,,
2023-04-26,9.455183685971068,9.593976072862791,9.299043595020175,9.394462585449219,16139300,,
2023-04-27,9.472533047490217,9.724092956211022,9.437835157572275,9.672045707702637,10426300,,
2023-04-28,9.628673554480233,9.862884094606695,9.585300987119656,9.715417861938477,17237600,,
2023-05-01,9.724091495579177,9.758789380285235,9.498554831358396,9.533252716064453,14412600,,
2023-05-02,9.481206641416387,9.481206641416387,8.743875530988058,8.934714317321777,26016500,,
2023-05-03,9.021458648786423,9.125553134235718,8.709177674227112,8.735200881958008,17779700,,
2023-05-04,8.483639753467292,8.492314430522722,7.989194742986103,8.18870735168457,45813300,,
2023-05-05,8.553037827662534,8.639782967142539,8.258106173409034,8.544363975524902,28418300,,
2023-05-08,8.74387749729552,8.813273284792862,8.414247093051625,8.457619667053223,13031500,,
2023-05-09,8.37087316663207,8.527014076906118,8.266779502203674,8.500990867614746,13079900,,
2023-05-10,8.62243304654081,8.665805613454841,8.206058389597073,8.310152053833008,17353900,,
2023-05-11,8.101964465147134,8.258105370117649,8.006544655548318,8.049917221069336,18104100,,
2023-05-12,8.110639143703914,8.127987673554594,7.919800351769161,8.049917221069336,14216600,,
2023-05-15,8.058592392561046,8.310152295255131,8.032569182561776,8.292803764343262,14622400,,
2023-05-16,8.422919288661157,8.431593966355177,8.223405838012695,8.223405838012695,12304600,,
2023-05-17,8.4055708370536,8.743875858130284,8.379547628436281,8.70917797088623,14795200,,
2023-05-18,8.69183056250539,8.882668553342322,8.587736060077797,8.873993873596191,17851300,,
2023-05-19,8.943391094393984,8.986762841557347,8.683156475098555,8.821948051452637,14660400,,
2023-05-22,8.900016279684195,9.160250833474223,8.795922623620752,9.13422679901123,12161200,,
2023-05-23,9.168924684365711,9.41181070910992,9.13422679901123,9.13422679901123,13371000,,
2023-05-24,9.012785129090226,9.10820411245367,8.926039997114081,8.986761093139648,9415100,,
2023-05-25,8.865319376636231,9.05615735359993,8.847970018405205,9.038808822631836,10914500,,
2023-05-26,9.038808946955433,9.134227936749715,8.917365919456664,9.125554084777832,8904300,,
2023-05-30,9.151577235928402,9.246996225104487,8.986761640586236,9.220973014831543,10769700,,
2023-05-31,9.125554018879342,9.151577229132963,8.882667965635761,8.943389892578125,19825500,,
2023-06-01,9.01278431109676,9.229646294092001,8.865318096478973,9.073505401611328,10527100,,
2023-06-02,9.333741960185323,9.498556738820835,9.220973605429238,9.446510314941406,13303000,,
2023-06-05,9.507230573619283,9.524579104282946,9.160251687716832,9.342415809631348,13727900,,
2023-06-06,9.290368020199748,9.802162467444576,9.255670133637196,9.776139259338379,14275600,,
2023-06-07,9.828184327498407,9.966975854711714,9.672043445752056,9.906254768371582,15134000,,
2023-06-08,9.871558773531394,9.897581983042576,9.602649517706137,9.715417861938477,13118100,,
2023-06-09,9.698069622018187,9.724092832309323,9.455183568424438,9.498556137084961,11068300,,
2023-06-12,9.498554173926546,9.828184469450505,9.368437322100434,9.50722885131836,18713000,,
2023-06-13,9.45518201519144,9.836859563989114,9.41181028091867,9.750114440917969,24021200,,
2023-06-14,9.750116163813685,9.845535981505677,9.307717447049761,9.394462585449219,26056600,,
2023-06-15,9.3636616827878,9.618874224441262,9.293258280902345,9.583672523498535,15633200,0.155,
2023-06-16,9.601272455002931,9.654075423308296,9.442864389361546,9.61007308959961,25616400,,
2023-06-20,9.548469635092863,9.566070063738032,9.346059250388192,9.434063911437988,12446400,,
2023-06-21,9.398863467307997,9.469266869819501,9.337259860654363,9.363661766052246,9865900,,
2023-06-22,9.354860548381176,9.354860548381176,9.038045256807882,9.073246955871582,14778800,,
2023-06-23,8.941240507261435,9.046845610976165,8.906038806023192,8.98524284362793,13095300,,
2023-06-26,9.05564506396271,9.222852913198036,9.020443367319766,9.108448028564453,9015500,,
2023-06-27,9.108446963109355,9.328457751210792,9.029242945108908,9.275654792785645,8574100,,
2023-06-28,9.23165328992146,9.310857314979593,9.117247569201341,9.284456253051758,11647900,,
2023-06-29,9.425263112012244,9.574870529605663,9.381260782259833,9.49566650390625,11253100,,
2023-06-30,9.557268429400859,9.592470122281219,9.425262290918145,9.486865043640137,11015700,,
2023-07-03,9.548469012781318,9.733278117521426,9.504466685124227,9.62767219543457,6414200,,
2023-07-05,9.49566650390625,9.592470957941849,9.44286354034843,9.49566650390625,10132200,,
2023-07-06,9.39006233215332,9.398862966817314,9.196452565919053,9.39006233215332,13311400,,
2023-07-07,9.372461478567418,9.680476991272348,9.372461478567418,9.583672523498535,14061600,,
2023-07-10,9.522068720794218,9.654075726060013,9.495667655450953,9.53966999053955,13061500,,
2023-07-11,9.592470089794075,9.7332777001132,9.530867337280716,9.706875801086426,9505300,,
2023-07-12,9.856484210446046,9.97969056731368,9.750879121391494,9.812481880187988,14471800,,
2023-07-13,9.821281560248977,10.023691924068036,9.794880500368077,9.979689598083496,9524300,,
2023-07-14,10.102897471768342,10.102897471768342,9.812483227183435,9.900487899780273,16241900,,
2023-07-17,9.856484156834044,10.05009390535162,9.838883728391341,10.032492637634277,8883900,,
2023-07-18,9.97969046107908,10.28770509105736,9.926887497476574,10.252503395080566,10155800,,
2023-07-19,10.252503705565289,10.490115790060413,10.199701579638369,10.454914093017578,17346300,,
2023-07-20,10.446112759649905,10.472513820846014,10.243703225022063,10.437312126159668,19897700,,
2023-07-21,10.516516443524806,10.56931940667031,10.208501816212351,10.36690902709961,18557900,,
2023-07-24,10.428513221929276,10.75412913538519,10.410911953446682,10.657323837280273,14726000,,
2023-07-25,10.806931608363076,10.82453287740933,10.498916953525942,10.53411865234375,15519400,,
2023-07-26,10.72772730615956,10.842133034256216,10.639723480967678,10.710126876831055,10866500,,
2023-07-27,10.762928767279845,10.815731732652921,10.534118155395618,10.560519218444824,12330700,,
2023-07-28,10.64852411526927,10.789330906996025,10.595721148734398,10.710126876831055,10303900,,
2023-07-31,10.72772713775678,10.815731800841853,10.657323742998589,10.771729469299316,21869300,,
2023-08-01,10.745328406083662,10.806931166678412,10.630922679782934,10.771729469299316,13153500,,
2023-08-02,10.666125342881982,10.69252640848801,10.454915139484257,10.613323211669922,12918100,,
2023-08-03,10.586921777641708,10.771730923652774,10.498917941949395,10.745329856872559,10419000,,
2023-08-04,10.718926188724746,10.850932329864138,10.63972216833128,10.727725982666016,9197100,,
2023-08-07,10.727726757537164,10.877334175914497,10.71892696296028,10.798130989074707,6957000,,
2023-08-08,10.604521549709943,10.604521549709943,10.270105007079565,10.560519218444824,15697200,,
2023-08-09,10.437312456725618,10.578120079205203,10.366909065123139,10.472514152526855,10629600,,
2023-08-10,10.490117396991057,10.595722504296697,10.454915694555844,10.52531909942627,9731200,,
2023-08-11,10.472514555914586,10.604521549709943,10.454914126973335,10.560519218444824,8735600,,
2023-08-14,10.446113348711613,10.472514411396492,10.270104865354671,10.29650592803955,8796700,,
2023-08-15,10.120496030478419,10.15569772223084,9.909285879963887,9.944487571716309,10999200,,
2023-08-16,9.918087919684227,10.023693009922457,9.865284954927786,9.970890045166016,19119800,,
2023-08-17,9.97969014261077,10.050093532317668,9.874085058050422,9.891685485839844,9389600,,
2023-08-18,9.768480630051076,9.909287418928805,9.706877030461072,9.803682327270508,8409700,,
2023-08-21,9.821282756242892,9.874085721709372,9.680475967365163,9.803682327270508,8330200,,
2023-08-22,9.768481496925276,9.830084262707366,9.372461318969727,9.372461318969727,12404700,,
2023-08-23,9.3636616827878,9.592472319278153,9.319659346790703,9.583672523498535,8981400,,
2023-08-24,9.522067929685237,9.742078747574634,9.522067929685237,9.636473655700684,7921700,,
2023-08-25,9.636475289315396,9.724479967099933,9.486867840646564,9.548471450805664,8754700,,
2023-08-28,9.627672968374883,9.7596799619441,9.583671476459804,9.698077201843262,6119300,,
2023-08-29,9.680475967365163,9.838884024489941,9.618873207049823,9.803682327270508,7232400,,
2023-08-30,9.786081282732084,9.803682551381495,9.671675554334962,9.680476188659668,11357000,,
2023-08-31,9.733279682855528,9.838884782651508,9.689277348121854,9.75968074798584,10468500,,
2023-09-01,9.856484158610053,9.970889880969478,9.838883730164177,9.874085426330566,9462500,,
2023-09-05,9.830083975101125,9.98849204164868,9.81248270580708,9.821283340454102,11247300,,
2023-09-06,9.750879886047636,9.759680520644315,9.539669691375597,9.61007308959961,12687000,,
2023-09-07,9.557269817958959,9.680476180577926,9.354860264307813,9.407662391662598,21316700,,
2023-09-08,9.425263763125443,9.627673318984845,9.319658667989057,9.566070556640625,17559600,,
2023-09-11,9.671674645844263,9.742078035279329,9.434063416319564,9.460464477539062,16200000,,
2023-09-12,9.48686623239392,9.662874718850505,9.38126114051997,9.636473655700684,17197900,,
2023-09-13,9.715678393886243,9.768481363316347,9.337259490915558,9.381261825561523,16084500,,
2023-09-14,9.504468869817234,9.645275679266042,9.48686759899874,9.557271003723145,17098000,,
2023-09-15,9.472456004729292,9.597446309694778,9.383177945262627,9.552806854248047,23889600,0.155,
2023-09-18,9.517094098319777,9.534950218514052,9.409959931434152,9.454599380493164,9506300,,
2023-09-19,9.472455127030168,9.508166517793244,9.374249015288383,9.43674373626709,10483300,,
2023-09-20,9.543878359597546,9.597445873987107,9.365321397343601,9.374249458312988,10811900,,
2023-09-21,9.302826268548202,9.454599892715487,9.204620156439196,9.276042938232422,12166800,,
2023-09-22,9.293899377767826,9.302827439472413,9.151053796201749,9.204621315002441,10809200,,
2023-09-25,9.195691522795247,9.311753748833077,9.17783540274635,9.29389762878418,8930900,,
2023-09-26,9.186763247653747,9.302825470973866,9.097484352353149,9.124268531799316,12385800,,
2023-09-27,9.11534115214975,9.159980603130943,8.96356752966972,9.034990310668945,10596900,,
2023-09-28,9.079630745827243,9.21354826185996,9.043919351456731,9.115342140197754,16940000,,
2023-09-29,9.18676416995955,9.392105309195506,9.177836109247828,9.2849702835083,12991200,,
2023-10-02,9.284970997379235,9.347466575739505,8.910000932924804,8.95464038848877,13651800,,
2023-10-03,8.910000017321963,8.927856138283351,8.740371125322332,8.793938636779785,10998600,,
2023-10-04,8.793939484965778,8.84750615016309,8.677877241802546,8.82965087890625,9576900,,
2023-10-05,8.776083417659706,8.981424572683226,8.73144396209574,8.95464038848877,21903200,,
2023-10-06,8.874288627707337,9.088557822131719,8.785010577171661,9.034990310668945,17153300,,
2023-10-09,8.892144613739543,9.061773503182044,8.874288493047334,8.990350723266602,11724900,,
2023-10-10,9.097486624574412,9.27604445977286,9.052848017201658,9.142126083374023,14069800,,
2023-10-11,9.151052439697933,9.302826060470474,8.999278818925394,9.070701599121094,19482200,,
2023-10-12,9.079630693782512,9.088558755180664,8.874289538758992,8.95464038848877,16563100,,
2023-10-13,9.034991453258202,9.07963090988462,8.856434478179349,8.883217811584473,17412100,,
2023-10-16,8.990351230526624,9.097485406444589,8.936784568281015,9.088558197021484,11311600,,
2023-10-17,9.043917308357507,9.347464517646312,8.972494535751506,9.26711368560791,12099700,,
2023-10-18,9.177835630188918,9.222475079990737,8.972495353097917,9.02606201171875,19147500,,
2023-10-19,9.01713596684904,9.195692937678102,8.936785117119262,8.95464038848877,16990800,,
2023-10-20,8.588596822347956,8.901072102999873,8.401111824242136,8.606452941894531,29537400,,
2023-10-23,8.642166598046002,8.776084124090794,8.543959617614746,8.543959617614746,20505600,,
2023-10-24,8.588597261024313,8.66002004000536,8.427895582603616,8.508246421813965,18227000,,
2023-10-25,8.43682336925615,8.499318937408066,8.258266427593513,8.454679489135742,25825400,,
2023-10-26,8.481463164256011,8.722515683924943,8.436823714158798,8.66894817352295,14788100,,
2023-10-27,8.651091942161464,8.660020002351947,8.347545558525168,8.427895545959473,14504400,,
2023-10-30,8.561814650173124,8.61538131319027,8.418969080225057,8.53503131866455,15345000,,
2023-10-31,8.535031246993727,8.624309301748198,8.47253567209617,8.615381240844727,12410100,,
2023-11-01,8.579668523894506,8.642164089142293,8.499318542450126,8.597524642944336,15943300,,
2023-11-02,8.70465970429087,9.258186680751495,8.70465970429087,9.231403350830078,27559500,,
2023-11-03,9.401033426034823,9.642085979961601,9.401033426034823,9.48138427734375,21301000,,
2023-11-06,9.499239757604128,9.543878359597546,9.284970551472638,9.374249458312988,10244700,,
2023-11-07,9.338537693186632,9.39210520543846,9.267114911135344,9.32068157196045,9800100,,
2023-11-08,9.338537900313815,9.34746596112493,9.222475664049549,9.249258995056152,9085600,,
2023-11-09,9.267114323814292,9.320680981244509,9.05284599124009,9.097484588623047,12306100,,
2023-11-10,9.14212393934725,9.18676338767794,9.034989774209587,9.16890811920166,9981400,,
2023-11-13,9.097484488705048,9.186763385343747,9.01713450344221,9.133195877075195,8712800,,
2023-11-14,9.463526615797177,9.793857147761251,9.418887170628713,9.65993881225586,17548300,,
2023-11-15,9.668867898797874,9.856352907282599,9.668867898797874,9.82064151763916,13393300,,
2023-11-16,9.820642442581113,9.86528189669638,9.659940748336856,9.740291595458984,11669700,,
2023-11-17,9.900992154628328,9.918847423371401,9.749218538892192,9.892064094543457,9397000,,
2023-11-20,9.865281479233104,9.918848140763261,9.740291183284848,9.883136749267578,11756700,,
2023-11-21,9.820641240133627,9.838497360164123,9.668867625581065,9.731362342834473,9713100,,
2023-11-22,9.802785462651974,9.829569643633667,9.633156573568064,9.70457935333252,6418900,,
2023-11-24,9.740290982495674,9.776002373255192,9.659940140430079,9.713507652282715,4313900,,
2023-11-27,9.642085075378418,9.686724527631787,9.579589501653006,9.642085075378418,9539300,,
2023-11-28,9.64208547754681,9.749219656567393,9.579589901214726,9.740291595458984,13339700,,
2023-11-29,9.820642396041146,10.070622145904517,9.79385906426962,9.936704635620117,22493400,,
2023-11-30,9.981343067887641,10.142043893495103,9.90992028952284,10.052765846252441,20168000,,
2023-12-01,10.043838455528476,10.481303215026855,10.008127063965889,10.481303215026855,21443000,,
2023-12-04,10.400951326031915,10.588436325753062,10.374167997907938,10.517013549804688,17012800,,
2023-12-05,10.481303045646833,10.525942497235368,10.338457481704896,10.392024993896484,11801600,,
2023-12-06,10.472375257654347,10.650933068656597,10.436663865739245,10.445591926574707,13314300,,
2023-12-07,10.490229079653599,10.642002674877606,10.42773437035897,10.588435173034668,19977700,,
2023-12-08,10.597364129680319,10.758065797396593,10.54379747472598,10.704498291015625,15732300,,
2023-12-11,10.686645032538722,10.775923091391414,10.642005577398981,10.66878890991211,10608300,,
2023-12-12,10.677715844914404,10.69557111423081,10.552725553992763,10.579509735107422,12797900,,
2023-12-13,10.561655189524105,11.02590418096231,10.517015732435535,11.008048057556152,20124700,,
2023-12-14,11.311594428469306,11.820481984379157,11.311594428469306,11.766915321350098,41934200,,
2023-12-15,11.726260344302498,11.94307937981789,11.545578532672033,11.617851257324219,33169400,0.155,
2023-12-18,11.735294694660366,11.744329000665768,11.455238100963594,11.464271545410156,16982300,,
2023-12-19,11.47330717700263,11.599784891014558,11.401034443726939,11.54557991027832,19502300,,
2023-12-20,11.527510846896064,11.635919934481937,11.265522003173828,11.265522003173828,18022700,,
2023-12-21,11.373931996614187,11.464272479351317,11.283590652318146,11.419102668762207,19480800,,
2023-12-22,11.509440837621327,11.572680110538386,11.364895405054456,11.43716812133789,11808100,,
2023-12-26,11.446203342785331,11.626885147961504,11.382964926363373,11.59074878692627,12775900,,
2023-12-27,11.518476601414731,11.617851383501046,11.42813526383892,11.563647270202637,13942300,,
2023-12-28,11.554611862910981,11.608816832602185,11.53654411405309,11.572680473327637,8090700,,
2023-12-29,11.53654659736287,11.572682964415984,11.473307308850707,11.491375923156738,18676900,,
2024-01-02,11.47330580801985,11.717226899890102,11.419101695310129,11.617851257324219,16621900,,
2024-01-03,11.563647327452637,11.572681633566717,11.274555562714097,11.31069278717041,19125500,,
2024-01-04,11.292624299053099,11.545578842115408,11.27455568662636,11.500408172607422,16532400,,
2024-01-05,11.455239471889328,11.888875873338781,11.446205164802729,11.744330406188965,24066600,,
2024-01-08,11.699159155409761,11.825636863708496,11.599784367034335,11.825636863708496,12198500,,
2024-01-09,11.690125204300326,11.744330184236576,11.644955392838865,11.6539888381958,11741100,,
2024-01-10,11.617852024179745,11.690124753602412,11.536545849748418,11.68109130859375,13202800,,
2024-01-11,11.572682964415984,11.617852777063163,11.265523413685036,11.491375923156738,17968000,,
2024-01-12,11.50944235232702,11.572681633566717,11.211317143033254,11.31069278717041,16911900,,
2024-01-16,11.211316956447412,11.229385568374859,11.021600839003403,11.066771507263184,17497200,,
2024-01-17,10.940295843118536,11.148080611133702,10.886091720373013,11.0577392578125,16654200,,
2024-01-18,11.093875626829183,11.157114918777623,10.858989659000251,11.0577392578125,20212900,,
2024-01-19,11.066772964113431,11.509443675903821,11.057738656960415,11.491375923156738,26535100,,
2024-01-22,11.59074996603597,11.690124753602412,11.491375178469527,11.68109130859375,26669800,,
2024-01-23,11.744329785953932,11.780466150832973,11.500408676851233,11.527511596679688,15234400,,
2024-01-24,11.59978264177529,11.879839213524887,11.563646282144413,11.816600799560547,22341600,,
2024-01-25,11.96114962379387,11.96114962379387,11.572683863192955,11.690126419067383,13956300,,
2024-01-26,11.69012458878696,11.816602294272903,11.672056837465473,11.78950023651123,15555400,,
2024-01-29,11.753362503576291,11.861771583557129,11.681089783589066,11.861771583557129,10520100,,
2024-01-30,11.852738380432129,11.915976800912206,11.807567710849703,11.852738380432129,11897000,,
2024-01-31,11.500408172607422,11.807567691391085,11.437169752231561,11.500408172607422,21259100,,
2024-02-01,11.509443362533373,11.572682649323704,10.904158584704732,11.256488800048828,34530900,,
2024-02-02,11.12097639694194,11.446203655133985,11.03063506110918,11.373930931091309,24041500,,
2024-02-05,11.229386780068609,11.292625205520666,11.111943374544122,11.20228385925293,16493100,,
2024-02-06,11.202281535140294,11.301657167729347,11.066770405411813,11.175179481506348,17535400,,
2024-02-07,11.28358991513711,11.310692833590577,10.958362647725195,11.157113075256348,16753200,,
2024-02-08,11.057736928375782,11.175180318328975,10.976429899826739,11.130009651184082,11406600,,
2024-02-09,11.157112000137591,11.27455452255023,11.012565700324396,11.211316108703613,14115700,,
2024-02-12,11.265520635554417,11.572680110538386,11.238417720779074,11.43716812133789,14163100,,
2024-02-13,11.229384991159188,11.247452740599075,11.003532523028447,11.148077964782715,26226900,,
2024-02-14,11.392000267591461,11.509443675903821,11.319727533485233,11.491375923156738,23336500,,
2024-02-15,11.545578921306756,11.798534327662951,11.518476864039616,11.599783897399902,18364100,,
2024-02-16,11.53654399398248,11.744327842258858,11.446202665956987,11.626884460449219,15977300,,
2024-02-20,11.455238866921606,11.67205705619585,11.455238866921606,11.527511596679688,16990700,,
2024-02-21,11.509441078639579,11.681089429576266,11.401032001944241,11.626884460449219,15789000,,
2024-02-22,11.690123981976404,11.807567374925915,11.581714894998127,11.617851257324219,15841900,,
2024-02-23,11.626885563295453,11.699158287947636,11.545578532672033,11.617851257324219,10812500,,
2024-02-26,11.617852643554011,11.672057624290249,11.437170810364785,11.54557991027832,12264200,,
2024-02-27,11.617851452817794,11.762397766113281,11.590749396006887,11.762397766113281,16196600,,
2024-02-28,11.635921085923004,11.771432243425238,11.62688677900714,11.6539888381958,13304800,,
2024-02-29,11.834671057482678,11.870807422143557,11.653988372619393,11.780466079711914,18259500,,
2024-03-01,11.663020403559253,11.726258813987387,11.464270005923902,11.699156761169434,20580900,,
2024-03-04,11.789499643186689,12.19603393538785,11.789499643186689,12.06955623626709,24610600,,
2024-03-05,12.05148814207853,12.439954672786236,12.04245383635072,12.34057903289795,20047500,,
2024-03-06,12.295408373060951,12.3405790401678,12.051488149178075,12.241204261779785,31375800,,
2024-03-07,12.376716668808683,12.412853033882445,12.159898478366111,12.223136901855469,24055300,,
2024-03-08,12.322511172158421,12.358647533185797,12.186999172136657,12.196033477783203,17524700,,
2024-03-11,12.150865404034471,12.232172449086228,12.069558358982716,12.159899711608887,12577000,,
2024-03-12,12.18700016100073,12.19603446738033,12.060523317921875,12.141829490661621,11758600,,
2024-03-13,12.114727433081706,12.241205137719438,12.069556762742597,12.141829490661621,18189600,,
2024-03-14,12.015351604572079,12.123760687040003,11.717226412395586,11.79853343963623,16601400,,
2024-03-15,11.684251935998386,12.004243541650562,11.684251935998386,11.931102752685547,55706000,0.155,
2024-03-18,11.876244726819813,11.958528318537915,11.76653356183129,11.90367317199707,12120400,,
2024-03-19,11.876246511569871,11.949387299220408,11.848818934177661,11.88538932800293,12492700,,
2024-03-20,11.839674543196423,12.232806878465956,11.784819395707142,12.177950859069824,14183700,,
2024-03-21,12.232808039311458,12.443087577819824,12.196237646879267,12.443087577819824,15040200,,
2024-03-22,12.47965778587469,12.561941385608176,12.159667074797367,12.16880989074707,11865800,,
2024-03-25,12.168809135273623,12.360803898763216,12.15052350450944,12.223664283752441,10506900,,
2024-03-26,12.232807956270852,12.30594874063873,12.1870947480642,12.196237564086914,9172100,,
2024-03-27,12.205380261421691,12.616797387467013,12.205380261421691,12.607654571533203,13108100,,
2024-03-28,12.60765425031747,12.772221445305549,12.598511434616599,12.753935813903809,15288100,,
2024-04-01,12.753936826710783,12.77222245956461,12.52537164747974,12.552799224853516,14086100,,
2024-04-02,12.507086440817611,12.543656833315039,12.388232447224235,12.433945655822754,16841000,,
2024-04-03,12.433945633641974,12.67165274849775,12.388232425125002,12.443087577819824,13336200,,
2024-04-04,12.61679729879948,12.744793233345616,12.333376110191626,12.360804557800293,13552000,,
2024-04-05,12.296806030027197,12.461373232219092,12.251092821428678,12.433945655822754,14381900,,
2024-04-08,12.763077956397252,12.85450436476974,12.644223974275755,12.808791160583496,18810500,,
2024-04-09,12.84536260356648,12.86364736359721,12.671652587786493,12.836219787597656,11351700,,
2024-04-10,12.607654681225833,12.625940313252544,12.305948728040482,12.41565990447998,25115600,,
2024-04-11,12.406515753534924,12.415658568564519,12.113952647842497,12.333374977111816,18114000,,
2024-04-12,12.251092618573638,12.28766301046553,12.13223949885518,12.16880989074707,12959900,,
2024-04-15,12.26023617969183,12.452230966770298,12.022528181993351,12.12309741973877,14881400,,
2024-04-16,12.059098637667288,12.104811848520656,11.821391510662332,11.92195987701416,18832900,,
2024-04-17,12.049956143106622,12.132239744506167,11.876246124172704,12.022527694702148,16753300,,
2024-04-18,12.049956321716309,12.18709507814366,11.976815535367463,12.049956321716309,20297200,,
2024-04-19,11.885389457833986,12.287663794306221,11.702537486710243,12.141382217407227,39981400,,
2024-04-22,12.159667884075034,12.397375883146267,12.150525067516838,12.36994743347168,22916000,,
2024-04-23,12.379088780049406,12.543655970927155,12.287662369138019,12.461372375488281,17517200,,
2024-04-24,12.424802516150177,12.607654473875419,12.305948525652042,12.58022689819336,12659500,,
2024-04-25,12.516228264906122,12.598511865212476,12.315091544053839,12.41565990447998,14602800,,
2024-04-26,12.34251902333898,12.534513798578306,12.34251902333898,12.388232231140137,12209200,,
2024-04-29,12.351661876806084,12.516228204720534,12.351661876806084,12.406517028808594,9977600,,
2024-04-30,12.296805501701128,12.443087065405928,12.269377926483202,12.315091133117676,15679400,,
2024-05-01,12.342519371466427,12.689938539884686,12.32423373906744,12.479658126831055,17799000,,
2024-05-02,12.59851224160454,12.607655057891048,12.379089882170103,12.497943878173828,12260700,,
2024-05-03,12.61679744720459,12.763079015210476,12.607654631227492,12.61679744720459,9181600,,
2024-05-06,12.73565191055377,12.763079487593284,12.616797914173272,12.726509094238281,8719700,,
2024-05-07,12.781362068744402,12.827075270619538,12.653366149782185,12.662508964538574,10017900,,
2024-05-08,12.580228036279214,12.872791195106688,12.571085219589108,12.84536361694336,15169300,,
2024-05-09,12.817934036254883,12.891074814535084,12.772220831853042,12.817934036254883,9441500,,
2024-05-10,12.845360816894653,12.891074018473569,12.763077228433964,12.854503631591797,11707500,,
2024-05-13,12.854506063705516,12.955074428681549,12.763079643249512,12.763079643249512,7901200,,
2024-05-14,12.836218993229346,12.927645403445837,12.772221029221924,12.87278938293457,10094100,,
2024-05-15,12.973359439681062,13.064785861899246,12.936789045175184,13.037358283996582,12860700,,
2024-05-16,13.019072280892969,13.073928307046708,12.936788677615835,12.955074310302734,8668400,,
2024-05-17,13.000785767075955,13.04649897072224,12.927644990004637,12.991642951965332,10345900,,
2024-05-20,13.02821349438925,13.037356309607869,12.799648345364877,12.808791160583496,8486900,,
2024-05-21,12.81793543521306,12.955074191479143,12.763079409562458,12.936788558959961,9381700,,
2024-05-22,12.854505906934268,12.909361061013295,12.708223461607304,12.726509094238281,7932800,,
2024-05-23,12.772221881838542,12.781363825944972,12.388232328346836,12.41565990447998,12008700,,
2024-05-24,12.47051560481199,12.561941146850586,12.43394521361517,12.561941146850586,8929100,,
2024-05-28,12.891075213733359,12.891075213733359,12.424802083827835,12.488800048828125,10960800,,
2024-05-29,12.315091133117676,12.342518708335602,12.141381122288054,12.315091133117676,10421400,,
2024-05-30,12.443086843010683,12.534513254645567,12.305948097465237,12.488800048828125,14967100,,
2024-05-31,12.57108470450278,12.772222303908773,12.479658285161797,12.726509094238281,18857200,,
2024-06-03,12.790507024086413,12.799649840372918,12.342519488931028,12.497943878173828,18831800,,
2024-06-04,12.315092064296437,12.543657242844366,12.278521670605047,12.324234008789062,12477900,,
2024-06-05,12.40651651474676,12.40651651474676,12.232807378060526,12.278520584106445,8730700,,
2024-06-06,12.260234733798415,12.379088718630777,12.205379585049243,12.232807159423828,9471000,,
2024-06-07,12.113954155877929,12.342519328630342,12.113954155877929,12.251092910766602,10301900,,
2024-06-10,11.94024461068752,11.967672186370693,11.409972625402371,11.501399040222168,51958300,,
2024-06-11,11.419115510738626,11.455685902507655,11.236263551893488,11.291119575500488,24371800,,
2024-06-12,11.547112614820076,11.665966609102501,11.309404626255228,11.37340259552002,30518700,,
2024-06-13,11.25454722141264,11.318545177873162,11.144835193327795,11.281974792480469,17172300,,
2024-06-14,11.016840309036791,11.336830993123339,11.016840309036791,11.309403419494629,27767000,,
2024-06-17,11.304775331875746,11.489947559811586,11.23996527284091,11.471430778503418,20062200,0.155,
2024-06-18,11.471429571806071,11.628826169737453,11.425136298949063,11.536239624023438,20529800,,
2024-06-20,11.508465336177327,11.619568674020924,11.452913225770109,11.591793060302734,19254700,,
2024-06-21,11.628827786671488,11.72141346228837,11.489947948789876,11.69363784790039,27287000,,
2024-06-24,11.730672015771857,12.101016475373866,11.647344291618694,12.017688751220703,23586800,,
2024-06-25,11.98991313553244,12.063982027440728,11.786223241299226,11.804740905761719,18399100,,
2024-06-26,11.730672423784394,11.804741318281037,11.638085864178155,11.767706871032715,15380500,,
2024-06-27,11.712154498599997,11.878809949002203,11.675120052174046,11.83251667022705,15930900,,
2024-06-28,11.943619782855693,12.276930677334999,11.925103001479528,12.202861785888672,30708900,,
2024-07-01,12.175085459384219,12.378775355191415,12.147309845446689,12.184344291687012,23795000,,
2024-07-02,12.091757655075861,12.239895428245484,12.054723211783456,12.230636596679688,14769500,,
2024-07-03,12.258412501033744,12.2861889963942,12.073240280151367,12.073240280151367,8233100,,
2024-07-05,12.091758086010579,12.091758086010579,11.84177492264968,11.888068199157715,14547700,,
2024-07-08,11.989912577254639,12.091757961114512,11.869550412765298,12.026947021484375,20457800,,
2024-07-09,11.915844873367437,12.156569226276893,11.88806925817662,12.008431434631348,39860500,,
2024-07-10,11.971396873314502,12.119534663556735,11.934362425753944,12.101016998291016,26142400,,
2024-07-11,12.165828255609755,12.55469040644917,12.091759358589952,12.462103843688965,28660400,,
2024-07-12,12.4528432414225,12.628757509077447,12.360257574788484,12.536170959472656,15682000,,
2024-07-15,12.739861265797469,12.813930154775411,12.610240268600666,12.712084770202637,15560900,,
2024-07-16,12.721342969148797,13.239826049169366,12.675049695098087,13.212050437927246,22748600,,
2024-07-17,13.054655350597113,13.424999820030292,13.054655350597113,13.369447708129883,19483400,,
2024-07-18,13.202792710324266,13.563878335572188,13.1935338781459,13.239827156066895,21235600,,
2024-07-19,13.693498355981452,13.878670571426516,13.424998422843414,13.758308410644531,29332500,,
2024-07-22,13.767568139573779,13.961999199207431,13.637947138827734,13.897189140319824,23466500,,
2024-07-23,13.88793060895935,14.082361672803614,13.85089616265429,13.952740669250488,14437900,,
2024-07-24,13.952739837875656,14.054585221374237,13.786085280918442,13.813860893249512,22373200,,
2024-07-25,13.869412625110602,14.1193957941444,13.767568120858403,13.943482398986816,17741700,,
2024-07-26,13.850893701263674,14.05458356122995,13.850893701263674,14.00829029083252,17412300,,
2024-07-29,14.04532539166779,14.063842170915928,13.860153184332733,13.90644645690918,14338700,,
2024-07-30,13.94348190164022,14.082360846391476,13.924964238088963,14.026808738708496,14489500,,
2024-07-31,14.045326543979979,14.082360988485386,13.832377825845791,13.841636657714844,17677800,,
2024-08-01,13.832378017518788,13.869412462537374,13.258343678245293,13.30463695526123,14076100,,
2024-08-02,13.073171092108135,13.082429923849784,12.536171212683653,12.730602264404297,19146400,,
2024-08-05,12.434328146451593,12.434328146451593,12.01768949973568,12.295448303222656,24220200,,
2024-08-06,12.304705349008367,12.57320528069141,12.202860851808166,12.41580867767334,15353300,,
2024-08-07,12.536174455267926,12.74912322555281,12.258415611969436,12.267674446105957,13326200,,
2024-08-08,12.406550929959621,12.53617193287694,12.378775316109783,12.48987865447998,10704200,,
2024-08-09,12.47136159528029,12.68430943500672,12.42506831791386,12.600981712341309,11691000,,
2024-08-12,12.702826115355192,12.860222716428783,12.350998470777208,12.388032913208008,12159100,,
2024-08-13,12.443585936425226,12.499138049597292,12.304706977951389,12.480620384216309,9301300,,
2024-08-14,12.499138049597292,12.545431330078866,12.415810321324637,12.480620384216309,11700000,,
2024-08-15,12.70282743369462,12.897258497377681,12.675050936760721,12.749120712280273,9898500,,
2024-08-16,12.730602143805035,12.906515530375922,12.71208448049716,12.869481086730957,10559500,,
2024-08-19,12.823189753522952,13.008361987041916,12.823189753522952,12.98984432220459,11596700,,
2024-08-20,12.91577436202986,12.952808805674824,12.850964306393866,12.869481086730957,9429500,,
2024-08-21,12.906517028808594,12.94355147675322,12.786155735216731,12.906517028808594,9364700,,
2024-08-22,12.915775900009878,13.18427586915091,12.850965836656457,13.165759086608887,13898100,,
2024-08-23,13.267603669147567,13.64720698448855,13.221310388087982,13.54536247253418,16863800,,
2024-08-26,13.610170789603277,13.674981727957682,13.45277418398238,13.526843070983887,9251800,,
2024-08-27,13.480550918080729,13.573136586990376,13.406481146793894,13.508326530456543,8851600,,
2024-08-28,13.471292069131483,13.665723121456008,13.443516456791063,13.554619789123535,9565500,,
2024-08-29,13.610170892202644,13.795343111102321,13.406481009927607,13.693498611450195,7670900,,
2024-08-30,13.767567600300099,13.869412100701508,13.684239880439494,13.860154151916504,10088400,,
2024-09-03,13.83237812238392,13.887930231818357,13.600912618520281,13.684240341186523,9446700,,
2024-09-04,13.65646379171079,13.758308288559158,13.563877243324445,13.637946128845215,12095300,,
2024-09-05,13.739791369268064,13.813860254037372,13.471291441236632,13.56387710571289,14882800,,
2024-09-06,13.591654255663704,13.693498756393838,13.156498874415318,13.249085426330566,17387100,,
2024-09-09,13.341672712131249,13.749052530363096,13.332413879223502,13.573138236999512,19941400,,
2024-09-10,13.591655409357664,13.619431024101583,13.008362201910124,13.230568885803223,13674100,,
2024-09-11,13.073172524986093,13.18427586915091,12.786155773303035,13.165759086608887,12968300,,
2024-09-12,13.22130857138799,13.276860677620423,13.0361363555645,13.147239685058594,8603600,,
2024-09-13,13.184275176332914,13.360189457577958,13.165758394763925,13.313896179199219,10897300,,
2024-09-16,13.36018873679901,13.582395401463954,13.36018873679901,13.554619789123535,11588200,,
2024-09-17,13.652876813386273,13.830672621367,13.559299508710534,13.634160995483398,9570700,0.155,
2024-09-18,13.634161513652874,13.942965381431936,13.55930002403488,13.624804496765137,15076800,,
2024-09-19,13.896176856073938,14.036541918289108,13.78388373539864,13.99911117553711,22086400,,
2024-09-20,13.942963576878626,13.989752224939139,13.802598525116323,13.905532836914062,25316600,,
2024-09-23,13.942964426976067,13.980395169222769,13.66223430633545,13.66223430633545,11437600,,
2024-09-24,13.662235682772732,13.746454191998154,13.493796879483126,13.57801628112793,9361800,,
2024-09-25,13.578014263389552,13.60608709562631,13.428291301567848,13.447006225585938,10524000,,
2024-09-26,13.624804496765137,13.680950167768957,13.465723608222062,13.624804496765137,9869000,,
2024-09-27,13.662234327276005,13.821315205173137,13.578014933987019,13.699665069580078,8275300,,
2024-09-30,13.718379995303659,13.830672222222272,13.606087768385045,13.755810737609863,8470100,,
2024-10-01,13.671591110124979,13.671591110124979,13.25049504328863,13.40021800994873,11464900,,
2024-10-02,13.39086046931411,13.549940445844692,13.250494524254078,13.297283172607422,12499800,,
2024-10-03,13.213063761090767,13.278567333220058,13.110129448827706,13.259852409362793,9318700,,
2024-10-04,13.512510425048625,13.718379953312237,13.456364757970823,13.680949211120605,12711400,,
2024-10-07,13.615445676291092,13.783883570449774,13.58737284266786,13.699665069580078,12114400,,
2024-10-08,13.755810262133119,13.88681830188612,13.709021612762815,13.783883094787598,13091600,,
2024-10-09,13.81195647921144,14.027183011619657,13.75580992286799,13.98039436340332,8820000,,
2024-10-10,13.952322523992285,14.055257735874758,13.886818947281112,13.99911117553711,11656600,,
2024-10-11,14.083330363886443,14.43892286104008,14.073972455230464,14.40149211883545,16242100,,
2024-10-14,14.410848744968524,14.579287526539344,14.27984159700834,14.523141860961914,10818900,,
2024-10-15,14.682221385243814,15.00974192221952,14.504425593217228,14.588644981384277,19917300,,
2024-10-16,14.71029574200826,14.916164374801546,14.663507091857323,14.822587966918945,16845900,,
2024-10-17,14.560573017527215,14.71029598656391,14.29855692929371,14.438922882080078,23922700,,
2024-10-18,14.579288342264189,14.61671908554985,14.27048448705266,14.373418807983398,19315800,,
2024-10-21,14.37341737008036,14.598002699746333,14.22369441191586,14.289198875427246,15114400,,
2024-10-22,14.270484605247871,14.560573537428887,14.242411770655941,14.541857719421387,16926200,,
2024-10-23,14.513784884829455,14.616719206612746,14.401492654042414,14.541857719421387,10153100,,
2024-10-24,14.644791122700246,14.644791122700246,14.457637416459908,14.560572624206543,10002000,,
2024-10-25,14.700935600115388,14.719650521881011,14.345343162377155,14.392131805419922,8416300,,
2024-10-28,14.52314248095861,14.794515589285885,14.466995920565003,14.757084846496582,9512400,,
2024-10-29,14.626077154939553,14.75708520408632,14.579288502214329,14.616719245910645,9288100,,
2024-10-30,14.551214783321564,14.962952938961175,14.551214783321564,14.729010581970215,8539100,,
2024-10-31,14.738367941494925,14.822587329661975,14.579287073272551,14.588644981384277,11764500,,
2024-11-01,14.62607609201782,14.794514872619938,14.476353128113386,14.485710144042969,11727300,,
2024-11-04,14.457638223504734,14.485711057903032,14.270484506817223,14.410849571228027,11634100,,
2024-11-05,14.466996232230025,14.663507859212178,14.382776836034914,14.541857719421387,11029600,,
2024-11-06,15.664781084135864,16.404039839643968,15.580561687056747,16.394681930541992,39308100,,
2024-11-07,16.142020741594305,16.41339470063916,16.05780136015544,16.263669967651367,31831500,,
2024-11-08,16.366605694959443,16.375963602627266,16.048443973607043,16.179452896118164,15612700,,
2024-11-11,16.432110461299626,16.703484448927913,16.36660688768963,16.609907150268555,15684900,,
2024-11-12,16.57247684546289,16.666054151624216,16.357250290678905,16.506973266601562,12821900,,
2024-11-13,16.563117878201766,16.815774241179525,16.39467911299102,16.413394927978516,13395500,,
2024-11-14,16.450829055091944,16.49761681990069,16.273032336108848,16.404041290283203,15466200,,
2024-11-15,16.49761498258906,16.70348540843325,16.3198200682455,16.553762435913086,16154700,,
2024-11-18,16.55376478424302,16.71284568821786,16.516333143383584,16.65669822692871,11043200,,
2024-11-19,16.375963298003526,16.600547723338398,16.329175545373143,16.413394927978516,11448900,,
2024-11-20,16.394680395009384,16.497613815813004,16.244957433078216,16.347890853881836,11108200,,
2024-11-21,16.385323151995326,16.684769088014573,16.28238794217425,16.488258361816406,21905800,,
2024-11-22,16.497615021335573,16.825134693807133,16.441469352718304,16.740915298461914,15157500,,
2024-11-25,16.871923081156154,17.26494630419795,16.86256517288867,17.031003952026367,16560000,,
2024-11-26,17.0403609065509,17.096508358894233,16.909353754093633,16.974857330322266,9103300,,
2024-11-27,17.068433623710007,17.152653012407733,16.843849182128906,16.843849182128906,9001500,,
2024-11-29,16.853208541870117,16.965499879913104,16.731557510011807,16.853208541870117,6349200,,
2024-12-02,16.890639745390065,16.92807138429401,16.600551683239612,16.637983322143555,8984300,,
2024-12-03,16.637980746179164,16.67541059444928,16.3666067606572,16.49761390686035,8979000,,
2024-12-04,16.55376093720517,16.62862241668761,16.301102774637517,16.469541549682617,13718200,,
2024-12-05,16.544402165853427,16.806416437950435,16.478898597829172,16.56311798095703,12806600,,
2024-12-06,16.581834337256016,16.70348536765581,16.413397332210995,16.478900909423828,11142700,,
2024-12-09,16.478899266104655,16.535044928854003,16.15137962786299,16.170095443725586,13151400,,
2024-12-10,16.235598928668892,16.35724816145648,16.076518064353788,16.13266372680664,12640600,,
2024-12-11,16.291747053333538,16.394682270752643,16.179455711456967,16.27303123474121,16226700,,
2024-12-12,16.338533772985794,16.34789168168516,16.067161560058594,16.067161560058594,10671900,,
2024-12-13,16.067161560058594,16.132665136115552,15.89872277314722,16.067161560058594,12838100,,
2024-12-16,16.11395080803203,16.188812299707347,16.001659462938424,16.151382446289062,14531700,,
2024-12-17,16.07651791182818,16.095233727414374,15.758356186216522,15.851933479309082,12484700,,
2024-12-18,15.951096774244979,15.969985421305148,14.997242614213079,15.025574684143066,21514700,0.155,
2024-12-19,15.280566015493756,15.450560236394214,14.997242614213079,15.025574684143066,18751100,,
2024-12-20,14.987798952387923,15.545000555359142,14.95002255726004,15.4127836227417,42161100,,
2024-12-23,15.412782166618957,15.469446303627286,15.24278795427353,15.375006675720215,13192500,,
2024-12-24,15.384451978103733,15.56388872360593,15.337230359823772,15.545000076293945,5068100,,
2024-12-26,15.478890148552361,15.639440032883744,15.365561878036315,15.601664543151855,5175500,,
2024-12-27,15.52611403447055,15.66777529400661,15.393895297759,15.46944808959961,14480400,,
2024-12-30,15.356119393562102,15.497780649325692,15.214458137798513,15.42222785949707,14343200,,
2024-12-31,15.450560504564658,15.57333310994562,15.337230421557141,15.36556339263916,12261600,,
2025-01-02,15.488335298335526,15.601665376223364,15.261676943880332,15.33722972869873,20048500,,
2025-01-03,15.36556446484833,15.563889872299933,15.120017435631572,15.535558700561523,14845900,,
2025-01-06,15.620555011120791,15.969985987520326,15.554444744066265,15.61111068725586,14773100,,
2025-01-07,15.733884932774897,15.837770704783193,15.478893565838597,15.629999160766602,12545200,,
2025-01-08,15.554445723568735,15.611111670326727,15.375008962797216,15.516670227050781,15744300,,
2025-01-10,15.497779943246636,15.497779943246636,14.987798184808073,15.129460334777832,16406500,,
2025-01-13,15.091684777299122,15.327787487086608,15.044464955869914,15.318343162536621,16176900,,
2025-01-14,15.48833565684708,15.771659957464596,15.393894223307907,15.667774200439453,18637200,,
2025-01-15,16.139979903152902,16.187199720246234,15.951097032138462,16.09276008605957,21983000,,
2025-01-16,15.922766860524682,16.092761094829605,15.733883977670173,15.903878211975098,23142600,,
2025-01-17,16.054984005071013,16.111648150130883,15.705551207673658,16.064428329467773,31298500,,
2025-01-21,16.111646305980138,16.272196199707018,15.960540735569015,16.149423599243164,22133600,,
2025-01-22,16.054983621238133,16.149425061627195,15.799992272583866,15.92276668548584,16915100,,
2025-01-23,15.894432309445808,16.092759496882,15.894432309445808,15.960540771484375,14379700,,
2025-01-24,15.932210484706172,16.4327470400309,15.903877513126803,16.243865966796875,20478700,,
2025-01-27,16.24386527322607,16.38552652243317,16.139979516524626,16.215532302856445,21200200,,
2025-01-28,16.177758178987037,16.366641082487575,16.102205377850993,16.272199630737305,22737200,,
2025-01-29,16.27219644227518,16.470523632221532,16.09275970056243,16.215532302856445,25421600,,
2025-01-30,16.376083783594595,16.564966668361496,16.281642341211143,16.423303604125977,18944000,,
2025-01-31,16.347749926613382,16.44219136389069,16.168313177239146,16.243865966796875,17459500,,
2025-02-03,15.818881094822636,16.045539473455644,15.56388974336525,15.903878211975098,21739000,,
2025-02-04,15.922767551231054,16.149425939696172,15.894434577177634,15.932211875915527,20783400,,
2025-02-05,16.026649059847966,16.054982029551955,15.790546382942788,15.979429244995117,21298500,,
2025-02-06,16.054981547846776,16.22497575832936,15.781101586220293,16.206087112426758,26516000,,
2025-02-07,16.224976245134958,16.272196059987802,15.894432137203616,15.979429244995117,15234200,,
2025-02-10,16.007763128042342,16.03609429804233,15.73388314257194,15.799991607666016,17997500,,
2025-02-11,15.724439480536748,15.92276668548584,15.601666868955425,15.92276668548584,18785300,,
2025-02-12,15.743326987006688,15.790546803116014,15.629996906495577,15.667774200439453,14263300,,
2025-02-13,15.686662673950195,15.733882489537372,15.460004316754855,15.686662673950195,18831400,,
2025-02-14,15.762216113892505,15.951097185401212,15.74332746634546,15.799991607666016,15881700,,
2025-02-18,15.809434341341172,15.98887287234917,15.733881560072604,15.951095581054688,21197200,,
2025-02-19,15.790545366622306,15.988872539144447,15.714992586928242,15.894431114196777,16145900,,
2025-02-20,15.884988987308697,15.951097453513952,15.431672246483574,15.507225036621094,19214500,,
2025-02-21,15.582777633496397,15.620554928756935,15.21445801130907,15.252233505249023,32919100,,
2025-02-24,15.412782833396832,15.412782833396832,15.016130254537922,15.129460334777832,21010800,,
2025-02-25,15.242789769594673,15.346675534249123,14.798917341079518,14.931135177612305,28245300,,
2025-02-26,15.035020343274011,15.318342869062718,14.987799622089112,15.167237281799316,25799000,,
2025-02-27,15.223902658605887,15.460005355039273,15.157792390495215,15.308897972106934,24769700,,
2025-02-28,15.393895358266201,15.592222563452747,15.318342566128626,15.554445266723633,31047900,,
2025-03-03,15.629997095269037,15.781102670228503,15.148349200911078,15.290010452270508,18883400,,
2025-03-04,15.053907925787462,15.110572970718202,14.383376214185429,14.647811889648438,28823100,,
2025-03-05,14.572256570633781,14.751694197263605,14.33615390889654,14.525035858154297,29043700,,
2025-03-06,14.41170725094046,14.41170725094046,14.128383865668534,14.288933753967285,24455800,,
2025-03-07,14.345599717747232,14.345599717747232,13.873394315705173,14.298379898071289,25519000,,
2025-03-10,14.04338782375885,14.081164217945858,13.608958840278135,13.826173782348633,28774100,,
2025-03-11,13.807285586395029,13.901727025280728,13.448409379553805,13.599514961242676,36965800,,
2025-03-12,13.826174676481488,13.892283145418885,13.5711833237338,13.741177558898926,24303400,,
2025-03-13,13.797839569335478,13.85450460584598,13.467296375114856,13.486184120178223,18992700,,
2025-03-14,13.561737964771009,13.948947126513211,13.561737964771009,13.930058479309082,27473500,,
2025-03-17,13.85450513939183,14.147271954100153,13.826173070375592,14.0717191696167,23103800,,
2025-03-18,14.019230468972872,14.124208273758214,13.885623677614081,14.086034774780273,23168200,0.155,
2025-03-19,14.114665362475684,14.410510676634058,14.057404656141529,14.286446571350098,20505500,,
2025-03-20,14.124209329248753,14.429597343893676,14.105122123269409,14.267359733581543,21910100,,
2025-03-21,14.124208016478915,14.381878902354416,14.066947313991033,14.334162712097168,99686600,,
2025-03-24,14.544116776716164,14.696810772777015,14.42005267738472,14.649094581604004,15981700,,
2025-03-25,14.649096088427903,14.754072993985789,14.544118272741917,14.620465278625488,17941500,,
2025-03-26,14.687269833129125,14.839963847409685,14.467771505004734,14.56320571899414,14667600,,
2025-03-27,14.572749174141812,14.649096180505266,14.362794451578264,14.429597854614258,15863100,,
2025-03-28,14.372336838701342,14.505943633467364,14.047861634050093,14.114665031433105,12853800,,
2025-03-31,13.971515132216572,14.3818800437916,13.828363819699463,14.324620246887207,18673400,,
2025-04-01,14.343706737242773,14.362793943222117,13.990601617777564,14.267359733581543,20382600,,
2025-04-02,14.09558008493749,14.534574921310298,14.047862977901454,14.515488624572754,16516300,,
2025-04-03,13.799734526674351,13.837908029661396,12.83585243859133,12.845396041870117,31270200,,
2025-04-04,12.225075020928013,12.358681811347424,11.576124632737736,12.024663925170898,28688600,,
2025-04-07,11.566581711201081,12.54955004341382,11.37571420642114,12.12964153289795,37023100,,
2025-04-08,12.597266613294199,12.769047815380434,11.719275218385912,11.919686317443848,25512900,,
2025-04-09,11.738363452918442,13.322565179629825,11.528408733074738,13.083980560302734,31308800,,
2025-04-10,12.72133060838621,12.797677606430863,11.85288282303229,12.301422119140625,28774800,,
2025-04-11,12.16781441749848,12.425486218495186,11.910142616501775,12.301422119140625,23058800,,
2025-04-14,12.520920158242784,12.65452786679164,12.368226154260126,12.54955005645752,16374300,,
2025-04-15,12.654528721123597,13.007633856704327,12.616355217550764,12.788135528564453,14988300,,
2025-04-16,12.673613775430484,12.87402487707325,12.501833481256703,12.664071083068848,26341500,,
2025-04-17,13.093523990024437,13.32256500311303,12.921742775143949,13.045806884765625,31069000,,
2025-04-21,12.959915403468651,13.017176107943884,12.749960700563484,12.854938507080078,22120100,,
2025-04-22,13.045805672227054,13.322563764851258,12.97900227715059,13.293933868408203,21022700,,
2025-04-23,13.608866342736059,14.009688559459924,13.427541529865326,13.532519340515137,20643300,,
2025-04-24,13.50388895244351,13.914254784751122,13.44662915405943,13.885624885559082,16491400,,
2025-04-25,13.780647104685205,13.89516852198414,13.685213803773543,13.742473602294922,17839800,,
2025-04-28,13.837907187211503,13.961971291898418,13.74247298048986,13.914254188537598,15511400,,
2025-04-29,13.847450598867951,14.009688201979664,13.732930098458748,13.971514701843262,13693800,,
2025-04-30,13.666125987973999,13.914254197507795,13.5420618832071,13.866537094116211,18423200,,
2025-05-01,13.81882015501543,14.086035573133982,13.761560358367213,13.952427864074707,14989700,,
2025-05-02,14.171925826814089,14.439140328178482,14.12420872403844,14.391423225402832,18090800,,
2025-05-05,14.257814805403994,14.553660099690074,14.219641307121401,14.334162712097168,12856900,,
2025-05-06,14.152838698357337,14.334163507861936,14.114665197955533,14.200555801391602,19383900,,
2025-05-07,14.267359549599217,14.420053554952638,14.191012546922506,14.27690315246582,15068900,,
2025-05-08,14.477313986485926,14.649095194303145,14.400966985262283,14.525031089782715,20118400,,
2025-05-09,14.553660987709568,14.610921693691324,14.448684088559071,14.525031089782715,18130500,,
2025-05-12,15.173980162314743,15.431651966605049,15.145350265214049,15.202610969543457,25726900,,
2025-05-13,15.240785167909838,15.431652674213266,15.154894562541278,15.355305671691895,21061100,,
2025-05-14,15.336218465997522,15.412565468518894,15.250327860628962,15.355305671691895,21159900,,
2025-05-15,15.393479033970113,15.412566240620672,15.21215512143034,15.364850044250488,22728600,,
2025-05-16,15.326675026519572,15.488912636138815,15.269415229082233,15.44119644165039,15203000,,
2025-05-19,15.269415465117945,15.441196680341509,15.231241962860272,15.383936882019043,20177700,,
2025-05-20,15.374391942910338,15.374391942910338,15.16443724367386,15.212153434753418,15163700,,
2025-05-21,15.116721726996804,15.145351626671118,14.591835378951174,14.620465278625488,24551600,,
2025-05-22,14.58229156974641,14.859049689697887,14.544118067343726,14.725442886352539,28810700,,
2025-05-23,14.400967864242245,14.715899491044004,14.372337964567931,14.620465278625488,25782900,,
2025-05-27,14.801790134390012,15.040374755859375,14.696812318461507,15.040374755859375,23907400,,
2025-05-28,15.0117430740316,15.04991748497231,14.830419172703474,14.849506378173828,21952600,,
2025-05-29,14.916309523746097,15.00220012664795,14.811332625826074,15.00220012664795,27628300,,
2025-05-30,14.925852959155671,14.973569151230713,14.792245255012695,14.916309356689453,25570600,,
2025-06-02,14.849506919903785,14.887680422109066,14.563205198300132,14.868593215942383,19174500,,
2025-06-03,14.849506230517447,15.212154029567703,14.782701922163524,15.183524131774902,21317800,,
2025-06-04,15.135807469047494,15.259871576596415,15.002200668708706,15.021286964416504,19170700,,
2025-06-05,15.021286964416504,15.116721173339696,14.878136561159785,15.021286964416504,26121200,,
2025-06-06,15.259872694759833,15.498457324421976,15.1835256860782,15.4793701171875,30776000,,
2025-06-09,15.527086994060662,15.660693794369596,15.441196388074596,15.488912582397461,28886600,,
2025-06-10,15.460283939563121,15.66069414450724,15.4316531301756,15.56525993347168,32376900,,
2025-06-11,15.765671492840314,15.803844083972939,15.298045874864897,15.355305671691895,51741300,,
2025-06-12,15.269414726607687,15.298045534512266,15.107177122327236,15.231241226196289,31620800,,
2025-06-13,15.04037486055693,15.078548363852635,14.763616734131054,14.801790237426758,36224900,,
2025-06-16,15.02128774608382,15.078548456443041,14.859050128548827,14.983114242553711,22833400,,
2025-06-17,14.852993108330628,15.05540252755395,14.824077739642439,14.920462608337402,26823800,0.155,
2025-06-18,14.930100811275418,15.248172612530773,14.891546681402131,15.161425590515137,23511400,,
2025-06-20,15.325281068590849,15.334919830983383,15.190342071907288,15.267450332641602,27454200,,
2025-06-23,15.238535302520699,15.508414221074284,15.113234146248644,15.489136695861816,22795400,,
2025-06-24,15.61443718247158,15.845761946264503,15.575882135969858,15.67226791381836,26672200,,
2025-06-25,15.710823081047556,15.710823081047556,15.537330865372809,15.691547393798828,20383000,,
2025-06-26,15.768656150458055,16.06745045381389,15.749378624201267,16.03853416442871,32823100,,
2025-06-27,16.048170034037483,16.144555809536765,15.932508574162952,15.999978065490723,36525400,,
2025-06-30,16.106001974946366,16.23130404403832,16.057810002776165,16.15419578552246,31096400,,
2025-07-01,16.14455953791982,16.6457642155384,16.086728794627273,16.559017181396484,48629300,,
2025-07-02,16.616844434940027,16.799977228380094,16.491544211053117,16.771060943603516,31339900,,
2025-07-03,17.060218555869742,17.10841052621506,16.877085759427047,16.906002044677734,21797700,,
2025-07-07,16.86744699767682,17.0891330027146,16.7517836950799,16.906002044677734,33536700,,
2025-07-08,16.954193866701374,16.973471390033186,16.81925488019032,16.848169326782227,25220900,,
2025-07-09,16.963834475651367,17.002387688107447,16.72287092298134,16.790340423583984,20821000,,
2025-07-10,16.799977484166284,17.01202472720563,16.7614224372105,16.925277709960938,18219000,,
2025-07-11,16.751786255087325,16.877088338583132,16.636124773220846,16.761425018310547,19466700,,
2025-07-14,16.356605694483086,16.761424546431225,16.154197187712047,16.452991485595703,69030600,,
2025-07-15,16.491546719003914,16.491546719003914,15.922872567424049,15.96142578125,64082200,,
2025-07-16,16.048172927557104,16.09636674319907,15.78793183830875,16.03853416442871,39866600,,
2025-07-17,15.961424537563632,16.414437173961613,15.903593802127737,16.366243362426758,54834500,,
2025-07-18,16.308413145689496,16.41443769603242,15.768655308173326,16.106002807617188,50169300,,
2025-07-21,16.134917363432937,16.52045863455803,16.134917363432937,16.2023868560791,38442100,,
2025-07-22,16.17347313544208,16.269857078743694,16.019256620072444,16.057809829711914,45456600,,
2025-07-23,16.134918337190758,16.260220406872136,16.0288937918305,16.212026596069336,38911700,,
2025-07-24,16.20238946079922,16.337330306190637,16.00961971344962,16.03853416442871,42543300,,
2025-07-25,16.057810126106514,16.289134903430757,15.884316083511855,16.231304168701172,47061000,,
2025-07-28,16.2313057501844,16.26022203956958,15.98070342406444,16.03853416442871,29412200,,
2025-07-29,16.115641664870434,16.240943741176274,16.086727215266013,16.14455795288086,36365300,,
2025-07-30,16.163834246498737,16.404797779672283,15.893954427518258,15.980701446533203,36710600,,
2025-07-31,15.922873360953744,16.019259157931202,15.80721003689956,15.836126327514648,44658100,,
2025-08-01,15.556606193499425,15.575883718709166,15.151788275327796,15.460222244262695,41446900,,
2025-08-04,15.537331786982833,15.730101539746643,15.479499206588162,15.681909561157227,32869900,,
2025-08-05,15.691547274245643,15.73973924960934,15.35419793148171,15.614439010620117,29461700,,
2025-08-06,15.6337144559324,15.652991981142142,15.440944719052954,15.460222244262695,28253800,,
2025-08-07,15.652992650390264,15.652992650390264,15.248173795707496,15.296366691589355,23780700,,
2025-08-08,15.469859217950829,15.556606243266186,15.296366086523111,15.508414268493652,18516400,,
2025-08-11,15.56624488434913,15.643353146426664,15.402389597633624,15.431305885314941,24015300,,
2025-08-12,15.595160902286933,15.893955182868497,15.518052641543113,15.874677658081055,32252400,,
2025-08-13,15.932511562061707,16.134920074003634,15.874678982873068,16.115642547607422,23075000,,
2025-08-14,15.999978378140602,16.212025617657954,15.874676316021326,16.2023868560791,21390800,,
2025-08-15,16.20238936607672,16.24094441836489,15.971064567565918,15.971064567565918,21073000,,
2025-08-18,15.92287088650784,16.086726164384228,15.855401390630362,16.07708740234375,20797200,,
2025-08-19,16.03853418702336,16.221667009908646,15.971064683435646,16.019258499145508,20767600,,
2025-08-20,16.038534395323875,16.24094474712191,15.913234149663083,16.192750930786133,28477800,,
2025-08-21,16.17347313544208,16.183111897453415,15.999979096049769,16.057809829711914,18912600,,
2025-08-22,16.154198562885522,16.7903422646139,16.125282271568334,16.732511520385742,30878400,,
2025-08-25,16.674675986160345,16.75178424428433,16.57829204230978,16.6650390625,23336900,,
2025-08-26,16.587929239682367,16.877086591223023,16.587929239682367,16.85780906677246,24211400,,
2025-08-27,16.848169830588358,17.214435431221855,16.8096166211777,17.15660285949707,26237700,,
2025-08-28,17.24334987867838,17.25298864063251,17.050580154813368,17.15660285949707,20291700,,
2025-08-29,17.14696691288669,17.27226714861756,17.069856812860344,17.166242599487305,22951900,,
2025-09-02,16.983112406484356,17.08913512207394,16.819257113221123,17.040943145751953,30110100,,
2025-09-03,17.040942093260963,17.243350587399323,16.790339787371135,16.973472595214844,24904500,,
2025-09-04,17.11804977519264,17.26262752874951,16.983110783660354,17.23371124267578,36002600,,
2025-09-05,17.262630028396018,17.378293351033204,16.79998041465956,16.99275016784668,34893500,,
2025-09-08,17.040942242540897,17.108411741178056,16.76142364715158,17.089134216308594,33323600,,
2025-09-09,17.050579902196272,17.214435176177123,16.906002151838074,17.00238609313965,24654500,,
2025-09-10,17.021665573120117,17.127690126824614,16.915641019415617,17.021665573120117,27277500,,
2025-09-11,17.060220742761732,17.127690245256197,16.906004211801232,17.098773956298828,27603300,,
2025-09-12,17.05058110007033,17.204797623074203,17.002387287627887,17.127689361572266,21711200,,
2025-09-15,17.146968544164977,17.214438049700775,16.96383571599199,16.99275016784668,27325200,,
2025-09-16,16.983111060869962,16.983111060869962,16.578292241259494,16.799978256225586,26061100,,
2025-09-17,16.834016513228324,17.310542480471167,16.795117380647877,17.057693481445312,27999600,0.155,
2025-09-18,17.135492646844973,17.407792124441134,16.989615806817234,17.378618240356445,32520400,,
2025-09-19,17.40779111619531,17.436966853491235,17.22301515645637,17.23274040222168,36152300,,
2025-09-22,17.154941249907782,17.223016119169152,16.824290295008787,16.853466033935547,21664700,,
2025-09-23,16.88264242197581,17.164667156173653,16.82429094187876,16.87291717529297,25576300,,
2025-09-24,16.892366409301758,17.01879089695124,16.756214820793467,16.892366409301758,26007200,,
2025-09-25,16.80484133367133,16.950716315693786,16.68814023511274,16.843740463256836,25231600,,
2025-09-26,16.96044284906619,17.086867348440645,16.8242912479308,16.94099235534668,25778200,,
2025-09-29,17.018792165733313,17.038242659098994,16.6978664448041,16.87291717529297,33740200,,
2025-09-30,16.88264178651051,17.03824201777688,16.493639353443523,16.795116424560547,33471900,,
2025-10-01,16.795116755379194,16.824290640003113,16.561716403882283,16.571441650390625,30339100,,
2025-10-02,16.571441650390625,16.658965159163497,16.425564807666586,16.571441650390625,26172800,,
2025-10-03,16.649243298365356,16.843742681712072,16.610342308755243,16.736766815185547,26767800,,
2025-10-06,16.814568183579315,17.057693795106594,16.221341097884363,16.25051498413086,42630200,,
2025-10-07,16.357488642357882,16.571440338805512,16.27968853134992,16.29913902282715,34678800,,
2025-10-08,16.328316685183488,16.357490570938033,15.871239356083032,15.890689849853516,35560800,,
2025-10-09,15.97821521691951,16.056015337100263,15.85178886231255,15.890689849853516,34150800,,
2025-10-10,15.9198649603628,15.93931359846228,15.15158718094961,15.171037673950195,32618400,,
2025-10-13,15.423887569676495,15.530863426132077,15.209937711666432,15.462787628173828,25619700,,
2025-10-14,15.414163881883757,16.007389102674054,15.336363761703005,15.890689849853516,26377800,,
2025-10-15,15.997664395659303,15.997664395659303,15.676738694431597,15.764262199401855,29714100,,
2025-10-16,15.715638813714897,15.725364060413249,14.869561827420284,14.947361946105957,50243700,,
2025-10-17,15.200212154933215,15.297461835466345,14.820935896737572,15.073786735534668,76956300,,
2025-10-20,15.36553700899846,15.433611875356428,15.1710367283682,15.404437065124512,28011100,,
2025-10-21,15.462787944247552,15.608662934731736,15.34608776637009,15.501688003540039,29783700,,
2025-10-22,15.462786680033448,15.56976252992953,15.3655370034785,15.433611869812012,25895400,,
2025-10-23,15.482237803080139,15.540587425902126,15.346087137411278,15.423887252807617,19553400,,
2025-10-24,15.62811279296875,15.72536340097294,15.530863112415094,15.62811279296875,15350900,,
2025-10-27,15.093236924876614,15.375262569422478,14.976535826660621,15.20993709564209,123965700,,
2025-10-28,15.17103766240769,15.297462157013099,14.947361630323893,15.112687110900879,61710300,,
2025-10-29,15.044612561506218,15.102962186808055,14.636161474591075,14.743136405944824,49576600,,
2025-10-30,14.723686204263158,15.073786723309444,14.694510465421402,14.898736000061035,33092300,,
2025-10-31,14.830662072352876,15.044612866853312,14.723687138827954,15.015437126159668,23143200,,
2025-11-03,14.957087192804309,14.976536758750441,14.752861649391777,14.947361946105957,21827100,,
2025-11-04,14.86956057199445,14.947360684111517,14.675060291701783,14.85011100769043,22667700,,
2025-11-05,14.889011687943475,15.025161426130923,14.762586268590463,14.869561195373535,26636600,,
2025-11-06,14.85983626989921,15.073787055534892,14.801486645830739,14.995986938476562,23875800,,
2025-11-07,14.966813048470343,15.258563041687012,14.88901292661915,15.258563041687012,27999100,,
2025-11-10,15.30718836550762,15.453064289717148,15.219662996472028,15.375264167785645,20031000,,
2025-11-11,15.404438324494146,15.511413255723761,15.28773814657532,15.384987831115723,23926000,,
2025-11-12,15.433612505117733,15.686462416529245,15.404437693695353,15.511412620544434,22198900,,
2025-11-13,15.414161979257525,15.55031170904309,15.239111266732685,15.278011322021484,25657700,,
2025-11-14,15.219661395954638,15.355812058742309,15.09323690669885,15.29746150970459,23315300,,
2025-11-17,15.258562104929593,15.297462163467028,14.801486648977377,14.879286766052246,30170300,,
2025-11-18,14.791761092668219,15.064061496726952,14.723686223516168,14.927911758422852,26499900,,
2025-11-19,14.927911751694129,15.05433624364794,14.820935897417089,14.957086563110352,31578500,,
2025-11-20,15.015436173076464,15.258561765387906,14.850111623559172,14.898736000061035,29636600,,
2025-11-21,14.947361942089232,15.608662950739737,14.947361942089232,15.443338394165039,33189700,,
2025-11-24,15.453063632921626,15.589214304240302,15.346087774224605,15.472513198852539,25969800,,
2025-11-25,15.569762874392088,15.764262231805048,15.530862817419393,15.735088348388672,47994300,,
2025-11-26,15.686462125479148,15.919864322329722,15.686462125479148,15.822613716125488,33297800,,
2025-11-28,15.871239014164443,15.900414754191628,15.744814517182261,15.851788520812988,14181400,,
2025-12-01,15.744813624586431,16.12408894893246,15.715637886213262,16.085189819335938,27810100,,
2025-12-02,16.153265285768228,16.21161490977533,15.978214558845824,16.104639053344727,29186000,,
2025-12-03,16.114364339004037,16.590890288506202,16.094913845987353,16.571441650390625,27795500,,
2025-12-04,16.571441635668513,16.697866130362442,16.513090156670295,16.629791259765625,22713300,,
2025-12-05,16.52281474303389,16.58116436479976,16.396390253391,16.43528938293457,25173200,,
2025-12-08,16.483916912526976,16.542266538891162,16.347765311142297,16.474191665649414,22433200,,
2025-12-09,16.474189424126408,16.746488880043604,16.454738933017772,16.52281379699707,31683700,,
2025-12-10,16.600614877478097,17.096591300351736,16.435289403186886,17.07714080810547,37663700,,
2025-12-11,17.01879276225618,17.514769231058647,17.01879276225618,17.417518615722656,24359600,,
2025-12-12,17.505043021308786,17.505043021308786,17.203567799758556,17.329992294311523,21631000,,
2025-12-15,17.47586663990333,17.54394336282469,17.164666183295527,17.2521915435791,24793600,,
2025-12-16,17.291092827760544,17.291092827760544,16.989615757158724,17.14521598815918,24112000,,
2025-12-17,17.193842244957587,17.417517345487205,17.174391752328646,17.261917114257812,23967900,,
2025-12-18,17.355118730766648,17.502278770934577,17.17852593406856,17.25701141357422,23821000,0.155,
2025-12-19,17.217768704922406,17.404172430929844,17.19814873737547,17.355119705200195,29942300,,
2025-12-22,17.355119244159265,17.610197527908642,17.325686486758435,17.580764770507812,15278800,,
2025-12-23,17.58076522181233,17.600387060583248,17.374739657200763,17.39436149597168,16424400,,
2025-12-24,17.413983816996026,17.48265838335454,17.345309250637513,17.404172897338867,6904600,,
2025-12-26,17.404172897338867,17.453227495624656,17.335498330980354,17.404172897338867,7733500,,
2025-12-29,17.404172891534657,17.433605650496315,17.217769160594006,17.247201919555664,12656400,,
2025-12-30,17.237389543571,17.26682230004598,17.119662260153945,17.1392822265625,9632100,,
2025-12-31,17.17852590565106,17.217767709718256,16.992122190417945,17.021554946899414,9260800,,
2026-01-02,17.05098630816064,17.266822785900843,16.81552986345981,17.149093627929688,17730400,,
2026-01-05,17.0804191011244,17.757357550578526,17.0804191011244,17.541521072387695,19140100,,
2026-01-06,17.541522049725376,18.00262591792087,17.51209116196249,17.953571319580078,27274500,,
2026-01-07,17.95357131395505,17.983004072950305,17.649440289303786,17.796600341796875,26985000,,
2026-01-08,17.708302553819017,18.267513703629692,17.669060749463316,18.120351791381836,29565400,,
2026-01-09,18.100732285722366,18.218459573028596,17.865273968626912,17.89470672607422,29643600,,
2026-01-12,17.796600333246204,17.806411252906575,17.404172903039317,17.56114387512207,28621600,,
2026-01-13,17.60038753915412,17.659251185825894,17.14909459135961,17.168716430664062,28747600,,
2026-01-14,17.100040939516912,17.374739189956387,16.98231178129893,17.345308303833008,26110500,,
2026-01-15,17.384549675573194,17.77697894568644,17.35511879018371,17.610197067260742,29481800,,
2026-01-16,17.580763839883787,17.76716755107225,17.482656524982417,17.678871154785156,23386500,,
2026-01-20,17.40417338086266,17.80641174177318,17.38455154100321,17.64944076538086,34619000,,
2026-01-21,17.71811444862699,18.552023888583406,17.71811444862699,18.414674758911133,42494100,,
2026-01-22,17.953570296998645,18.081110374178817,17.28644463873566,17.30606460571289,87086500,,
2026-01-23,17.168714986823904,17.502278741981513,17.011744028072258,17.021554946899414,46836600,,
2026-01-26,17.01174545288086,17.19814918372611,16.835152641684473,17.01174545288086,34643200,,
2026-01-27,17.080420503285783,17.21776963977955,16.94307136679202,17.10004234313965,23037800,,
2026-01-28,17.12947076509829,17.139281683612484,16.501586950120714,16.737043380737305,42270500,,
2026-01-29,16.87439585756518,17.001934067020002,16.629128486793835,16.962692260742188,35403500,,
2026-01-30,16.982311745694748,17.306064591063574,16.795909896499186,17.149093627929688,211994500,,
2026-02-02,17.031366376758204,17.600386587116915,16.94306997590586,17.541521072387695,47527000,,
2026-02-03,17.541520666323173,18.13997362019305,17.502278861986913,18.041866302490234,53854100,,
2026-02-04,18.228271516346368,18.826724519375627,18.198838757245362,18.659942626953125,69191600,,
2026-02-05,18.561835301191373,18.767859001173615,18.365620649667864,18.659942626953125,38614300,,
2026-02-06,18.87577583075325,19.09161043424595,18.816912188208228,18.905208587646484,30188500,,
2026-02-09,18.787477947228723,18.89539617607098,18.640317916870117,18.640317916870117,17333400,,
2026-02-10,18.16940735713069,18.650131181444344,17.904518146414535,18.218460083007812,45280200,,
2026-02-11,18.247890823293233,18.385239937553333,17.43360331358873,17.590574264526367,35687600,,
2026-02-12,17.74754708252752,17.87508529186603,16.854774003433388,17.001934051513672,37721200,,
2026-02-13,16.884203463930294,17.06079625520473,16.74685434682413,16.933258056640625,21207900,,
2026-02-17,16.962691301436916,17.17852590186247,16.825340309128443,17.1392822265625,30405700,,
2026-02-18,17.17852689310061,17.5905761513193,17.1490941349273,17.551332473754883,27278200,,
2026-02-19,17.374739682627503,17.521901602383217,17.227579634113333,17.5120906829834,23422300,,
2026-02-20,17.512090692764936,17.688683499577195,17.257012401951844,17.6690616607666,25391300,,
2026-02-23,17.62981739790075,17.786788360691563,16.687991621155884,16.75666618347168,24767500,,
2026-02-24,16.776288983208463,16.884205356786733,16.521210686242537,16.697803497314453,27065700,,
2026-02-25,16.87439537780925,17.09022998430469,16.727233462537175,16.952880859375,23954300,,
2026-02-26,17.04117823699039,17.394361988663082,16.992123638673633,17.20796012878418,19498600,,
2026-02-27,16.943069857971985,17.021555339156485,16.187645932045253,16.481966018676758,39296100,,
2026-03-02,16.27594281886581,16.776288478090798,16.10916093245748,16.64874839782715,18965300,,
2026-03-03,16.334805510041814,16.65855834461052,16.187645470918113,16.432912826538086,24787000,,
2026-03-04,16.56045103808665,16.580072875646007,16.324994601098663,16.511398315429688,27684700,,
2026-03-05,16.393669624943616,16.521209701444956,16.17783501941097,16.364238739013672,19617500,,
2026-03-06,15.932569023259804,16.040487270903125,15.559762487699139,16.001243591308594,27481400,,
2026-03-09,15.775596640677236,15.952189440622814,15.285061916935728,15.814840316772461,39514100,,
2026-03-10,15.883515325581577,16.030675372596093,15.549951554353191,15.687300682067871,21203200,,
2026-03-11,15.628436530875385,15.736354768433635,15.275250932496723,15.343926429748535,44742900,,
2026-03-12,15.039795400815747,15.32430551916019,14.95149899587768,15.186955451965332,53768500,,
2026-03-13,15.363547763280687,15.451844165353457,14.922066688537598,14.922066688537598,37139100,,
2026-03-16,15.118280877280608,15.255630944394628,14.97112082621763,14.990741729736328,38594900,,
2026-03-17,15.177144998314473,15.285062303443002,14.98093129098044,15.09865951538086,25114800,,
2026-03-18,15.034240685437632,15.262181915373748,14.954956697186836,14.974777221679688,22076700,0.155,
2026-03-19,14.915314739985643,15.163077440167664,14.756746763091499,15.03424072265625,19819800,,
2026-03-20,15.034240039532074,15.103613289986164,14.83603007742064,14.9549560546875,40814600,,
2026-03-23,15.40092947218981,15.460392936352418,15.123435511423603,15.153166770935059,32655300,,
2026-03-24,15.00450947149732,15.490124137286715,14.964867477252056,15.341465950012207,24161700,,
2026-03-25,15.470302704799897,15.589228687821699,15.163077484945164,15.40092945098877,22050700,,
2026-03-26,15.331555979985072,15.430660491862774,15.21262999864802,15.291913986206055,19176800,,
2026-03-27,15.282002882752803,15.30182340659424,14.875672220036881,14.945045471191406,23796400,,
2026-03-30,15.014418691442485,15.08379288759388,14.816208727737765,14.88558292388916,20879800,,
2026-03-31,15.20271875684199,15.549585954553955,15.083792779471633,15.509943962097168,31158500,,
2026-04-01,15.668513176990604,15.89645534683513,15.609049714597349,15.737886428833008,30128200,,
2026-04-02,15.430660689889965,15.757707379048888,15.291914182452663,15.64869213104248,18815800,,
2026-04-06,15.589228275072495,15.817170445350598,15.55949701638915,15.797348976135254,16537800,,
2026-04-07,15.648691707812961,15.797348946086592,15.599138980008528,15.737886428833008,25508000,,
2026-04-08,16.20368003845215,16.401889053035603,16.12439605456291,16.20368003845215,26755700,,
2026-04-09,16.104574727941266,16.510905385239287,16.104574727941266,16.441532135009766,19947700,,
2026-04-10,16.41180124106276,16.44153344650963,16.19377073862405,16.23341178894043,14057500,,
2026-04-13,16.124395753602165,16.500994197477045,15.995558100762349,16.471263885498047,22689200,,
2026-04-14,16.401889197576157,16.580278635468808,16.28296416583392,16.441532135009766,27886300,,
2026-04-15,16.471265019416098,16.669474043945144,16.332516622938456,16.520816802978516,25588100,,
2026-04-16,16.431621702558076,16.639743347349864,16.421710968017578,16.421710968017578,25204700,,
2026-04-17,16.590189211933975,16.917235881531482,16.530726696628776,16.69920539855957,23736400,,
2026-04-20,16.590189798090584,16.966790152314353,16.590189798090584,16.907325744628906,16241200,,
2026-04-21,16.956878883109844,17.194730835514957,16.778489446236186,16.818130493164062,15147600,,
2026-04-22,16.828041620040533,16.986609592009778,16.629832600218645,16.66947364807129,16519300,,
2026-04-23,16.62983244963045,16.768578951277316,16.074842662484365,16.679384231567383,37245400,,
2026-04-24,16.481174189266618,16.65956363805998,16.193770436427968,16.253232955932617,16039100,,
2026-04-27,16.263143612665203,16.48117410998639,16.253232877748868,16.382070541381836,22405700,,
2026-04-28,16.540638196868485,16.629832919096415,16.33251654824353,16.40188980102539,17326000,,
2026-04-29,16.322605678162613,16.47126480749596,16.04511266933632,16.164037704467773,19422100,,
2026-04-30,16.13430811209296,16.649653104499507,16.025291916449536,16.61001205444336,20760600,,
2026-05-01,16.610012135433568,16.649653185683004,16.43162268361248,16.48117446899414,14163500,,
2026-05-04,16.312695344796605,16.391981223873728,15.975739810115838,16.015380859375,16623400,,
2026-05-05,16.064932622553382,16.29287574404383,15.975739789266818,16.26314353942871,14250800,,
2026-05-06,16.46135473764639,16.639744187827176,16.411801062440933,16.491085052490234,15026500,,
2026-05-07,16.45144327723512,16.500995059976333,15.965828623309736,16.04511260986328,37697100,,
2026-05-08,16.09466451465745,16.16403776713297,15.886544757230881,15.975739479064941,26015400,,
2026-05-11,15.995558636958663,16.06493188760749,15.688333431108436,15.817170143127441,17660300,,
2026-05-12,15.817170071913893,15.846901329895294,15.460392140718115,15.698244094848633,33254000,,
2026-05-13,15.609050216822666,15.638781476406068,15.20271953700392,15.212630271911621,24787700,,
2026-05-14,15.291913714351935,15.460392421202528,15.291913714351935,15.371197700500488,17919600,,
2026-05-15,15.3612875432681,15.420751007684155,15.034240851829052,15.272092819213867,20201700,,
2026-05-18,15.321645002919603,15.500034444673515,15.25227175118849,15.430660247802734,16670700,,
2026-05-19,15.400928768186153,15.470302018921606,15.2126295397015,15.32164478302002,11709800,,
2026-05-20,15.410839710594477,15.747797124667796,15.242361003557816,15.678422927856445,12387200,,
2026-05-21,15.60905017349652,15.767618151020798,15.509944714973996,15.708155632019043,16063700,,
2026-05-22,15.747797503548444,15.876634220566766,15.72797603394269,15.777528762817383,14027800,,
2026-05-26,15.896455445392881,16.045112684588183,15.817170513330419,15.916275024414062,30270100,,
2026-05-27,15.975738946460554,16.154126493902172,15.84690129020465,15.886544227600098,17820900,,
2026-05-28,15.836991083834537,16.064932310619643,15.708155313562761,15.975739479064941,26743500,,
2026-05-29,15.916274267418968,16.213590621948242,15.85681175262482,16.213590621948242,40558400,,
2026-06-01,16.055023125588175,16.10457490765384,15.638780784147212,15.688333511352539,20583400,,
2026-06-02,15.628870604000888,16.11448523916253,15.618959869779719,16.084753036499023,23802400,,
2026-06-03,15.946007321081021,16.00546983904901,15.737886617913698,15.787439346313477,30140700,,
2026-06-04,16.005470175678674,16.401890120935104,15.97573986120907,16.382070541381836,18953300,,
2026-06-05,16.451443947670295,16.530727937454852,16.292875968101185,16.372159957885742,14277200,,
2026-06-08,16.421710282785178,16.570367514130922,16.322604831794926,16.342426300048828,19465500,,
2026-06-09,16.50099494156905,16.927147075091145,16.461353893716407,16.66947364807129,33352200,,
2026-06-10,16.7091162837707,16.976698550201018,16.58027862745305,16.689294815063477,26573500,,
2026-06-11,16.75866811927229,17.085714792878342,16.699205603238273,17.05598258972168,26041200,,
2026-06-12,17.22446227904502,17.45240540239366,17.13526944503136,17.363210678100586,26327000,,
2026-06-15,17.591150904865746,17.591150904865746,17.04607374561543,17.05598258972168,28430200,,
2026-06-16,17.14517753914144,17.323566979918244,17.115447225864855,17.16499900817871,20910900,,
2026-06-17,17.170000076293945,17.34000015258789,16.739999771118164,16.850000381469727,23705300,0.155,
2026-06-18,16.93000030517578,17.139999389648438,16.84000015258789,16.860000610351562,32707000,,
2026-06-22,16.90999984741211,17.190000534057617,16.899999618530273,17.049999237060547,13734800,,
2026-06-23,17.06999969482422,17.450000762939453,16.969999313354492,17.399999618530273,19749600,,
2026-06-24,17.399999618530273,17.719999313354492,17.399999618530273,17.579999923706055,29096700,,
2026-06-25,17.600000381469727,18.15999984741211,17.600000381469727,17.899999618530273,24234200,,
2026-06-26,18.0,18.0,17.709999084472656,17.790000915527344,23212100,,
2026-06-29,17.799999237060547,17.940000534057617,17.709999084472656,17.81999969482422,13648900,,
2026-06-30,17.790000915527344,17.8799991607666,17.639999389648438,17.729999542236328,15644700,,
2026-07-01,17.790000915527344,18.219999313354492,17.600000381469727,18.110000610351562,21524000,,
2026-07-02,18.260000228881836,18.31999969482422,17.709999084472656,17.860000610351562,15747200,,
2026-07-06,17.6299991607666,17.979999542236328,17.56999969482422,17.889999389648438,18066900,,
2026-07-07,17.979999542236328,18.170000076293945,17.950000762939453,18.010000228881836,26790700,,
2026-07-08,17.899999618530273,17.950000762939453,17.299999237060547,17.459999084472656,25798900,,
2026-07-09,17.540000915527344,17.889999389648438,17.479999542236328,17.760000228881836,15351600,,
2026-07-10,17.899999618530273,17.989999771118164,17.729999542236328,17.8700008392334,14157500,,
2026-07-13,17.959999084472656,18.0,17.770000457763672,17.93000030517578,14206400,,
2026-07-14,17.899999618530273,18.149999618530273,17.760000228881836,17.850000381469727,14903500,,
2026-07-15,17.979999542236328,18.190000534057617,17.860000610351562,18.1200008392334,23932800,,
2026-07-16,18.149999618530273,18.579999923706055,18.149999618530273,18.559999465942383,28343900,,
2026-07-17,18.440000534057617,18.56999969482422,18.190000534057617,18.25,20527700,,
2026-07-20,18.270000457763672,18.329999923706055,18.030000686645508,18.059999465942383,15536500,,
2026-07-21,18.020000457763672,18.200000762939453,17.719999313354492,18.170000076293945,28243000,,
2026-07-22,18.239999771118164,18.3799991607666,18.1299991607666,18.270000457763672,33550300,,
2026-07-23,17.40999984741211,17.649999618530273,17.190000534057617,17.399999618530273,68577300,,
2026-07-24,17.18000030517578,17.420000076293945,17.059999465942383,17.360000610351562,38690500,,
2026-07-27,17.350000381469727,17.530000686645508,17.09000015258789,17.15999984741211,35051200,,
2026-07-28,17.190000534057617,17.360000610351562,17.079999923706055,17.299999237060547,23349400,,
2026-07-29,17.170000076293945,17.280000686645508,16.809999465942383,16.84000015258789,31815300,,
2026-07-30,16.920000076293945,17.1200008392334,16.829999923706055,17.079999923706055,22430100,,
2026-07-31,17.079999923706055,17.18000030517578,16.950000762939453,17.040000915527344,15569200,,
2026-08-03,17.100000381469727,17.3700008392334,17.09000015258789,17.360000610351562,20217500,,
2026-08-04,17.290000915527344,17.729999542236328,17.290000915527344,17.559999465942383,29157500,,
2026-08-05,17.649999618530273,17.739999771118164,17.549999237060547,17.600000381469727,32450100,,
2026-08-06,17.709999084472656,17.770000457763672,17.299999237060547,17.360000610351562,29599600,,
2026-08-07,17.309999465942383,17.549999237060547,17.200000762939453,17.549999237060547,21905800,,
2026-08-10,17.520000457763672,17.68000030517578,17.420000076293945,17.600000381469727,23968800,,
2026-08-11,17.600000381469727,17.84000015258789,17.579999923706055,17.770000457763672,29193300,,
2026-08-12,17.84000015258789,17.899999618530273,17.709999084472656,17.860000610351562,15539000,,
2026-08-13,17.969999313354492,18.040000915527344,17.760000228881836,17.770000457763672,14658100,,
2026-08-14,17.780000686645508,17.940000534057617,17.709999084472656,17.90999984741211,16058200,,
2026-08-17,17.969999313354492,18.15999984741211,17.920000076293945,17.950000762939453,22764800,,
2026-08-18,18.010000228881836,18.059999465942383,17.6299991607666,17.65999984741211,13614800,,
2026-08-19,17.920000076293945,17.920000076293945,17.1200008392334,17.170000076293945,24161000,,
2026-08-20,17.170000076293945,17.299999237060547,17.010000228881836,17.010000228881836,27739800,,
2026-08-21,17.18000030517578,17.25,16.8799991607666,17.030000686645508,18940900,,
2026-08-24,17.030000686645508,17.360000610351562,16.979999542236328,17.040000915527344,20432600,,
2026-08-25,17.09000015258789,17.100000381469727,16.850000381469727,16.950000762939453,14527700,,
2026-08-26,17.030000686645508,17.149999618530273,16.940000534057617,17.040000915527344,17132400,,
2026-08-27,16.93000030517578,17.010000228881836,16.790000915527344,16.860000610351562,23254300,,
2026-08-28,16.959999084472656,17.040000915527344,16.829999923706055,16.920000076293945,21522600,,
2026-08-31,16.93000030517578,16.93000030517578,16.65999984741211,16.690000534057617,24058100,,
2026-09-01,16.75,16.809999465942383,16.399999618530273,16.420000076293945,25911100,,
2026-09-02,16.540000915527344,17.030000686645508,16.5,16.8799991607666,19791000,,
2026-09-03,16.959999084472656,17.1299991607666,16.8700008392334,17.059999465942383,17764000,,
2026-09-04,16.959999084472656,17.15999984741211,16.959999084472656,17.030000686645508,13259900,,
2026-09-08,16.959999084472656,17.020000457763672,16.739999771118164,16.760000228881836,20193400,,
2026-09-09,16.709999084472656,16.84000015258789,16.559999465942383,16.6299991607666,20512200,,
2026-09-10,16.6299991607666,16.739999771118164,16.420000076293945,16.729999542236328,25234600,,
2026-09-11,16.860000610351562,16.969999313354492,16.6299991607666,16.860000610351562,19012000,,
