date,open,high,low,close,volume,div,split
2016-09-12,5.293221667391598,5.570804673428478,5.226218699706001,5.542088985443115,14636100,,
2016-09-13,5.522942986193408,5.522942986193408,5.044351737974152,5.168785572052002,18732900,,
2016-09-14,5.2549347407742895,5.3697970539894815,5.0634983127830475,5.12092924118042,13827300,,
2016-09-15,5.140072712137329,5.408084158785392,4.986923574864396,5.331509590148926,15992700,,
2016-09-16,5.254933321417554,5.475085382354666,5.245361730813501,5.274077415466309,73254100,,
2016-09-19,5.360224286609787,5.4559424877881,5.29322177399516,5.350652694702148,10317700,,
2016-09-20,5.3123656505766785,5.436799089434306,5.29322200948932,5.42722749710083,7091900,,
2016-09-21,5.503802304890927,5.8388162669480295,5.503802304890927,5.81010103225708,13839200,,
2016-09-22,5.877102318500843,6.116398020711696,5.7813841289005685,5.896245956420898,13079200,,
2016-09-23,5.838813563297663,5.934531728646107,5.6665208656704635,5.743095397949219,7535000,,
2016-09-26,5.69523753754403,5.819671412398285,5.570804119110107,5.570804119110107,6664000,,
2016-09-27,5.53251697208216,5.53251697208216,5.216646253997917,5.360223770141602,11822500,,
2016-09-28,5.388939330420119,5.647378670891085,5.293221140693897,5.570804119110107,9903500,,
2016-09-29,5.475086134066971,5.6282357125416995,5.436798853553386,5.5038018226623535,10091300,,
2016-09-30,5.628235853824329,5.676094727457494,5.446371038609349,5.455942630767822,8336900,,
2016-10-03,5.4463711983078,5.5229457635025,5.331509350515749,5.408083915710449,5139500,,
2016-10-04,5.226219144757796,5.2357907372877595,4.862489500210892,4.929492473602295,12660800,,
2016-10-05,5.073070886014414,5.073070886014414,4.805059402743182,4.9582085609436035,8001400,,
2016-10-06,4.785913492702086,5.034781213404328,4.718910539492956,4.948634624481201,10325700,,
2016-10-07,5.063495755125279,5.178357553901378,4.919918278445048,5.015636444091797,9991700,,
2016-10-10,5.092213290434948,5.197503082841144,5.034782370098736,5.04435396194458,6335100,,
2016-10-11,4.919919547491095,5.044353423138501,4.88163227135656,4.900775909423828,6262700,,
2016-10-12,4.919918278445048,5.073067799900063,4.881631012186348,5.015636444091797,6766200,,
2016-10-13,5.015638312985058,5.159215843164179,4.939063751934964,5.034782409667969,5378400,,
2016-10-14,4.958205544703747,5.101783021383979,4.919918278445048,5.015636444091797,6594200,,
2016-10-17,5.034781917492304,5.388939455938475,5.034781917492304,5.360223770141602,7925000,,
2016-10-18,5.51337335639133,5.723953379560842,5.436798346091164,5.676094055175781,8629300,,
2016-10-19,5.781384885879547,5.924962417289283,5.704810324173125,5.800528526306152,9648000,,
2016-10-20,5.810098895165622,5.838814119294433,5.628234135475533,5.714380264282227,6810700,,
2016-10-21,5.656951904296875,5.752670578237838,5.618664617288675,5.656951904296875,5138800,,
2016-10-24,5.72395533539196,5.790958321141376,5.388941319485876,5.522946834564209,7864900,,
2016-10-25,5.685665040153415,5.838814119294433,5.5803748200338354,5.714380264282227,8323500,,
2016-10-26,5.704809584726818,5.73352481343452,5.475085472963554,5.570804119110107,5919000,,
2016-10-27,5.5708042905420365,5.65695043573647,5.398511087312477,5.513373374938965,6728200,,
2016-10-28,5.484658008237981,5.676094404726768,5.455942320554478,5.561232566833496,6280100,,
2016-10-31,5.551661852660536,5.743098279405888,5.503802517763976,5.733526229858398,6398700,,
2016-11-01,5.9441064581750105,6.125971282690334,5.905819174742355,5.982393741607666,9367100,,
2016-11-02,6.11639857579542,6.2025451824639255,5.790956701619541,5.877102851867676,12427300,,
2016-11-03,5.810100849728758,6.049396594597679,5.781385159519506,6.020680904388428,7677700,,
2016-11-04,5.9823926773166205,6.202544746098686,5.9823926773166205,6.183401107788086,13831600,,
2016-11-07,5.991965646802575,6.384410520774484,5.934534266612158,6.336551189422607,22244000,,
2016-11-08,6.317407377701554,7.035294590086285,6.288692144801588,6.863001823425293,32567800,,
2016-11-09,7.12144146768378,7.31287788223694,6.84385843837149,6.930004596710205,22050300,,
2016-11-10,6.776855798206845,6.776855798206845,6.020681238918933,6.068540573120117,16319000,,
2016-11-11,6.15468722465892,6.269549544583026,5.676095670306642,5.771814346313477,11730100,,
2016-11-14,5.637807665789328,5.857959771062277,5.408083967984728,5.6952385902404785,13032500,,
2016-11-15,5.618663037044833,6.068539217494614,5.618663037044833,6.039823532104492,9934800,,
2016-11-16,6.02068092747659,6.0398245688827,5.618664001527878,5.857959747314453,9653500,,
2016-11-17,5.879986101973526,6.0044810340239225,5.621419950523474,5.736338138580322,9365000,0.003,
2016-11-18,5.669301600555502,5.803372792602043,5.573536463379401,5.688454627990723,13993000,,
2016-11-21,5.76506762698881,5.985327704790885,5.755491340116162,5.879985809326172,12311000,,
2016-11-22,5.9757500802431816,6.033209619584618,5.736337007349255,5.994903564453125,14772500,,
2016-11-23,5.774644303698262,5.774644303698262,5.554384228444399,5.659725666046143,18207400,,
2016-11-25,5.688455039987284,5.860832299388997,5.621419210786725,5.774643898010254,9026200,,
2016-11-28,5.918290044592842,5.9374430690746,5.717183059212317,5.899137020111084,16663900,,
2016-11-29,5.745914559948061,6.042786757414733,5.659725695422677,5.975750923156738,15333300,,
2016-11-30,5.8991380899088774,5.937444145819127,5.640571984192591,5.822525978088379,17597500,,
2016-12-01,5.755490869187842,5.918291385856235,5.602266181964313,5.774643898010254,14333300,,
2016-12-02,5.812949551352529,6.128974733264252,5.774643496371968,6.090668678283691,14714800,,
2016-12-05,5.994904151907367,6.339658681874076,5.927868320536163,6.224740505218506,15282900,,
2016-12-06,6.224741414706647,6.377965672634785,5.9374454744470775,6.004481315612793,16522400,,
2016-12-07,6.272623341311923,6.339658716404003,6.0619395596516155,6.1289753913879395,12227600,,
2016-12-08,6.138550834819163,6.157703861735753,5.9661735925698585,6.052362442016602,11593200,,
2016-12-09,5.985326971145531,6.042786055271224,5.630995724048326,5.7267608642578125,21216900,,
2016-12-12,5.80337330238051,5.947021249085045,5.755490957908488,5.793797016143799,11187700,,
2016-12-13,5.784221563771264,5.918292797507273,5.707609430207831,5.870410442352295,14658900,,
2016-12-14,5.9470194321258445,6.014055241878685,5.611841296649831,5.6309943199157715,14413400,,
2016-12-15,5.382006232867362,5.429889034230235,5.0851340516925685,5.190475940704346,22419800,,
2016-12-16,5.228781370771478,5.324546505344472,5.075557155454687,5.161745548248291,25302200,,
2016-12-19,5.142593815778695,5.286241782117982,5.094711464761796,5.238358974456787,17313900,,
2016-12-20,5.0947094332833105,5.152168505578778,4.922331759752796,5.104285717010498,19898500,,
2016-12-21,5.1234404457703855,5.152170219799093,4.998945519386434,5.056405067443848,10998500,,
2016-12-22,5.0180993291632126,5.142594274881103,4.90318112849024,4.912757873535156,11480100,,
2016-12-23,4.893602605237788,5.075556568195888,4.884025864566459,5.037250518798828,9874500,,
2016-12-27,5.161743403049087,5.161743403049087,4.998942513612282,5.113861083984375,12318200,,
2016-12-28,5.123438901620149,5.123438901620149,5.018097037456169,5.037250518798828,10102300,,
2016-12-29,5.094710162269154,5.257510662078857,5.065980393688513,5.257510662078857,11925400,,
2016-12-30,5.276663436369584,5.382004841504121,4.998943899563289,5.018096923828125,14393200,,
2017-01-03,5.075558108142104,5.27666515681548,5.03725204712282,5.267088413238525,9972100,,
2017-01-04,5.334124565124512,5.372430628418696,5.209629631096266,5.334124565124512,9588000,,
2017-01-05,5.41073639497876,5.726761628146557,5.382006620761565,5.583113670349121,9734700,,
2017-01-06,5.5065013213519105,5.602266470394397,5.343700339657556,5.42988920211792,8099400,,
2017-01-09,5.525652351429634,5.583111420060718,5.3820044515298795,5.4203104972839355,6586400,,
2017-01-10,5.477770334719536,5.66930104701522,5.477770334719536,5.573535919189453,7947300,,
2017-01-11,5.55438369973941,5.6501488414637,5.40115901633633,5.544806957244873,7344000,,
2017-01-12,5.698030787628805,5.76506661049467,5.516077259332086,5.56395959854126,7486400,,
2017-01-13,5.525652405612613,5.745912399180288,5.458616596563637,5.717182636260986,4796000,,
2017-01-17,5.908715371220187,5.927868400922511,5.803373479535278,5.832103252410889,6670300,,
2017-01-18,5.832101671367684,5.937443077851004,5.7267598082402404,5.803371906280518,6290500,,
2017-01-19,5.688454605031704,5.860831851252958,5.678877863030649,5.784219741821289,5168300,,
2017-01-20,5.76506762698881,5.908715583232644,5.74591459659925,5.879985809326172,6119300,,
2017-01-23,5.947022044969713,6.19601145682127,5.889562949927046,6.176858425140381,8596500,,
2017-01-24,6.148130030700673,6.349237121921302,6.004482043165315,6.061941146850586,10984800,,
2017-01-25,5.889562326826151,6.071516336866466,5.851256267517058,6.033210277557373,7116300,,
2017-01-26,5.8991397641164145,5.9757518976798485,5.84168066394384,5.870410442352295,6268700,,
2017-01-27,5.860832264548959,6.081092323019471,5.851255978516793,6.071516036987305,5003900,,
2017-01-30,6.138552142896887,6.186434948713905,6.004480925911228,6.02363395690918,6600200,,
2017-01-31,6.176858391959041,6.196011423537043,6.090669978180183,6.1672821044921875,7014000,,
2017-02-01,6.0810920362583865,6.215163230895996,6.014056667261683,6.215163230895996,7520400,,
2017-02-02,6.291776246666939,6.339658591266965,6.176857615009557,6.205587387084961,5096400,,
2017-02-03,6.176858348505926,6.3109300252530565,6.167282061106439,6.263047218322754,3808100,,
2017-02-06,6.320506142288292,6.4641541025629925,6.272623793292911,6.435424327850342,5836600,,
2017-02-07,6.387539040593546,6.492880890557086,6.291773930010359,6.320503234863281,5734500,,
2017-02-08,6.3971153265675165,6.49288089384324,6.349232999573722,6.416268348693848,4812300,,
2017-02-09,6.4258469933993,6.454576306785257,6.1289748340939205,6.215163230895996,7474800,,
2017-02-10,6.14812780310077,6.330081793833768,6.10982174785637,6.301352024078369,4966600,,
2017-02-13,6.263046028731529,6.358811167758393,6.205586945315411,6.215163230895996,4019000,,
2017-02-14,6.282198779281116,6.301351806241198,6.119397821798333,6.253469467163086,5579900,,
2017-02-15,6.148129105941195,6.22474123266475,6.0906700108985286,6.176858425140381,6050400,,
2017-02-16,6.205585910679548,6.35881010757599,6.205585910679548,6.291774749755859,5280500,,
2017-02-17,6.301352024078369,6.406693904322569,6.234316655722768,6.301352024078369,6638200,,
2017-02-21,6.186433534882261,6.435422880952243,6.138550740008255,6.330081462860107,5968200,,
2017-02-22,6.272622667763453,6.339658035657336,6.0427858812358926,6.090668678283691,8003600,,
2017-02-23,6.224742026784107,6.272624840417111,5.765068751155814,5.812951564788818,11325700,,
2017-02-24,5.947020535760634,5.994903331133516,5.611842338082999,5.650148391723633,8551800,,
2017-02-27,5.611841283317124,5.812948255453757,5.30539245514604,5.343698501586914,10705100,,
2017-02-28,5.420310594468662,5.506499427282674,5.238356645552464,5.343698501586914,9393100,,
2017-03-01,5.267088375212267,5.401159587811822,5.200052540590358,5.362853527069092,7736800,,
2017-03-02,5.212420295492674,5.289073461223772,4.934552341272989,4.944133758544922,9024700,0.003,
2017-03-03,4.95371674209568,5.078278392748877,4.8387369677491945,5.039951801300049,8594900,,
2017-03-06,5.020787763633962,5.0303696393966675,4.733338344087542,4.790828227996826,7694100,,
2017-03-07,4.742918171016836,4.8483164845850935,4.656683602541742,4.7237548828125,5803000,,
2017-03-08,4.647103157548752,4.714174915312258,4.599195150765366,4.608776569366455,5572200,,
2017-03-09,4.599196611083532,4.675849811786739,4.50337965331541,4.522542953491211,5102300,,
2017-03-10,4.551287159800343,4.70459352845229,4.522541987233594,4.637522220611572,6828300,,
2017-03-13,4.637521262548341,4.762082432900508,4.627939388042599,4.695011138916016,5871100,,
2017-03-14,4.675848343636741,4.723756350589253,4.417143644048465,4.465051651000977,8073800,,
2017-03-15,4.5512874085556625,4.905808633884522,4.512960814297896,4.857900619506836,8503100,,
2017-03-16,5.020787751279031,5.0495329216074305,4.762083045879371,4.848318099975586,7053500,,
2017-03-17,4.838736366540734,4.9153895399143055,4.752501318050989,4.8291544914245605,8955300,,
2017-03-20,4.8387360529558325,4.905807346866529,4.771664302156212,4.896225929260254,4179900,,
2017-03-21,4.905808759722094,5.011207125079017,4.857900744115532,4.924972057342529,7876000,,
2017-03-22,4.944133758544922,5.011205507004087,4.867480592813823,4.944133758544922,6104300,,
2017-03-23,4.972880551172875,5.001625269282322,4.800410871849022,4.8674821853637695,5251100,,
2017-03-24,4.857899975714713,4.982461162100488,4.838736681125441,4.848318099975586,4194600,,
2017-03-27,4.963297848124943,5.030369607369908,4.838736662225694,4.9920430183410645,4730700,,
2017-03-28,4.992042865934911,5.039951329202818,4.877063102358694,4.953716278076172,3996700,,
2017-03-29,4.934552182479085,5.030368636559585,4.915388891662985,4.963296890258789,2920400,,
2017-03-30,4.905808125186458,4.982461305753591,4.905808125186458,4.972879886627197,3206900,,
2017-03-31,4.9537171909434035,5.116605447804451,4.934553893482636,5.068696975708008,5635600,,
2017-04-03,5.0782766266417365,5.154929782881199,5.0495314646075125,5.107021331787109,4628100,,
2017-04-04,5.154929481682633,5.212419345503141,5.135766193742464,5.174092769622803,4121500,,
2017-04-05,5.116606847202296,5.1932600580101065,5.0782802417983905,5.154933452606201,4607200,,
2017-04-06,5.126184321327967,5.222000761028814,5.087857745447629,5.174092769622803,4484700,,
2017-04-07,5.25074592138348,5.317817657618485,5.1453476092681365,5.174092769622803,5163700,,
2017-04-10,5.135768083512201,5.202839387538103,5.078278198537575,5.145349502563477,3736500,,
2017-04-11,5.222002493461145,5.451962481922681,5.193257780459063,5.394472599029541,6385300,,
2017-04-12,5.384892295505687,5.42321889529021,5.22200401797691,5.404055595397949,6308300,,
2017-04-13,5.566941422631014,5.911881125755221,5.566941422631014,5.748992919921875,15570600,,
2017-04-17,5.748994230598616,5.777739402782775,5.509452804323674,5.5669426918029785,8059400,,
2017-04-18,5.566941745240085,5.614850205104667,5.423216822535273,5.595686912536621,6941800,,
2017-04-19,5.528615835748001,5.538197711647477,5.193257946379135,5.289074420928955,11625200,,
2017-04-20,5.289074570291582,5.3465644566449795,5.202839512316985,5.327401161193848,7785700,,
2017-04-21,5.327402627020653,5.346565927744539,5.222004244594718,5.2411675453186035,6684600,,
2017-04-24,5.145348708865558,5.317818794073983,5.126185416830057,5.2699103355407715,6703700,,
2017-04-25,5.202839084307869,5.279492716695527,4.963297682429974,5.09744119644165,10710500,,
2017-04-26,5.068695702238366,5.317818963527147,5.068695702238366,5.279492378234863,9269200,,
2017-04-27,5.269909517240392,5.269909517240392,5.059113337581871,5.107021331787109,7703100,,
2017-04-28,5.135769786000833,5.260331016292947,5.107024605540103,5.222004413604736,7578800,,
2017-05-01,5.154931894397886,5.231585082035336,5.0112069391331495,5.059115409851074,7464200,,
2017-05-02,5.059115555422149,5.154932042725986,5.039952257961382,5.068696975708008,6105700,,
2017-05-03,5.039950995596681,5.2028387547699175,4.9632973680641195,5.049532413482666,6981000,,
2017-05-04,4.972880529838146,5.001625247824272,4.838737446495096,4.924972057342529,7112200,,
2017-05-05,4.934552664292034,5.193257344013923,4.924970789503957,5.078277587890625,7311100,,
2017-05-08,5.078278651274042,5.2890749149738205,5.001625007585089,5.2028398513793945,8140100,,
2017-05-09,5.126186518804448,5.202839703424556,5.07827850686139,5.164513111114502,4795200,,
2017-05-10,5.260329427683896,5.3082378950204685,5.183676245456583,5.212421417236328,7259000,,
2017-05-11,5.241165630354684,5.423217149160026,5.241165630354684,5.413635730743408,6182700,,
2017-05-12,5.432800576708637,5.5573622499367685,5.413637277511162,5.509453773498535,7281500,,
2017-05-15,5.614850205104667,5.634013497672712,5.490288574967901,5.595686912536621,7004300,,
2017-05-16,5.624431916366092,5.720248384204986,5.624431916366092,5.701085090637207,5552200,,
2017-05-17,5.806482633489357,5.902299088123393,5.748992760708935,5.768156051635742,10302700,,
2017-05-18,5.634013180951418,5.672339763932945,5.413635100363182,5.519033432006836,8347800,,
2017-05-19,5.557359539719568,5.681920695312531,5.547777666349179,5.634012699127197,11337200,,
2017-05-22,5.694408344096973,5.857379698241766,5.684821578736864,5.79986047744751,6847900,0.003,
2017-05-23,5.819033849576229,5.876553073321362,5.588956497473541,5.627302646636963,6103100,,
2017-05-24,5.60813176620988,5.723170258708404,5.550612519960618,5.713583946228027,4825100,,
2017-05-25,5.646477053314483,5.771102296057805,5.636890742323138,5.7327561378479,5113200,,
2017-05-26,5.751927447879599,5.847792813919835,5.751927447879599,5.7711005210876465,4443300,,
2017-05-30,5.73275573258002,5.751928810329562,5.617717266082764,5.617717266082764,4757200,,
2017-05-31,5.6081290935694605,5.646475239461188,5.416398364110824,5.502676963806152,5877300,,
2017-06-01,5.416398292647877,5.521850421019869,5.349292309661679,5.483503818511963,4480700,,
2017-06-02,5.512265137936174,5.608130527171487,5.464332214757401,5.493092060089111,4502900,,
2017-06-05,5.531438215783236,5.5601980611149475,5.38763990336915,5.493092060089111,3891600,,
2017-06-06,5.588955742098956,5.675234794616699,5.550609598118202,5.675234794616699,6187600,,
2017-06-07,5.6177163379071855,5.71358171081574,5.541024039580342,5.627302646636963,5511000,,
2017-06-08,5.560198425903329,5.761515985066461,5.531438578684769,5.7327561378479,4877800,,
2017-06-09,5.608131800746432,5.723170293953397,5.550612554142949,5.579372406005859,5084400,,
2017-06-12,5.550610613665692,5.579370455474246,5.3013606321876665,5.310946941375732,8476000,,
2017-06-13,5.3013606321876665,5.368466167870661,5.22466787307225,5.310946941375732,7274200,,
2017-06-14,5.435571774780565,5.454744848917693,5.023349995149087,5.080869674682617,8140200,,
2017-06-15,4.975418574340501,5.061697654483534,4.831620259809525,4.841207027435303,9171100,,
2017-06-16,4.793274598177521,4.879553687223848,4.745341669346831,4.850793838500977,31313600,,
2017-06-19,4.793274055169693,4.985004834527587,4.793274055169693,4.965831756591797,7566500,,
2017-06-20,4.965832977707829,4.985006060358347,4.86038125169115,4.8987274169921875,4188300,,
2017-06-21,4.908313036139702,5.0233515157861905,4.86038056484814,4.975419044494629,4662100,,
2017-06-22,5.080870828763068,5.167149453416594,5.013764825479437,5.138390064239502,4910100,,
2017-06-23,5.19590867780024,5.2246680635350256,5.061697144419455,5.100043296813965,5956400,,
2017-06-26,4.99459204131265,5.119217287416732,4.956245882068668,5.090457439422607,5298300,,
2017-06-27,5.1383884073554595,5.1479747149492825,4.946657227135883,4.956243991851807,4321200,,
2017-06-28,4.98500561384418,5.071284706604545,4.908313290111548,5.052111625671387,3908700,,
2017-06-29,4.937073518911123,5.004179078765263,4.8412081068892485,4.879554271697998,3456700,,
2017-06-30,4.850792548559401,4.946657923605601,4.822033164606624,4.889138698577881,3814600,,
2017-07-03,4.802859398233131,4.802859398233131,4.697407272300899,4.706993579864502,3492800,,
2017-07-05,4.706994805744762,4.802860649080499,4.659062341199114,4.783687114715576,4157900,,
2017-07-06,4.783685989495326,4.802859519350244,4.687820625831293,4.735753536224365,3932400,,
2017-07-07,4.649474576960263,4.774099780873698,4.620715195824622,4.76451301574707,5562800,,
2017-07-10,4.7261667614593375,5.00417654406741,4.659061235595251,4.985003471374512,5411400,,
2017-07-11,4.965831756591797,4.985004834527587,4.8028608226987055,4.965831756591797,4113900,,
2017-07-12,5.042524814605713,5.119217130746562,4.994591888456552,5.042524814605713,4223000,,
2017-07-13,5.023350971133696,5.032937738625941,4.812447114648868,4.822033882141113,4493900,,
2017-07-14,4.946659196021865,5.052111364258955,4.908313036139702,4.975419044494629,5551900,,
2017-07-17,5.023349995149087,5.119215822956874,5.023349995149087,5.080869674682617,3572600,,
2017-07-18,5.119216532336679,5.128802842172565,4.994591304614712,5.013764381408691,3579000,,
2017-07-19,5.013765874709861,5.080871892036763,5.0041791048964415,5.0329389572143555,1966700,,
2017-07-20,4.98500561384418,5.071284706604545,4.965832532911022,5.052111625671387,2334000,,
2017-07-21,5.109631228932504,5.195910327779474,5.061698751779341,5.157564163208008,2938400,,
2017-07-24,5.167147938270979,5.176734703267081,4.965830444573996,4.9945902824401855,2247100,,
2017-07-25,5.042525052849556,5.1096306040821995,4.946659196021865,4.975419044494629,4661800,,
2017-07-26,4.975420307643136,5.282190121704753,4.956247222834435,5.22467041015625,4898000,,
2017-07-27,5.272602284963859,5.272602284963859,4.98500561384418,5.052111625671387,6047300,,
2017-07-28,5.071285064361038,5.195910327779474,5.061698751779341,5.157564163208008,3348400,,
2017-07-31,5.147975110975514,5.243840479899035,5.109628963406105,5.186321258544922,2903800,,
2017-08-01,5.1671486465773215,5.320533707685976,5.147975571079011,5.310946941375732,4392100,,
2017-08-02,5.2726003915685,5.349292687760863,5.205494403839111,5.205494403839111,4695300,,
2017-08-03,5.080871865505106,5.090458178146122,4.6686499081275326,4.879554271697998,6912600,,
2017-08-04,4.822033290771515,4.822033290771515,4.7453405316057795,4.793273448944092,4833200,,
2017-08-07,4.7645136916488635,4.802860300473167,4.687821388244629,4.687821388244629,4456400,,
2017-08-08,4.706994297977067,4.73575413929976,4.62071568825333,4.639888763427734,3690000,,
2017-08-09,4.735754803199839,4.841206960003371,4.726168035707594,4.822033882141113,4264200,,
2017-08-10,4.889138826498538,4.946658053031206,4.793273448944092,4.793273448944092,5610700,,
2017-08-11,4.793274445374641,4.841207372677298,4.706995359078771,4.802861213684082,4021600,,
2017-08-14,4.793273462689695,4.793273462689695,4.6590619337285935,4.6686482429504395,3522300,,
2017-08-15,4.611128519899246,4.639888358713361,4.534436225891113,4.534436225891113,2854800,,
2017-08-16,4.505677728686886,4.678235898708209,4.467331570264873,4.649476051330566,3860100,,
2017-08-17,4.6494751424293534,4.726167444281208,4.620715757795996,4.659061908721924,3394800,,
2017-08-18,4.6590619337285935,4.716581160426208,4.62071578259685,4.6686482429504395,4648200,,
2017-08-21,4.671525398853388,4.767449855804443,4.642748290470016,4.767449855804443,3403600,0.003,
2017-08-22,4.71948976587264,4.815414261641581,4.71948976587264,4.796229362487793,2973200,,
2017-08-23,4.805821120646107,4.853783130645752,4.757858653242474,4.853783130645752,3112100,,
2017-08-24,4.825003824469196,4.8921506994494255,4.805818937702876,4.8729658126831055,2817000,,
2017-08-25,4.901747361180469,4.901747361180469,4.796230169380927,4.805822849273682,2810500,,
2017-08-28,4.834598233485556,5.103187227525415,4.834598233485556,5.093594551086426,4552600,,
2017-08-29,5.160741243416443,5.179926136397756,4.978484531392004,5.0456318855285645,5377400,,
2017-08-30,4.988077462422114,5.045632606999749,4.930522775248473,4.940115451812744,2740800,,
2017-08-31,4.959300274946353,5.084002324032598,4.940115379502622,5.064817428588867,3761200,,
2017-09-01,5.0840020276862266,5.112779140472412,5.00726199298049,5.112779140472412,2960100,,
2017-09-05,5.1511516790173175,5.26626110642007,5.103189646301607,5.237483978271484,4472300,,
2017-09-06,5.199114169137234,5.25666888283861,5.1511516790173175,5.237483978271484,4590500,,
2017-09-07,5.295038691972861,5.314223596539986,5.199114169137234,5.237483978271484,4004400,,
2017-09-08,5.218296881915575,5.2374817784246614,4.940115653831819,5.016855239868164,5623400,,
2017-09-11,4.940115280649436,5.036039755948614,4.901745490529764,4.9209303855896,4522900,,
2017-09-12,4.901745694357053,5.055224861217799,4.88256079849946,4.9976701736450195,3665700,,
2017-09-13,4.978485521372051,5.007262637864433,4.844191243798221,4.863376140594482,3916200,,
2017-09-14,4.834599206613728,4.930523703291763,4.805822086312358,4.882561683654785,3034200,,
2017-09-15,4.882560702568729,4.911337817087719,4.825006016126762,4.853783130645752,12741000,,
2017-09-18,4.805822040766725,4.863376738228089,4.786636684208861,4.796229362487793,3353600,,
2017-09-19,4.815413234058515,4.940115280649436,4.815413234058515,4.9209303855896,3836900,,
2017-09-20,4.92093049353004,5.103187229298263,4.825006016126762,4.853783130645752,5769100,,
2017-09-21,4.796228778992985,4.988077747191096,4.7866361018810695,4.892153263092041,3699400,,
2017-09-22,4.9209303855896,4.978485070769106,4.892152814297857,4.9209303855896,2442100,,
2017-09-25,4.901745157464715,4.940114944977226,4.834597800615847,4.911337375640869,4590600,,
2017-09-26,4.853783723626665,4.940115992538718,4.7866363525390625,4.7866363525390625,5024100,,
2017-09-27,4.7578564920851845,4.8921506994494255,4.738671605318864,4.8729658126831055,3884500,,
2017-09-28,4.805821707767558,4.8729686214511165,4.7866363525390625,4.7866363525390625,3993800,,
2017-09-29,4.815412521362305,4.872967198023538,4.786634954329733,4.815412521362305,2824500,,
2017-10-02,4.796229571237557,4.949708771147848,4.786636892541116,4.90174674987793,4504600,,
2017-10-03,4.94011548607224,4.9976701736450195,4.920930590214646,4.9976701736450195,3425900,,
2017-10-04,5.0264474914203765,5.1511495482253284,5.016855271806773,5.0744099617004395,3257100,,
2017-10-05,5.074408920530711,5.112778705920424,4.949706889312183,4.959299564361572,3206900,,
2017-10-06,4.940115387294499,5.122372122999406,4.911337815381519,5.093594551086426,3998000,,
2017-10-09,5.141557216644287,5.199111905284588,5.093594747408701,5.141557216644287,3723400,,
2017-10-10,5.170334411940853,5.170334411940853,4.959300550340905,5.016855239868164,2799000,,
2017-10-11,5.036040281048929,5.0456329582810495,4.872968427335081,5.007262706756592,2689900,,
2017-10-12,5.007262706756592,5.026447603816807,4.940115795747849,5.007262706756592,1537100,,
2017-10-13,5.04563250562569,5.074409619932339,4.988077362204422,5.03603982925415,2317300,,
2017-10-16,5.084002433706187,5.103187329563781,4.9593003819298325,4.9976701736450195,2771100,,
2017-10-17,4.968892670483556,4.968892670483556,4.834598397606704,4.844191074371338,3281400,,
2017-10-18,4.834598704955786,4.8633762796751565,4.76745133554661,4.825006484985352,2545300,,
2017-10-19,4.863375807088074,4.92093049353004,4.805821120646107,4.853783130645752,2372800,,
2017-10-20,4.853784059949157,4.882561637381877,4.767451785055073,4.796229362487793,3030700,,
2017-10-23,4.777045266999568,4.844192654036396,4.757860364618211,4.805822849273682,2593300,,
2017-10-24,4.796230169380927,4.863377556417754,4.777045266999568,4.805822849273682,2414700,,
2017-10-25,4.796228444203785,4.882560702568729,4.786635767761463,4.853783130645752,3269200,,
2017-10-26,4.844190444528425,4.872967556272712,4.642748832702637,4.642748832702637,5459500,,
2017-10-27,4.642749585284245,4.661934482024923,4.537232424508507,4.566009998321533,5558600,,
2017-10-30,4.556416582661886,4.700303513595156,4.537231689031047,4.642748832702637,3547700,,
2017-10-31,4.6427506846548505,4.6427506846548505,4.479678795042806,4.5276408195495605,4198800,,
2017-11-01,4.546824238669493,4.575601809915998,4.431714868491424,4.441307544708252,4701900,,
2017-11-02,4.4509005277966045,4.518047900632514,4.383753612364752,4.393345832824707,4474300,,
2017-11-03,4.393343963446764,4.412528853607515,4.2494570585392,4.268641948699951,4131900,,
2017-11-06,4.268642489034961,4.364567409384985,4.268642489034961,4.326197624206543,4715200,,
2017-11-07,4.441305756359765,4.556415080187594,4.326196432531936,4.402935981750488,8446000,,
2017-11-08,4.441309288395537,4.460494190957335,4.383754580710146,4.42212438583374,3015600,,
2017-11-09,4.402938831143192,4.431715952021569,3.865761181571253,4.019240379333496,12399900,,
2017-11-10,4.048017181817377,4.076794757836359,3.8657608775120247,3.8753530979156494,5914200,,
2017-11-13,3.8945372878000057,3.9137221825220165,3.70268811187791,3.7698354721069336,6824600,,
2017-11-14,3.741058498310637,3.760243394921296,3.482062165364732,3.5971715450286865,11886500,,
2017-11-15,3.6355406873828944,3.8465749697229086,3.59717090103088,3.78902006149292,7398300,,
2017-11-16,3.8753521690564705,3.8753521690564705,3.7506503605720054,3.798612594604492,3877700,,
2017-11-17,3.779427726190374,3.8177975136721893,3.7026879225247704,3.7218730449676514,6917100,,
2017-11-20,3.7055534781419954,3.7919525422660865,3.647954254645247,3.695953607559204,4594700,0.003,
2017-11-21,3.7343527535269554,3.7919519683053204,3.7247528843972275,3.7631523609161377,3191600,,
2017-11-22,3.8111519695322187,3.8303517091164454,3.7055531729400215,3.7247531414031982,3437100,,
2017-11-24,3.7151533487247868,3.7727528011005034,3.6863537369764128,3.695953607559204,1523800,,
2017-11-27,3.72475309824898,3.7535527072916537,3.6287541725611194,3.676753520965576,3099500,,
2017-11-28,3.676754077359588,3.6959538196268196,3.6287547216915086,3.6479544639587402,2653400,,
2017-11-29,3.6287541044307523,3.6575537129327094,3.551955148425533,3.5807547569274902,2453800,,
2017-11-30,3.695953247127686,3.7055531167742926,3.571154941721802,3.5903546810150146,5300200,,
2017-12-01,3.5999544409017066,3.695953134440843,3.5519550941321385,3.571154832839966,4698600,,
2017-12-04,3.542355244315307,3.667153546604482,3.5039557666878682,3.5327553749084473,5157500,,
2017-12-05,3.5231562650977724,3.542356008050976,3.4463570644059667,3.4559569358825684,4594200,,
2017-12-06,3.436756873696991,3.47515635603656,3.398357391357422,3.398357391357422,3749700,,
2017-12-07,3.3599581995731618,3.436757170893558,3.2927590996678155,3.321558713912964,4296700,,
2017-12-08,3.388757443734795,3.5807550799468637,3.3695577030014845,3.427156925201416,5952900,,
2017-12-11,3.455956329219026,3.619154344552235,3.4175568500533178,3.47515606880188,4361300,,
2017-12-12,3.4751556641414725,3.5039554990411403,3.4271563207735642,3.4463560581207275,3265400,,
2017-12-13,3.4367570701402106,3.7343535330402644,3.4367570701402106,3.6479544639587402,5884300,,
2017-12-14,3.628754301145919,3.734353100256561,3.561555210998482,3.6575539112091064,4993800,,
2017-12-15,3.6959529940146587,3.791951912785296,3.609554173112123,3.7535524368286133,10229300,,
2017-12-18,3.791951912785296,3.811151650763637,3.7055528630038292,3.7535524368286133,4184500,,
2017-12-19,3.76315299775294,3.907151287946557,3.667154061330871,3.791952610015869,5507600,,
2017-12-20,3.8111525111221236,3.8687519669390165,3.705553699523639,3.8207523822784424,4626000,,
2017-12-21,3.8015524807701784,3.8015524807701784,3.715153415102419,3.791952610015869,4011900,,
2017-12-22,3.772753395293899,3.89755173252542,3.73435390691497,3.8879520893096924,3215900,,
2017-12-26,3.8879515002269773,3.9839502066290637,3.849552017666143,3.9551503658294678,3096000,,
2017-12-27,3.945550619992263,3.945550619992263,3.811152205695542,3.8495519161224365,3854700,,
2017-12-28,3.8495515485197895,3.868751287460327,3.8111518417597723,3.868751287460327,2475300,,
2017-12-29,3.8687516711859473,3.8687516711859473,3.7823526085050174,3.811152219772339,2659000,,
2018-01-02,3.8687521419384217,4.079949316930734,3.8495523987573024,4.070349216461182,5134300,,
2018-01-03,4.070347421366428,4.108747348551609,3.8687504357514815,3.926349639892578,5287300,,
2018-01-04,3.9455498834245746,3.9743492603302,3.878350574381711,3.9743492603302,3053900,,
2018-01-05,3.9263515776886218,3.974350709283279,3.849552600930763,3.8879520893096924,2787900,,
2018-01-08,3.878351312729423,3.9071511528757097,3.7631528676601365,3.811152219772339,5082200,,
2018-01-09,3.7919526131072088,3.8879515496075396,3.7439532592965294,3.8783514499664307,5594100,,
2018-01-10,3.926350117178292,4.118347487654412,3.90715038013068,4.089548110961914,5746000,,
2018-01-11,4.099149863829119,4.444745766607984,4.089550219235357,4.310347080230713,6971300,,
2018-01-12,4.34874465669455,4.377544032504347,4.118347361427045,4.233545780181885,5520400,,
2018-01-16,4.281545074271619,4.2911447130035985,4.1183470960078,4.185546398162842,4591700,,
2018-01-17,4.175946301673066,4.2719449777818435,4.147146927719331,4.185546398162842,3279300,,
2018-01-18,4.23354793621559,4.262347784450212,4.00315098137085,4.012750625610352,3380600,,
2018-01-19,4.031948442061239,4.127947585057138,4.031948442061239,4.089548110961914,2272500,,
2018-01-22,4.1087491605814055,4.118348803292973,4.041549830568496,4.070349216461182,2300300,,
2018-01-23,4.0511496383546755,4.118348971105797,3.9359511745738986,4.099149227142334,4039500,,
2018-01-24,4.233547960713908,4.319947048159682,4.166349077374361,4.195148468017578,4827200,,
2018-01-25,4.243146942793666,4.252746584554904,3.9359506245490503,3.9551503658294678,5827400,,
2018-01-26,3.9647510051727295,4.07034936771389,3.9455512612781547,3.9647510051727295,3501500,,
2018-01-29,3.9647500691502096,3.9647500691502096,3.6575537816037933,3.676753520965576,8214800,,
2018-01-30,3.715152816054583,3.7535525217590537,3.494355824307754,3.5615549087524414,7672000,,
2018-01-31,3.590354282407814,3.715152573958381,3.5519548080845627,3.6863529682159424,6501900,,
2018-02-01,3.657553727339586,3.7343529125262553,3.6095543796472573,3.6671535968780518,3386400,,
2018-02-02,3.6191546179854623,3.6191546179854623,3.4367568492889404,3.4367568492889404,6221000,,
2018-02-05,3.4367564519609104,3.6287540689770434,3.4367564519609104,3.5327553749084473,8132700,,
2018-02-06,3.4943563403506452,3.5807551759673895,3.4559566289753447,3.4847564697265625,5519200,,
2018-02-07,3.523155857746932,3.5807550799468637,3.4175570548347607,3.427156925201416,5446400,,
2018-02-08,3.4175564520999826,3.5039554990411403,3.3887568460792377,3.4463560581207275,5794800,,
2018-02-09,3.4559558470555802,3.4655557155076657,3.2447587411097025,3.3503572940826416,7052400,,
2018-02-12,3.388757914098445,3.647954678853921,3.350358427301929,3.5999553203582764,5313700,,
2018-02-13,3.599954774396875,3.734353186681101,3.571155163667175,3.715153217315674,3870100,,
2018-02-14,3.6767526977223595,3.9071499762345483,3.6767526977223595,3.8591504096984863,7663300,,
2018-02-15,3.839951257731149,3.887950831555933,3.657553518057976,3.7535524368286133,6326500,,
2018-02-16,3.7151535706799574,3.84955222462638,3.705553699523639,3.8207523822784424,6441200,,
2018-02-20,3.772753239821592,3.801552854918979,3.5903554486591474,3.5999553203582764,4095200,,
2018-02-21,3.609556009914783,3.7919538424051398,3.609556009914783,3.6191558837890625,4345600,,
2018-02-22,3.638353973931405,3.7055530604359714,3.5807547569274902,3.5807547569274902,2385500,,
2018-02-23,3.5711556769290187,3.676754264781667,3.5615558053060505,3.638354778289795,2345000,,
2018-02-26,3.7151533487247868,3.7439531893521294,3.647954254645247,3.695953607559204,3675300,,
2018-02-27,3.6767542939513076,3.7247538813259475,3.5903554486591474,3.5999553203582764,2745100,,
2018-02-28,3.6191543325061994,3.638354072025149,3.5135557651519775,3.5135557651519775,3894000,,
2018-03-01,3.484756602982406,3.599955054876546,3.4079574061740012,3.5519556999206543,4321400,,
2018-03-02,3.5615555709118327,3.7247536066408427,3.532755957938298,3.5519556999206543,4227100,,
2018-03-05,3.535622857598364,3.5836611649574346,3.5067998731829215,3.554838180541992,3337100,0.003,
2018-03-06,3.6124837560977063,3.833460174957421,3.583660774820095,3.8046371936798096,4883300,,
2018-03-07,3.785421931977627,3.871891106226289,3.6605221154249805,3.6701297760009766,3241600,,
2018-03-08,3.6701294572226475,3.727775644736316,3.622091158515154,3.6989524364471436,2252700,,
2018-03-09,3.6989518258649228,3.756598003862996,3.670128851398206,3.6893441677093506,2164100,,
2018-03-12,3.6893451200302154,3.785421955450636,3.6605221381234982,3.7758142948150635,2813300,,
2018-03-13,3.7950298622990917,3.8814988136291504,3.775814539781301,3.8814988136291504,3061900,,
2018-03-14,3.8718909371654973,3.881498368257301,3.7950294268488833,3.8142447471618652,2548800,,
2018-03-15,3.8046373028464937,3.8238526242495814,3.698952806064814,3.7085604667663574,2164400,,
2018-03-16,3.718167755930141,3.766206283702311,3.6413064779981514,3.6989524364471436,8150600,,
2018-03-19,3.381899712412178,3.497191867800957,3.189746272807344,3.1993539333343506,21340900,,
2018-03-20,3.228176104978897,3.228176104978897,3.122491865697574,3.141707181930542,6413600,,
2018-03-21,3.180137218541912,3.439544168147168,3.170529562225591,3.4203288555145264,8963300,,
2018-03-22,3.401115071908345,3.4875842466934475,3.3722920900015434,3.4107227325439453,4784700,,
2018-03-23,3.477976485836705,3.564445663825106,3.477976485836705,3.5067996978759766,5780900,,
2018-03-26,3.5740530565070467,3.5740530565070467,3.4587609041992375,3.487584114074707,3689000,,
2018-03-27,3.45876081961396,3.468368479649261,3.3915071993668526,3.4299378395080566,4441200,,
2018-03-28,3.4299382318074274,3.5067997499455603,3.401115248404894,3.458761215209961,4631000,,
2018-03-29,3.4683679097794102,3.5356217480410663,3.4299372759525477,3.5260140895843506,3217100,,
2018-04-02,3.554837735966527,3.6220913578583467,3.449153243928978,3.487584114074707,3973700,,
2018-04-03,3.439545499543358,3.497191688819848,3.353076559225648,3.4299378395080566,5281800,,
2018-04-04,3.42033057067325,3.5164074110797383,3.410722909539072,3.458761215209961,2742100,,
2018-04-05,3.4203301050001107,3.5644452314564163,3.4203301050001107,3.545229911804199,4333300,,
2018-04-06,3.554837735966527,3.5644453962367866,3.4395455836587177,3.487584114074707,4893000,,
2018-04-09,3.4683686126196105,3.4875841624915824,3.372292008583214,3.4395456314086914,2810700,,
2018-04-10,3.4779763221740723,3.506799532857014,3.4203303589375804,3.4779763221740723,3398900,,
2018-04-11,3.4875839528475487,3.5740528912825247,3.477976063956761,3.545229911804199,6215200,,
2018-04-12,3.5356222775005013,3.6124835566642033,3.477976089063044,3.5644452571868896,3572700,,
2018-04-13,3.5836612317375165,3.6220918783409126,3.5548382467849695,3.6124842166900635,3160100,,
2018-04-16,3.612483968782714,3.612483968782714,3.4875843758929332,3.5067996978759766,3312400,,
2018-04-17,3.5260152618324225,3.6124842166900635,3.5067999385307242,3.6124842166900635,4033700,,
2018-04-18,3.650913875491754,3.766206013172894,3.6316985573890075,3.679736852645874,6739300,,
2018-04-19,3.737382812230444,3.8238517385151867,3.70855960773755,3.7662057876586914,4077400,,
2018-04-20,3.737382812230444,3.775813446134774,3.660521315357137,3.7662057876586914,3057800,,
2018-04-23,3.6797373874745536,3.7181680292657195,3.6124837643400127,3.6316990852355957,3010600,,
2018-04-24,3.660521493639135,3.7277753353118896,3.6124831989190658,3.7277753353118896,2739500,,
2018-04-25,3.6989526272811943,3.8046371189547648,3.66052198633251,3.7469911575317383,3014600,,
2018-04-26,3.775814320741863,3.833460284951125,3.7085604667663574,3.7085604667663574,3687800,,
2018-04-27,3.6989524364471436,3.737383304477815,3.65091413773965,3.6989524364471436,3257500,,
2018-04-30,3.6316985573890075,3.737383036018774,3.6124832392862607,3.679736852645874,6333600,,
2018-05-01,3.65091413773965,3.718167755930141,3.6316988182566527,3.6989524364471436,2783900,,
2018-05-02,3.708560122021411,3.77581396974505,3.660521822979297,3.718167781829834,4529800,,
2018-05-03,3.746990990319781,3.785421629553473,3.698952462212988,3.718167781829834,2302700,,
2018-05-04,3.6893451200302154,3.80463727672178,3.6893451200302154,3.7758142948150635,2059000,,
2018-05-07,3.7662065519763273,3.833460174957421,3.7469912311245865,3.8046371936798096,2525700,,
2018-05-08,3.7950294268488833,3.823852407318356,3.7085602563757787,3.8142447471618652,3323800,,
2018-05-09,3.823852622287596,3.83346028298421,3.7662066581079117,3.795029640197754,3006100,,
2018-05-10,3.81424485410568,3.987182970836042,3.7277759102728454,3.8046371936798096,5881100,,
2018-05-11,3.8142449373573526,3.8622832405352137,3.756598973543919,3.7758142948150635,2498800,,
2018-05-14,3.7950287630869393,3.8046364215630217,3.7277751537543615,3.7662057876586914,2544600,,
2018-05-15,3.7085594760192,3.7854209701625874,3.689344159749513,3.7565979957580566,3578900,,
2018-05-16,3.737383497294567,3.7758141382432515,3.7085602875183654,3.7469911575317383,2641000,,
2018-05-17,3.7373836760180694,3.795029640197754,3.7373836760180694,3.795029640197754,3379100,,
2018-05-18,3.7950295332539388,3.8526757248738552,3.7469912311245865,3.8046371936798096,4129200,,
2018-05-21,3.814245116394532,3.843068099654173,3.737383827702155,3.823852777481079,3009300,,
2018-05-22,3.8142449373573526,3.8911064515066287,3.7662066341794915,3.7758142948150635,3592900,,
2018-05-23,3.7786987539204957,3.8363887552347777,3.7306237528252604,3.8075437545776367,3059700,0.003,
2018-05-24,3.846003699271418,3.8652336994286003,3.7979286988784624,3.8171586990356445,3918200,,
2018-05-25,3.7979287543585896,3.8556189849125597,3.7594687534824014,3.8075437545776367,3551700,,
2018-05-29,3.7594686665277375,3.8556188957339885,3.7306236665377672,3.740238666534424,6214000,,
2018-05-30,3.7690836665243945,3.807543666511022,3.721008437301428,3.740238666534424,3809800,,
2018-05-31,3.74985415860007,3.7690841611168118,3.615243911743164,3.615243911743164,4093500,,
2018-06-01,3.6248582324987617,3.644088231405413,3.5479382368721577,3.5671682357788086,3291000,,
2018-06-04,3.5863983007479043,3.5863983007479043,3.471018075942993,3.471018075942993,3060100,,
2018-06-05,3.490248365137043,3.6056283627086754,3.4806331360997294,3.5863983631134033,5287700,,
2018-06-06,3.6152433244292865,3.644088323518389,3.567168325947449,3.6344733238220215,3694200,,
2018-06-07,3.624858324125654,3.692163322000226,3.605628324732919,3.6344733238220215,5277400,,
2018-06-08,3.6729333047687653,3.692163304068104,3.586398307921742,3.596013307571411,2360400,,
2018-06-11,3.6056285759276743,3.68254857885743,3.596013575561455,3.672933578491211,4669300,,
2018-06-12,3.6537034530508183,3.778698682785034,3.6537034530508183,3.778698682785034,3646600,,
2018-06-13,3.7786980214264854,3.8075430164920747,3.711392803700467,3.769083023071289,2693600,,
2018-06-14,3.807542588143671,3.8363875799641995,3.701777388895448,3.759467601776123,3087200,,
2018-06-15,3.7306227333385618,3.749852728521575,3.653702523366884,3.69216251373291,7862400,,
2018-06-18,3.6921629363360418,3.7113929337201106,3.653702941567903,3.701777935028076,1986700,,
2018-06-19,3.663318285335154,3.692163284128383,3.6056282877486963,3.6825482845306396,2172400,,
2018-06-20,3.7113932833238685,3.7113932833238685,3.653703285737411,3.6825482845306396,1720900,,
2018-06-21,3.6825482845306396,3.7113932833238685,3.653703285737411,3.6825482845306396,2140100,,
2018-06-22,3.701778301493466,3.7594685285964915,3.663318302917899,3.72100830078125,2920200,,
2018-06-25,3.692163533188074,3.759468764152109,3.519093528754039,3.55755352973938,3988500,,
2018-06-26,3.519092982356173,3.547937978616512,3.4517877618423953,3.528707981109619,3161500,,
2018-06-27,3.5190935137701844,3.547938514386372,3.37486828144956,3.3940982818603516,4051800,,
2018-06-28,3.394098307400859,3.4229433082341045,3.2979483046233744,3.307563304901123,4181600,,
2018-06-29,3.3364076076300737,3.384482598959686,3.307562612832306,3.346022605895996,3484900,,
2018-07-02,3.3364076614379883,3.3364076614379883,3.2787176709120582,3.3364076614379883,2749400,,
2018-07-03,3.3556371821627597,3.4806321439006003,3.3460221851060026,3.4229421615600586,2038300,,
2018-07-05,3.451787922491253,3.4998631477355957,3.41332792568751,3.4998631477355957,2747500,,
2018-07-06,3.528708364327587,3.5863983631134033,3.499863364934679,3.5863983631134033,2642800,,
2018-07-09,3.615242969890637,3.6633179636578688,3.528707981109619,3.528707981109619,2897800,,
2018-07-10,3.5383236834414578,3.5479386841068004,3.471018449544363,3.490248680114746,2162200,,
2018-07-11,3.4421734256519776,3.51909365972511,3.278718415380928,3.2883334159851074,4689200,,
2018-07-12,3.3171775579070233,3.3748675465774944,3.2787175654600422,3.355637550354004,1742700,,
2018-07-13,3.2979484303032325,3.365253434812365,3.288333429659071,3.3267934322357178,2221100,,
2018-07-16,3.307563121769927,3.3460231207514903,3.297948122024536,3.297948122024536,2976400,,
2018-07-17,3.269102781348445,3.355637770018856,3.221027558403008,3.230642557144165,4627500,,
2018-07-18,3.2210284819756945,3.422943742675253,3.2210284819756945,3.317178726196289,10633100,,
2018-07-19,3.2402574894651734,3.326792705601402,3.1056475098482696,3.115262508392334,10986400,,
2018-07-20,3.1441085823592405,3.192183591567846,3.076803569467193,3.0960335731506348,8118600,,
2018-07-23,3.1248778808119537,3.2691031054683752,3.1248778808119537,3.259488105773926,8529500,,
2018-07-24,3.317178726196289,3.4037137396790778,3.2883337217020263,3.317178726196289,6279200,,
2018-07-25,3.365253281244164,3.4037132820657474,3.3171782802171847,3.3940982818603516,3571800,,
2018-07-26,3.3748676983217245,3.3748676983217245,3.096032511304205,3.115262508392334,14278800,,
2018-07-27,3.1441077618416284,3.163337760506619,3.0287277698516846,3.0287277698516846,8984200,,
2018-07-30,3.009497880935669,3.038342879985061,2.9421926539140792,3.009497880935669,5665800,,
2018-07-31,3.221027968456836,3.2402579683872297,3.0094979692225032,3.076802968978882,6483100,,
2018-08-01,3.038343096502942,3.0768030979761942,2.9614228643167455,2.9710378646850586,4465600,,
2018-08-02,2.971038196094756,2.990268198976427,2.8364281759230594,2.8748881816864014,4633200,,
2018-08-03,2.903732792343224,3.038343023505221,2.903732792343224,2.942192792892456,5572800,,
2018-08-06,2.922963073789054,2.999883082286753,2.8845030695402047,2.894118070602417,2845500,,
2018-08-07,2.9037328587981817,2.9325778598702534,2.8075828552246094,2.8075828552246094,2943800,,
2018-08-08,2.807582159962941,2.807582159962941,2.740276944889022,2.759506940841675,4795800,,
2018-08-09,2.865272296582096,3.0864174907588087,2.8268123026799974,2.990267276763916,6443600,,
2018-08-10,2.961423205314246,3.0383434463575383,2.884503193510671,2.9133481979370117,3788200,,
2018-08-13,2.9037326871208617,2.9229626866986416,2.7979676894430736,2.836427688598633,4969000,,
2018-08-14,2.8460430058982618,2.8845030093445025,2.7402777671813965,2.7402777671813965,4086600,,
2018-08-15,2.7114322110227356,2.7114322110227356,2.5287472319505944,2.586437225341797,10158800,,
2018-08-16,2.6345125601394885,2.7306625615447055,2.5191323292135426,2.52874755859375,7630900,,
2018-08-17,2.5672067299685755,2.6825866943880294,2.5575917329336213,2.634511709213257,7263000,,
2018-08-20,2.6729726503406765,2.701817651729569,2.586437646173999,2.596052646636963,4293100,,
2018-08-21,2.6152818719081026,2.692201852798462,2.605666874296807,2.692201852798462,3246400,,
2018-08-22,2.7402774733901105,2.7595074730515394,2.6825874744058233,2.749892473220825,2627100,,
2018-08-23,2.7335294748201537,2.743154569716408,2.5602777666875807,2.5891530513763428,4783100,0.003,
2018-08-24,2.675779626020299,2.839406512801104,2.6565294310437837,2.772030830383301,6026300,,
2018-08-27,2.7816558278932826,2.926032285027968,2.7816558278932826,2.8779067993164062,4123900,,
2018-08-28,2.9164070085907707,2.9549073947930933,2.695029558447013,2.723904848098755,5311100,,
2018-08-29,2.762404441833496,2.8009050464713217,2.704653879097264,2.762404441833496,2902900,,
2018-08-30,2.7527793445538795,2.7720297615885534,2.62765312545069,2.695028781890869,4648600,,
2018-08-31,2.6950291868250633,2.77203017809232,2.6950291868250633,2.733529567718506,2955800,,
2018-09-04,2.656529188156128,2.695029574589051,2.55065312546559,2.656529188156128,8491800,,
2018-09-05,2.6661536017774727,2.723904166632931,2.627653225207167,2.7046539783477783,4322400,,
2018-09-06,2.7142791412900333,2.762404613222767,2.6180281974245663,2.6661536693573,5551000,,
2018-09-07,2.6084039211273193,2.646904310748613,2.579528628911349,2.6084039211273193,4083200,,
2018-09-10,2.656529408153937,2.6950297977752307,2.5987788237219958,2.6084039211273193,4234400,,
2018-09-11,2.5795282939409607,2.6180286785627014,2.4929021990616502,2.598778486251831,4521900,,
2018-09-12,2.598777639805004,2.916405938960173,2.579527453764104,2.829780101776123,8013600,,
2018-09-13,2.8586566375131173,2.8875319292681487,2.7142799492575422,2.7431552410125732,4130000,,
2018-09-14,2.7624052343010774,2.800905849983803,2.695029558447013,2.723904848098755,3464300,,
2018-09-17,2.762405042965004,2.9356569983556824,2.743154851197194,2.8875315189361572,10052200,,
2018-09-18,2.897156993601031,2.954907576454905,2.868281702174094,2.8779067993164062,5729100,,
2018-09-19,2.906781636649254,3.0030325930361634,2.906781636649254,2.9260318279266357,8563400,,
2018-09-20,2.9260318279266357,2.9837824017587815,2.887531445371872,2.9260318279266357,6841200,,
2018-09-21,2.887531076421475,2.90678126523919,2.8009052267417576,2.8682808876037598,17180300,,
2018-09-24,2.887531492467145,2.9356569714455203,2.810530726101744,2.8394060134887695,5976400,,
2018-09-25,2.868280473857923,2.935656125001073,2.810529915735223,2.829780101776123,5038500,,
2018-09-26,2.810530765700434,2.8394060534942946,2.752779960632324,2.752779960632324,4343300,,
2018-09-27,2.723905089991201,2.723905089991201,2.5987788237219958,2.6084039211273193,5199000,,
2018-09-28,2.6469043867993696,2.723905168254341,2.6180290937537554,2.6854047775268555,4879000,,
2018-10-01,2.675778594336532,2.723904063222374,2.646903313005027,2.695028781890869,2572000,,
2018-10-02,2.743154996713387,2.8394061901386634,2.743154996713387,2.8105309009552,5399500,,
2018-10-03,2.810531000676112,2.868281581092096,2.7912808072041173,2.8201560974121094,3212700,,
2018-10-04,2.839405258975675,2.887530725165705,2.7816546995476386,2.7912797927856445,4377000,,
2018-10-05,2.8297814153128464,2.8586567077776195,2.7431553084381024,2.772030830383301,3168100,,
2018-10-08,2.704654852005865,2.75278033826425,2.6180289767407716,2.7431552410125732,4669500,,
2018-10-09,2.7142797515481742,2.7624052343010774,2.666154268795271,2.723904848098755,4675300,,
2018-10-10,2.704654972890598,2.7142800705724697,2.608403996071884,2.6854047775268555,5802200,,
2018-10-11,2.743154922972074,2.8682814022171716,2.656529057750356,2.8490312099456787,7085500,,
2018-10-12,2.839405258975675,2.839405258975675,2.69502863092526,2.7912797927856445,5796300,,
2018-10-15,2.8394061901386634,2.887531672111102,2.7912807081662248,2.8105309009552,5227500,,
2018-10-16,2.8394064107471566,2.97415777073953,2.8009060221779074,2.8779067993164062,7786000,,
2018-10-17,2.877906349733181,2.9549071148427086,2.8297808715397257,2.9260318279266357,5326400,,
2018-10-18,2.9067815512095927,2.9164066465653713,2.7816553115844727,2.7816553115844727,4219300,,
2018-10-19,2.7912808072041173,2.868281581092096,2.78165571046812,2.8201560974121094,4495600,,
2018-10-22,2.8105311512547324,2.8105311512547324,2.723905046509219,2.7431552410125732,3267500,,
2018-10-23,2.781654708501733,2.820155081577689,2.6180278934485943,2.6372780799865723,6763200,,
2018-10-24,2.6372787411681147,2.6565289325322308,2.521777363503036,2.541027784347534,5188600,,
2018-10-25,2.550652604504962,2.5795278884319925,2.3389002928930474,2.3581504821777344,9750900,,
2018-10-26,2.387025766104765,2.5121519964552306,2.329275198250704,2.3581504821777344,8224100,,
2018-10-29,2.377400706824534,2.4255261807520836,2.2618993399180556,2.338900327682495,5696100,,
2018-10-30,2.310025806107795,2.415901883709202,2.3004007081440307,2.367776393890381,4595100,,
2018-10-31,2.358150692656116,2.3677757881575543,2.271524603662795,2.310025215148926,5506500,,
2018-11-01,2.3581506413185496,2.502527070697008,2.3100251648590633,2.464026689529419,5597500,,
2018-11-02,2.473651273883685,2.541027156490715,2.4159007140607955,2.4832763671875,4426300,,
2018-11-05,2.483276707440365,2.5410275046564617,2.4255261397046257,2.4929018020629883,3179100,,
2018-11-06,2.502526829160228,2.5410274360922207,2.3677755080794816,2.396650791168213,4857000,,
2018-11-07,2.4255261807520836,2.4351512755375935,2.300399948540456,2.338900327682495,4627700,,
2018-11-08,2.29077481968133,2.387025766104765,2.0886476027117586,2.3581504821777344,4731600,,
2018-11-09,2.290774853754946,2.348525422468005,2.175273486848467,2.338900327682495,4944300,,
2018-11-12,2.3292760465438245,2.3292760465438245,2.213774639291181,2.233024835586548,6770000,,
2018-11-13,2.2426496526265463,2.3196506576366698,2.1271484893319794,2.1367735862731934,7324000,,
2018-11-14,2.1560232280798117,2.3292751581388234,2.1078977556968512,2.2426490783691406,8509000,,
2018-11-15,2.2522743366027305,2.4351513744348465,2.2522743366027305,2.4159011840820312,5366400,,
2018-11-16,2.4351509006684253,2.5987777163136045,2.4351509006684253,2.4832763671875,9069200,,
2018-11-19,2.4572596144329477,2.5247137368592196,2.4379870080254418,2.476532220840454,4207000,0.003,
2018-11-20,2.457259331550202,2.4765319357390223,2.283805664103257,2.380168914794922,6321100,,
2018-11-21,2.3994410685711336,2.515076671997443,2.3994410685711336,2.4958040714263916,3232000,,
2018-11-23,2.4668954796545077,2.5150769871189413,2.380168766218527,2.457259178161621,2703300,,
2018-11-26,2.45725996927825,2.5054414922547603,2.3416243141346262,2.3705332279205322,4197700,,
2018-11-27,2.370532104254521,2.3994410043371963,2.28380517425898,2.331986904144287,3806800,,
2018-11-28,2.351259567143505,2.534349502316016,2.3223506662869275,2.4958040714263916,5532300,,
2018-11-29,2.49580400461278,2.515076604667897,2.322350604116729,2.331986904144287,5487900,,
2018-11-30,2.3319879434236417,2.351260552067836,2.2548972790992483,2.293442726135254,4852000,,
2018-12-03,2.3416243141346262,2.399442141706438,2.3223517049440225,2.3705332279205322,5143100,,
2018-12-04,2.42835011290132,2.46689531632078,2.2645327686210805,2.2838053703308105,6530100,,
2018-12-06,2.264532463496895,2.3127141910267257,2.187442067045172,2.2548961639404297,6131600,,
2018-12-07,2.3127142024102634,2.3608957004297473,2.254896175039378,2.32235050201416,5590300,,
2018-12-10,2.3030780992254067,2.351259601354071,2.245260066923485,2.2741689682006836,3903400,,
2018-12-11,2.312714472085195,2.322350772812736,2.2067149343347103,2.235623836517334,4104800,,
2018-12-12,2.2548963673492177,2.31271439965114,2.225987466072019,2.2741689682006836,3836600,,
2018-12-13,2.245260066923485,2.3030780992254067,2.235623766497752,2.2741689682006836,2754400,,
2018-12-14,2.2356233914568584,2.2741685866935737,2.1874418974109644,2.216350793838501,2950400,,
2018-12-17,2.2163506901556893,2.4090768870708525,2.206714391797305,2.3608953952789307,5905700,,
2018-12-18,2.360895836190712,2.4765314380869827,2.3319869357166443,2.447622537612915,5795900,,
2018-12-19,2.466895206462866,2.524713009017263,2.264532667774951,2.2741689682006836,7083600,,
2018-12-20,2.370532310133469,2.3994412127268605,2.3127145049466855,2.351259708404541,7459500,,
2018-12-21,2.3512594008258505,2.3801682996375404,2.254896175039378,2.32235050201416,13763000,,
2018-12-24,2.322350877696963,2.4090775881616677,2.245260238647461,2.245260238647461,3851600,,
2018-12-26,2.322350604116729,2.380168404282079,2.254896274176305,2.331986904144287,7365500,,
2018-12-27,2.3319871412891384,2.3608960443116227,2.2067149984441667,2.2645328044891357,7032300,,
2018-12-28,2.264532840972951,2.3319871788597077,2.2163513351592257,2.245260238647461,5479700,,
2018-12-31,2.264532667774951,2.3030780992254067,2.2163511656462864,2.2741689682006836,4270700,,
2019-01-02,2.254896757820027,2.409077821078152,2.235624153631207,2.380168914794922,5504900,,
2019-01-03,2.399440599726233,2.457258390141931,2.3319865109079188,2.428349494934082,4757900,,
2019-01-04,2.370531843277556,2.5247126267443956,2.351259245344201,2.4861674308776855,5586300,,
2019-01-07,2.495804384133168,2.5150769871189413,2.4283502736829607,2.457259178161621,4556000,,
2019-01-08,2.4958043274343082,2.7078031852092463,2.457259122338418,2.678894281387329,9601700,,
2019-01-09,2.7174391151332387,2.8234386444091797,2.7174391151332387,2.8234386444091797,6078900,,
2019-01-10,2.8041665328905734,2.8234391361615008,2.659621778611065,2.688530683517456,5111200,,
2019-01-11,2.688530346740634,2.707802947597393,2.58253104202846,2.6114399433135986,3883600,,
2019-01-14,2.611439537653798,2.6692573312426857,2.563258042996392,2.640348434448242,3884800,,
2019-01-15,2.6403486213726666,2.649984920986353,2.3898046016693115,2.3898046016693115,7573900,,
2019-01-16,2.380168370084683,2.515076568532189,2.3223505707500376,2.4187135696411133,6076200,,
2019-01-17,2.3705332279205322,2.3898058371111364,2.3223517049440225,2.3705332279205322,5674000,,
2019-01-18,2.3608957004297473,2.4379860972609206,2.3030779028063666,2.32235050201416,6087900,,
2019-01-22,2.3319870005026053,2.3416233009283385,2.225987466072019,2.2741689682006836,5400700,,
2019-01-23,2.2741691421356958,2.293441974208728,2.2163513351592257,2.245260238647461,2936600,,
2019-01-24,2.235623766497752,2.3030780992254067,2.235623766497752,2.2741689682006836,2906300,,
2019-01-25,2.31271430357085,2.409077303824837,2.31271430357085,2.3994410037994385,4639100,,
2019-01-28,2.3705321037232423,2.4379862039010334,2.3705321037232423,2.3994410037994385,2669100,,
2019-01-29,2.4090773688566594,2.543985802601542,2.4090773688566594,2.4958040714263916,3639100,,
2019-01-30,2.5054400288110408,2.5439854544252403,2.457258533977653,2.4861674308776855,5833000,,
2019-01-31,2.543985973993625,2.6981667889494263,2.543985973993625,2.601803779602051,6626200,,
2019-02-01,2.6018034024675347,2.6403486006193124,2.5150764768785314,2.543985605239868,4237100,,
2019-02-04,2.5247129374205297,2.5632583677779004,2.5054403371156035,2.5150766372680664,3294300,,
2019-02-05,2.5536222749283626,2.621076381471526,2.5343496730588875,2.601803779602051,3128800,,
2019-02-06,2.572895014822743,2.6307128235328485,2.505440674913404,2.5247132778167725,3426300,,
2019-02-07,2.5247137368592196,2.5632591794218227,2.466895917636701,2.476532220840454,3752500,,
2019-02-08,2.4861679453947234,2.5728948837906103,2.4765316444337957,2.5343496799468994,2373900,,
2019-02-11,2.4668948329443308,2.515076327777718,2.4668948329443308,2.4861674308776855,1901600,,
2019-02-12,2.486167738245005,2.5054403385610504,2.4187136371388473,2.447622537612915,4682500,,
2019-02-13,2.4765317811473944,2.5247132886118284,2.4476228766687345,2.457259178161621,2901800,,
2019-02-14,2.4668948329443308,2.5439854544252403,2.4379859360442984,2.4861674308776855,3337700,,
2019-02-15,2.5247125793858416,2.6018031994206856,2.5150762805999216,2.5921669006347656,4320800,,
2019-02-19,2.6307127658043927,2.813802719116211,2.621076464564168,2.813802719116211,9575300,,
2019-02-20,2.8234386444091797,2.958346843808996,2.746348015004628,2.8234386444091797,12936700,,
2019-02-21,2.6596210323112044,2.6885299291056484,2.524712617522978,2.640348434448242,7343900,,
2019-02-22,2.6596214060278514,2.669257706313377,2.4668951705698143,2.4958040714263916,5594200,,
2019-02-25,2.5054411304517132,2.5921680890330823,2.476532220840454,2.476532220840454,6417700,,
2019-02-26,2.476531770558351,2.54398611046769,2.4283502632999294,2.5247132778167725,4081900,,
2019-02-27,2.505440194488198,2.5150764940920944,2.254896175039378,2.32235050201416,11241300,,
2019-02-28,2.331986698237442,2.351259296590851,2.2838049726064247,2.312714099884033,2780100,,
2019-03-01,2.2934418022553293,2.3030781026955816,2.1585333663442703,2.2067148685455322,12599800,,
2019-03-04,2.1999606644258405,2.2771521940393735,2.180662782022457,2.2192585468292236,9031900,0.003,
2019-03-05,2.2385564378496596,2.315748197809238,2.180662790416655,2.267503261566162,6133300,,
2019-03-06,2.2578538484909187,2.306098774651981,2.1324176385991853,2.1517155170440674,7556000,,
2019-03-07,2.151716327756704,2.1999610420463047,2.0938226706091827,2.161365270614624,5078700,,
2019-03-08,2.238556429232607,2.267503252837682,2.151715958417382,2.2192585468292236,6398100,,
2019-03-11,2.209609605627532,2.248205370434299,2.1710138408207653,2.2192585468292236,4588200,,
2019-03-12,2.2385567298943854,2.3253974424221386,2.2385567298943854,2.296450614929199,4453500,,
2019-03-13,2.315748407129318,2.363993117684319,2.286801350747391,2.3350462913513184,4335000,,
2019-03-14,2.2675037871429184,2.3157487345685217,2.238556956716932,2.2482059001922607,3060000,,
2019-03-15,2.2578543025060034,2.3832907676696777,2.2578543025060034,2.3832907676696777,15657600,,
2019-03-18,2.3832903131419023,2.4122371311093516,2.2675028112232467,2.3157477378845215,5868200,,
2019-03-19,2.3446945558519703,2.3832903131419023,2.2964498592395555,2.3157477378845215,4757900,,
2019-03-20,2.32539702551612,2.402588551658101,2.2675031508607404,2.3736417293548584,5617000,,
2019-03-21,2.3929396108903536,2.441184314729092,2.2964502032128773,2.3736417293548584,6003700,,
2019-03-22,2.373641915824823,2.402588740402088,2.306099325144539,2.3446950912475586,4235800,,
2019-03-25,2.36399245262146,2.3736413920179205,2.315747755639157,2.36399245262146,5181300,,
2019-03-26,2.3446949070516157,2.383290670122606,2.306099143980625,2.3736417293548584,2941000,,
2019-03-27,2.363993117684319,2.38329100190632,2.3350462913513184,2.3350462913513184,2028300,,
2019-03-28,2.2964502165961576,2.3253970390680974,2.2289074007794034,2.2578542232513428,4264000,,
2019-03-29,2.286801135241065,2.2964503064916615,2.2192585468292236,2.2192585468292236,3584600,,
2019-04-01,2.2385559700460367,2.2578538484909187,2.1324176385991853,2.1517155170440674,5811000,,
2019-04-02,2.1613644562665084,2.1903112739338315,2.1324176385991853,2.1517155170440674,3410500,,
2019-04-03,2.1710138408207653,2.2964503064916615,2.151715958417382,2.2192585468292236,6186900,,
2019-04-04,2.2096091752883487,2.3350456165294875,2.1903112966433826,2.3157477378845215,3837900,,
2019-04-05,2.3157477378845215,2.3253966772070043,2.2482049325782807,2.3157477378845215,2780700,,
2019-04-08,2.3446945738285385,2.3929392708108415,2.315747755639157,2.36399245262146,5134800,,
2019-04-09,2.3639924344969363,2.3736413738194195,2.2771517505457295,2.3157477378845215,4260300,,
2019-04-10,2.3060992119302335,2.325397094034344,2.257854276621056,2.2868010997772217,4201500,,
2019-04-11,2.2482052716248733,2.2675031531801078,2.1806626861815523,2.2096095085144043,4930300,,
2019-04-12,2.2096091523787136,2.2289070308235956,2.1324176385991853,2.1517155170440674,8273100,,
2019-04-15,2.1517163748638515,2.2482058055554797,2.142067431794689,2.190312147140503,4517200,,
2019-04-16,2.2096095085144043,2.2578542124024907,2.1517158638487004,2.2096095085144043,4749300,,
2019-04-17,2.2192585468292236,2.228907488030915,2.1903117232241485,2.2192585468292236,2704700,,
2019-04-18,2.1999613951608112,2.238557172787478,2.0552272290608125,2.0745251178741455,8226400,,
2019-04-22,2.0745247749028906,2.093822660525797,1.9876840595508705,2.0166308879852295,6890900,,
2019-04-23,1.9876840595508705,2.0552268892799845,1.9587372311165112,2.0166308879852295,7578800,,
2019-04-24,2.0069810951758758,2.055226018849363,1.9876832177260186,2.0262789726257324,4782900,,
2019-04-25,2.016630543493917,2.045577366983429,1.9490879553517217,1.9587368965148926,5911100,,
2019-04-26,1.9780344950179967,2.1131198819682253,1.9780344950179967,2.0938220024108887,6246100,,
2019-04-29,2.0552263812358333,2.09382214294092,2.0262793299081325,2.0841732025146484,3731700,,
2019-04-30,2.07452389629922,2.1034707124740053,2.0262789726257324,2.0262789726257324,4754000,,
2019-05-01,2.026278771530762,2.074523690416256,1.9780340826940912,2.0069808959960938,4945700,,
2019-05-02,1.9780351153390856,1.9973330009483299,1.881545687292864,1.9201414585113525,10513700,,
2019-05-03,1.968385200639071,2.0262788288816718,1.9394383865177702,1.9780341386795044,4703800,,
2019-05-06,1.9297897610725563,1.9973323382964132,1.9201408214691482,1.9394387006759644,3193700,,
2019-05-07,1.9394385241013765,2.045576850075589,1.9297895853764482,2.0262789726257324,6120900,,
2019-05-08,2.0455772201766247,2.0455772201766247,1.929789934528387,1.9683856964111328,5913800,,
2019-05-09,1.9297901727901627,1.939439114452157,1.6982153428533866,1.7078642845153809,15416300,,
2019-05-10,1.7175129409898218,1.7175129409898218,1.4762892094454838,1.505236029624939,17520800,,
2019-05-13,1.4955874033951153,1.5341832867576828,1.4666405771415367,1.5245343446731567,9459500,,
2019-05-14,1.4955874681472778,1.5631301806877176,1.4762895831427143,1.4955874681472778,6546500,,
2019-05-15,1.495586955318615,1.543831766311607,1.495586955318615,1.5148849487304688,5344900,,
2019-05-16,1.51488506969766,1.5245340096618636,1.4473423749237968,1.4569913148880005,6680100,,
2019-05-17,1.4473427072618221,1.4859384759809755,1.4376937650820338,1.466640591621399,6873200,,
2019-05-20,1.4473422331016785,1.466640111139126,1.3508527278900146,1.3508527278900146,6676300,,
2019-05-21,1.3508527508965351,1.4280443793854103,1.273661237432088,1.3990975618362427,7029600,,
2019-05-22,1.4183955631750444,1.4280445031946485,1.3315549879741704,1.3412039279937744,3493200,,
2019-05-23,1.3537747261544906,1.382784157400539,1.3344351053237915,1.3344351053237915,5087300,0.003,
2019-05-24,1.3441050052642822,1.3731144384425262,1.2764163278483798,1.3441050052642822,7024800,,
2019-05-28,1.3441049098325837,1.3441049098325837,1.1700482078479377,1.2183972597122192,10260600,,
2019-05-29,1.2280670174526376,1.2957558024348614,1.2183972074942095,1.2764161825180054,5596700,,
2019-05-30,1.286085833007402,1.2957556417668161,1.2183970564182913,1.2474064826965332,6658200,,
2019-05-31,1.2764165683601172,1.315095819886003,1.2280673886794975,1.2667466402053833,8752500,,
2019-06-03,1.3150954344240977,1.4698125104524538,1.3054256243769022,1.4311332702636719,10271100,,
2019-06-04,1.4117937956574118,1.5084919060942972,1.3827842472531058,1.4601428508758545,9012100,,
2019-06-05,1.5084920068205883,1.5471713688513136,1.3537749045174314,1.3924542665481567,9280200,,
2019-06-06,1.4214637016162646,1.4408033249950032,1.3150956577599542,1.3924542665481567,5808300,,
2019-06-07,1.4117937976841897,1.527831645648277,1.402123986626619,1.4214636087417603,6147100,,
2019-06-10,1.3634443383404,1.4021236896514893,1.3441047203214636,1.4021236896514893,6932100,,
2019-06-11,1.4021241831359907,1.4988223072640534,1.3924543707231845,1.4698128700256348,5132200,,
2019-06-12,1.4794828563570879,1.527832039378,1.460143229258031,1.4891526699066162,4021400,,
2019-06-13,1.5084917899123726,1.5955201978760039,1.4794823590155728,1.5761805772781372,5823800,,
2019-06-14,1.6245297859683323,1.6825487686492957,1.5084919358796485,1.5278316736221313,7124600,,
2019-06-17,1.51816191153756,1.6535393884782905,1.51816191153756,1.6245298385620117,7139800,,
2019-06-18,1.6632091109949605,1.7115581661452395,1.6148599405714412,1.6535392999649048,7920800,,
2019-06-19,1.6341996779047931,1.6728789220250164,1.5858505074812739,1.6535392999649048,8481200,,
2019-06-20,1.7502377302682102,1.856605786319748,1.7308981046721599,1.7792472839355469,14978100,,
2019-06-21,1.8082567223296224,1.8179265351276475,1.672879227884009,1.7792472839355469,23301500,,
2019-06-24,1.8082567034322266,1.8372661415231357,1.6438697723104825,1.71155846118927,13863300,,
2019-06-25,1.769577394839611,1.769577394839611,1.614860166195545,1.6922187805175781,9611600,,
2019-06-26,1.6245295241061886,1.7502371651663506,1.605189904754352,1.7308975458145142,7070800,,
2019-06-27,1.730897335163834,1.7405671436629337,1.663208675670134,1.7212275266647339,5483300,,
2019-06-28,1.7212280611697157,1.7695772339526321,1.6825488151619792,1.740567684173584,9629600,,
2019-07-01,1.6922186346690002,1.7212280693120325,1.6051902154666569,1.6245298385620117,6343900,,
2019-07-02,1.6438696636721228,1.6825489119038073,1.5761808639934227,1.6728790998458862,6042200,,
2019-07-03,1.6728787131266667,1.711557952416875,1.6051899290955765,1.6825485229492188,4012200,,
2019-07-05,1.5858507059210063,1.6825489435947911,1.5761808936809532,1.663209319114685,4197000,,
2019-07-08,1.6535395170055491,1.663209329304847,1.5665110910386109,1.585850715637207,6500400,,
2019-07-09,1.5665108835296229,1.6341996759315203,1.5568410725112432,1.614859938621521,3784500,,
2019-07-10,1.6632089033041146,1.6922183327717708,1.6245295487406806,1.6825485229492188,5237400,,
2019-07-11,1.6825489435947911,1.7018885680748972,1.6051903304011121,1.663209319114685,7356900,,
2019-07-12,1.6728790998458862,1.7018885360196496,1.6438696636721228,1.6728790998458862,3375600,,
2019-07-15,1.6825489119038073,1.7018885360196496,1.6341998516142018,1.6728790998458862,3112900,,
2019-07-16,1.682548818991603,1.7889168610282267,1.6535393844197726,1.7018884420394897,8509700,,
2019-07-17,1.7308978657103022,1.933964136980716,1.6825488083950824,1.89528489112854,22637200,,
2019-07-18,1.9146241278287368,1.953303365878377,1.7985862984065946,1.9436335563659668,17531400,,
2019-07-19,1.9436339194830374,2.001652787396803,1.7889168231064196,1.8275960683822632,16063900,,
2019-07-22,1.856605530003119,1.914624514054628,1.837265907077031,1.89528489112854,9939800,,
2019-07-23,1.904954401847547,1.9436336415932507,1.8372656170193382,1.875944972038269,7791400,,
2019-07-24,1.9049543183163269,1.9436335563659668,1.8469353459686446,1.9436335563659668,9446000,,
2019-07-25,1.9339644039772106,1.9436342167752358,1.7502377302682102,1.7792472839355469,9686400,,
2019-07-26,1.7695773462815867,1.8275962189761046,1.7405677946610747,1.8179264068603516,5979800,,
2019-07-29,1.8372658188459952,1.8662752518420065,1.7599073308566309,1.8469356298446655,6552800,,
2019-07-30,1.8469357486415197,1.9049547336386248,1.8179263137795907,1.8856151103973389,7425800,,
2019-07-31,1.875945368553565,1.9146246164748337,1.7792471334771411,1.7889169454574585,10928000,,
2019-08-01,1.7502376605435301,1.866275524770462,1.7502376605435301,1.8372660875320435,6274300,,
2019-08-02,1.8275960683822632,1.856605502339146,1.7985866344253805,1.8275960683822632,5368400,,
2019-08-05,1.875944889779097,2.0016524134404268,1.875944889779097,1.9436335563659668,13160400,,
2019-08-06,1.9436340645124233,1.9629736885934221,1.856605640874676,1.9339642524719238,9923900,,
2019-08-07,2.0113225361948066,2.0113225361948066,1.5471712614928634,1.614859938621521,21237200,,
2019-08-08,1.6148599405714412,1.6922185440851278,1.6148599405714412,1.6535392999649048,12195400,,
2019-08-09,1.6535391084900724,1.6728787283107145,1.4504728698268772,1.518161654472351,12811100,,
2019-08-12,1.5471713542938232,1.5955204122857487,1.527831731097053,1.5471713542938232,6914800,,
2019-08-13,1.6051905477742272,1.624530174873284,1.4698130428075595,1.4891526699066162,9867800,,
2019-08-14,1.5471713688513136,1.5471713688513136,1.3827843395855393,1.3924542665481567,11958200,,
2019-08-15,1.402124016745274,1.4408032618064148,1.3344352226150342,1.411793828010559,10354500,,
2019-08-16,1.4117934986609575,1.469812352717767,1.392453880642021,1.4021236896514893,6187300,,
2019-08-19,1.411793995548797,1.527831859775729,1.3924543707231845,1.4698128700256348,8776800,,
2019-08-20,1.4988219193784822,1.5471710842033142,1.469812489647519,1.518161654472351,6973800,,
2019-08-21,1.527831554621136,1.605190038472736,1.4988220079035524,1.566510796546936,5558900,,
2019-08-22,1.5597297294364152,1.5984807413147701,1.530666470527649,1.530666470527649,9186500,0.003,
2019-08-23,1.5500416499830416,1.637231523831746,1.5403538990539745,1.6178559064865112,7985200,,
2019-08-26,1.6759824958610248,1.6856702466069302,1.5791048729148716,1.608168125152588,6338500,,
2019-08-27,1.6275433015197311,1.7341086539238617,1.6178555527090899,1.7244209051132202,9411600,,
2019-08-28,1.7728604366802927,1.8406747040606999,1.7341093112615122,1.782548189163208,10860900,,
2019-08-29,1.801923698238312,1.8212992032483284,1.65660729517607,1.7050460577011108,11650000,,
2019-08-30,1.7050454074919374,1.743796402734503,1.6662944122493721,1.7244209051132202,6040400,,
2019-09-03,1.7437969740648682,1.8503623613836377,1.7437969740648682,1.8309868574142456,9665000,,
2019-09-04,1.8406745232620865,1.9278644025312957,1.830986771730742,1.8794256448745728,14222600,,
2019-09-05,1.8406747344335077,1.8406747344335077,1.753484845161438,1.753484845161438,14407000,,
2019-09-06,1.7631726842813877,1.840674704148403,1.7341093113441377,1.7437970638275146,13019300,,
2019-09-09,1.763172534258542,1.7825480375766949,1.6759826538397453,1.695358157157898,9544400,,
2019-09-10,1.6856703530490693,1.8891133625337484,1.6856703530490693,1.8697377443313599,8865000,,
2019-09-11,1.8794255870595578,1.9666153481595217,1.8406744666391361,1.9375520944595337,9216700,,
2019-09-12,1.9763036681629942,2.0247424382700725,1.8212994883332063,1.8406749963760376,12131700,,
2019-09-13,1.889113613134489,1.9278646237055772,1.7437970925186659,1.753484845161438,9171000,,
2019-09-16,1.8019235737007857,1.9278644630487762,1.7631725663589768,1.8988012075424194,10565600,,
2019-09-17,1.8988012075424194,1.9375522148842284,1.8503623328780467,1.8988012075424194,5714000,,
2019-09-18,1.889113484809535,1.9084889887789271,1.7728603455060696,1.8309868574142456,9889400,,
2019-09-19,1.8309870675956672,1.8697380799827312,1.8116115614021353,1.8212993144989014,5407400,,
2019-09-20,1.8309867717317208,1.9278644025323262,1.8116112686690213,1.9181766510009766,9505200,,
2019-09-23,1.9859907930918206,2.0344295478551913,1.9375520383284497,1.9956785440444946,13104500,,
2019-09-24,1.9859905870645111,2.0247415868551664,1.9278640873785282,2.005366086959839,10389500,,
2019-09-25,1.9956786018595096,2.0150541043261683,1.8794255870595578,1.9375520944595337,8574700,,
2019-09-26,1.9375520565443998,1.9375520565443998,1.8019234264447441,1.8503621816635132,11059800,,
2019-09-27,1.7922357656053638,1.9278644025312957,1.76317251101133,1.8794256448745728,6702700,,
2019-09-30,1.8406747082583448,1.8503624607633529,1.6856705526910944,1.7050460577011108,8908600,,
2019-10-01,1.724421558778597,1.8309869515777846,1.695358301329851,1.782548189163208,6248300,,
2019-10-02,1.8309867389007948,1.879425611176107,1.7728602307549468,1.8697377443313599,8791900,,
2019-10-03,1.8600501133683338,1.889113484809535,1.8212991054295498,1.8309868574142456,6613500,,
2019-10-04,1.8116112069898616,1.8600499629974365,1.7922357045868316,1.8600499629974365,4398700,,
2019-10-07,1.840674490258436,1.908488865249031,1.8309867389007948,1.8697377443313599,4785200,,
2019-10-08,1.908488402913253,1.9763026459885833,1.908488402913253,1.9472393989562988,10093700,,
2019-10-09,1.9666152551074343,1.9666152551074343,1.8988009996828186,1.9084887504577637,8251300,,
2019-10-10,1.9084891649950921,1.9375524236326724,1.8309870264744206,1.927864670753479,9030000,,
2019-10-11,1.8988010523693843,1.8988010523693843,1.8309866795760055,1.8503621816635132,7830800,,
2019-10-14,1.8600503268859652,1.8794259485666236,1.8019238083053692,1.8212993144989014,4253500,,
2019-10-15,1.8019236351588477,1.8309868916564624,1.7244215023447595,1.7631726264953613,6067400,,
2019-10-16,1.772860493451632,1.8406747630036184,1.7631727406584912,1.8019237518310547,5091700,,
2019-10-17,1.8019234617058189,1.947239845692863,1.7922357104724895,1.9375520944595337,5468600,,
2019-10-18,1.927864670753479,1.9763034351494462,1.840674779353614,1.927864670753479,5299800,,
2019-10-21,1.9472399667196805,1.9569277185551328,1.8697378365489512,1.8988012075424194,3692100,,
2019-10-22,1.9084891649950921,1.9375524236326724,1.8600502851120009,1.927864670753479,3592900,,
2019-10-23,1.9375520944595337,1.9666153481595217,1.9084888407595457,1.9375520944595337,5743900,,
2019-10-24,1.9569271479670602,1.9763026459885833,1.9375516499455374,1.9472393989562988,9127300,,
2019-10-25,2.0053662972797945,2.082868535963607,1.9763030443886904,2.0344295501708984,10335200,,
2019-10-28,2.0538054419352436,2.0538054419352436,1.9763034195148181,2.0441176891326904,5175000,,
2019-10-29,1.9956788999274298,2.0925566577042694,1.98599114724717,2.07318115234375,6913700,,
2019-10-30,2.082868984181327,2.179746514665655,2.0538054940617765,2.140995502471924,8687800,,
2019-10-31,2.1700579646503377,2.2475599605747245,2.150682465669241,2.228184461593628,9617400,,
2019-11-01,2.237872660352405,2.266935914658697,2.1797461517398213,2.2572481632232666,5261400,,
2019-11-04,2.27662399806138,2.325062993275907,2.1603709638847084,2.247560739517212,8636100,,
2019-11-05,2.1700579646503377,2.257247710065273,2.121619217197596,2.228184461593628,8972700,,
2019-11-06,2.228184562225264,2.32506229248021,2.199121312441034,2.2959988117218018,10406400,,
2019-11-07,2.1894336001681105,2.237872350641572,1.985990617205389,2.160370349884033,13167500,,
2019-11-08,2.111932285262208,2.276624090355769,2.0925567787806125,2.237873077392578,7849100,,
2019-11-11,2.2669356655842567,2.3831889010105765,2.237872414471224,2.3638134002685547,9214100,,
2019-11-12,2.3638140589978827,2.3735018120686013,2.247560791175006,2.3444385528564453,11060500,,
2019-11-13,2.3928767410805785,2.4122522425489072,2.3444379874097563,2.354125738143921,8836300,,
2019-11-14,2.3541257658965584,2.4122522709867944,2.2959990298321227,2.3250625133514404,7673500,,
2019-11-15,2.2766245530873537,2.3831900913701882,2.2766245530873537,2.315375804901123,8946200,,
2019-11-18,2.2863110813216108,2.3928765624148323,2.276623331310789,2.3735010623931885,6738900,,
2019-11-19,2.3735010623931885,2.4510030624797645,2.3638133123823666,2.3735010623931885,9336400,,
2019-11-20,2.3928771018981934,2.4413158628730085,2.3735015975082674,2.3928771018981934,7781700,,
2019-11-21,2.386087684503462,2.415186286600439,2.2890921129250716,2.2987916469573975,6994000,0.003,
2019-11-22,2.2987907199712865,2.327889541589313,2.2502930693663092,2.2599925994873047,7398300,,
2019-11-25,2.259992940840999,2.347288956370356,2.259992940840999,2.2793920040130615,6475000,,
2019-11-26,2.3084908558915873,2.3472889826704244,2.269692497857673,2.327889919281006,7062800,,
2019-11-27,2.327889919281006,2.327889919281006,2.327889919281006,2.327889919281006,0,,
2019-11-29,2.318190274061292,2.4539837111372282,2.308490742841582,2.3957865238189697,6599300,,
2019-12-02,2.3957865946822907,2.4830823782417406,2.386087063175685,2.453983783721924,7620600,,
2019-12-03,2.473382578461848,2.686772479717092,2.473382578461848,2.6673734188079834,13661800,,
2019-12-04,2.6576742282486006,2.7061718867238334,2.5897775063832746,2.6867728233337402,9386700,,
2019-12-05,2.706172629648861,2.9001635480611565,2.696473095291003,2.8322668075561523,11021500,,
2019-12-06,2.7352702920574274,2.783767947168274,2.5994768577470566,2.69647216796875,11968200,,
2019-12-09,2.7255709501139265,2.754669545199066,2.6576742282486006,2.6867728233337402,7519400,,
2019-12-10,2.696472271288284,2.72557086546975,2.67707320850064,2.7158713340759277,4943100,,
2019-12-11,2.735269997234922,2.7837676471184243,2.6867723473514196,2.7740681171417236,8133600,,
2019-12-12,2.812866944941218,2.8710641346628796,2.7158713974833733,2.8613646030426025,11225600,,
2019-12-13,2.8419653467845754,3.006857373130328,2.8419653467845754,2.958359718322754,10783200,,
2019-12-16,2.9874589941952614,3.0068580605532738,2.9486608614792367,2.9971585273742676,7947600,,
2019-12-17,2.89046284738581,2.97775862138221,2.8710637864977206,2.9292609691619873,7197100,,
2019-12-18,2.9486604173687962,3.0553554975231716,2.9098622904963243,3.0456559658050537,6833600,,
2019-12-19,3.0262573603614267,3.0359571255438,2.9195624871617523,2.9486610889434814,10080900,,
2019-12-20,2.977759733616381,2.997158801750288,2.8710648588798904,2.909862995147705,21168700,,
2019-12-23,2.9292612620077567,3.220247435674772,2.9292612620077567,3.162050247192383,13632600,,
2019-12-24,3.2299471148741303,3.3463417284195924,3.210548051159067,3.27844500541687,7375700,,
2019-12-26,3.3366427826057885,3.4045395175338076,3.2493467493003565,3.297844648361206,12579200,,
2019-12-27,3.3075437156533063,3.326942780040884,3.191149098072749,3.210548162460327,8939200,,
2019-12-30,3.239646646731662,3.3754403239921875,3.2202475830165986,3.27844500541687,9944600,,
2019-12-31,3.307543892312741,3.346342023160146,3.268745530210234,3.288144826889038,6370100,,
2020-01-02,3.346341453980236,3.356040985042292,3.2493459121046127,3.3172428607940674,6844000,,
2020-01-03,3.394839967039876,3.404539500552642,3.2105485990421965,3.2493467330932617,11768500,,
2020-01-06,3.326942780040884,3.326942780040884,3.1135528405224364,3.210548162460327,11499000,,
2020-01-07,3.2105477373895357,3.3657404631980095,3.1329514901128284,3.3075432777404785,17998200,,
2020-01-08,3.3657406381358146,3.375440169549546,3.1523507157786512,3.162050247192383,9694600,,
2020-01-09,3.0941542345091646,3.132952369031955,2.968060066054971,2.977759599685669,10628000,,
2020-01-10,3.006858490288331,3.0553563943697117,2.9486612828968486,2.987459421157837,10453800,,
2020-01-13,2.9874583112072983,3.006857373130328,2.9098620635151793,2.958359718322754,7901800,,
2020-01-14,2.9001627587782064,3.0941536243956436,2.8904632270600885,3.0456559658050537,11428500,,
2020-01-15,3.0747550632231304,3.152351329643487,3.0165576321527476,3.1426517963409424,10047700,,
2020-01-16,3.0844543128168773,3.1523510396895333,3.055355715585739,3.1329519748687744,5045300,,
2020-01-17,3.1329520266847797,3.14265155925558,2.987458806867677,3.0068578720092773,6569600,,
2020-01-21,2.948660542655906,3.055355627343702,2.9195619462651674,3.026256799697876,9077900,,
2020-01-22,3.04565639266617,3.0844545249763575,3.016557562178419,3.035956859588623,3910100,,
2020-01-23,3.0456559658050537,3.1038531561137614,3.006857607677504,3.0456559658050537,4994500,,
2020-01-24,3.045656218459256,3.113552946118495,3.006857857113166,3.094153881072998,5362800,,
2020-01-27,3.1329517176713466,3.14265124928545,3.026256638661135,3.08445405960083,9293100,,
2020-01-28,3.035956789520507,3.0553558552278814,2.7837684728144256,2.7934682369232178,11589600,,
2020-01-29,2.744969805914367,2.9971578421688134,2.735270274952852,2.958359718322754,8440400,,
2020-01-30,2.9971582057220454,2.9971582057220454,2.8807638200653076,2.890463352203369,9397200,,
2020-01-31,2.890463368095776,2.977759157818301,2.880763835904385,2.9389610290527344,6268600,,
2020-02-03,2.929262013803473,2.95836061551283,2.8322666747722836,2.900163412094116,8229600,,
2020-02-04,2.8710649449875834,2.880764479345441,2.783768904511723,2.8322668075561523,9019200,,
2020-02-05,2.81286779898339,2.997158955723084,2.81286779898339,2.987459421157837,7265900,,
2020-02-06,3.0456562439186676,3.336642453288644,2.9971583496444225,3.3269429206848145,17847000,,
2020-02-07,3.2784452576656684,3.3657410511001316,3.2687454938067404,3.3269429206848145,10383400,,
2020-02-10,3.3463417924150622,3.3463417924150622,3.04565606782618,3.0650551319122314,10357100,,
2020-02-11,3.084454144501905,3.1426513357884307,3.0262567219602983,3.0553555488586426,6471300,,
2020-02-12,3.0553562763301474,3.0650558105206662,2.8128676903120446,2.8225672245025635,11479200,,
2020-02-13,2.8710641860961914,2.977759035830609,2.8613646543021534,2.8710641860961914,6327200,,
2020-02-14,2.8904640137032986,2.92926215113473,2.803168204482579,2.8322668075561523,6166500,,
2020-02-18,2.9001629657645744,3.162050572099913,2.9001629657645744,3.1329519748687744,15003200,,
2020-02-19,3.1620505514320296,3.2590458749018403,3.094153825003162,3.220247745513916,10377500,,
2020-02-20,3.2202473829226723,3.2687450391968715,3.065054882845236,3.152350664138794,8356300,,
2020-02-21,3.220247592006983,3.2493461876608167,3.1523508688147044,3.1911489963531494,9139400,,
2020-02-24,3.2978441061831205,3.3075436381496264,2.9680595568117583,3.016557216644287,8827600,,
2020-02-25,2.9971582222010844,3.09415377537009,2.9098624324785596,2.9389610290527344,12617400,,
2020-02-26,2.919562349286154,3.0068581505088203,2.8419660815326733,2.96806001663208,7445100,,
2020-02-27,2.987459078004329,2.997158611455442,2.6673742428624707,2.7352709770202637,14680500,,
2020-02-28,2.4733829407597776,2.5800780226434807,2.30849089887918,2.5606789588928223,12413600,,
2020-03-02,2.647974993816081,2.7449703216552734,2.5315803691539474,2.7449703216552734,6609000,,
2020-03-03,2.774068416146105,2.8710639576228596,2.560678733658379,2.69647216796875,13928400,,
2020-03-04,2.7449701176937493,2.7740687138833726,2.5412797131112996,2.706171989440918,9582400,,
2020-03-05,2.7285051117730266,2.757635032398244,2.611985429272157,2.679955244064331,6903700,0.003,
2020-03-06,2.66053504220482,2.6702450148167207,2.4663353584628025,2.5634353160858154,8186100,,
2020-03-09,2.3206861348987533,2.456625772882085,2.1459063688447104,2.184746265411377,7655700,,
2020-03-10,2.262425875773637,2.262425875773637,2.0196763103385593,2.2138760089874268,9608900,,
2020-03-11,2.1459061679043967,2.1750360876017023,1.9419964985192335,1.9808363914489746,10857200,,
2020-03-12,1.835186478808932,1.8934464276570881,1.6215668592856916,1.6409869194030762,12029900,,
2020-03-13,1.7186666968646191,1.8060565622608535,1.602146914920306,1.6409869194030762,12786700,,
2020-03-16,1.4759173579441462,1.7477968468808016,1.3593975604352917,1.650697112083435,12811000,,
2020-03-17,1.6506967571588733,2.1361957897641903,1.6312766986229894,2.058515787124634,19019300,,
2020-03-18,1.9225760764527735,2.145905637056154,1.5050468677372408,1.5633068084716797,11584000,,
2020-03-19,1.621566707964725,2.0390958201136344,1.3982372528513942,1.7283765077590942,14645100,,
2020-03-20,1.8448967814588881,1.8448967814588881,1.553597332295071,1.6118571758270264,15099200,,
2020-03-23,1.7672165460045683,1.815766403414588,1.6215667422705287,1.7769265174865723,10054300,,
2020-03-24,1.9517065322432743,2.0779364196813512,1.8060568134904358,2.0099663734436035,13924400,,
2020-03-25,1.9905458692318099,2.2721352543884703,1.864316132876895,2.204165458679199,10730800,,
2020-03-26,2.2818460283336863,2.4566257960349707,2.0390964410001433,2.116776466369629,11318100,,
2020-03-27,2.0390960848965634,2.08764617908782,1.8448965183955588,1.864316463470459,6919300,,
2020-03-30,1.854606869162834,2.0196765517159148,1.7575070082337165,1.7963470220565796,8050800,,
2020-03-31,1.8448965847362622,1.92257648358116,1.7186668214583076,1.7672168016433716,7927100,,
2020-04-01,1.7186666968646191,1.776926645712775,1.6312768314683845,1.6409869194030762,8669400,,
2020-04-02,1.708956995785954,1.796346875045468,1.6701171008937334,1.6895370483398438,7839000,,
2020-04-03,1.7672169095922894,1.7672169095922894,1.611857102412474,1.650697112083435,6239500,,
2020-04-06,1.7477969947206367,1.8546068277844123,1.7380870204195684,1.8157669305801392,9503700,,
2020-04-07,1.9031565746040873,1.9322864938271271,1.689536935464443,1.7477967739105225,8179200,,
2020-04-08,1.7672165460045683,1.8254763748965919,1.74779648728857,1.7769265174865723,6318100,,
2020-04-09,1.883736553972981,2.0488060897100704,1.874026465530559,2.0390961170196533,12128400,,
2020-04-13,2.0682263385023507,2.272135772090566,1.9128665385501682,2.252715826034546,11427600,,
2020-04-14,2.330395765425431,2.4274954925248196,2.1750359705623987,2.291555643081665,15816100,,
2020-04-15,2.1653263568878174,2.3498161004711315,2.0779365880081655,2.1653263568878174,9428000,,
2020-04-16,2.2527157230160046,2.3789455981115606,2.2041658600961784,2.3109757900238037,11329100,,
2020-04-17,2.233295546581365,2.3109755507130187,2.0779360013260253,2.1070659160614014,15416700,,
2020-04-20,2.155615737130006,2.2818453654936297,2.155615737130006,2.262425422668457,6711900,,
2020-04-21,2.136195662969928,2.24300534194164,2.0973557797074873,2.204165458679199,6454300,,
2020-04-22,2.310975753684802,2.378945560703766,2.281845604886957,2.3303956985473633,8465700,,
2020-04-23,2.4274949321573667,2.5634347502199204,2.3595251388780683,2.398365020751953,10957700,,
2020-04-24,2.4857547549681938,2.5245946368420786,2.3012650845632843,2.398365020751953,8832100,,
2020-04-27,2.417785981855377,2.4566258801174627,2.3109762616346416,2.4274959564208984,6091600,,
2020-04-28,2.4469153228725826,2.4566252951258867,2.3401056280862393,2.417785406112671,5408800,,
2020-04-29,2.446915463746949,2.689665015559178,2.446915463746949,2.6605350971221924,11814400,,
2020-04-30,2.670245407949582,2.6799553819910553,2.5148855917819697,2.5537257194519043,8968700,,
2020-05-01,2.485755425350935,2.641115226249376,2.4469155330023296,2.6216952800750732,8806100,,
2020-05-04,2.602275197394167,2.6314051151275635,2.534305157845568,2.6314051151275635,6398100,,
2020-05-05,2.6216951517572182,2.6314051243691186,2.495465276298504,2.5634353160858154,7128800,,
2020-05-06,2.52459495528668,2.544014898673194,2.42749523835411,2.495465040206909,5515100,,
2020-05-07,2.42749557999499,2.5148853375333635,2.2332958872945876,2.4372055530548096,13376400,,
2020-05-08,2.5245958573838925,2.6119858653536876,2.4760459815696,2.5828559398651123,7553900,,
2020-05-11,2.573145577023764,2.6022754981235305,2.4566256611206634,2.476045608520508,5941000,,
2020-05-12,2.5731448685630394,2.611984752668992,2.446915013714723,2.456624984741211,5201000,,
2020-05-13,2.495465040206909,2.5731450452569513,2.398365323274339,2.495465040206909,8098700,,
2020-05-14,2.476045331074703,2.5731452886977157,2.4080755227913997,2.5634353160858154,9207900,,
2020-05-15,2.6605354431648305,2.9227049747008067,2.641115495014317,2.903285026550293,15748800,,
2020-05-18,3.0586447715759277,3.1169046146620887,2.922704906204182,3.0586447715759277,13292300,,
2020-05-19,3.1169044677689426,3.3499440606349578,3.0683546008185285,3.2528440952301025,15263700,,
2020-05-20,3.262554201347088,3.4373339609829787,3.2528442275619853,3.427623987197876,13251800,,
2020-05-21,3.333356805045617,3.362511500916457,3.138991934205761,3.3430750370025635,9993900,0.003,
2020-05-22,3.391666679730424,3.4694125464563146,3.2361747145776825,3.2556111812591553,7658600,,
2020-05-26,3.255610913177865,3.255610913177865,3.002936635424069,3.0418097972869873,10064100,,
2020-05-27,2.9543454499703468,3.1875832608470027,2.9057542876420723,3.1778650283813477,11027200,,
2020-05-28,3.284766240762672,3.323639175637809,3.0418101660920946,3.061246633529663,8182100,,
2020-05-29,3.187583000211007,3.2847655486222633,3.1389918418558382,3.2264559268951416,10652700,,
2020-06-01,3.304202044246065,3.5180031430976224,3.2653288854812237,3.4888484477996826,11270600,,
2020-06-02,3.4985665550963994,3.5568761753187066,3.197301149368286,3.197301149368286,11683200,,
2020-06-03,3.1098374011217635,3.2458926556409318,3.0709644712591437,3.1778650283813477,7506500,,
2020-06-04,3.2167374238000144,3.265328578055125,3.1195551152897933,3.1875827312469482,7776400,,
2020-06-05,3.0612460006716415,3.100118927510495,2.9737816835833017,3.0904006958007812,9994000,,
2020-06-08,3.109837427579282,3.2458926832559656,3.0223731029433307,3.216737985610962,6806000,,
2020-06-09,3.1584281795361266,3.216737567242421,3.0612458666923024,3.0709640979766846,7677600,,
2020-06-10,3.1681466300766004,3.372229732873403,3.1098372383349213,3.3430750370025635,12760100,,
2020-06-11,3.323638912064079,3.3333571450121804,2.925190897790009,2.9737820625305176,11950800,,
2020-06-12,3.0709646496420264,3.100119348732498,2.944627388549032,3.012655019760132,6664100,,
2020-06-15,2.866881379857147,3.0418097972869873,2.711389427508295,3.0418097972869873,7903300,,
2020-06-16,3.090401089608688,3.1001193225567896,2.925190897790009,2.9737820625305176,5402000,,
2020-06-17,2.973781789443953,2.973781789443953,2.8182900765533487,2.847444772720337,7402200,,
2020-06-18,2.80857177078949,2.857162929792577,2.6530798302786898,2.682234525680542,9645600,,
2020-06-19,2.7794170909261986,2.876599649278045,2.7113894622705668,2.7696988582611084,15717600,,
2020-06-22,2.915471642706386,3.070963547063039,2.896035183624413,2.9446263313293457,11016400,,
2020-06-23,3.0320911638049832,3.0709643234981394,2.9251906118263538,2.9835000038146973,7451100,,
2020-06-24,2.9543453253326275,2.9543453253326275,2.769698684574106,2.847444772720337,9814200,,
2020-06-25,2.90575390241139,2.90575390241139,2.798853359461539,2.896035671234131,6256600,,
2020-06-26,2.8863182610258122,2.915472962850197,2.7891356899102213,2.8766000270843506,8758600,,
2020-06-29,2.934908843824411,2.9835000038146973,2.8668812198380103,2.9835000038146973,6672900,,
2020-06-30,2.964063682436002,3.1875832608470027,2.934908985039037,3.1778650283813477,11818500,,
2020-07-01,3.1973010320574695,3.1973010320574695,3.022372641210599,3.1292734146118164,8740700,,
2020-07-02,3.061245713887804,3.226455637475721,3.061245713887804,3.100118637084961,8051700,,
2020-07-06,3.226456190709622,3.255610888106587,3.1001191686561085,3.1778650283813477,7690100,,
2020-07-07,3.100119252234695,3.352793534854708,3.100119252234695,3.2944841384887695,10784700,,
2020-07-08,3.411102310452082,3.5277213136620253,3.3430746937384748,3.4985663890838623,14279900,,
2020-07-09,3.6054683150709903,3.848424398494092,3.5277224425199103,3.6832141876220703,17611300,,
2020-07-10,3.7220870747265034,3.9164522169384717,3.7220870747265034,3.906733751296997,14932700,,
2020-07-13,4.1108153932852645,4.1108153932852645,3.712367483951628,3.72208571434021,15770300,,
2020-07-14,3.7026502312324303,4.110816478729248,3.6637772994138667,4.110816478729248,12472900,,
2020-07-15,4.120533515845253,4.305180130480081,3.9456053635920534,4.295462131500244,12871200,,
2020-07-16,4.227434723451664,4.285744113583195,4.023351626290384,4.1205339431762695,8471900,,
2020-07-17,4.2760263176796816,4.489827425032828,4.2177169247651864,4.44123649597168,14544200,,
2020-07-20,4.538418377754776,4.742501464882211,4.450954065156784,4.7036285400390625,14764800,,
2020-07-21,4.9757382725564865,5.1117939526370355,4.761937217775514,4.8396830558776855,19016600,,
2020-07-22,4.8785561274745115,5.30615871380875,4.761937366674745,5.179821491241455,22903400,,
2020-07-23,5.034048825636099,5.189541001520351,4.820247720972806,4.985457897186279,21746200,,
2020-07-24,5.0048939918238,5.199258618080291,4.927148141321203,5.053484916687012,13613400,,
2020-07-27,5.345032646468619,5.519960820801107,5.199258936157286,5.354751110076904,17204300,,
2020-07-28,5.267287043652048,5.4810881558607045,5.179822720593025,5.306159973144531,11880200,,
2020-07-29,5.345032587759849,5.471369832868797,5.140949488245962,5.364469051361084,12731000,,
2020-07-30,5.063204489786529,5.29644209243066,5.043768022899519,5.1992597579956055,13081300,,
2020-07-31,5.315877660657074,5.374187514862624,5.170104415348736,5.364469051361084,11267700,,
2020-08-03,5.393623149632897,5.461650530082618,5.1603851588576095,5.432496070861816,11594900,,
2020-08-04,5.422777673245525,5.918408119902179,5.364468290709762,5.87953519821167,16515500,,
2020-08-05,6.112772765027961,6.462629525743264,6.064181380922414,6.239109992980957,19341900,,
2020-08-06,6.297420567607243,6.598686001229275,6.112773921825635,6.462630748748779,19996700,,
2020-08-07,6.346012371036055,6.365448836932258,5.665735137865137,5.947564125061035,18104000,,
2020-08-10,5.986435541418873,6.365447225552881,5.986435541418873,6.0544633865356445,12387900,,
2020-08-11,5.617143449672226,5.792071619221193,5.403341890154984,5.471369743347168,18380300,,
2020-08-12,5.587988949383142,5.733762666830033,5.451933696020252,5.481088161468506,11130300,,
2020-08-13,5.597707345935044,5.9961551005346205,5.4908065593100845,5.937845706939697,16190800,,
2020-08-14,5.850381269615833,5.967000054508727,5.675453092276491,5.869817733764648,9585300,,
2020-08-17,6.122491943263992,6.33629303884952,6.044745626921964,6.190519332885742,12615000,,
2020-08-18,6.31011049178444,6.319833535145448,5.872583740183998,5.998980522155762,10719400,0.003,
2020-08-19,5.911475456747373,5.979535374829098,5.697573585608075,5.726741790771484,10314200,,
2020-08-20,5.697572524902543,5.911474356220171,5.639235661815918,5.853137493133545,7689000,,
2020-08-21,5.687850888358146,5.785079017532929,5.561454088620783,5.648959636688232,8094500,,
2020-08-24,5.746186576545468,5.755909619260664,5.493393493012906,5.532284736633301,8136500,,
2020-08-25,5.503115323075894,5.542006561402781,5.075311237860011,5.2794904708862305,13145600,,
2020-08-26,5.221154901549962,5.678127760064608,5.191986697418535,5.610067844390869,10985300,,
2020-08-27,5.697573378277793,5.7364646261606245,5.366997307653478,5.542007923126221,9941000,,
2020-08-28,5.71701982735357,5.833693587841525,5.600346066865614,5.7364654541015625,7626500,,
2020-08-31,5.843414914429195,5.969811219306796,5.746186345664643,5.853137493133545,8689000,,
2020-09-01,6.028147856440445,6.0670390970404355,5.707294889680443,5.80452299118042,9261100,,
2020-09-02,5.678127086475659,5.707295287146899,5.425333541350558,5.697572708129883,7201700,,
2020-09-03,5.590620994567871,5.678126515015205,5.347550516543181,5.590620994567871,9514900,,
2020-09-04,5.512838543966034,5.59062102315241,5.06558882502423,5.425333023071289,13188200,,
2020-09-08,5.2600460733499865,5.4642253537961265,5.13364975124257,5.2989373207092285,9537100,,
2020-09-09,5.405889283628461,5.571177341202439,5.318383732296283,5.5614542961120605,8252700,,
2020-09-10,5.63923685907954,5.755910610023738,5.435057563117056,5.464225769042969,8313700,,
2020-09-11,5.5225622248349895,5.55173089216454,5.289214740679538,5.2989373207092285,6547000,,
2020-09-14,5.415610557350089,5.629512379550811,5.386441895239913,5.600344181060791,9487300,,
2020-09-15,5.707295418909106,5.746186663115421,5.532284819980686,5.639235973358154,7374600,,
2020-09-16,5.707294656334521,5.717017697897066,5.522561039227424,5.6197896003723145,7883200,,
2020-09-17,5.405888560989899,5.629513468351902,5.308660441184734,5.610067844390869,6968200,,
2020-09-18,5.668403452300309,5.765631550424986,5.512838495300826,5.522561073303223,15509200,,
2020-09-21,5.3281044851987795,5.561451903536484,5.065588407758808,5.094756603240967,13446500,,
2020-09-22,5.133648116878502,5.201707546279446,5.016973948325286,5.114202499389648,8320300,,
2020-09-23,4.997529974826836,5.094758094255327,4.579448829474207,4.589171409606934,14689900,,
2020-09-24,4.521111132943856,4.910024003321206,4.472496850289128,4.832241058349609,8163000,,
2020-09-25,4.75445884610297,4.832241331856937,4.579448253156546,4.783627510070801,6341200,,
2020-09-28,4.910026014602248,4.958639853550376,4.764183570517164,4.8711347579956055,6838700,,
2020-09-29,4.9197474953083775,4.987807410940123,4.812796331778561,4.929470539093018,6601500,,
2020-09-30,4.8808549617565635,5.026697334768478,4.841963724102737,4.939191818237305,7121700,,
2020-10-01,4.997529048318622,5.094757149721677,4.880855326634956,5.06558895111084,7939500,,
2020-10-02,4.978083055891132,5.0850341912492185,4.8905780029800825,4.939191818237305,6669600,,
2020-10-05,5.007252236102569,5.201708444572113,4.987806615255614,5.14337158203125,6890200,,
2020-10-06,5.172541858096539,5.211433111918142,4.871134409168967,4.880856990814209,10648400,,
2020-10-07,4.987805777757814,5.055865207484274,4.861409031665684,5.016973972320557,7416900,,
2020-10-08,5.075311863013744,5.114203569751265,4.958638133661747,5.055866241455078,4337200,,
2020-10-09,5.221154045004917,5.3767194747924805,5.114203362574919,5.3767194747924805,8422900,,
2020-10-12,5.4058897199267415,5.444780976186475,5.279492905272435,5.386444091796875,6165400,,
2020-10-13,5.2697676156173365,5.308658851896275,5.085034011482326,5.260044574737549,5167400,,
2020-10-14,5.376719457821326,5.386442036366015,5.269768312108741,5.308659553527832,5461800,,
2020-10-15,5.123927043953376,5.318383293514687,5.085035794041113,5.289215087890625,4571500,,
2020-10-16,5.269770447405985,5.328107333172576,5.143373629768193,5.153096675872803,4070500,,
2020-10-19,5.240598806321982,5.269767464504817,4.997528354738697,5.016973972320557,5735400,,
2020-10-20,5.036420288879844,5.143371432233284,4.978083428038011,5.06558895111084,4499800,,
2020-10-21,5.133648929230038,5.279490851664507,5.055865983346112,5.104480266571045,6619200,,
2020-10-22,5.007252163741343,5.133648929230038,4.95863788051641,5.104480266571045,7963500,,
2020-10-23,5.104479834094004,5.143371071930825,4.958637460395865,5.007251739501953,5278900,,
2020-10-26,4.929469240633909,5.036419912371874,4.871132384153168,4.939191818237305,7262300,,
2020-10-27,4.948914859460824,4.9878060971146505,4.8905780029800825,4.939191818237305,4984600,,
2020-10-28,4.715567419691755,4.744736082524314,4.443328730148653,4.5016655921936035,10287500,,
2020-10-29,4.35582293757217,4.530833512951269,4.287763037559117,4.482219696044922,6920100,,
2020-10-30,4.5794488310247505,4.5794488310247505,4.200258933315128,4.453052043914795,13898300,,
2020-11-02,4.540557914675147,4.735014167792171,4.4724979942740495,4.715568542480469,6622200,,
2020-11-03,4.812796132769599,4.968361581549501,4.735013640189761,4.948915958404541,6701000,,
2020-11-04,4.861409328714244,4.9100236074494354,4.628061903473619,4.637784481048584,6574700,,
2020-11-05,4.939193056877814,5.415611533042613,4.919747433174367,5.366997241973877,11128400,,
2020-11-06,5.454500872792429,5.580897150848879,5.318381090854595,5.435055255889893,9305700,,
2020-11-09,4.9780845671081515,5.133650028569213,4.803073944537255,5.046144485473633,11559700,,
2020-11-10,5.055865183302995,5.201707546279446,4.900300243392161,5.114202499389648,8143900,,
2020-11-11,4.987806369400781,5.036420187311849,4.841963988427279,4.890578269958496,6981400,,
2020-11-12,4.919747156717886,5.201708916383639,4.890578954611891,5.07531213760376,7381500,,
2020-11-13,5.221153178907616,5.26976745458076,5.1433707087266605,5.182261943817139,4857100,,
2020-11-16,5.133647962090535,5.454500872792429,5.104479304926691,5.435055255889893,7957600,,
2020-11-17,5.365913007298922,5.404866964954596,5.064019138915738,5.13218879699707,7202000,0.009,
2020-11-18,5.1029737979502485,5.12245124382297,4.869250019892009,4.878988742828369,6854300,,
2020-11-19,4.830295409902932,4.927680304383272,4.762125751582791,4.917942047119141,6509100,,
2020-11-20,4.98611175010265,5.122451080661788,4.976373491844343,5.015327453613281,8504100,,
2020-11-23,4.937419056489715,4.986111271846518,4.703694843926511,4.752387523651123,8831300,,
2020-11-24,4.5965710563565345,4.742648625734701,4.528401864516437,4.577094078063965,10702100,,
2020-11-25,4.645264641372637,4.732911292988234,4.625787659276713,4.693957328796387,6902700,,
2020-11-27,4.625786607107482,4.713433238787207,4.5673556741102574,4.664740562438965,4764600,,
2020-11-30,4.586833875467925,4.77186544483974,4.557618168991154,4.655003547668457,11943100,,
2020-12-01,4.917942926736225,5.054281803394101,4.849773256223342,5.034804821014404,10408100,,
2020-12-02,5.03480435136391,5.1029735511500265,4.888726764958473,5.083496570587158,7382900,,
2020-12-03,5.112712732144212,5.1321897144538555,4.898465926738135,4.937419891357422,5665500,,
2020-12-04,5.005590246408612,5.112713905888359,4.947159286065476,5.044544219970703,6745300,,
2020-12-07,5.015325482433408,5.258787879984858,4.95689456274518,5.200356960296631,6969400,,
2020-12-08,5.239313401428288,5.278267366434841,5.132189765476319,5.180882453918457,6387600,,
2020-12-09,5.132190004050547,5.161405711347526,4.8497735124407155,4.9276814460754395,7130400,,
2020-12-10,4.986111667772815,5.17114321530399,4.966634687209947,5.083496570587158,6064700,,
2020-12-11,5.0542816916671365,5.141928342622251,4.927681076813722,4.956896781921387,4665100,,
2020-12-14,4.976373650352636,5.064019834940542,4.869250019892009,4.878988742828369,5328300,,
2020-12-15,5.034804869309914,5.307482625241281,4.995850904176862,5.2782673835754395,9032000,,
2020-12-16,5.4243450613486,5.697022821117534,5.41460633774433,5.667807579040527,11834500,,
2020-12-17,5.891793300561431,6.300809953173703,5.872316317103704,6.232640743255615,17915400,,
2020-12-18,6.242377948567166,6.242377948567166,5.921007543604802,5.940484523773193,17642200,,
2020-12-21,6.018392384048287,6.183946946002079,5.95022318632696,6.057346343994141,10687300,,
2020-12-22,6.047608086225183,6.086562046171252,5.667806744567089,5.7457146644592285,8026200,,
2020-12-23,5.833360694361304,5.989176994565689,5.784668477846288,5.882053375244141,4940300,,
2020-12-24,5.891792622039711,6.1255163966159,5.774930270383755,6.076823711395264,6165200,,
2020-12-28,6.242377715586284,6.466363211347005,6.086561880054588,6.0963006019592285,9643100,,
2020-12-29,6.0865626127884624,6.125516576360878,5.833361385199883,5.989177703857422,7126300,,
2020-12-30,5.979439528243213,6.495580289386123,5.95996254467374,6.47610330581665,9566100,,
2020-12-31,6.476102887337999,6.49557986964889,6.2034246706176255,6.310548305511475,7593600,,
2021-01-04,6.66113470642642,6.8753815200464,6.466364411494896,6.6124420166015625,14406300,,
2021-01-05,6.7195637005522215,6.8169485875000975,6.505316484899124,6.777994632720947,9053500,,
2021-01-06,6.739040865358716,6.797471799152442,6.515055386965541,6.78773307800293,9961900,,
2021-01-07,6.739041484988438,6.865642085365856,6.544271223399836,6.651394844055176,8437400,,
2021-01-08,6.407933125206358,6.407933125206358,5.784669235824602,5.921008110046387,16687900,,
2021-01-11,5.667805468341694,5.9210061509776954,5.609374541579539,5.8236212730407715,7573800,,
2021-01-12,5.774929960157954,5.959961503941583,5.628852841078943,5.940484523773193,10280200,,
2021-01-13,5.882053782036227,5.891792504633434,5.570421624443368,5.638591289520264,10149000,,
2021-01-14,5.716497984178213,5.833359844020443,5.609374844840046,5.697021007537842,7726600,,
2021-01-15,5.580161642127134,5.589899902616619,5.141929239637217,5.171144485473633,15051900,,
2021-01-19,5.346436291555046,5.356175014477945,5.122451236742758,5.239313125610352,9294900,,
2021-01-20,5.31722175533271,5.599638256328542,5.29774477127672,5.443822383880615,12021200,,
2021-01-21,5.443821390590928,5.492513609662468,5.249051121201233,5.346436023712158,7541700,,
2021-01-22,5.132189677867558,5.346436481746315,5.044543025915033,5.249051570892334,6957700,,
2021-01-25,5.278267023163883,5.33669796687367,4.849772971590919,4.995850563049316,11440100,,
2021-01-26,5.044544224302574,5.093236923480998,4.92768230351595,4.947159290313721,5499000,,
2021-01-27,4.762127112974177,4.8400350508306795,4.538141559452761,4.67448091506958,10099900,,
2021-01-28,5.2100977444407786,5.745715464865114,5.2100977444407786,5.473037242889404,24778700,,
2021-01-29,5.94048520834881,6.174209461671485,5.5119911308971465,5.5412068367004395,18387900,,
2021-02-01,7.0409354437207545,8.229032226767936,6.554010448897377,7.109105110168457,61942200,,
2021-02-02,6.349502459850819,6.359241183481193,5.628853628447581,5.76519250869751,26192600,,
2021-02-03,5.8917925243132725,6.028131390554614,5.677545270137597,5.687283992767334,11042100,,
2021-02-04,5.356174853241937,5.745714935442194,5.093235379021138,5.687283992767334,17735800,,
2021-02-05,5.823622555208196,5.99891537408829,5.60937577657697,5.959961414337158,10274800,,
2021-02-08,6.281332599861193,6.3981949580944315,6.183947688306734,6.310548305511475,11059500,,
2021-02-09,6.339765154112305,6.339765154112305,6.076825148959877,6.222902774810791,8770600,,
2021-02-10,6.28133153482722,6.320285492844148,5.872314975649478,6.018392086029053,6968800,,
2021-02-11,6.0476097964481745,6.067086781929169,5.755454549865302,5.901532173156738,6829500,,
2021-02-12,5.823622113770883,6.135254232525693,5.687283264976564,6.00865364074707,6851500,,
2021-02-16,5.9599620900676,6.154732375273816,5.843100197564599,5.969700813293457,7867200,,
2021-02-17,5.852838793968203,5.911269738953592,5.716499457967757,5.843100070953369,8857500,,
2021-02-18,5.755452535843932,5.891791850869261,5.5022518131942375,5.511990070343018,8818800,,
2021-02-19,5.51199076471846,5.979438775941896,5.51199076471846,5.930746555328369,13312800,,
2021-02-22,6.057345775377764,6.8072101304957675,5.989176584055629,6.719563961029053,16410200,,
2021-02-23,6.534534007034872,6.739042558890108,6.232640541050452,6.680611610412598,12316600,,
2021-02-24,6.612439821927062,7.245442257716623,6.5150549389673795,7.167534351348877,14815000,,
2021-02-25,7.079889083218395,7.196750965197235,6.6416567936138255,6.7098259925842285,13488100,,
2021-02-26,6.515056379099466,6.612441283585765,6.125516296786414,6.359240531921387,11698100,,
2021-03-01,6.515055867939063,6.631917744153835,5.989176960604772,6.047607898712158,11594000,,
2021-03-02,6.057346122810764,6.213162421272393,5.940484247240405,5.950222969055176,14945400,,
2021-03-03,5.813884051563657,5.921007677088732,5.628852967976501,5.755453109741211,13162800,,
2021-03-04,5.7262389890336145,5.891793588704849,5.365914545259715,5.570422649383545,14666800,,
2021-03-05,5.6182159665653355,5.754769691209732,5.179292582558861,5.745015621185303,12425900,0.009,
2021-03-08,5.74501644526371,5.784031800758561,5.520677918618452,5.598708629608154,7162300,,
2021-03-09,5.910831300236623,5.969354327157816,5.686492797822211,5.85230827331543,8965200,,
2021-03-10,5.9108312721308565,6.183939194897483,5.832800569940298,6.115662097930908,8361000,,
2021-03-11,6.213200299427371,6.359508094434382,6.135169599450208,6.320492744445801,8785200,,
2021-03-12,6.105907603278515,6.38876909006558,6.018122843551632,6.339999675750732,6692400,,
2021-03-15,6.408277546968934,6.681384998274045,6.320492776499603,6.63261604309082,8398900,,
2021-03-16,6.593600871920023,6.603354477181612,6.340000623723249,6.427785396575928,7763400,,
2021-03-17,6.359508563669144,6.808185586743015,6.300985534368165,6.720400810241699,8546000,,
2021-03-18,6.574092772495306,6.778923600371836,6.418031366532113,6.4765543937683105,7607000,,
2021-03-19,6.476553384692859,6.525322799007706,6.3009843303386965,6.339999675750732,20874700,,
2021-03-22,6.330246684240921,6.4765544869871,6.115662247952959,6.174185276031494,6419800,,
2021-03-23,6.076646279167824,6.115661627260424,5.706000007188493,5.764523029327393,9578800,,
2021-03-24,5.881568928093179,5.969353219638136,5.579199314117432,5.579199314117432,9758600,,
2021-03-25,5.501168587069543,5.7255070462725355,5.452399639912119,5.705999374389648,7371000,,
2021-03-26,5.735262069820713,5.823046375362078,5.63772369416383,5.793785095214844,6052300,,
2021-03-29,5.68649277390794,5.774277546470393,5.374369964974193,5.54018497467041,7568900,,
2021-03-30,5.384124232436924,5.491416693754432,5.276831771119416,5.335354804992676,6592800,,
2021-03-31,5.403631817692739,5.6182167366464455,5.325601107200381,5.5499396324157715,8640900,,
2021-04-01,5.70599974487152,5.852307526042506,5.647476725423049,5.784030437469482,5836000,,
2021-04-05,5.842553995931301,5.891323415854128,5.686492596337705,5.745015621185303,5229800,,
2021-04-06,5.852308511171923,6.1254164463371445,5.852308511171923,6.0083699226379395,7364700,,
2021-04-07,5.988862002798214,5.99861607316825,5.813292922034634,5.85230827331543,4367600,,
2021-04-08,6.057139219874424,6.232708304110029,5.988862121232958,6.174185276031494,7926900,,
2021-04-09,5.901078797996824,6.018124873717482,5.862063439423272,5.910832405090332,6589200,,
2021-04-12,5.88156986585587,5.949846496265858,5.7255079997051945,5.793785095214844,4649100,,
2021-04-13,5.940093553777797,6.066893223724504,5.920585876470633,5.98886251449585,6470300,,
2021-04-14,5.979108908392124,6.096154972235107,5.89132412796003,5.98886251449585,4984600,,
2021-04-15,6.11566232832269,6.515569924664624,6.086400581349035,6.359508514404297,10033000,,
2021-04-16,6.505817782862188,6.5350790713198545,6.17418674634334,6.22295618057251,5633900,,
2021-04-19,6.193692531739517,6.21320020644186,5.979108110013745,6.047384738922119,4827700,,
2021-04-20,5.99861604998237,6.096154427807353,5.940093023287381,6.027877330780029,6056500,,
2021-04-21,6.057138245578667,6.408276822668626,6.008368830807981,6.388769149780273,11247400,,
2021-04-22,6.310740049797627,6.3204941219704605,6.09615557809266,6.135170936584473,7452400,,
2021-04-23,6.213199615478516,6.320492048686196,6.115661251244082,6.213199615478516,4898000,,
2021-04-26,6.29123057878251,6.330245926162585,6.174184536642284,6.281476974487305,3883600,,
2021-04-27,6.291231177859665,6.398523625921518,6.1059084927069245,6.115662097930908,4798500,,
2021-04-28,6.057138131470914,6.339999615573133,5.988861045098117,6.291230201721191,5532500,,
2021-04-29,6.252215689641938,6.271723364761739,5.696246716177783,5.881569862365723,12406100,,
2021-04-30,5.862061864658528,5.988861513409658,5.696246402715161,5.764523029327393,11590200,,
2021-05-03,5.920584223261543,6.310737660461988,5.871814811061696,6.271722316741943,12326300,,
2021-05-04,6.25221610101551,6.379016230187045,6.057139336982146,6.096154689788818,8945900,,
2021-05-05,6.105908760540333,6.115662366192155,6.018123984175473,6.096154689788818,6091100,,
2021-05-06,6.252215176439744,7.139815484282711,6.252215176439744,7.110553741455078,25193100,,
2021-05-07,7.130061314700528,7.188584334433137,6.593600067935147,7.100800037384033,14733200,,
2021-05-10,7.344646842995091,7.47144649788398,6.974000553074562,6.9837541580200195,12022400,,
2021-05-11,6.769169268765574,7.276369248826701,6.671630900503747,7.24710750579834,12514200,,
2021-05-12,7.237354339399924,7.364154458361836,6.9837541014761015,7.022769451141357,7023200,,
2021-05-13,7.02276919585213,7.052030939587187,6.808184780493716,6.954492568969727,7273800,,
2021-05-14,7.120306889468367,7.412921954385144,7.061783411385448,7.37390661239624,9355800,,
2021-05-17,7.5397254513431635,8.661418202532595,7.461694732147338,8.593141555786133,24399500,,
2021-05-18,8.485846930569549,8.749201253097947,8.017662708562654,8.61264705657959,15033400,,
2021-05-19,8.447601318359375,8.701517893288557,8.242514997279594,8.447601318359375,12451600,0.011,
2021-05-20,8.476898514422533,8.613622083132922,8.271812229997488,8.486663818359375,7620500,,
2021-05-21,8.54526189785577,8.926136763449668,8.369473355064798,8.476900100708008,10939100,,
2021-05-24,8.545259722505499,8.760112227737697,8.467131708122771,8.66245174407959,7254500,,
2021-05-25,8.69175125676751,8.799177996570705,8.389005373262977,8.574559211730957,9148500,,
2021-05-26,8.642922967425537,8.779646570596398,8.53549621480878,8.603858947753906,8035300,,
2021-05-27,8.603859534138177,8.84800990656553,8.467134990289347,8.760115623474121,10861100,,
2021-05-28,8.633154551856325,8.799176826419675,8.594090542039035,8.789410591125488,7109900,,
2021-06-01,8.97496600025091,9.21911633784746,8.828476170236831,8.94566822052002,8804400,,
2021-06-02,9.033559935969633,9.189815958817556,8.867537678853875,9.092156410217285,7731200,,
2021-06-03,8.760111323124548,8.769876625394426,8.50619483692168,8.69174861907959,8868500,,
2021-06-04,8.76987732012652,8.945665813940165,8.711281776428223,8.711281776428223,6813500,,
2021-06-07,8.681986509112372,8.887072833937378,8.515964201808337,8.86754035949707,5742000,,
2021-06-08,8.828477429718657,8.9847335190546,8.68198757880615,8.760115623474121,5642500,,
2021-06-09,8.818705565675817,8.887068259670254,8.662449576018531,8.681982040405273,5062800,,
2021-06-10,8.750347426493791,9.072625771454781,8.681985635550413,9.062859535217285,6101900,,
2021-06-11,9.072626283713781,9.140988078517005,8.77964569956345,8.828475952148438,5744400,,
2021-06-14,8.57456081886787,9.219117653058516,8.379240707197939,8.760115623474121,11861100,,
2021-06-15,8.78941000029137,8.80894246956675,8.447599238847392,8.66245174407959,6637800,,
2021-06-16,8.594090407119795,8.76011267907675,8.467132144366865,8.56479263305664,7511400,,
2021-06-17,8.047194939466147,8.262047498287904,7.646788533043529,7.783512592315674,17013200,,
2021-06-18,7.803043431864392,7.881171454030383,7.2561468110227105,7.36357307434082,26801600,,
2021-06-21,7.529595861492209,7.7151501594756215,7.4124038203489295,7.695618152618408,9631100,,
2021-06-22,7.607724878578729,7.77374719130209,7.529596840986521,7.724916934967041,7030400,,
2021-06-23,7.88117192078789,7.988598656148025,7.656554076597685,7.666319847106934,8062800,,
2021-06-24,7.80304331182587,7.822575782746633,7.627255264656634,7.773745536804199,5107000,,
2021-06-25,7.861641709778566,7.8909394919425955,7.39287300403545,7.412405014038086,17143100,,
2021-06-28,7.402636697697657,7.529594959907602,7.158486408376866,7.256146430969238,6644800,,
2021-06-29,7.0803603807479485,7.246382698667366,6.982700330701188,7.1487226486206055,5262400,,
2021-06-30,7.129191310871238,7.373341691850665,7.0901272871689205,7.265915393829346,6841900,,
2021-07-01,7.45146722775928,7.4905312382951825,7.168252918534121,7.23661470413208,4253400,,
2021-07-02,7.383105726414523,7.422169740918321,7.178019417429693,7.285445690155029,4375800,,
2021-07-06,7.4709992605549,7.529595276574656,7.109656928926533,7.168252944946289,5938100,,
2021-07-07,7.207317518735812,7.256147303060823,7.080359241267185,7.129189491271973,3726900,,
2021-07-08,7.090126187206642,7.119423967598174,6.689719307857182,6.748315334320068,7974800,,
2021-07-09,6.787379449909324,7.0315297965345485,6.787379449909324,6.972933769226074,4661300,,
2021-07-12,6.83620951909702,6.963167807643407,6.7190174676756556,6.787379264831543,5119700,,
2021-07-13,6.806910690647691,7.070593016611265,6.777612913140503,6.894804954528809,5547400,,
2021-07-14,7.1584873449266055,7.207317595451148,6.894805016589602,6.924103260040283,5062100,,
2021-07-15,6.865506898938548,6.992464705793643,6.797144644724452,6.914336681365967,3917700,,
2021-07-16,6.894804881015196,6.90457111719998,6.474866504344671,6.5334625244140625,8810200,,
2021-07-19,6.299077935993892,6.445568218019748,6.181885896645114,6.269780158996582,8599300,,
2021-07-20,6.308843413205154,6.465099446873734,6.250247400579437,6.289311408996582,7296200,,
2021-07-21,6.299077303589307,6.670185856615581,6.289311534130575,6.582291603088379,5638100,,
2021-07-22,6.552994415610492,6.572526421956046,6.377206358500497,6.4748663902282715,4582600,,
2021-07-23,6.494397391798756,6.494397391798756,6.289311124060292,6.3772053718566895,3709300,,
2021-07-26,6.357674627434774,6.592058713729989,6.357674627434774,6.455334663391113,4357900,,
2021-07-27,6.445568270898547,6.445568270898547,6.142821933923953,6.299077987670898,5218300,,
2021-07-28,6.318609954467257,6.445568230174393,6.2111841510348516,6.435802459716797,5582900,,
2021-07-29,6.76784723416005,6.885039750878524,6.582292920508933,6.689719200134277,8516100,,
2021-07-30,6.601824780668238,6.728782591312034,6.426036254780292,6.5334625244140625,5503200,,
2021-08-02,6.543227451824106,6.57252569092361,6.3381411751667205,6.357673645019531,3662200,,
2021-08-03,6.377206020497365,6.484631816864279,6.308843769071361,6.465099811553955,5048500,,
2021-08-04,6.6604205079126695,6.6604205079126695,6.10375764320744,6.152587890625,8848000,,
2021-08-05,6.103757093140585,6.338141141990922,5.957266829769269,6.191651344299316,5151700,,
2021-08-06,5.859607292286267,6.084225590451096,5.840075286605836,6.054927349090576,6371900,,
2021-08-09,5.898671531502796,6.03539557654723,5.761947486458361,5.7717132568359375,7817100,,
2021-08-10,5.771712830886141,5.957267111163935,5.693584810912276,5.869373321533203,4905500,,
2021-08-11,5.976799775499467,6.191652319809194,5.96703400476527,6.123290061950684,5265800,,
2021-08-12,6.0646935096397865,6.0646935096397865,5.761947192503726,5.859607219696045,5729000,,
2021-08-13,5.947502052087819,6.133056354534805,5.888906030106632,5.986566066741943,7216000,,
2021-08-16,5.976800482825171,5.996332492284868,5.869374663636759,5.908438682556152,4398800,,
2021-08-17,5.859606492575694,5.937734504634621,5.674052231095902,5.742414474487305,5140600,,
2021-08-18,5.742414796524403,5.752180565739595,5.439668499978078,5.517796516418457,7869100,,
2021-08-19,5.4299027801138005,5.556861051711366,5.332242750300194,5.381072998046875,7723800,,
2021-08-20,5.3135536242185815,5.4994791351875945,5.3135536242185815,5.401623725891113,4864800,0.011,
2021-08-23,5.61690503576131,5.793045220586347,5.567977569563182,5.704975128173828,6928300,,
2021-08-24,5.783258687857448,5.832186614241159,5.665832224470084,5.763687610626221,6347200,,
2021-08-25,5.7147597370274825,5.7147597370274825,5.528834283488711,5.646260738372803,3866900,,
2021-08-26,5.577762508576976,5.734331603282398,5.538620351553449,5.54840612411499,4571000,,
2021-08-27,5.577763176912822,6.008327422373774,5.5092646272197126,5.939828872680664,7363600,,
2021-08-30,6.008325884821261,6.067039112366729,5.793044050487879,5.871328353881836,4620900,,
2021-08-31,5.900686652317858,6.018113136291504,5.8713297980187615,6.018113136291504,4127000,,
2021-09-01,6.067039051911992,6.106181203218941,5.890899371030725,5.988754749298096,5020000,,
2021-09-02,5.978970146834895,6.05725445864103,5.930042218650408,6.008326530456543,3584500,,
2021-09-03,6.16489571125219,6.389963344307081,6.16489571125219,6.26275110244751,6180800,,
2021-09-07,6.164895620680118,6.233394160204835,5.98875545250501,6.008326530456543,5310900,,
2021-09-08,5.998539940337844,6.057253161620367,5.900684571533639,5.959397792816162,5981900,,
2021-09-09,6.0181123270331325,6.057254483094217,5.890900086528953,5.969184398651123,5342600,,
2021-09-10,6.018112968949746,6.115968369540116,5.900686488241301,5.920257568359375,5675200,,
2021-09-13,5.900686652317858,6.125754313239698,5.890900878681036,6.018113136291504,6040500,,
2021-09-14,6.047469523979231,6.106182765966055,5.930043040005585,6.018113136291504,5529700,,
2021-09-15,5.949613990676306,6.115968405976689,5.930042910441634,6.02789831161499,4592400,,
2021-09-16,5.685403052330202,5.714759900195047,5.38205113524605,5.558190822601318,13202400,,
2021-09-17,5.519048481786882,5.548405328651354,5.3918367230041735,5.4603352546691895,13116100,,
2021-09-20,5.352695240624757,5.401623173575821,5.196126601759512,5.333124160766602,7759800,,
2021-09-21,5.421193646762115,5.509263729573793,5.293981408614423,5.342909336090088,5974300,,
2021-09-22,5.391837866952419,5.5288354259595085,5.3233388541431985,5.333124160766602,6148900,,
2021-09-23,5.31355310892252,5.352695268845196,5.137413389270476,5.293982028961182,6916300,,
2021-09-24,5.235268175610403,5.421193646762115,5.176554942606383,5.342909336090088,4780000,,
2021-09-27,5.430979953425802,5.5875485901795425,5.3429098619461515,5.4505510330200195,5097000,,
2021-09-28,5.33312369201665,5.567977096283647,5.33312369201665,5.519049167633057,6630500,,
2021-09-29,5.43098002666873,5.479907493008444,5.264625614568732,5.333124160766602,5565000,,
2021-09-30,5.401623502620168,5.519049988922234,5.333124485638274,5.382052421569824,8005200,,
2021-10-01,5.450550833527028,5.450550833527028,5.313552814770361,5.3918375968933105,5239300,,
2021-10-04,5.382050881054753,5.519048409194089,5.323337654709324,5.352694034576416,5486400,,
2021-10-05,5.284196882945016,5.323339044057756,5.049343449657205,5.245054721832275,6608000,,
2021-10-06,5.156984597421152,5.293982160555926,5.108056662995908,5.284196853637695,4874100,,
2021-10-07,5.303766579260847,5.450549878430044,5.28419550381237,5.352694034576416,5063500,,
2021-10-08,5.558192151022922,5.616905394173955,5.382052421569824,5.382052421569824,3833200,,
2021-10-11,5.391837346408734,5.577762353805797,5.372265801828723,5.411408424377441,4046300,,
2021-10-12,5.235267262546731,5.254838336801419,4.980843297235791,5.0004143714904785,14136400,,
2021-10-13,5.02977210130916,5.382051999179347,5.01020102179478,5.303767681121826,13765800,,
2021-10-14,5.4701212122293175,5.616904051719741,5.45055013585651,5.558190822601318,7243900,,
2021-10-15,5.499477406080985,5.61690386031637,5.3918367230041735,5.4603352546691895,6033100,,
2021-10-18,5.470121574237781,5.489692651905787,5.333123563950436,5.342909336090088,4899000,,
2021-10-19,5.587549273940587,5.7539037041542755,5.421194843726899,5.509264945983887,6331200,,
2021-10-20,5.626689662558787,5.734330812841498,5.470121056046666,5.646260738372803,6174100,,
2021-10-21,5.587548507741748,5.656047518616558,5.528835269825342,5.567977428436279,4449300,,
2021-10-22,5.714761257171631,5.920257841187143,5.607120078256035,5.714761257171631,7729100,,
2021-10-25,5.8224017083371455,6.1061826037048235,5.812616401571721,6.06704044342041,9814100,,
2021-10-26,5.969185201330133,6.08661168530378,5.861544024381939,6.018113136291504,5753700,,
2021-10-27,5.98875742741074,6.057256456135608,5.8909020053834,5.930044174194336,4673200,,
2021-10-28,5.9593990929415055,6.02789763274275,5.890900086528953,5.969184398651123,6574000,,
2021-10-29,5.841972851082603,5.85175862456425,5.656047821044922,5.656047821044922,6619700,,
2021-11-01,5.704974416922465,6.008326349332178,5.5973332581282795,5.910470962524414,6743000,,
2021-11-02,5.832186867817435,5.832186867817435,5.616904542302438,5.74411678314209,5348100,,
2021-11-03,5.636475841928887,5.812615537009933,5.597333220855146,5.763687610626221,6626400,,
2021-11-04,5.793044937674203,6.008326804977316,5.519049367222553,5.577762603759766,11746300,,
2021-11-05,5.665832400176768,5.86154317855835,5.607119166662293,5.86154317855835,10304500,,
2021-11-08,5.998541043957046,6.008326349332178,5.802829803730229,5.910470962524414,7626900,,
2021-11-09,5.881114757077226,6.018112302737962,5.7245456668536505,6.008326530456543,8236800,,
2021-11-10,6.252965238156368,6.380177478146991,5.998541224786429,6.008326530456543,10279900,,
2021-11-11,6.282322156090489,6.341035390577811,6.086610907854772,6.30189323425293,6384600,,
2021-11-12,6.223609642319431,6.389964059270269,6.155110627512803,6.282322883605957,5406600,,
2021-11-15,6.262751530163785,6.28232260973946,6.07682604088919,6.1551103591918945,5004600,,
2021-11-16,6.223607961960443,6.223607961960443,6.047467819046912,6.07682466506958,4920000,,
2021-11-17,6.145325052709728,6.331250075372979,6.106182426947033,6.1551103591918945,6375900,,
2021-11-18,6.092422973122437,6.15119273955333,5.955294607916393,6.023859024047852,4736400,0.006,
2021-11-19,5.96508890956853,6.092422140617562,5.886729854443954,5.906319618225098,5110500,,
2021-11-22,5.681037687686052,5.945499759561208,5.524319094201505,5.78878116607666,7563400,,
2021-11-23,5.622267860373361,5.818165983275092,5.5928834455250565,5.710422039031982,5796000,,
2021-11-24,5.671243525333978,5.8083719090274295,5.6418591052138485,5.720218181610107,2977500,,
2021-11-26,5.6320622105008775,5.700626614247419,5.3382152996520285,5.465548992156982,4984200,,
2021-11-29,5.494934963739442,5.514524730557928,5.318626595316187,5.485139846801758,5304100,,
2021-11-30,5.514524321563905,5.651652679122949,5.299036435485701,5.426370143890381,10789500,,
2021-12-01,5.534113871497918,5.602677814079964,5.12272834777832,5.12272834777832,7267000,,
2021-12-02,5.152113845464626,5.161908495411162,4.936625941958206,5.07375431060791,6571000,,
2021-12-03,5.044368530031776,5.132522223946935,4.87785532244338,5.014983654022217,8327700,,
2021-12-06,4.966009634227432,5.152112609121686,4.887650118174504,5.103137969970703,6130200,,
2021-12-07,5.171701917920813,5.3382146489095765,5.152112157389386,5.240265846252441,5411000,,
2021-12-08,5.210883260005588,5.318626747052661,5.171703725250853,5.299036979675293,3522400,,
2021-12-09,5.181498613814639,5.181498613814639,5.024780467585013,5.054164886474609,5215500,,
2021-12-10,5.142317970242541,5.161907734304049,4.946420329627457,4.966010093688965,4139900,,
2021-12-13,4.956215863472994,5.024780283464542,4.838677258107682,4.887651443481445,5618300,,
2021-12-14,4.7505226853686375,4.897446163690732,4.681958737993359,4.691753387451172,8959300,,
2021-12-15,4.681959425989733,4.691754076886833,4.407702195016961,4.65257453918457,19929700,,
2021-12-16,4.858266285946977,4.995394637993956,4.7603174630562775,4.9170355796813965,12244000,,
2021-12-17,4.936625687427932,4.985600335806157,4.828881741229952,4.897446155548096,13359700,,
2021-12-20,4.80929204625023,4.926831110680865,4.7701125137923075,4.907241344451904,5609600,,
2021-12-21,5.014984408933466,5.142318112381309,4.966010230954408,5.12272834777832,5989600,,
2021-12-22,5.132523874117217,5.1814985275268555,5.054164802307321,5.1814985275268555,3670200,,
2021-12-23,5.171703743808677,5.250062813599325,5.10313932421341,5.1619086265563965,8075300,,
2021-12-27,5.161907535217584,5.220676825135472,5.093343130118314,5.142317771911621,4089600,,
2021-12-28,5.132522379815875,5.240266305713974,5.093342855317797,5.103137969970703,4122600,,
2021-12-29,5.044369010314982,5.054163658546228,4.868060671584521,4.946420192718506,5277600,,
2021-12-30,4.946421334207757,5.12272924656812,4.926831566167717,5.044370174407959,4783000,,
2021-12-31,5.073754103411724,5.1325234018616435,5.014984804961804,5.11293363571167,3666500,,
2022-01-03,5.024780467585013,5.142319077257232,5.0051906993063096,5.054164886474609,4720200,,
2022-01-04,5.112934191310719,5.171703963203746,5.044370235863716,5.054164886474609,5635700,,
2022-01-05,5.103139485389866,5.269652747482561,4.956215991363551,4.975805759429932,6638000,,
2022-01-06,4.848471579423252,4.9464208776393725,4.750522748263999,4.77011251449585,6321200,,
2022-01-07,4.760317864908358,4.848471579423252,4.642778800460387,4.77011251449585,6710000,,
2022-01-10,4.740728434856486,4.819087505340576,4.642779129694471,4.819087505340576,6603700,,
2022-01-11,4.848470383693814,5.005188941955566,4.721137168118129,5.005188941955566,5721200,,
2022-01-12,5.034573568570681,5.122727732219742,4.985599396476471,5.103137969970703,5104300,,
2022-01-13,5.11293363571167,5.259857115364902,5.073754103411724,5.11293363571167,6754800,,
2022-01-14,5.054164831695457,5.093344367828219,4.907241804726054,4.975805759429932,4915800,,
2022-01-18,5.044369831831611,5.220677732218444,4.9856005317026675,5.06395959854126,10282200,,
2022-01-19,5.191293148879792,5.7496017156940615,5.161908266231052,5.661448001861572,15464800,,
2022-01-20,5.690832924509772,5.788781763638092,5.455755710601807,5.455755710601807,11144200,,
2022-01-21,5.504729710000458,5.5341145942711165,5.20108808546914,5.220677852630615,7633800,,
2022-01-24,5.1227288986702035,5.142318665379852,4.809292164258955,5.06395959854126,8907300,,
2022-01-25,4.9856011907972535,5.152114463370693,4.936626534020262,5.093344688415527,8379000,,
2022-01-26,5.014984825547345,5.152113656216912,4.770112514139094,4.838676929473877,9373100,,
2022-01-27,4.730932715328454,4.809291775838408,4.593804359436035,4.593804359436035,7826500,,
2022-01-28,4.525239747581152,4.632983684539795,4.486060219061067,4.632983684539795,6485000,,
2022-01-31,4.652574045792133,4.858266830444336,4.584009628555772,4.858266830444336,7331200,,
2022-02-01,4.94642100029761,5.112933783868984,4.868061466370229,4.995395183563232,6636600,,
2022-02-02,4.9953950593169605,5.093343890468887,4.819087163243491,4.838676929473877,7263900,,
2022-02-03,4.789701805282216,4.848471098144087,4.672163219558477,4.701548099517822,5578600,,
2022-02-04,4.701548637287676,4.809292119663214,4.691753520495241,4.779907703399658,4834600,,
2022-02-07,4.868061464387899,5.132523548496588,4.858266814561515,5.06395959854126,9365200,,
2022-02-08,5.044368964944891,5.210882186889648,5.005189438258689,5.210882186889648,7181000,,
2022-02-09,5.230473046151663,5.289242348494649,5.132523741856454,5.1619086265563965,6118400,,
2022-02-10,5.103139827797882,5.338217060367555,4.985601211513046,5.024780750274658,6803000,,
2022-02-11,5.0737535783743235,5.367600507273196,5.0247794015957234,5.308831214904785,8831300,,
2022-02-14,5.416575148327967,5.426369796855931,5.240266804256425,5.377395153045654,10419300,,
2022-02-15,5.201087278700956,5.318625863437778,5.063958929841331,5.308831214904785,7046000,,
2022-02-16,5.348010603797421,5.4361647735814165,5.259856434013427,5.357805252075195,7249200,,
2022-02-17,5.396986224140787,5.436165758463738,5.112933899714053,5.220677852630615,10804200,,
2022-02-18,5.181498200909112,5.230472851231616,4.917036116692731,4.995395183563232,8722300,,
2022-02-22,5.201087936908424,5.632063269207662,5.171703520533974,5.40678071975708,14671600,,
2022-02-23,5.445959076371509,5.876934315559341,5.4361644287151005,5.8475494384765625,14342800,,
2022-02-24,6.043448521025127,6.180576880116541,5.563498563619898,5.710422039031982,16474100,,
2022-02-25,5.58308812910699,5.778986244987749,5.494934420664642,5.749601364135742,7590500,,
2022-02-28,5.808369893242409,5.827959655542879,5.5732927456367625,5.641857147216797,8347900,,
2022-03-01,5.6908315861921706,6.435243522617235,5.6908315861921706,6.356884002685547,19435800,,
2022-03-02,6.288321891243202,6.366680966875639,6.160988159812025,6.347091197967529,11803400,,
2022-03-03,6.415655384720215,6.611553066535539,6.307911426193329,6.5233988761901855,11420800,,
2022-03-04,6.562576790308617,6.758474890755572,6.50380750029157,6.699705600738525,12568800,,
2022-03-07,6.689910756033781,6.9641679209258385,6.533192642985073,6.8074493408203125,14598700,,
2022-03-08,6.979989294919875,7.509370476601636,6.705495591249559,6.842742443084717,24323500,0.006,
2022-03-09,6.519232169373608,6.842742859247738,6.391788422616991,6.764316082000732,11859800,,
2022-03-10,6.764316183271878,7.0486134887788285,6.715299213028415,6.970186710357666,13543900,,
2022-03-11,6.803529198734414,6.8427425857908295,6.568248408935472,6.725102424621582,9300200,,
2022-03-14,6.529034473778806,6.607461241307857,6.264343899638054,6.372180938720703,11442700,,
2022-03-15,6.127096553406688,6.676084348496683,6.087883172861715,6.568247318267822,9307800,,
2022-03-16,6.480018615722656,6.5290351165234926,6.215328015524689,6.480018615722656,12849300,,
2022-03-17,6.646675247002173,6.989792596646056,6.607461394865906,6.803528785705566,9485800,,
2022-03-18,6.676084730379266,6.754511495955348,6.519231199227104,6.587854385375977,20236600,,
2022-03-21,6.548640696393882,6.842741521013344,6.548640696393882,6.695691108703613,6561100,,
2022-03-22,6.676084348496683,6.676084348496683,6.509427247450362,6.568247318267822,7545900,,
2022-03-23,6.56824703495975,6.725101017834432,6.391786830118625,6.57805061340332,9397600,,
2022-03-24,6.636871610925844,6.979988957665444,6.627068498570069,6.676084995269775,11294500,,
2022-03-25,6.597659092940908,6.656479177180651,6.499625619208003,6.646676063537598,5842500,,
2022-03-28,6.499624492607622,6.529034295899562,6.2447370376220395,6.313360691070557,8086100,,
2022-03-29,6.078080159353247,6.460411356420162,6.009456970746683,6.450607776641846,10269300,,
2022-03-30,6.470213790306311,6.656477579419993,6.381983918854835,6.48982048034668,6688100,,
2022-03-31,6.470214285085696,6.656478088443031,6.421197789966649,6.440804481506348,6335000,,
2022-04-01,6.41139481331452,6.636872020952327,6.391788119931252,6.597658634185791,6126500,,
2022-04-04,6.597658339959893,6.695691802504384,6.4702146049218445,6.607461452484131,5649600,,
2022-04-05,6.627069632234077,6.8231365874940515,6.25454194977963,6.283951759338379,8892500,,
2022-04-06,6.303557704700091,6.440805024509246,6.127097465966028,6.24473762512207,7818600,,
2022-04-07,6.26434416697711,6.480018254346581,6.205524088820098,6.4113945960998535,6468300,,
2022-04-08,6.519231759068033,6.715298689845541,6.44080498675703,6.617265224456787,7952800,,
2022-04-11,6.8329389547850115,6.9995960822730146,6.489821586847593,6.597658634185791,8708700,,
2022-04-12,6.754510958106636,7.068218462891432,6.695690888608303,6.832937717437744,12688000,,
2022-04-13,6.8917591364894815,7.127039444596909,6.862348864245844,7.078022480010986,8630300,,
2022-04-14,7.087825702641282,7.107432393995267,6.8917587891014325,7.009398937225342,6553100,,
2022-04-18,7.185858988668352,7.234875949618822,6.881955046172435,6.901561737060547,7266200,,
2022-04-19,6.803527852075868,6.832937652816717,6.666281024544409,6.705494403839111,5749700,,
2022-04-20,6.695691484234843,6.754511558965615,6.5486410636777155,6.715298175811768,5448300,,
2022-04-21,6.66628198528279,6.66628198528279,6.254540975888325,6.381984710693359,9520000,,
2022-04-22,6.244738044012371,6.37218179204376,5.901620656394417,5.940834045410156,11024600,,
2022-04-25,5.685946490433644,5.793783066513765,5.362435359812002,5.587912559509277,13371500,,
2022-04-26,5.607518869363842,5.617322448771136,5.234991733634155,5.244794845581055,9277700,,
2022-04-27,5.2545986503368,5.352632111312029,5.1173513375110655,5.156565189361572,6954900,,
2022-04-28,5.176172029028003,5.303615298196506,5.038924712292033,5.264401912689209,6881800,,
2022-04-29,5.293813035310097,5.391846514814626,5.07813891293963,5.10754919052124,10960900,,
2022-05-02,4.9703012038477095,5.107548044354987,4.891873970383153,5.097744464874268,9361300,,
2022-05-03,5.087941699833551,5.293812208364305,5.0683350069954045,5.215385437011719,7018500,,
2022-05-04,5.185974294989218,5.323221121857228,5.038923889614745,5.293811321258545,7993300,,
2022-05-05,5.342828993986035,5.342828993986035,4.8134477914335285,4.980104923248291,9784600,,
2022-05-06,4.931087602049797,5.009514364574105,4.823250569848686,4.86246395111084,7730800,,
2022-05-09,4.725218331790511,4.725218331790511,4.431117429235478,4.450724124908447,10134900,,
2022-05-10,4.578167875096909,4.636987962046231,4.195837076196071,4.274263858795166,10152600,,
2022-05-11,4.39190326226164,4.509543415523726,4.195836340158162,4.235049724578857,9592700,,
2022-05-12,4.097802536470969,4.254656546392165,3.9899659597594064,4.1174092292785645,13191500,,
2022-05-13,4.166425200182519,4.480132677658446,4.117408246137421,4.460525989532471,8913100,,
2022-05-16,4.480132580268376,4.519345955667898,4.333082188790012,4.431115627288818,7342600,,
2022-05-17,4.548756690332892,4.636987036883576,4.4801335029804985,4.578166961669922,5713100,,
2022-05-18,4.519345966417613,4.568362452053452,4.323278621493326,4.33308219909668,5586500,,
2022-05-19,4.489937727502491,4.695808275484966,4.460527916339578,4.587971210479736,6899200,,
2022-05-20,4.6173806326615345,4.666397598788645,4.450723508781878,4.568363666534424,4589900,,
2022-05-23,4.695808059682361,4.735021451071151,4.5487576082441485,4.6271843910217285,8377600,,
2022-05-24,4.642889388354579,4.701784334762545,4.495651788306949,4.633073329925537,5923500,0.006,
2022-05-25,4.5545464772639885,4.672336831477115,4.534914829571035,4.65270471572876,3968400,,
2022-05-26,4.6527046875395595,4.799942278372352,4.642889097780252,4.78031063079834,5379400,,
2022-05-27,4.868653609903489,4.9079169077208205,4.750863716451492,4.80975866317749,4574400,,
2022-05-31,4.8097586372048635,4.898100822789099,4.593810032320226,4.633073329925537,7307900,,
2022-06-01,4.711600393191587,4.750863690796898,4.5741783835175704,4.633073329925537,6026000,,
2022-06-02,4.731231001845519,5.084600602605937,4.711599357358828,5.0551533699035645,7421200,,
2022-06-03,4.966812082945679,5.064970332004793,4.87846942476475,4.917733192443848,4711700,,
2022-06-06,5.0551548935818005,5.074786543985682,4.760679669468116,4.799942970275879,5487800,,
2022-06-07,4.731232019368457,4.858837501947767,4.662521014860041,4.849021911621094,4070500,,
2022-06-08,4.790126323699951,4.8588368509469095,4.731231385464546,4.790126323699951,4168200,,
2022-06-09,4.750862570694463,4.760678158753874,4.525098428664222,4.534914016723633,5805300,,
2022-06-10,4.417124933449492,4.898100534869623,4.377861638152151,4.868653297424316,9456000,,
2022-06-13,4.593808777718851,4.633072064601083,4.201175908896531,4.2208075523376465,10273900,,
2022-06-14,4.289518925696081,4.289518925696081,4.122649689144748,4.210992336273193,5824600,,
2022-06-15,4.3680459180125775,4.476020222455926,4.2208087832917105,4.377861976623535,8313500,,
2022-06-16,4.289518874273557,4.544730754893869,4.210992285792042,4.4662041664123535,9977700,,
2022-06-17,4.417125042380959,4.456388338646579,4.269887447357178,4.269887447357178,12951900,,
2022-06-21,4.2502547735926415,4.495650550063859,4.240439185922548,4.348412990570068,6021100,,
2022-06-22,4.260072004515328,4.348414190137725,4.112834404404095,4.152097702026367,5536100,,
2022-06-23,4.142281411311388,4.240440117918168,3.9852282296291826,4.04412317276001,6747000,,
2022-06-24,4.083385580194534,4.2698864269127865,3.995043418737162,4.2208075523376465,12592100,,
2022-06-27,4.29933474244692,4.3287819778024454,4.171728807758661,4.318966388702393,4838700,,
2022-06-28,4.328782152005333,4.3778615036467965,4.132465681550251,4.16191291809082,3995400,,
2022-06-29,4.230624060035329,4.250255707745605,3.965596581918907,4.04412317276001,4868200,,
2022-06-30,3.9655963325597887,4.01467568277704,3.818358983991095,3.847806453704834,6389300,,
2022-07-01,3.739832865929335,4.0244920272796065,3.7005695656089848,3.936149835586548,8172700,,
2022-07-05,3.7692796109335225,3.7692796109335225,3.4159097424822518,3.54351544380188,15525900,,
2022-07-06,3.5631473241864304,3.6024106169001624,3.37664644976852,3.54351544380188,8786000,,
2022-07-07,3.553331581951776,3.8085434752686824,3.533699933854738,3.6809375286102295,8514200,,
2022-07-08,3.6907529844249862,3.720200453632511,3.5435154043596806,3.5827789306640625,5516100,,
2022-07-11,3.5336999540658796,3.612226780930875,3.455173361228591,3.464989185333252,6089700,,
2022-07-12,3.4355412683382553,3.7103845417219947,3.4257254455041104,3.6613054275512695,10336800,,
2022-07-13,3.6122264619672384,3.9263330396081373,3.5827789922534996,3.847806453704834,9154700,,
2022-07-14,3.563148414114639,3.6514908497435226,3.4060949611910902,3.6220433712005615,10048600,,
2022-07-15,3.690753091060672,3.7202005611190123,3.52388386003572,3.700568914413452,6018800,,
2022-07-18,3.7790961009572044,3.9165178837318875,3.7692802760467075,3.7987277507781982,5223300,,
2022-07-19,3.8478069186967834,3.9852284606344033,3.7790959137002593,3.9557812213897705,7403000,,
2022-07-20,3.975412389825388,4.0735706222045165,3.8281748072290083,3.847806453704834,5892500,,
2022-07-21,3.847806584374476,3.926333172944504,3.7594639382055006,3.8379907608032227,6247200,,
2022-07-22,3.906701256083455,4.034307187727535,3.7300162099715286,3.749647855758667,6602500,,
2022-07-25,3.7889111321453055,4.014675525847792,3.7202003721657433,3.9852278232574463,11591100,,
2022-07-26,3.9557804134591095,4.06375422604404,3.8674377776575,3.926332712173462,4612200,,
2022-07-27,3.9361492732930863,4.210992336273193,3.926333215587529,4.210992336273193,7580000,,
2022-07-28,4.3876768019338845,4.485835498702067,4.19136034450823,4.309150218963623,9524600,,
2022-07-29,4.377861308153292,4.5054672422785425,4.240439784971296,4.446572303771973,7164100,,
2022-08-01,4.466203985522355,4.485835631847615,4.309150346864918,4.407308578491211,5510500,,
2022-08-02,4.417126025159603,4.495652635162447,4.328783354878646,4.358231067657471,4529700,,
2022-08-03,4.417124725899719,4.417124725899719,4.230623847972863,4.328782081604004,4689300,,
2022-08-04,4.397493295720355,4.780310659760663,4.27970340956263,4.65270471572876,6743800,,
2022-08-05,4.5643630027771,4.574178593601526,4.407309337087231,4.5643630027771,5599900,,
2022-08-08,4.633073429944182,4.7017844362645205,4.5447312424528175,4.55454683303833,7251300,,
2022-08-09,4.583995075769472,4.623258378803667,4.417125803846397,4.515284061431885,4593400,,
2022-08-10,4.60362672728657,4.613442319017373,4.417125803846397,4.515284061431885,6352800,,
2022-08-11,4.564362064919188,4.662520293271733,4.417124488362694,4.436756134033203,5412800,,
2022-08-12,4.495650728375358,4.574177305071908,4.417124151678808,4.534914016723633,4661300,,
2022-08-15,4.426941917933602,4.436757509784803,4.279704295721606,4.387678146362305,4058700,,
2022-08-16,4.387677938423818,4.476020601175428,4.3287829859412374,4.4563889503479,3951800,,
2022-08-17,4.377861621378543,4.38767721113757,4.112834145109232,4.17172908782959,5832800,,
2022-08-18,4.197286362903594,4.266094505111468,4.148137622938382,4.236605167388916,3368500,0.006,
2022-08-19,4.1776269889351525,4.1776269889351525,3.9908624320072907,4.000692367553711,5501100,,
2022-08-22,3.9318842296234653,4.0105218392211945,3.8827357236248847,3.9613735675811768,4647700,,
2022-08-23,3.990863355648962,4.216946769652789,3.9810338865447434,4.079330921173096,4690100,,
2022-08-24,4.059670841967148,4.226776007521398,4.000692630956911,4.207116603851318,3947100,,
2022-08-25,4.256264327817135,4.295583130068607,4.187456658235607,4.275923728942871,3388400,,
2022-08-26,4.28575297531735,4.325071771251883,3.9613726744989366,4.010520935058594,6177000,,
2022-08-29,3.971202437440429,4.108818233548983,3.9122242391081916,3.981032371520996,5012200,,
2022-08-30,3.9810325477512682,4.010521413864257,3.8237571108779203,3.8925650119781494,5209400,,
2022-08-31,3.8532458558633653,3.9515428483666075,3.804097125253228,3.8729052543640137,4612200,,
2022-09-01,3.7549491569443036,3.7746085582090476,3.617333348091097,3.6861412525177,6580000,,
2022-09-02,3.813927767493831,3.9318841804141464,3.74511962559842,3.833587169647217,5334700,,
2022-09-06,3.8729055483644155,3.9712025483295896,3.754948914047672,3.7647786140441895,4989800,,
2022-09-07,3.7549482978721183,3.9712018966674805,3.6861404091876606,3.9712018966674805,7906100,,
2022-09-08,3.931884588766621,3.99086280135206,3.8237578656933158,3.9417145252227783,6360300,,
2022-09-09,4.010521939330041,4.118648889584498,3.8630764176538297,4.098989486694336,8942500,,
2022-09-12,4.2660939044007575,4.384050301247225,4.1383075734585555,4.216945171356201,10965600,,
2022-09-13,4.04001136387084,4.098989573794563,3.9023953063569103,3.9122250080108643,9080700,,
2022-09-14,3.9712023717700617,4.000691704807053,3.8925647752941472,3.9318835735321045,5030300,,
2022-09-15,3.9023944634829326,3.971202360198867,3.7451190366308453,3.7746081352233887,7232000,,
2022-09-16,3.7746091208468657,3.961373929417925,3.7058012061638537,3.9417145252227783,18132800,,
2022-09-19,3.823757892178142,4.06950044631958,3.823757892178142,4.06950044631958,10082200,,
2022-09-20,4.010521413864257,4.010521413864257,3.833586811035096,3.8925650119781494,6976400,,
2022-09-21,4.010522205547207,4.118649162979096,3.8925657803763283,3.9417145252227783,7628300,,
2022-09-22,4.020351960562931,4.079330170486656,3.8532467980871403,3.9122250080108643,7166700,,
2022-09-23,3.7844385198453554,3.7844385198453554,3.4895472461776826,3.5681850910186768,10122300,,
2022-09-26,3.5386952757126666,3.6075034099680128,3.3519309759927483,3.450227975845337,8841100,,
2022-09-27,3.548525599337641,3.5878446405473805,3.3715909685074013,3.3912503719329834,6818300,,
2022-09-28,3.4895470582090833,3.7352898120880127,3.4698876566474532,3.7352898120880127,9091100,,
2022-09-29,3.656652029260003,3.7942678335458804,3.5780144268109306,3.784438133239746,6632400,,
2022-09-30,3.7647783282519307,4.000691578976745,3.7254595312506336,3.8729052543640137,8937300,,
2022-10-03,4.049840041465177,4.236604570830612,4.010521242516354,4.216945171356201,10119500,,
2022-10-04,4.325071514372667,4.423368498370842,4.177625804016906,4.354560375213623,11508400,,
2022-10-05,4.226774820920961,4.325071811676025,4.138307294882892,4.325071811676025,6653800,,
2022-10-06,4.295582952380852,4.502006890020854,4.256264151755811,4.403709888458252,5381700,,
2022-10-07,4.285753612263787,4.35456128101687,4.138307871237467,4.1874566078186035,7936600,,
2022-10-10,4.177627263987622,4.285754218531634,4.030181502103451,4.207116603851318,7344400,,
2022-10-11,4.285752894882171,4.462687473266857,4.207115304488976,4.305412292480469,9722700,,
2022-10-12,4.285753545921628,4.492177486419678,4.197286008931869,4.492177486419678,8424000,,
2022-10-13,4.246434685958089,4.433199223285571,4.138307749880689,4.403709888458252,10302900,,
2022-10-14,4.334902321376274,4.384051062960246,4.089159550890686,4.098989486694336,7442300,,
2022-10-17,4.275922961724516,4.374219949716008,4.246434099685573,4.305412292480469,8950700,,
2022-10-18,4.393881320953369,4.462689477813096,4.295584288808918,4.393881320953369,7694400,,
2022-10-19,4.364391516324772,4.3742209830875405,4.187456896140825,4.236605167388916,7751500,,
2022-10-20,4.275923373782263,4.4823473028153495,4.226775109408753,4.374220371246338,5753100,,
2022-10-21,4.413539744422549,4.737920581330725,4.33490213622073,4.708431243896484,9175200,,
2022-10-24,4.64945184288052,4.669111239878697,4.47251726989692,4.590473651885986,7162000,,
2022-10-25,4.580643610414914,4.728089318763602,4.570814146507394,4.649451732635498,7105000,,
2022-10-26,4.7182611711422,4.983663332724129,4.7182611711422,4.787068843841553,9731200,,
2022-10-27,4.8067280129531635,4.846046815081105,4.62979340337743,4.669112205505371,8744000,,
2022-10-28,4.629792445882342,4.629792445882342,4.433198475900564,4.590473651885986,5891900,,
2022-10-31,4.492177486419678,4.619963355861785,4.423369350014633,4.492177486419678,7889100,,
2022-11-01,4.718261196400098,4.796898804887246,4.551156044006348,4.551156044006348,7875300,,
2022-11-02,4.5609861180785645,4.678943015234296,4.226776237502674,4.246435642242432,13383000,,
2022-11-03,4.157966097663672,4.325071192378373,4.1284767703011545,4.226774215698242,7183100,,
2022-11-04,4.4528588538773235,4.7280904724861905,4.443028918854171,4.6789422035217285,12921400,,
2022-11-07,4.7477500479973935,4.816558189532543,4.639623102361335,4.708431243896484,7128500,,
2022-11-08,4.7379202164794325,5.032811224527687,4.649452679706416,4.8853654861450195,13270500,,
2022-11-09,4.767409918996732,4.826388130949519,4.393880774578579,4.46268892288208,11380200,,
2022-11-10,4.7477493356956755,4.924684396321433,4.54132541077699,4.905024528503418,9347400,,
2022-11-11,4.895195726133222,4.924685063136128,4.7280905767900165,4.855876922607422,9057800,,
2022-11-14,4.787069551200902,5.121279903583754,4.777240083098739,5.072131156921387,9593200,,
2022-11-15,5.121279010272122,5.1704277483614085,4.954173863229073,5.003322601318359,8548600,,
2022-11-16,5.003321992725303,5.003321992725303,4.855876265109521,4.905024528503418,5517700,,
2022-11-17,4.806728245858099,4.806728245858099,4.659282496375446,4.787068843841553,6889800,,
2022-11-18,4.8755353017343115,4.885364766195491,4.747748982719889,4.846045970916748,5105100,,
2022-11-21,4.767409995137022,4.787069399435265,4.580645419945129,4.71826171875,5189400,,
2022-11-22,4.7870691596791515,5.11144954871244,4.767409756365533,5.081960678100586,11334500,,
2022-11-23,5.056382726609,5.144918763332427,4.9776842357792885,5.125244140625,5730100,0.004,
2022-11-25,5.125243902459231,5.135080978815822,5.046545415286572,5.095731735229492,3052900,,
2022-11-28,5.046546215801975,5.076057918633064,4.751426373010726,4.771100997924805,6817300,,
2022-11-29,4.820288533646794,5.0367094408765904,4.820288533646794,4.928499221801758,5865200,,
2022-11-30,5.046546057197154,5.371177592616846,4.997359261917787,5.361340045928955,19913300,,
2022-12-01,5.538411627656885,5.725320775929569,5.321990311096935,5.4793877601623535,11995500,,
2022-12-02,5.361339300513311,5.676133714557608,5.312152981152626,5.626946926116943,10048900,,
2022-12-05,5.558086033036163,5.577760654765779,5.243291616282334,5.272803783416748,8216500,,
2022-12-06,5.341665453766008,5.508899995825799,5.213780629614445,5.243292331695557,6065900,,
2022-12-07,5.302316351216801,5.636785444563632,5.302316351216801,5.5679240226745605,12274100,,
2022-12-08,5.666296577311576,5.744995062705352,5.4597128186129265,5.4990620613098145,8738000,,
2022-12-09,5.538411953639679,5.754832813857842,5.44987591264678,5.459713459014893,8021700,,
2022-12-12,5.371177101882378,5.508899459369618,5.302315688598758,5.4793877601623535,8827000,,
2022-12-13,5.754833194304846,5.804019991237047,5.469550897890216,5.5679240226745605,10683200,,
2022-12-14,5.548249846173796,5.587599099268071,5.331828954155286,5.44003963470459,13947100,,
2022-12-15,5.292478581478721,5.3416649029015355,5.144918679050281,5.174430847167969,10164800,,
2022-12-16,5.125244362579624,5.302315974614764,5.03670832202204,5.213780403137207,20939500,,
2022-12-19,5.243291556704226,5.282640799716342,5.056382417856686,5.085894584655762,7110900,,
2022-12-20,5.2432918211042265,5.558086250155062,5.213780121896962,5.4793877601623535,9824000,,
2022-12-21,5.528574312037991,5.636784974823081,5.489225065403415,5.508899688720703,7327900,,
2022-12-22,5.420363739245155,5.440038361186444,5.19410535238033,5.400688648223877,7499900,,
2022-12-23,5.400688729975214,5.440038443533426,5.243291752062347,5.410526275634766,5552300,,
2022-12-27,5.459712730909821,5.656458941233793,5.4006883987326635,5.548248291015625,6492000,,
2022-12-28,5.459713810332364,5.489225513175641,5.272804639031394,5.321990966796875,5754300,,
2022-12-29,5.410526572134266,5.528574312037991,5.410526572134266,5.508899688720703,9833800,,
2022-12-30,5.47938720069895,5.567922758360976,5.400688249661661,5.469549655914307,5777500,,
2023-01-03,5.617110819606763,5.833531694132321,5.459713819951812,5.5679240226745605,10789800,,
2023-01-04,5.735158134411302,5.744995680683718,5.577761146692852,5.6958088874816895,9100200,,
2023-01-05,5.538411926131339,5.607272874045992,5.440038808338958,5.577761173248291,7387900,,
2023-01-06,5.695808940866109,5.872880553708983,5.5482490289570325,5.823694229125977,8266600,,
2023-01-09,5.902393341064453,6.108977145528115,5.833531916549873,5.902393341064453,13219600,,
2023-01-10,5.931904146345754,6.06962649453787,5.804018874198804,6.030277252197266,7151100,,
2023-01-11,6.0302787059096445,6.079465036152707,5.685972517887872,5.7253217697143555,15269200,,
2023-01-12,5.902392231413697,6.000765341454594,5.725320633340083,5.882717609405518,8603200,,
2023-01-13,5.813856241697487,6.14832528743981,5.80401916515918,6.128650665283203,8990200,,
2023-01-17,6.02043995443695,6.049952121944969,5.882717600586167,5.941741466522217,9072700,,
2023-01-18,6.049952954142888,6.217187498505544,5.863043785095215,5.863043785095215,9022400,,
2023-01-19,5.843368489622555,6.118813203593181,5.833530943869318,6.079463958740234,10505400,,
2023-01-20,6.079464580678949,6.1876752496346725,5.961416834043641,6.158163547515869,8108700,,
2023-01-23,6.01060330250498,6.256536329148293,5.971254055768452,6.236861705780029,10001500,,
2023-01-24,6.197512139862513,6.305722328274972,6.040114691942578,6.25653600692749,9889900,,
2023-01-25,6.108976394375385,6.3647464971173395,6.089301771087542,6.354909420013428,8124100,,
2023-01-26,6.3549096772575835,6.374584301341847,6.1581634364149505,6.266373634338379,6854800,,
2023-01-27,6.1876741257237,6.236860912427626,6.09913809728862,6.138487339019775,8267400,,
2023-01-30,6.099139230003796,6.16800065036205,6.0401153564453125,6.0401153564453125,5646000,,
2023-01-31,6.0106034138058995,6.128651156201426,5.951579542608137,6.069627285003662,5593600,,
2023-02-01,6.040115015715915,6.25653634230184,5.92206727525815,6.17783784866333,7601600,,
2023-02-02,6.246698314720768,6.2958851039947845,6.010602851997457,6.1188130378723145,7845800,,
2023-02-03,5.961415292713061,6.010602075633832,5.79418079367835,5.843367576599121,10008800,,
2023-02-06,5.804019537686932,5.823694161106344,5.695808874340152,5.754832744598389,7287700,,
2023-02-07,5.774507342174977,6.010603291231342,5.754832718843615,5.872880458831787,7110700,,
2023-02-08,5.872879677502766,5.892554298216613,5.715482711791992,5.715482711791992,7062600,,
2023-02-09,5.8040181689670325,5.843367406526409,5.558085199680971,5.587596893310547,7554000,,
2023-02-10,5.587597682996404,5.685971259877732,5.538411363635719,5.626946926116943,5013700,,
2023-02-13,5.5580859253551465,5.5777605467035904,5.4203635759160385,5.4990620613098145,8000800,,
2023-02-14,5.518737149240001,5.597435641287343,5.381014319077139,5.558086395263672,7169800,,
2023-02-15,5.312152549834744,5.381013485164566,4.938334301461646,5.036707401275635,15240600,,
2023-02-16,5.0071973003089605,5.085895805220049,4.889149073862237,4.997359752655029,11644700,,
2023-02-17,4.9186600673142795,5.10556920616182,4.849798657503088,5.085894584655762,10103900,,
2023-02-21,5.056382591503019,5.095731835866467,4.948172404043534,4.987521648406982,7108900,,
2023-02-22,4.938334455794245,5.09573142041559,4.918659835216578,5.056382179260254,10347800,,
2023-02-23,5.046545112946316,5.095731429942466,4.8399613619545985,4.9383344650268555,9493600,,
2023-02-24,4.820286900833008,4.90882246198751,4.780937658302123,4.898985385894775,10728300,,
2023-02-27,4.92849778186181,5.056382591503019,4.889148068418368,4.987521648406982,7515200,,
2023-02-28,5.017033019885224,5.144918290264642,4.948172081280894,5.066219806671143,8828900,,
2023-03-01,5.16459398473925,5.3219909846447315,5.105570109774694,5.262967109680176,14510400,,
2023-03-02,5.223616994552718,5.321990103200795,5.184267751093487,5.272803783416748,6464600,,
2023-03-03,5.341665635933323,5.459713855523721,5.312153932845771,5.449876308441162,8428800,,
2023-03-06,5.430202051575398,5.479388852163401,5.282642118891482,5.312154293060303,5144300,,
2023-03-07,5.2432913947565165,5.262966015654891,5.017033019885224,5.066219806671143,7293600,,
2023-03-08,5.111524292788399,5.160767982461394,4.983489854309818,5.052431583404541,5481200,0.006,
2023-03-09,5.09182672299378,5.190314571966877,5.0130364438153014,5.052431583404541,6121800,,
2023-03-10,5.170616713686314,5.239558438934549,5.032733732816929,5.091826438903809,7725200,,
2023-03-13,5.328198432922363,5.47593046538393,5.278954735186631,5.328198432922363,17735900,,
2023-03-14,5.347896032985563,5.554720785552199,5.308500886746888,5.535023212432861,9584200,,
2023-03-15,5.6827544589865315,5.692603478996409,5.338046742301892,5.377441883087158,9594200,,
2023-03-16,5.3478959121023415,5.367593484776437,5.239559497208403,5.30850076675415,6828400,,
2023-03-17,5.406988618807605,5.594115793633439,5.308500755643266,5.505476951599121,21595000,,
2023-03-20,5.525175104919326,5.781243576059008,5.4956285080511345,5.73199987411499,11458300,,
2023-03-21,5.663057672522148,5.663057672522148,5.436535346836175,5.535023212432861,9362400,,
2023-03-22,5.515324599564481,5.800939590764326,5.49562703015853,5.613812446594238,9045800,,
2023-03-23,5.672905923714438,5.8698816281654445,5.623661762788125,5.771393775939941,7569600,,
2023-03-24,5.820637226104736,5.889578954620067,5.73199839758743,5.820637226104736,6781400,,
2023-03-27,5.692603402745325,5.850183963775635,5.663056812738584,5.850183963775635,6627900,,
2023-03-28,5.850184154854075,6.145647716436323,5.800939993110135,6.086555004119873,10604100,,
2023-03-29,6.047160718067212,6.175195181012783,6.007765570949681,6.066858291625977,7059500,,
2023-03-30,6.185043661520207,6.263833948862463,6.1259504763863575,6.2539849281311035,7308800,,
2023-03-31,6.253984355156654,6.332774635280342,6.175194075032966,6.234286785125732,8186900,,
2023-04-03,6.224439371877888,6.362322387280009,6.18504422462014,6.273683071136475,7405000,,
2023-04-04,6.273681663742292,6.500203944471511,6.175193817692,6.470657825469971,10374400,,
2023-04-05,6.539599412665858,6.5494484325810935,6.283531000022264,6.342623710632324,9842200,,
2023-04-06,6.253985208480085,6.322926947808607,6.175194917605876,6.313077926635742,6605900,,
2023-04-10,6.253985208480085,6.3721706447913995,6.214590063042981,6.313077926635742,8627400,,
2023-04-11,6.401717084829187,6.588844255971761,6.362321940338872,6.4805073738098145,7535800,,
2023-04-12,6.608541631092483,6.64793677440769,6.401716893874071,6.539599895477295,7625500,,
2023-04-13,6.697181350814757,6.894157079521646,6.667634756695134,6.8252153396606445,13533300,,
2023-04-14,6.638087126672004,6.707028855774337,6.441111428704063,6.5100531578063965,9285300,,
2023-04-17,6.460808512942886,6.500203649575757,6.352471652388952,6.411564826965332,6660500,,
2023-04-18,6.4509610621223175,6.559297471497616,6.36232175479057,6.441112041473389,5941300,,
2023-04-19,6.303228759734343,6.382019042916613,6.1653457641653695,6.1850433349609375,9298200,,
2023-04-20,6.224437793108368,6.313076617142308,6.096403362181802,6.145647048950195,7023400,,
2023-04-21,6.086554670054773,6.145647379127875,5.948671682217535,6.017613410949707,6212400,,
2023-04-24,6.017614641967022,6.086555915175334,5.968370472852055,6.076707363128662,4303500,,
2023-04-25,6.007764865131844,6.125950292599505,5.860032845983696,6.1161017417907715,5921200,,
2023-04-26,6.18504425340527,6.194892805451942,6.027463194013695,6.076707363128662,5036000,,
2023-04-27,6.047159149692252,6.096403305630931,5.958520326480536,6.037310600280762,5132000,,
2023-04-28,6.007765541800934,6.076707283735715,5.938824269493347,5.958521842956543,10574500,,
2023-05-01,6.1161015946380894,6.185043327149066,5.781242421909244,5.791091442108154,6511100,,
2023-05-02,5.771393914621452,5.928974481968779,5.682754610675014,5.899427890777588,8382600,,
2023-05-03,5.860032558441162,5.95852087945869,5.771393727003355,5.860032558441162,7677200,,
2023-05-04,5.860033221285738,6.204741444583747,5.860033221285738,5.9979166984558105,8935200,,
2023-05-05,5.840335319384561,6.076706645753928,5.741847462408636,6.027462482452393,6836700,,
2023-05-08,6.027463144508447,6.116102460336488,5.9880679973909166,6.066858291625977,5295400,,
2023-05-09,5.997916976700736,6.116102417220161,5.968370381757283,6.057009696960449,4766900,,
2023-05-10,6.116101743572075,6.116101743572075,5.613812972247508,5.722149848937988,7616700,,
2023-05-11,5.554719115123005,5.594114249514675,5.229709021578203,5.298650741577148,10897600,,
2023-05-12,5.278955319537659,5.318350469937943,5.1804674435369495,5.249408721923828,7673500,,
2023-05-15,5.239560169137375,5.338048045138086,5.2297111467236865,5.249408721923828,4733800,,
2023-05-16,5.200165271759033,5.249408977341797,5.101676921338986,5.200165271759033,6021900,,
2023-05-17,5.210013085550851,5.357745120585582,5.16076891733021,5.347896099090576,5554900,,
2023-05-18,5.21986284791759,5.259258000234706,5.141072073656101,5.200165271759033,6317400,,
2023-05-19,5.255380153656006,5.353980063917932,5.206080433605772,5.255380153656006,5640200,0.006,
2023-05-22,5.265241041190523,5.393420705552423,5.255380813844944,5.344120979309082,6243800,,
2023-05-23,5.275099124439445,5.4722993773202555,5.275099124439445,5.432859420776367,6051900,,
2023-05-24,5.452581446418254,5.462441204175747,5.146920963189725,5.206081390380859,8015500,,
2023-05-25,5.176500031835082,5.20608023888803,5.097620106575806,5.117340087890625,5632100,,
2023-05-26,5.245520205703261,5.245520205703261,5.127199847558495,5.215939998626709,5352500,,
2023-05-30,5.225800224372707,5.334259886610035,5.156780054635047,5.215939998626709,6049600,,
2023-05-31,5.255380153656006,5.304680343867698,5.176500225446464,5.255380153656006,7233400,,
2023-06-01,5.265239370384157,5.5413190661913765,5.265239370384157,5.432859420776367,5812000,,
2023-06-02,5.541319643629734,5.600479584610384,5.334259615116753,5.403279781341553,5914900,,
2023-06-05,5.363840000385233,5.363840000385233,5.245520114460024,5.2948198318481445,3602600,,
2023-06-06,5.2751007983745835,5.363840963838721,5.245521056660883,5.344120979309082,4806600,,
2023-06-07,5.373700430642651,5.600480475559691,5.324400707063333,5.3342604637146,6241300,,
2023-06-08,5.422999469725678,5.5314595907653805,5.353979307216522,5.39341926574707,5223000,,
2023-06-09,5.373699854761471,5.393419836112173,5.245520211062628,5.26524019241333,4306000,,
2023-06-12,5.206080243042153,5.245520205703261,5.146919828889049,5.215939998626709,5682400,,
2023-06-13,5.24551982433332,5.314539518891535,5.166639434584577,5.235659599304199,6396900,,
2023-06-14,5.330422304832004,5.360035497969875,5.1329989775755775,5.182354927062988,7236100,0.006,
2023-06-15,5.093514676232938,5.172483823043799,5.024416908120057,5.1626129150390625,6840200,,
2023-06-16,5.231711761466776,5.2514540504624,5.093515267804106,5.2218403816223145,17706000,,
2023-06-20,5.132999851459111,5.142871231314464,4.975061539319846,5.03428840637207,7848100,,
2023-06-21,4.994803808598143,5.03428838647692,4.945448321596322,4.984932899475098,6695000,,
2023-06-22,4.9355765663370486,5.01454571608752,4.905962899833992,4.994803428649902,5418000,,
2023-06-23,5.004674472915432,5.093514525094909,4.8862202855207455,4.915833950042725,13380300,,
2023-06-26,4.994802916721437,5.132998914620746,4.965189723946763,5.083643436431885,6315500,,
2023-06-27,5.113257621840795,5.142871291057569,4.905963349403288,4.945448398590088,6320100,,
2023-06-28,4.965189456939697,5.044158594349817,4.91583351071178,4.965189456939697,5383800,,
2023-06-29,4.905962465038092,5.063901221234813,4.8566069861648575,5.044158935546875,4945700,,
2023-06-30,5.083643436431885,5.103385721846072,5.034287487549811,5.083643436431885,4561700,,
2023-07-03,5.103386282985554,5.2514536752192145,5.103386282985554,5.231711387634277,2774400,,
2023-07-05,5.221839326477538,5.2514529893337745,5.063901046426153,5.073771953582764,5906200,,
2023-07-06,5.034288003525138,5.054030290962755,4.9355765663370486,4.994803428649902,6106400,,
2023-07-07,5.044158935546875,5.113256700108048,5.034287557356297,5.044158935546875,5308100,,
2023-07-10,4.9948036775159,5.320551671813611,4.984932768651904,5.300809383392334,5586600,,
2023-07-11,5.330422849057808,5.369907424401748,5.251453698369928,5.28106689453125,5913000,,
2023-07-12,5.379778394879985,5.823980578657559,5.369907486276895,5.754882335662842,11574000,,
2023-07-13,5.843722070259489,5.90294892588727,5.764752929422449,5.86346435546875,6582600,,
2023-07-14,5.873336495803565,6.041146190659663,5.843723297119141,5.843723297119141,7596600,,
2023-07-17,5.7351404703252,5.873336495803565,5.675913602263043,5.843723297119141,5543100,,
2023-07-18,5.962176281320434,6.149728241877368,5.912820328813202,6.051016807556152,6940500,,
2023-07-19,6.041145428777408,6.1102436681488825,6.021403141913164,6.051016807556152,4278300,,
2023-07-20,6.031273978408776,6.100371740874295,5.804237464536633,5.814108371734619,5098300,,
2023-07-21,5.8042379149169685,5.853593396123053,5.735139676396561,5.764753341674805,3213800,,
2023-07-24,5.784495874844831,5.804238162307376,5.636428483529113,5.695655345916748,4155600,,
2023-07-25,5.705526410684968,5.843722415309753,5.705526410684968,5.8042378425598145,4472400,,
2023-07-26,5.80423817119588,5.89307822956675,5.774624504610082,5.883207321166992,4799600,,
2023-07-27,5.774625470143764,5.784496850887306,5.439006526650103,5.458748817443848,6232800,,
2023-07-28,5.5475879455270105,5.5475879455270105,5.448876508375744,5.508103370666504,3921600,,
2023-07-31,5.55745784002941,5.745009755862849,5.537715557872897,5.6857829093933105,4499300,,
2023-08-01,5.488360856094823,5.5475877159344185,5.39952033098881,5.439005374908447,4913300,,
2023-08-02,5.389650073431772,5.41926327157856,5.211969472471151,5.2218403816223145,4269400,,
2023-08-03,5.182354998031331,5.231710948194634,5.103385854324626,5.1428704261779785,4722000,,
2023-08-04,5.202097212719309,5.300808641000913,5.172483548888219,5.182354927062988,5156500,,
2023-08-07,5.152741782215289,5.221840024318586,5.014545768701962,5.093514919281006,3997300,,
2023-08-08,4.984931906400461,5.103385616439,4.856606818512109,5.073771953582764,5052600,,
2023-08-09,4.975062148331204,5.004675820829059,4.6197004318237305,4.6197004318237305,12580100,,
2023-08-10,4.708539563018302,4.738153226612915,4.5111167080316035,4.530858993530273,8010100,,
2023-08-11,4.580215617143166,4.738154411315918,4.550602416837441,4.738154411315918,5883800,,
2023-08-14,4.669054880056491,4.738153112991459,4.570343454930253,4.659183502197266,4670800,,
2023-08-15,4.599957805966465,4.629571476311366,4.481504065973506,4.49137544631958,5004500,,
2023-08-16,4.49137560112286,4.550602473160699,4.392663677033123,4.412405967712402,4345100,,
2023-08-17,4.520987544763911,4.5407298299539764,4.39266245568188,4.432147026062012,9443400,,
2023-08-18,4.402535193464614,4.540731232480629,4.382792902176613,4.520988941192627,5629700,,
2023-08-21,4.293951980828026,4.363050229644898,4.01755992694716,4.057044506072998,15778300,,
2023-08-22,4.096528777997951,4.096528777997951,3.9089768058681873,4.027430534362793,8592100,,
2023-08-23,4.1025614073203505,4.418903182783344,4.092675491143917,4.359589099884033,10678600,0.006,
2023-08-24,4.3200473035965254,4.359590034002118,4.21130503067441,4.290390491485596,5821400,,
2023-08-25,4.290389450219394,4.310160810623734,4.171760816406943,4.260732173919678,4052800,,
2023-08-28,4.300275437246143,4.458446811821992,4.260732711448799,4.399132251739502,4469300,,
2023-08-29,4.3595890031425135,4.557303079805936,4.329932198044172,4.547417163848877,5381900,,
2023-08-30,4.596846934076307,4.695703761085,4.3892473616647845,4.428790092468262,7961600,,
2023-08-31,4.418902963904761,4.4485602395786366,4.320046163969184,4.339817523956299,5065000,,
2023-09-01,4.409019032382516,4.448561765924251,4.290390831757312,4.300276279449463,4159200,,
2023-09-05,4.221189373084555,4.240960733114064,4.102561212907503,4.122332572937012,6179300,,
2023-09-06,4.112446918796739,4.191532363944917,4.053132834935607,4.1025614738464355,5116600,,
2023-09-07,4.0729040746275915,4.082789990669191,3.9740472711437027,4.00370454788208,4501600,,
2023-09-08,4.003705207313374,4.092676109409638,3.944390879760448,3.9542765617370605,3459200,,
2023-09-11,4.023476252733155,4.122333064672914,4.003704890345203,4.013590335845947,4249800,,
2023-09-12,3.983934192222637,4.1223337520144945,3.95427690800254,3.964162826538086,5028700,,
2023-09-13,3.983933654550123,4.02347638058253,3.914733648300171,3.914733648300171,4440100,,
2023-09-14,3.9542759905474045,4.092675518228363,3.9443903099987647,4.033361434936523,6340800,,
2023-09-15,4.122333810375629,4.2903906567668155,4.102562444411169,4.171761989593506,22710600,,
2023-09-18,4.151990071676721,4.191532798348958,4.063019172357431,4.142104625701904,5074000,,
2023-09-19,4.132219199163499,4.132219199163499,3.964162826538086,3.964162826538086,5297500,,
2023-09-20,3.98393326788654,4.092675518228363,3.9641619067892604,4.033361434936523,5495600,,
2023-09-21,3.9345050920622127,3.9839337363103597,3.855419638374367,3.9443907737731934,4789100,,
2023-09-22,3.9839336287226326,4.053133163137493,3.914733622921298,3.934504985809326,4370400,,
2023-09-25,3.9246198594757136,3.974048273687091,3.8751914452643357,3.964162826538086,3830800,,
2023-09-26,3.924619811629081,3.9443911770725912,3.8158770659965064,3.8257627487182617,3772800,,
2023-09-27,3.8257621651310156,3.8257621651310156,3.7367910342070028,3.8158764839172363,4618900,,
2023-09-28,3.8356482723640855,3.8653053174770147,3.7763339464449834,3.855419635772705,5065800,,
2023-09-29,3.944390636248453,4.072904494010451,3.786219498694298,3.865305185317993,5942900,,
2023-10-02,3.7565627076629817,3.7565627076629817,3.5687345133565196,3.578620195388794,11384100,,
2023-10-03,3.5786198608667377,3.697248269858139,3.5588484986503754,3.657705545425415,6249000,,
2023-10-04,3.6478195652150855,3.69724796670312,3.5588482068434137,3.608276844024658,4294700,,
2023-10-05,3.608277129013162,3.6478198533267485,3.5094200825359687,3.5687341690063477,4648600,,
2023-10-06,3.558848631592994,3.7961052227454095,3.558848631592994,3.7367911338806152,5496400,,
2023-10-09,3.805990636886624,3.8751906380614507,3.7170195098388454,3.7565622329711914,4056100,,
2023-10-10,3.746676895973297,3.7961053044241497,3.7170198509027847,3.7664482593536377,3817300,,
2023-10-11,3.805990836716909,3.894962204129274,3.75656243020628,3.8850765228271484,7034200,,
2023-10-12,3.8751910737787707,3.9048481194625984,3.6082774269310747,3.6181631088256836,6031700,,
2023-10-13,3.835647981088933,4.1816470501582055,3.796105021581302,4.092675685882568,11475100,,
2023-10-16,4.072904196222651,4.171761002657873,4.053132834935607,4.1025614738464355,6401100,,
2023-10-17,4.112447479368678,4.349704318540371,4.082790669088779,4.310161590576172,5846600,,
2023-10-18,4.409018957438593,4.567189888916963,4.231076659525427,4.2706193923950195,7710500,,
2023-10-19,4.24096195434,4.260733320062864,4.1519905728938395,4.211305141448975,4441400,,
2023-10-20,4.2014192228942715,4.399132880122915,4.2014192228942715,4.211305141448975,7536200,,
2023-10-23,4.1223329524126555,4.310161125676453,4.013590226546993,4.201418399810791,6662000,,
2023-10-24,4.151989722574608,4.24096108579961,4.043247469062322,4.132218360900879,13382600,,
2023-10-25,4.161875824982898,4.240961275209938,4.082790374755859,4.082790374755859,5485000,,
2023-10-26,4.072904508246898,4.112447233850347,3.974047694238279,4.043247699737549,4321200,,
2023-10-27,4.043247516807787,4.102561602529395,3.9345047906249464,4.092675685882568,6458900,,
2023-10-30,4.181647216562825,4.231075858991023,4.063019040398915,4.151989936828613,4787000,,
2023-10-31,4.122333421134975,4.201418877525377,3.9938193188073203,4.023476600646973,9817600,,
2023-11-01,4.013589992537258,4.082789990669191,3.9246188694017583,4.00370454788208,5129800,,
2023-11-02,4.082790770101569,4.132218945586476,3.954276665345091,4.053133487701416,5474900,,
2023-11-03,4.142105016771358,4.349704587093985,4.102562286365765,4.290390491485596,7717500,,
2023-11-06,4.2508472216850075,4.310161309766963,4.132218574134628,4.151989936828613,6320400,,
2023-11-07,4.0135904198417265,4.1816472393496165,3.9147336058331073,4.043247699737549,7172400,,
2023-11-08,4.00370499161066,4.102561806050799,3.9048479414772843,3.934504985809326,4927500,,
2023-11-09,3.9542764528158028,4.063019187256454,3.8356482723640855,3.855419635772705,5579900,,
2023-11-10,3.835648537443861,3.8554199022188698,3.5588489592072183,3.7466771602630615,6091800,,
2023-11-13,3.7664485250380704,3.825762619363097,3.7269057954880527,3.7466771602630615,3284400,,
2023-11-14,3.914733982805369,4.221190371435775,3.8850769357469357,4.191533088684082,8272800,,
2023-11-15,4.161876277318908,4.290390383598711,4.151990359272838,4.191533088684082,4252700,,
2023-11-16,4.280503818801814,4.478217907371494,4.270618373635876,4.418903350830078,7276300,,
2023-11-17,4.478218058282301,4.596846232589875,4.4189034997420515,4.586960315704346,9875700,,
2023-11-20,4.4782179804854145,4.586960236018358,4.438674785016717,4.557303428649902,4134100,,
2023-11-21,4.656160269673863,4.853873891393715,4.616617545329892,4.626502990722656,6813600,,
2023-11-22,4.6225442341200225,4.642340978232228,4.543357257671206,4.612645626068115,3334200,0.006,
2023-11-24,4.642341277546353,4.850207340122432,4.6324426688562355,4.76112174987793,3970500,,
2023-11-27,4.879901462016457,4.879901462016457,4.721527523579246,4.800714492797852,5700800,,
2023-11-28,4.850207005945219,4.879901885986328,4.761121421838676,4.879901885986328,5731300,,
2023-11-29,4.860105037689209,4.899698524888957,4.79081667108545,4.860105037689209,4755700,,
2023-11-30,4.850206795645572,4.939291903897875,4.8106133093130845,4.929393768310547,5515300,,
2023-12-01,4.899697800400657,5.097665679118696,4.840307578382704,5.077868938446045,8821800,,
2023-12-04,4.9689878008505906,4.9689878008505906,4.761121738759914,4.850207328796387,7044400,,
2023-12-05,4.800714495135071,4.84030797976365,4.642340556620756,4.711629390716553,6196800,,
2023-12-06,4.8106136396448465,4.820511775911853,4.701731308758059,4.721528053283691,4759600,,
2023-12-07,4.751223032223418,4.751223032223418,4.652238845392094,4.741324424743652,3859400,,
2023-12-08,4.632442528542078,4.771020214056448,4.582950902565483,4.642341136932373,5151600,,
2023-12-11,4.533458441572465,4.681934251596037,4.384982631548892,4.662137508392334,6507600,,
2023-12-12,4.662136465512634,4.6819332042879775,4.444371866992365,4.474067211151123,4375600,,
2023-12-13,4.483966909291606,4.870003645484945,4.4641701656917325,4.860105037689209,7951400,,
2023-12-14,5.038276514737422,5.147158375297756,4.889800692528682,5.008581161499023,9325000,,
2023-12-15,4.96898709225962,4.998682442034354,4.83040989462453,4.899698257446289,13920700,,
2023-12-18,4.919496028051595,4.939292774708057,4.79081741078043,4.820512294769287,5009300,,
2023-12-19,4.850206638685607,5.0184791861489195,4.800714546375842,4.988783836364746,7030000,,
2023-12-20,5.018479900202329,5.038276645544696,4.830410583454019,4.850207328796387,7571200,,
2023-12-21,4.919495160731631,4.959089119055706,4.8601049312329,4.929393768310547,4817900,,
2023-12-22,5.048174227308008,5.097666321219411,4.909597025144303,4.929393768310547,5410100,,
2023-12-26,4.959088746605994,4.988783623129348,4.879901307896762,4.949190139770508,3317800,,
2023-12-27,4.949190927013852,5.038276514737422,4.939292318603844,5.008581161499023,5049800,,
2023-12-28,4.949190726068263,5.0382763101748065,4.870003749969828,4.879901885986328,4627200,,
2023-12-29,4.800715240655122,4.840308731432313,4.71163012240226,4.76112174987793,5096900,,
2024-01-02,4.751223469267485,4.8007150952440805,4.62254439214341,4.642341136932373,5068400,,
2024-01-03,4.4740679485568124,4.483966555571691,4.29589727021303,4.345388889312744,8145100,,
2024-01-04,4.345389261586989,4.345389261586989,4.25630415077886,4.325592517852783,7422100,,
2024-01-05,4.295897271318026,4.384982374517051,4.22660843817073,4.256303787231445,6183400,,
2024-01-08,4.196913088030478,4.345388889312744,4.137522861915884,4.345388889312744,4718300,,
2024-01-09,4.355287062416469,4.355287062416469,4.246404756058391,4.266201496124268,3766400,,
2024-01-10,4.256304584665753,4.285999467298353,4.157320383912688,4.226609230041504,4517900,,
2024-01-11,4.246405499712032,4.256304107474225,4.078132943687518,4.137523174285889,6689300,,
2024-01-12,4.305795405236348,4.50376329760989,4.305795405236348,4.345388889312744,6985200,,
2024-01-16,4.276100415880713,4.2859985506440985,4.137522753260936,4.147421360015869,5245700,,
2024-01-17,4.058335513232316,4.078132253414267,3.979148552504507,4.008843898773193,5792500,,
2024-01-18,4.018743020898765,4.038539765947857,3.890064178079666,3.9692513942718506,4332300,,
2024-01-19,4.008844884370035,4.018743020898765,3.88016580555512,3.9692513942718506,4391200,,
2024-01-22,3.909860556955803,4.048437995316973,3.8702670705656956,3.9890477657318115,6108400,,
2024-01-23,4.05833569787254,4.09792918003781,3.9791487335419986,3.998945474624634,5680700,,
2024-01-24,4.117726306417566,4.137523049352589,3.880165391197283,3.890063762664795,4860600,,
2024-01-25,3.9791491841240756,3.998945927448411,3.8801654675024007,3.9494540691375732,5031300,,
2024-01-26,3.9593524407997407,3.989047791782039,3.9296573258132383,3.9494540691375732,4318600,,
2024-01-29,3.9791492826759995,4.0682348658376934,3.880165563602786,4.05833625793457,6735000,,
2024-01-30,4.038539197241918,4.07813268176456,3.899962001412675,3.909860372543335,4480400,,
2024-01-31,3.929657332582533,3.939555704261751,3.7514864063608013,3.7712831497192383,8528200,,
2024-02-01,3.810876373434121,3.9197586903869697,3.771282889449732,3.8999619483947754,5602600,,
2024-02-02,3.7712829910619465,3.7811813623247423,3.682197649696785,3.7415878772735596,6215800,,
2024-02-05,3.6525024261734074,3.67229916810423,3.5337217385926945,3.5436201095581055,8179900,,
2024-02-06,3.5733156444968395,3.642604485434167,3.553518900227834,3.622807741165161,5296200,,
2024-02-07,3.603010407751984,3.632705519299914,3.5040264665964505,3.5139248371124268,6145600,,
2024-02-08,3.504026757006877,3.553518613688598,3.4842300143341887,3.5238234996795654,4866300,,
2024-02-09,3.523823314593107,3.5436200562259845,3.4446363480615956,3.533721685409546,5479300,,
2024-02-12,3.5535186394376965,3.721791189370653,3.5238235252134906,3.662400960922241,5784500,,
2024-02-13,3.4941280812743867,3.5040264517484196,3.29616043579796,3.335753917694092,9853000,,
2024-02-14,3.405043363571167,3.4347384803702643,3.306059404911699,3.405043363571167,6282800,,
2024-02-15,3.494128694665767,3.6821980026835717,3.4347384613956633,3.583214044570923,9336900,,
2024-02-16,3.5337218963742805,3.642604217851206,3.4743316679300245,3.573315382003784,5869400,,
2024-02-20,3.603010407751984,3.603010407751984,3.4941280960804737,3.5139248371124268,4921600,,
2024-02-21,3.5337217385926945,3.5535184805235165,3.4842298837656385,3.5436201095581055,3297300,,
2024-02-22,3.5040268898010254,3.5634171200698366,3.4743317746666196,3.5040268898010254,5805600,,
2024-02-23,3.5139251535595286,3.593112360814326,3.3654495824488886,3.573315382003784,5004400,,
2024-02-26,3.484230146378088,3.5238236332239623,3.4149415443978084,3.5040268898010254,4378800,,
2024-02-27,3.523823367627283,3.622807313277174,3.523823367627283,3.5436201095581055,8134700,,
2024-02-28,3.5139251033112817,3.5139251033112817,3.375347905589637,3.3852462768554688,8445300,,
2024-02-29,3.484230146378088,3.5832138634927735,3.4743317746666196,3.5040268898010254,6631700,,
2024-03-01,3.543620088857786,3.6920958884674,3.474331492504662,3.6722991466522217,7472400,,
2024-03-04,3.7613845951934093,3.899962027961807,3.741587852797322,3.870266914367676,8783800,,
2024-03-05,3.899962025754295,3.9494538817165,3.761384593064337,3.7811813354492188,9585200,,
2024-03-06,3.870266888020694,3.949453857065976,3.8603685168900337,3.909860372543335,8656100,,
2024-03-07,3.9989457157230293,4.097929427103982,3.949453860032553,4.08803129196167,8156900,,
2024-03-08,4.137522527121035,4.177116007993656,3.998945344066864,4.018742084503174,8654100,,
2024-03-11,4.074255822176751,4.381559722593906,4.01477769364667,4.272516250610352,10477500,0.006,
2024-03-12,4.163472732040761,4.252690160182682,4.0643425189331515,4.193212032318115,6142000,,
2024-03-13,4.2229513978003395,4.411298569267919,4.213038139991441,4.40138578414917,7225600,,
2024-03-14,4.351820611762147,4.401385957377114,4.242777607713489,4.2824296951293945,5845700,,
2024-03-15,4.262603907990206,4.391472963503526,4.242777863088912,4.322082042694092,10917300,,
2024-03-18,4.2824299138428845,4.31216874457856,4.232864565696502,4.2427778244018555,6065600,,
2024-03-19,4.193211822503866,4.193211822503866,4.034603489467918,4.054429531097412,6195200,,
2024-03-20,4.064342741651742,4.401385957377114,4.004864610527883,4.2824296951293945,9042000,,
2024-03-21,4.351820313014878,4.391472397708716,4.252690101280283,4.292342185974121,7253900,,
2024-03-22,4.2626034178385135,4.361733630946124,4.183298774662283,4.193212032318115,5546400,,
2024-03-25,4.252689760153601,4.431124126962877,4.213037678640427,4.2229509353637695,3895100,,
2024-03-26,4.33199433066877,4.371646415911814,4.193212032318115,4.193212032318115,5060200,,
2024-03-27,4.203124851431096,4.460863880294964,4.203124851431096,4.450950622558594,5477900,,
2024-03-28,4.500516147832464,4.827646103317398,4.4509508025267985,4.768167972564697,10635800,,
2024-04-01,4.966428815523167,4.99616764416178,4.778081167614707,4.867298126220703,7766800,,
2024-04-02,4.9168628362235385,5.015993040040526,4.857384713933347,4.9862542152404785,9505500,,
2024-04-03,4.976341288202596,5.4224274712778575,4.90694990458839,5.412514686584473,17712600,,
2024-04-04,5.3530358665557225,5.442252807993438,5.1944270778074335,5.273731708526611,11595600,,
2024-04-05,5.263820380551487,5.5314722482849445,5.194428980513095,5.481907367706299,11273900,,
2024-04-08,5.590949175912953,5.6107752183821775,5.362949451171797,5.392688751220703,13633200,,
2024-04-09,5.590949570284625,5.7792972233729065,5.50173260922504,5.541384696960449,13801900,,
2024-04-10,5.28364543200868,5.531471206288188,5.184515216834908,5.45216703414917,9942000,,
2024-04-11,5.5909496016077656,5.650427733544104,5.362949859506712,5.491819381713867,8627400,,
2024-04-12,5.739644335805527,5.8486877982275445,5.2638188765977585,5.372862339019775,17943500,,
2024-04-15,5.471992186275341,5.481905442523792,5.234079708593406,5.303470611572266,9182700,,
2024-04-16,5.1547753076595315,5.273732024520979,5.07547114487863,5.214253902435303,8731200,,
2024-04-17,5.293559405455071,5.422428466256434,5.184515917678335,5.234081268310547,7543100,,
2024-04-18,5.313385451169913,5.372863588314438,5.184515917678335,5.234081268310547,6347200,,
2024-04-19,5.19442783297326,5.333210602390508,5.184515048123535,5.263819217681885,6286700,,
2024-04-22,4.96642872407487,5.174601938782478,4.897037337378901,5.015993595123291,9525000,,
2024-04-23,4.976341038338702,5.2836449114458395,4.956514997257276,5.194427490234375,8743300,,
2024-04-24,5.1349493669901,5.20434074712014,5.095297284827251,5.194427490234375,6556000,,
2024-04-25,5.0457327119102775,5.095297581151301,4.9267759858135305,5.006080627441406,21961600,,
2024-04-26,5.055645652601857,5.095297738293625,4.916863352680671,5.065558910369873,9675700,,
2024-04-29,5.085385312992457,5.125037401489498,4.9466025305626316,4.956515789031982,10054100,,
2024-04-30,4.787993971264341,4.857385359503738,4.678950496228193,4.688863754272461,13178100,,
2024-05-01,4.728515544695835,4.906949924097329,4.678950202961466,4.6987762451171875,11213600,,
2024-05-02,4.619471689105685,4.768167229149063,4.599645648612574,4.728515148162842,10225800,,
2024-05-03,4.817732970741647,4.926775966253051,4.688863460384392,4.6987762451171875,8148200,,
2024-05-06,4.867298353568549,4.986255091749854,4.817733479292337,4.956515789031982,10983800,,
2024-05-07,4.9267758260841195,5.006080465140885,4.906949784492458,4.946601867675781,7508400,,
2024-05-08,4.867298126220703,4.946602299510547,4.837559297582091,4.867298126220703,7901100,,
2024-05-09,5.015993100532945,5.4521664752779975,5.015993100532945,5.422427177429199,18853900,,
2024-05-10,5.531470305695825,5.630600504729965,5.283644571765438,5.303470611572266,11276200,,
2024-05-13,5.323296315609363,5.41251372545769,5.154774751535874,5.184514045715332,8580300,,
2024-05-14,5.273732237669861,5.402601271052289,5.253906196173325,5.353036403656006,8360700,,
2024-05-15,5.432341219342987,5.551297482549216,5.27373286840135,5.541384696960449,13168700,,
2024-05-16,5.5017317073360354,5.57112261315279,5.382774990939996,5.442253112792969,10985800,,
2024-05-17,5.690079207145237,6.106426558436864,5.650427123468903,6.046948432922363,18757700,,
2024-05-20,6.116338896213884,6.235295129359846,5.927991290721084,6.175817012786865,13353000,,
2024-05-21,6.066774525205541,6.225383333919825,6.0568617405490945,6.1262526512146,7597200,,
2024-05-22,6.046949005057144,6.116340394401287,5.8586013534289005,5.898253440856934,10244600,,
2024-05-23,5.914129889785112,5.933975944187052,5.6958228181965165,5.725592136383057,7829100,0.006,
2024-05-24,5.785130471802224,5.814899790874945,5.556900602802279,5.586669921875,10504600,,
2024-05-28,6.013360385242356,6.033206440381746,5.785130514555738,5.8843607902526855,11979600,,
2024-05-29,5.7752073163407855,5.884360375327048,5.685899837927259,5.71566915512085,7827800,,
2024-05-30,5.735515508186531,5.924052791972112,5.7255922442150435,5.804976463317871,6686000,,
2024-05-31,5.884361456816001,5.973668951643386,5.74543905510355,5.844669342041016,12304500,,
2024-06-03,5.804976272533764,5.864514434904127,5.735515319685301,5.795053482055664,6963400,,
2024-06-04,5.666053606075123,5.685899659191242,5.378285599307782,5.388208389282227,9135600,,
2024-06-05,5.408055126770254,5.527131933702983,5.348516959887534,5.4973626136779785,6202500,,
2024-06-06,5.626362430664009,5.834746259441736,5.576747053081767,5.755362033843994,8902500,,
2024-06-07,5.477516041734138,5.487439305196193,5.239363396651772,5.298901557922363,9594200,,
2024-06-10,5.358439911945101,5.358439911945101,5.159978894070239,5.30882453918457,6571000,,
2024-06-11,5.209594540584071,5.3187480824926725,5.159979165216355,5.249286651611328,6356500,,
2024-06-12,5.447746326588587,5.537053798554698,5.259209066253567,5.279055118560791,9546700,,
2024-06-13,5.219517008686164,5.318747271116712,5.090517430942845,5.110363483428955,5653100,,
2024-06-14,5.2095947204954705,5.2393640413776295,5.080595118618287,5.159979343414307,5636100,,
2024-06-17,5.090518277528361,5.13021038910163,4.961518678331589,5.030980110168457,6605500,,
2024-06-18,5.050825325970626,5.179824430546731,4.991287168512298,5.110363483428955,6122300,,
2024-06-20,5.209594079432853,5.3485164557309,5.179824762213935,5.298901557922363,9647400,,
2024-06-21,5.219517887434427,5.239363943261782,5.080595023475652,5.1302103996276855,12983700,,
2024-06-24,5.17982489549724,5.209594213482159,5.011133670806885,5.011133670806885,6354500,,
2024-06-25,4.981364811608791,5.0012108677041525,4.84244241894126,4.862288475036621,5470300,,
2024-06-26,4.802749348729415,4.872210294623914,4.77298003394091,4.812672138214111,5270600,,
2024-06-27,4.882134237860239,4.892057028728203,4.7928267542121965,4.822596073150635,6014300,,
2024-06-28,4.892056346760514,4.951594503170316,4.75313398180431,4.812672138214111,12853400,,
2024-07-01,4.81267298750899,4.872211154425523,4.723365973717836,4.733288764953613,5165500,,
2024-07-02,4.743212138464451,4.862288475036621,4.723366082369089,4.862288475036621,5858200,,
2024-07-03,5.011133784958877,5.189748277435403,4.971441675519649,5.140132904052734,6230300,,
2024-07-05,5.189748092691757,5.279055572334504,5.140132721075286,5.1798248291015625,7428700,,
2024-07-08,5.10044061304901,5.209594146704895,5.021056396996458,5.1798248291015625,7254600,,
2024-07-09,5.189748577353857,5.298902121203413,5.159979256970416,5.229440689086914,7223600,,
2024-07-10,5.31874727740273,5.477515697479248,5.298901224893165,5.477515697479248,9051200,,
2024-07-11,5.814899833848461,5.914130109545408,5.606516018301233,5.8843607902526855,12526900,,
2024-07-12,5.745437775887849,6.013359727550129,5.725591722919059,5.973667621612549,8525300,,
2024-07-15,6.013359727550129,6.0828211495245075,5.874437356768598,5.973667621612549,9366200,,
2024-07-16,6.013359889111783,6.2515130043029785,5.943898465271175,6.2515130043029785,12934100,,
2024-07-17,6.251513945631053,6.301128850273239,6.053052907560376,6.102668285369873,9376900,,
2024-07-18,6.122514038069479,6.201898260091889,5.884360898834961,5.963745594024658,8980900,,
2024-07-19,5.7057461988199165,5.9736681753160745,5.6660540892032465,5.8545918464660645,6888300,,
2024-07-22,5.79505387022709,5.904206938633886,5.695823119795769,5.8645148277282715,5989500,,
2024-07-23,5.844668399464028,5.914129825701788,5.785130236903342,5.894283771514893,6310800,,
2024-07-24,5.963745478819756,6.132436710775034,5.814899828819425,5.83474588394165,7479100,,
2024-07-25,5.5866708731484405,5.765285398496628,5.537055490634711,5.685901165008545,6912900,,
2024-07-26,5.785130376388025,5.854591804300563,5.586669829734013,5.606515884399414,8140700,,
2024-07-29,5.616439147087465,5.656131259753522,5.417978583757178,5.556900978088379,6770900,,
2024-07-30,5.586669921875,5.675976932758614,5.487439646911389,5.586669921875,6232100,,
2024-07-31,5.705746275287321,5.824822605733171,5.616438790869296,5.735515594482422,10508300,,
2024-08-01,5.755362093466492,5.775208150071522,5.239364148568396,5.2889790534973145,11827300,,
2024-08-02,5.308824254679304,5.358439624780897,4.852364553146698,4.901979923248291,16099900,,
2024-08-05,4.455443417565587,4.743211927926011,4.376059196707793,4.703519344329834,10772800,,
2024-08-06,4.713441877531109,4.872210294623914,4.604288354196202,4.812672138214111,8061800,,
2024-08-07,4.961518447798871,5.199671106172927,4.763057899153825,4.772980690002441,12706600,,
2024-08-08,4.8523658734224915,5.070672993467803,4.792827697001234,4.971442699432373,7035900,,
2024-08-09,5.0409028003214384,5.060748855709819,4.921826467991156,5.001210689544678,5642400,,
2024-08-12,5.001210521015436,5.189748277435403,4.931749092913152,5.140132904052734,7060900,,
2024-08-13,5.120287800420115,5.2790567408354265,5.100441742014121,5.2393646240234375,4634000,,
2024-08-14,5.1897478103637695,5.259209232214601,5.070671492762823,5.1897478103637695,6292700,,
2024-08-15,5.338594356426111,5.537054919682086,5.219518018472526,5.507286071777344,9323500,,
2024-08-16,5.566823866882277,5.6958229877513356,5.47751638283139,5.586669921875,12572100,,
2024-08-19,5.606516121756525,5.973668385193816,5.606516121756525,5.963745594024658,9997100,,
2024-08-20,6.112590773733034,6.152282884744239,5.943899065351769,5.963745594024658,11747700,,
2024-08-21,5.963745333936447,6.162205880337299,5.87443785147243,6.122513771057129,8974800,,
2024-08-22,5.9935144406994185,6.0133604962050216,5.834745996654598,5.963745594024658,9396800,,
2024-08-23,6.102668098652449,6.21182164259329,5.973668498828482,6.142360210418701,9695300,,
2024-08-26,6.225901746449471,6.265683826841369,6.12644607122992,6.1960649490356445,8252000,0.014,
2024-08-27,6.126446650178839,6.235847618714848,6.056828240033985,6.206010818481445,7748700,,
2024-08-28,6.056828614255594,6.116501744169458,5.907645552350997,5.937481880187988,9383500,,
2024-08-29,5.997155484341731,6.056828614255594,5.937481880187988,5.937481880187988,6573900,,
2024-08-30,5.96731872206673,6.007100808941318,5.80819037456838,5.89769983291626,7615000,,
2024-09-03,5.748517047785369,5.758462332044168,5.291022590123841,5.360641002655029,11899300,,
2024-09-04,5.340749416689605,5.549605581520132,5.2611852537522275,5.440204620361328,7871500,,
2024-09-05,5.639115919020102,5.748516888270329,5.579442792403576,5.64906120300293,7634700,,
2024-09-06,5.639115767776115,5.649061051492205,5.3705864680839115,5.420313835144043,7868700,,
2024-09-09,5.470041933368868,5.619224990035991,5.470041933368868,5.529715061187744,6929700,,
2024-09-10,5.5396608168700245,5.678898115045182,5.450150888066063,5.6590070724487305,6303800,,
2024-09-11,5.639116164782734,5.907645483380013,5.609279363054203,5.887754440307617,7429800,,
2024-09-12,6.066773351749492,6.464594656210408,5.997154943580722,6.404921531677246,14489800,,
2024-09-13,6.593887494392419,6.822634737725848,6.5242686032074975,6.782852649688721,16866200,,
2024-09-16,6.802743582904735,6.922089845072213,6.7032878901919455,6.77290678024292,16809600,,
2024-09-17,6.753015189530468,6.812688315780475,6.62372317886886,6.723178863525391,10615200,,
2024-09-18,6.7331244896343945,6.9519259636709,6.464595170742383,6.494431972503662,14666500,,
2024-09-19,6.802743104756527,6.842525189349502,6.534213796634026,6.643614292144775,9955200,,
2024-09-20,6.743070014456172,6.822634184073849,6.633669044111937,6.733124256134033,20359700,,
2024-09-23,6.782852027337728,6.822634111724706,6.554104804992676,6.554104804992676,11907300,,
2024-09-24,6.723178933315664,7.101108736822161,6.663505332206361,7.031490325927734,15838200,,
2024-09-25,6.961871440793452,7.160781863691607,6.951925682528615,7.031490325927734,13816100,,
2024-09-26,7.130946266928975,7.359693513784433,7.130946266928975,7.1408915519714355,17286400,,
2024-09-27,7.121000670506809,7.170728519576125,6.703288255892291,6.7629618644714355,13993800,,
2024-09-30,6.633668899536133,6.733124109390679,6.573995773623406,6.633668899536133,12794900,,
2024-10-01,6.7331242230959445,6.753015265402762,6.4148670719470005,6.514322757720947,14869800,,
2024-10-02,6.514322683938294,6.733124146835098,6.4944316418567665,6.593886852264404,9406500,,
2024-10-03,6.434758041372332,6.613777894345932,6.424812757451494,6.593886852264404,8259400,,
2024-10-04,6.593887477509878,6.842525764225274,6.544159630470841,6.564050674438477,10662700,,
2024-10-07,6.5143230920005175,6.5143230920005175,6.365140029924192,6.414867401123047,7053700,,
2024-10-08,6.305466214113254,6.414866703395469,6.215956291755234,6.394975662231445,8530400,,
2024-10-09,6.275630068762545,6.365140000441717,6.22590269779402,6.325357913970947,7556500,,
2024-10-10,6.325357440129454,6.613777782556504,6.315411682136873,6.5839409828186035,10086300,,
2024-10-11,6.603832136185242,6.762960947077315,6.583941094103715,6.593886852264404,9816700,,
2024-10-14,6.554104842334583,6.573995884641401,6.385030745606702,6.514322757720947,7157400,,
2024-10-15,6.444704081721936,6.673451312795395,6.444704081721936,6.663505554199219,8132400,,
2024-10-16,6.80274421589039,6.951926820361022,6.74307107925415,6.74307107925415,9653300,,
2024-10-17,6.753015858699619,6.842525794064265,6.643614879280597,6.653560638427734,9331700,,
2024-10-18,6.832579666551625,7.3099651723592425,6.812688623569636,7.270183086395264,12761100,,
2024-10-21,7.469094286799913,7.518821659107941,7.19061919976337,7.339802265167236,15650500,,
2024-10-22,7.488985061645508,7.638167647452413,7.4392572168832904,7.488985061645508,11010500,,
2024-10-23,7.290073910469695,7.3298559952390905,6.991708274699228,7.120999813079834,12398000,,
2024-10-24,7.1906196142031655,7.210510659120799,6.762961911354096,6.941981315612793,17896400,,
2024-10-25,6.882308133149893,7.0314912061179236,6.743070819691693,6.7629618644714355,11506700,,
2024-10-28,6.762960763430879,6.90219805422062,6.713232922457481,6.792797088623047,7815200,,
2024-10-29,6.902199142097369,7.051382214290927,6.822634963391449,7.02154541015625,11088500,,
2024-10-30,6.941980438500365,6.961871480904785,6.673451128920775,6.733124256134033,10674400,,
2024-10-31,6.554105138665413,6.56405042314855,6.29552110274556,6.454649448394775,13192500,,
2024-11-01,6.534213575319014,6.603831983878802,6.365139484405518,6.365139484405518,12274600,,
2024-11-04,6.414866924770101,6.454649008471013,6.2358475481159985,6.2855753898620605,9490100,,
2024-11-05,6.355193575868986,6.414866699323175,6.235847328960609,6.265684127807617,7687200,,
2024-11-06,5.857917380073216,6.235847656010805,5.788298969511981,6.166228771209717,14909100,,
2024-11-07,6.066773004724271,6.106555085470806,5.828080520245063,5.987208843231201,21359600,,
2024-11-08,5.887755245546288,5.937482622908303,5.559552752845218,5.698790073394775,17704800,,
2024-11-11,5.410368554618766,5.59933368773433,5.35069542956751,5.549605846405029,18081300,,
2024-11-12,5.549605957072294,5.59933379939324,5.320858736027672,5.430259704589844,12026400,,
2024-11-13,5.509823423222869,5.579442301942224,5.360640382675573,5.390477180480957,10974900,,
2024-11-14,5.430260276080188,5.6291707178179635,5.350696099385077,5.569497585296631,19142100,,
2024-11-15,5.649061129377969,5.688843213270502,5.350695500183974,5.470041751861572,31110400,,
2024-11-18,5.718680238830427,5.768408082777073,5.579442939715632,5.619225025177002,13963600,,
2024-11-19,5.668952465057373,5.728626068227969,5.539660922827407,5.668952465057373,9822300,,
2024-11-20,5.619224805074119,5.639115847025679,5.509823837220612,5.599333763122559,8790600,,
2024-11-21,5.643203119185691,5.722965633525518,5.573411156849386,5.67311429977417,9878200,0.014,
2024-11-22,5.712995554974508,5.742906735552675,5.4737075366154375,5.5036187171936035,13539100,,
2024-11-25,5.244390381638585,5.443796661182151,5.204508650307799,5.4039154052734375,13472000,,
2024-11-26,5.344094102532997,5.483678513392055,5.344094102532997,5.413886070251465,10054400,,
2024-11-27,5.463737599102079,5.553470667698403,5.423856340930845,5.473707675933838,10182900,,
2024-11-29,5.523559345771686,5.643203117240178,5.483678088615521,5.5036187171936035,4521200,,
2024-12-02,5.45376699238332,5.463737544537605,5.334123219064461,5.383975028991699,9555000,,
2024-12-03,5.45376653535883,5.782787597546938,5.45376653535883,5.722965240478516,11749100,,
2024-12-04,5.663143661961129,5.822669163645695,5.613292328965143,5.623262405395508,10287000,,
2024-12-05,5.613292191069372,5.712995330034125,5.563440383875962,5.653173446655273,10991200,,
2024-12-06,5.603321860084014,5.613292412084098,5.403915574303193,5.5036187171936035,7635400,,
2024-12-09,5.862550622692415,6.131749351519,5.772817554609521,5.8525800704956055,16738200,,
2024-12-10,5.872520585623736,5.922372394797171,5.663143747770648,5.67311429977417,10218000,,
2024-12-11,5.7329365450367815,5.922372766184303,5.712995915201364,5.832639694213867,10266500,,
2024-12-12,5.663144351631922,5.712996166121057,5.503619305942107,5.513589859008789,9508200,,
2024-12-13,5.483678173424082,5.4936487255783675,5.324153142332269,5.383975028991699,7944600,,
2024-12-16,5.383974858343772,5.393944934759957,5.244390460562637,5.284271717071533,7410800,,
2024-12-17,5.18456842875685,5.364034569835966,5.14468716972196,5.314182758331299,11708600,,
2024-12-18,5.2942423800839356,5.2942423800839356,4.935310556312546,4.995132923126221,11708200,,
2024-12-19,4.995132245632291,5.0549541289101425,4.885458555245197,4.935309886932373,10611000,,
2024-12-20,4.945280498703878,5.164627406725307,4.885458614698033,5.02504301071167,19876900,,
2024-12-23,4.9851615059723855,5.074894565214944,4.94528025195837,5.044983386993408,7842900,,
2024-12-24,5.074895636863555,5.094836268081359,4.975192005352389,5.054955005645752,4582800,,
2024-12-26,5.084865570068359,5.134717384405379,5.035014231153476,5.084865570068359,7741700,,
2024-12-27,5.005103000647079,5.015073553590068,4.915369925848698,4.995132923126221,7990200,,
2024-12-30,4.925340719416699,4.965221982292773,4.805696930788477,4.845578193664551,12165600,,
2024-12-31,4.855547874752939,4.975191653600811,4.845577797560008,4.8954291343688965,10291600,,
2025-01-02,4.985161843601046,5.274301192496139,4.975191291711244,5.244390487670898,17998700,,
2025-01-03,5.214479907006901,5.2344205376572805,5.074895492454237,5.084865570068359,10560800,,
2025-01-06,5.14468661205087,5.214479045507658,5.054954026660208,5.09483528137207,15385200,,
2025-01-07,5.234419961829275,5.344093656052453,5.134716819545515,5.2045087814331055,15636500,,
2025-01-08,5.164627691069716,5.334123276129083,5.134716985131063,5.30421257019043,15337200,,
2025-01-10,5.364035038756458,5.413886379196988,5.134717541547995,5.184568881988525,18253800,,
2025-01-13,5.104805357339007,5.134716536083933,4.9751910418144245,5.09483528137207,16315800,,
2025-01-14,5.164628443908518,5.403916503408841,5.1147771016033206,5.374005317687988,14873100,,
2025-01-15,5.523559545282819,5.563440803879495,5.2842719937027605,5.393945217132568,11028500,,
2025-01-16,5.393945020325349,5.473707534608431,5.324153058038695,5.334123134613037,8947900,,
2025-01-17,5.294241269343675,5.513588633848704,5.2344193905028575,5.3640336990356445,15526600,,
2025-01-21,5.423855929855787,5.603321578024602,5.374004123208973,5.563440322875977,24977500,,
2025-01-22,5.573410696831882,5.593351323770982,5.383974503199412,5.4637370109558105,12726800,,
2025-01-23,5.3540645095597625,5.473708297663163,5.324153800244988,5.443797588348389,18646700,,
2025-01-24,5.573411296784021,5.653173813126488,5.433826417762604,5.473707675933838,14724100,,
2025-01-27,5.364034569835966,5.39394527640108,5.204509058274295,5.314182758331299,19325200,,
2025-01-28,5.344094607389303,5.433827213707527,5.184569075915031,5.374005317687988,12110800,,
2025-01-29,5.383975082759612,5.543500115444546,5.33412327233452,5.473707675933838,10401800,,
2025-01-30,5.653173727532089,5.902431825039344,5.603321917861801,5.762847423553467,11862800,,
2025-01-31,5.762847736386228,5.772817813608251,5.57341151494663,5.663144111633301,19710500,,
2025-02-03,5.623262326983962,5.9423128504821285,5.593351622687864,5.74290657043457,19911100,,
2025-02-04,5.8027288474082415,6.012105693348165,5.792758295019624,5.862550735473633,22946600,,
2025-02-05,5.882491667888967,6.091868524615781,5.872521114986677,5.932343006134033,21568000,,
2025-02-06,5.932342252843183,5.992164611816406,5.8226690373771035,5.992164611816406,16427600,,
2025-02-07,6.071927581413556,6.12177891709033,5.842610106118502,5.862550735473633,13230800,,
2025-02-10,6.042016308742334,6.201541341182655,6.022075679687294,6.1516900062561035,25847800,,
2025-02-11,5.982194617074972,6.151690207292968,5.952283434803867,6.042016506195068,13069800,,
2025-02-12,6.012105520302637,6.271333694458008,5.992164891521455,6.271333694458008,19559700,,
2025-02-13,6.3012452925538085,6.371037260197911,6.161660406421358,6.3510966300964355,23706800,,
2025-02-14,6.381007390780516,6.430858725024887,5.403915629610168,5.423856258392334,33117700,,
2025-02-18,5.663143717463691,5.673114269413855,5.493648613109675,5.543499946594238,22277100,,
2025-02-19,5.483677456717279,5.4936480075684315,5.204508213371433,5.3640336990356445,17987300,,
2025-02-20,5.334123404551302,5.802728912811756,5.334123404551302,5.613292694091797,26036400,,
2025-02-21,5.573411121016142,5.583381197533477,5.194538704915771,5.2045087814331055,28169600,,
2025-02-24,5.214479557605934,5.264331368602587,5.08486522935232,5.224449634552002,16944000,,
2025-02-25,5.174597965263981,5.294241733433512,5.084864901425797,5.194538593292236,16309100,,
2025-02-26,5.164627636477532,5.354063848634284,5.154657559744068,5.214479446411133,14745200,,
2025-02-27,5.1446876084147934,5.224450133286007,5.044984452325775,5.054955005645752,20693600,,
2025-02-28,4.945280556773094,5.144686839134074,4.89542874847181,5.114776134490967,22063900,,
2025-03-03,5.28427261737892,5.364035143986243,5.035014484019955,5.064925193786621,26358900,,
2025-03-04,5.104805357339007,5.174597790795795,4.9053990837796935,5.09483528137207,20640200,,
2025-03-05,5.1247465345703525,5.503618970407388,5.10480590507483,5.483678340911865,28676700,,
2025-03-06,5.374004225630867,5.563440428908291,5.29424171381344,5.4039154052734375,22116300,,
2025-03-07,5.413886070251465,5.593352216778091,5.28427221216483,5.413886070251465,19253000,,
2025-03-10,5.318100078751244,5.358010736035592,5.068658232837789,5.13850212097168,25707400,0.004,
2025-03-11,5.22830132064744,5.477743188444115,5.218323893337328,5.417877197265625,29757600,,
2025-03-12,5.377965832767992,5.627407667924963,5.377965832767992,5.5575642585754395,25447400,,
2025-03-13,5.507675903923782,5.856894390840672,5.487720575407748,5.757117748260498,38806800,,
2025-03-14,5.836938836125445,5.876849491610855,5.667318312426182,5.727184295654297,20164100,,
2025-03-17,5.737162903302454,5.88682811767356,5.71720757310448,5.866872787475586,16904200,,
2025-03-18,6.036493332044666,6.05644866224264,5.836939554292324,5.866872787475586,23309600,,
2025-03-19,5.787050945085819,5.876849684996672,5.657341072603684,5.816983699798584,18091700,,
2025-03-20,5.64736346722889,5.926738555270825,5.5874974788854574,5.836939334869385,15433500,,
2025-03-21,5.687273945349152,5.767095736375768,5.597475203574632,5.747140407562256,22088200,,
2025-03-24,5.777073177645194,5.916760479696402,5.687273959868848,5.856894493103027,19168400,,
2025-03-25,6.0364927879641295,6.166202184673707,5.787050945085819,5.816983699798584,17212400,,
2025-03-26,5.886827709256839,5.896805135777312,5.7172071764557035,5.747140407562256,12775000,,
2025-03-27,5.836939554292324,5.966649438465456,5.757118233500428,5.866872787475586,13738000,,
2025-03-28,5.906782843245763,5.9965820578309845,5.607452445143389,5.657341003417969,18958800,,
2025-03-31,5.63738565530739,5.63738565530739,5.288167175939154,5.547586441040039,19595000,,
2025-04-01,5.53760873711036,5.607452144017041,5.397920971751945,5.467764854431152,22969000,,
2025-04-02,5.437832791788174,5.617431249819812,5.377966797701837,5.607453346252441,20493200,,
2025-04-03,5.128524414049069,5.4877208190583,5.128524414049069,5.338055610656738,20719500,,
2025-04-04,5.118546626571005,5.148479380678644,4.599707622903952,4.709461688995361,24460700,,
2025-04-07,4.539842062934266,5.098591774780044,4.450042840679065,4.769328594207764,21933700,,
2025-04-08,5.058680734525051,5.058680734525051,4.6296404611556286,4.699484348297119,30749900,,
2025-04-09,4.899038445642048,5.3879447852975355,4.819217118948736,5.268212795257568,38926200,,
2025-04-10,5.288167453981073,5.547586732721736,5.238278893260042,5.45778751373291,31644000,,
2025-04-11,5.6673184489069905,5.8668722069122525,5.637385694458362,5.767095565795898,25532700,,
2025-04-14,5.657341287522689,5.866872481562239,5.647363385057674,5.846917152404785,21320200,,
2025-04-15,5.87684965133667,5.916760307906804,5.8070062402252125,5.87684965133667,15950400,,
2025-04-16,6.086381427126274,6.19613598123619,5.896805552126455,5.976626873016357,20953200,,
2025-04-17,5.886828244107947,5.9566716634146175,5.75711835714897,5.7970290184021,16534000,,
2025-04-21,6.056448622332046,6.1961359327973575,5.826962088681307,5.926738739013672,19146800,,
2025-04-22,5.976626434050155,5.976626434050155,5.617430516427513,5.637385845184326,21020200,,
2025-04-23,5.44781049455091,5.926738905361076,5.437832591351322,5.7970290184021,24207900,,
2025-04-24,5.866872787475586,5.9367162052821945,5.757118233500428,5.866872787475586,16325800,,
2025-04-25,5.6673187966767005,5.896805323212817,5.627408137781079,5.836939334869385,17777200,,
2025-04-28,5.787051079963708,5.8868277242859985,5.727184617597764,5.856894493103027,17124100,,
2025-04-29,5.836939286183822,5.946693835117617,5.74714054230397,5.787051200866699,15268000,,
2025-04-30,5.707230091094971,5.727185422764887,5.577520673126835,5.707230091094971,26395600,,
2025-05-01,5.547586732721736,5.58749739098953,5.4078994287844555,5.45778751373291,25311100,,
2025-05-02,5.348033814304696,5.467765797457069,4.519886883841869,4.529864311218262,51731700,,
2025-05-05,4.7693285080426815,4.829194496540382,4.499931321916735,4.779305934906006,36203300,,
2025-05-06,4.9090155698498155,4.93894832472039,4.639618397151841,4.91899299621582,32891200,,
2025-05-07,4.839172105786998,4.988837320558267,4.809239348296306,4.869105339050293,21651400,,
2025-05-08,4.948926313223203,5.028747628634453,4.899037753204888,4.909015655517578,20146100,,
2025-05-09,4.978859016061725,5.218323435540375,4.918993030135204,5.13850212097168,28576800,,
2025-05-12,4.978858947753906,5.15845737884202,4.91899296264872,4.978858947753906,27289900,,
2025-05-13,4.998815183798639,5.09859183426144,4.889060630403258,4.928971290588379,17557700,,
2025-05-14,4.819216593904473,4.879082582402174,4.6695513847739285,4.779305934906006,21146300,,
2025-05-15,4.819216251373291,4.849149481380896,4.749372840976464,4.819216251373291,18614800,,
2025-05-16,4.709461841960701,4.879082373321834,4.699484415524934,4.859127044677734,17541600,,
2025-05-19,4.918993387655799,4.97885937793348,4.809239310033017,4.928971290588379,10247900,,
2025-05-20,4.928971096439675,5.138502292044571,4.889060437826607,5.118546962738037,15118700,,
2025-05-21,5.108569578478454,5.218324138685615,4.99881549404392,5.058681488037109,18397200,,
2025-05-22,4.998814497732328,5.058680479793654,4.918992712544694,5.008791923522949,10947900,,
2025-05-23,5.0527289109534115,5.122628494970176,4.992815185861311,5.0926713943481445,12675800,0.004,
2025-05-27,5.012786254766436,5.26242700545431,5.002800872337931,5.212498664855957,19008300,,
2025-05-28,5.132613954948525,5.262427266010063,5.092671470952969,5.252441883087158,12706200,,
2025-05-29,5.31235543654726,5.3722691605947315,5.152585029602051,5.152585029602051,11198000,,
2025-05-30,5.12262827655807,5.152584899750887,5.022772072328778,5.132613658905029,11708700,,
2025-06-02,5.272413122358483,5.721766305152094,5.272413122358483,5.621910095214844,28853800,,
2025-06-03,5.571981701198514,5.781679978224434,5.482110875001131,5.761708736419678,19660500,,
2025-06-04,5.811636895804157,6.131176754607224,5.791665654628965,6.10122013092041,25805500,,
2025-06-05,6.450717862117805,6.89008569674386,6.280962053722282,6.440732002258301,54751500,,
2025-06-06,6.46070304925303,6.48067429221239,6.1811056478219815,6.260990619659424,31545600,,
2025-06-09,6.4107748499645565,6.4507173338274155,6.211061954498291,6.211061954498291,21299000,,
2025-06-10,6.231033092329213,6.2410189512040795,6.071263159547016,6.121191501617432,14976700,,
2025-06-11,6.11120621378449,6.191091187640182,6.001364612808914,6.061278343200684,16075800,,
2025-06-12,6.091234936938198,6.161134526754853,5.941450373703652,5.981392860412598,18370700,,
2025-06-13,5.991377895893043,6.101219957306958,5.961420796906727,6.001363754272461,18786100,,
2025-06-16,6.031320883507225,6.091234610358385,5.881536328303334,5.931464672088623,18523500,,
2025-06-17,6.031320829086418,6.101220414524721,5.891522134361785,6.071263313293457,29216300,,
2025-06-18,6.031320883507225,6.051292125790945,5.901507570587055,5.931464672088623,28406700,,
2025-06-20,5.8515795626170615,5.9813923962719935,5.731751635636562,5.761708736419678,27357600,,
2025-06-23,5.771694915754303,5.871551130320573,5.721766570395173,5.8116374015808105,24658200,,
2025-06-24,5.681823959208384,5.81163727335641,5.522054019427418,5.791666030883789,17402300,,
2025-06-25,5.791665747506374,5.851579471992749,5.731751546868043,5.821622371673584,20162400,,
2025-06-26,5.881536706480499,6.001364644039617,5.791666348501167,5.9913787841796875,22492300,,
2025-06-27,5.82162243650576,5.871550778876408,5.711780368981511,5.831608295440674,25587100,,
2025-06-30,5.851580016684525,5.991378720165834,5.841594156931288,5.981392860412598,19035100,,
2025-07-01,5.991378112950027,6.06127769568248,5.891521906297918,5.961421012878418,21537100,,
2025-07-02,5.991378499800764,6.15114844076015,5.9015076699351185,6.021335601806641,27021400,,
2025-07-03,6.011349996464874,6.091234970320567,5.9813928931929885,6.061278343200684,9148700,,
2025-07-07,5.961421280027175,6.18110542065846,5.871550928088898,6.151148319244385,21279700,,
2025-07-08,6.151147962290665,6.151147962290665,5.5520102541451495,5.581967353820801,36490200,,
2025-07-09,5.581967560176874,5.781679978224434,5.472125492174735,5.761708736419678,23400000,,
2025-07-10,5.841593524542566,5.901507248119953,5.68182359500287,5.88153600692749,15032800,,
2025-07-11,6.011349694900676,6.340875433600483,6.001364311745641,6.310918807983398,33888700,,
2025-07-14,6.410774742861144,6.470688467654468,6.101220260019657,6.121191501617432,22000600,,
2025-07-15,6.151147995782416,6.181105095621177,5.931464342855307,6.10122013092041,22944300,,
2025-07-16,6.121191263798579,6.141162504620437,5.831608033805675,6.011349201202393,24999100,,
2025-07-17,5.93146473584535,5.991378463340518,5.831608523353404,5.941450119018555,16671600,,
2025-07-18,5.991378587800098,5.991378587800098,5.781680299134934,5.8116374015808105,14048900,,
2025-07-21,5.951436203169409,6.1811057386530335,5.941450343466991,6.051292419433594,16385000,,
2025-07-22,6.121191240661815,6.340874888871892,6.07126290071992,6.30093240737915,26496600,,
2025-07-23,6.280961926932443,6.38081814275172,6.181105711113167,6.270976543426514,17962000,,
2025-07-24,6.191090932582563,6.251005136658018,6.091234719376777,6.171119689941406,14805100,,
2025-07-25,6.101220798420323,6.1910911554649175,6.001364581619664,6.1311774253845215,20540200,,
2025-07-28,6.011349419741307,6.051291902837106,5.891521970453908,5.971406936645508,12301100,,
2025-07-29,5.981392101893636,6.041306300511149,5.881535897784349,6.011349201202393,18131100,,
2025-07-30,5.9414498206463335,6.041306504275581,5.791665747506374,5.821622371673584,18341600,,
2025-07-31,5.811636882627154,5.831608123757063,5.681823577206766,5.731751441955566,14981500,,
2025-08-01,5.861564905486293,5.8915220060651965,5.611924146552615,5.68182373046875,19458000,,
2025-08-04,5.78167984090462,5.971406871619605,5.7517232169849635,5.961421012878418,14614200,,
2025-08-05,5.891522505062937,6.161134528500719,5.851580018342673,6.1311774253845215,20461300,,
2025-08-06,6.171119236957607,6.201076336796369,6.031320548731265,6.10122013092041,21875500,,
2025-08-07,6.949998630696015,7.399351797515657,6.93002738941852,7.209624767303467,67812000,,
2025-08-08,7.289510281056707,7.64899262762655,7.179668214862166,7.589078903198242,32404300,,
2025-08-11,7.359409538599981,7.569107816462023,7.239582087293661,7.539151191711426,23350400,,
2025-08-12,7.658978462219238,7.758834669283957,7.589078879197958,7.658978462219238,17519300,,
2025-08-13,7.738864072627516,7.808763661472418,7.599065371089706,7.758835315704346,19163000,,
2025-08-14,7.7089067427541345,7.858691299492192,7.5790939046563315,7.648993015289307,21170500,,
2025-08-15,7.658978462219238,7.818748393522789,7.539151013741575,7.658978462219238,24215200,,
2025-08-18,7.708906367818775,7.778805951204049,7.6589785021024,7.738863468170166,15556900,,
2025-08-19,7.728878502337257,7.738864362325481,7.389367357321829,7.429309844970703,19431400,,
2025-08-20,7.48922269581773,7.64899262762655,7.439294354051496,7.589078903198242,21329500,,
2025-08-21,7.5391511406719784,7.7188923164146255,7.509194039972223,7.67894983291626,13725800,,
2025-08-22,7.6030195406646,8.03262493356637,7.563056270459773,7.882762432098389,19201400,0.004,
2025-08-25,7.902744206116625,7.982670747931242,7.832808720228719,7.852790355682373,14007800,,
2025-08-26,7.842799446074224,8.022634168512184,7.842799446074224,7.992661952972412,21102500,,
2025-08-27,7.872772469418721,8.052607675826634,7.772864286080879,8.022634506225586,16887400,,
2025-08-28,8.152514872354699,8.222450358112791,8.012643900838512,8.062597274780273,17946500,,
2025-08-29,8.072588518548734,8.532166620224508,8.062597462408062,8.50219440460205,20319300,,
2025-09-02,8.841883014389941,8.931799664546116,8.41227711262332,8.911818504333496,26810300,,
2025-09-03,9.001735825746387,9.071671313502604,8.761956193896873,8.971762657165527,28184200,,
2025-09-04,8.81190953721663,9.011726849164043,8.74197404971477,8.841882705688477,20796700,,
2025-09-05,9.091652918887206,9.111634077360621,8.821900133499796,9.011726379394531,22825700,,
2025-09-08,9.441332224406397,10.270570868227088,9.401368950709,10.1107177734375,49598600,,
2025-09-09,10.01080978956195,10.210626152539323,9.711084768696102,10.170662879943848,35594200,,
2025-09-10,10.250588365780853,10.989909308791303,10.250588365780853,10.95993709564209,33589800,,
2025-09-11,10.830057292509421,11.369561945876518,10.770111907557714,11.139772415161133,36456200,,
2025-09-12,11.349579551121554,11.499442533375174,11.149763194249607,11.19971752166748,27554700,,
2025-09-15,11.159755157094091,11.889085157139277,11.14976410023877,11.749214172363281,28824000,,
2025-09-16,11.589359796002404,11.759203932616886,11.329598063203841,11.33958911895752,28865200,,
2025-09-17,10.870021115057652,11.489452344512824,10.870021115057652,11.019883155822754,30349600,,
2025-09-18,10.909983372313526,10.999900969509442,10.370478741937562,10.76012134552002,27170000,,
2025-09-19,10.83005753736333,11.089819290027668,10.650222331241928,10.949947357177734,145814100,,
2025-09-22,11.409525163379442,11.509433820218668,10.989910329133997,11.219698905944824,35300200,,
2025-09-23,11.289635629131425,11.559387484862745,11.079828206762803,11.159754753112793,27568900,,
2025-09-24,11.15975417891788,11.419515917589807,10.899992440245953,10.939955711364746,21236000,,
2025-09-25,11.139772859439919,11.679277534323655,11.059846311516374,11.519424438476562,25660500,,
2025-09-26,11.629323819363998,11.94903000179064,11.509434000954009,11.659296035766602,24282800,,
2025-09-29,11.988992882253148,12.028956153748677,11.709249981784449,11.879094123840332,23532600,,
2025-09-30,11.549397790085814,12.248755571809435,11.469470288106328,12.088902473449707,20725500,,
2025-10-01,12.208792180808208,12.538489431231378,12.058929187925196,12.24875545501709,15678200,,
2025-10-02,12.358653879586313,12.458562538749174,11.55938746468219,12.048938751220703,17427000,,
2025-10-03,11.98899347606606,12.188809843440575,11.56937862817978,11.889084815979004,21030600,,
2025-10-06,12.068920213812321,12.708333552318793,11.988993665598965,12.458562850952148,18933900,,
2025-10-07,12.438580628710973,12.448571685350164,11.93903923034668,11.93903923034668,16618200,,
2025-10-08,12.398617215691223,13.347745671362746,12.198800849149785,13.327764511108398,22754800,,
2025-10-09,13.687432976741638,13.827304899561307,12.498524967572784,12.778267860412598,23796600,,
2025-10-10,13.018048016666992,13.137937832800278,12.368644607745138,12.528497695922852,19922100,,
2025-10-13,13.487617267278697,13.717405844858913,13.297791962008066,13.467635154724121,19179800,,
2025-10-14,13.137937221024345,13.63747857471804,13.077992792148832,13.277809143066406,13625100,,
2025-10-15,13.787342305599438,14.626571978093255,13.747379033233045,14.147011756896973,22147200,,
2025-10-16,14.27689239530822,15.425837171531523,14.087067092892031,15.226020812988281,27116000,,
2025-10-17,14.776433796472013,14.866351396189216,13.547562474469057,13.91722297668457,24893200,,
2025-10-20,14.296874890451711,14.546645583519844,14.02712208459433,14.456727981567383,13110000,,
2025-10-21,12.968093385992624,13.147928582398535,12.618415001958347,12.798250198364258,20667600,,
2025-10-22,12.328681164314748,13.187891977725506,12.278726836753759,12.978084564208984,16725100,,
2025-10-23,13.2877999378399,13.33775426278807,12.848203021655399,12.918139457702637,13830600,,
2025-10-24,12.708332277124198,13.068001707993929,12.638395839855447,12.93812084197998,12861900,,
2025-10-27,12.398616704178167,12.858194804663075,12.008975043697184,12.348662376403809,16738200,,
2025-10-28,12.138855059356537,12.898158179778394,12.018965243416174,12.73830509185791,13444200,,
2025-10-29,13.187892544595586,13.23784687430382,12.388626127662606,12.51850700378418,18566200,,
2025-10-30,12.348662722367637,13.02803931241361,12.338672618772522,12.888167381286621,13871100,,
2025-10-31,12.88816656568406,12.938120891696693,12.558469347920015,12.858194351196289,25647700,,
2025-11-03,12.768275987847188,13.207872886989039,12.518505325589148,12.748294830322266,18094600,,
2025-11-04,12.198800242550432,12.428588814446686,11.819148688600514,11.959020614624023,16350000,,
2025-11-05,12.18880981522434,12.368645021844896,11.799168137945928,12.098892211914062,17277800,,
2025-11-06,13.807323763133837,15.405856597860586,13.317773427888621,13.537571907043457,36366700,,
2025-11-07,13.54756239002587,14.047103760630371,13.237846321019278,13.867268562316895,19523000,,
2025-11-10,14.516672396644271,15.285966587700365,14.416764691218525,15.006223678588867,19403800,,
2025-11-11,15.156086255707924,15.335921465831692,14.40677415059171,14.756453514099121,11708800,,
2025-11-12,14.9063136545384,16.085231521258034,14.786423847332935,15.515753746032715,20744600,,
2025-11-13,15.485782830366531,15.505764942975315,14.676525372902663,14.826388359069824,17164400,,
2025-11-14,13.897241238845282,14.796416307445513,13.667452658087182,14.58660888671875,13728100,,
2025-11-17,14.286883566419755,14.696507342930044,13.65746131734313,13.96717643737793,13702900,,
2025-11-18,14.08706715371714,14.36681005688555,13.82730541008955,14.047103881835938,12091800,,
2025-11-19,14.396781385903815,14.836378302321968,13.757369075185771,14.09705638885498,11475600,,
2025-11-20,14.236927605001815,14.676523546906955,13.097973053593867,13.197881698608398,16853900,,
2025-11-21,13.157919864516822,13.387708439162964,12.788259362173319,13.367727279663086,23587500,,
2025-11-24,13.38171858392557,14.521012880189696,13.371724540218297,14.451056480407715,14777000,0.004,
2025-11-25,14.481038806462134,15.250563077407579,14.381101220720021,14.970735549926758,15963300,,
2025-11-26,15.13063648089312,16.199973443919852,15.030697948154817,15.960123062133789,19718000,,
2025-11-28,16.389858556611085,16.94951174271256,16.24994573662802,16.809598922729492,14115700,,
2025-12-01,17.229336934162355,17.38923782262385,16.539763161316554,17.08942413330078,24529400,,
2025-12-02,17.109412580622223,17.53914503604193,16.489795195179894,17.509164810180664,20950500,,
2025-12-03,17.639083800298316,18.108794344060655,17.199355388957727,17.34926414489746,15206700,,
2025-12-04,17.0194700588733,17.23933333401372,16.629709922083144,16.809598922729492,16620200,,
2025-12-05,17.04944766028772,17.469187961709522,16.71965184532551,16.959503173828125,16472900,,
2025-12-08,16.979491892466008,17.04944829427617,15.830203519174365,15.840197563171387,15204800,,
2025-12-09,15.980109285608384,17.269312281464355,15.940134065409438,16.989484786987305,16835700,,
2025-12-10,16.829585057299738,17.429214354381738,16.639702033553824,17.17936897277832,17799900,,
2025-12-11,17.51915780374097,19.66782757668109,17.329274791272738,19.338031768798828,34340600,,
2025-12-12,20.027607309983907,20.177514162245775,18.378626216596196,18.79836654663086,25492400,,
2025-12-15,19.617858576531432,19.727791154700977,18.528534463542723,18.82834815979004,17759100,,
2025-12-16,18.688434167421722,19.288061521789967,18.5085451986437,19.008235931396484,16188100,,
2025-12-17,19.617858241532854,19.717796773965055,19.098181303989552,19.397994995117188,19415400,,
2025-12-18,19.23809367978053,19.947653622619146,18.97825426367699,19.018230438232422,18615300,,
2025-12-19,19.148152049466272,20.557280007868524,19.138158004336635,19.6578369140625,139790100,,
2025-12-22,20.487322256912353,20.93704472745855,20.237476863535374,20.537290573120117,23635000,,
2025-12-23,21.02698910612372,21.176895960093063,19.84771855087185,20.287445068359375,19527700,,
2025-12-24,20.367394751260896,20.367394751260896,19.417983441062564,19.81773567199707,11256400,,
2025-12-26,20.317426389328713,20.367394703264402,19.60786641936319,20.18750762939453,20251800,,
2025-12-29,19.1681394281829,19.7577747257591,18.68843671678268,19.188127517700195,23633100,,
2025-12-30,19.657834303867926,19.927667768031633,19.188125682158805,19.47794532775879,17505900,,
2025-12-31,18.978255932845432,19.64784166618869,18.918293571907416,19.178133010864258,14486900,,
2026-01-02,19.63784811039916,19.667830244698877,18.02884502636368,18.85833168029785,17776600,,
2026-01-05,19.388000510473475,20.447344355365235,19.098180869794966,19.717796325683594,22053100,,
2026-01-06,20.017611342843743,22.266219629284166,19.887690685505955,22.2562255859375,29408700,,
2026-01-07,21.07695917930843,21.39676100275098,19.29805915369773,21.356786727905273,27037000,,
2026-01-08,20.45734039809546,21.106939954530773,20.197500956755157,20.997007369995117,16883800,,
2026-01-09,21.476709866851433,22.606012116624346,21.166902111624218,22.43611717224121,20405700,,
2026-01-12,23.915200898651282,24.874606275788665,23.24561518104409,24.44487190246582,25656800,,
2026-01-13,25.124450409021673,25.464240272989276,24.035124416802407,24.294963836669922,22621800,,
2026-01-14,25.23438424372903,25.33432278038355,23.505454612431333,23.785280227661133,24194200,,
2026-01-15,23.525443459560947,25.374297869524117,23.2156337953254,25.204402923583984,22547300,,
2026-01-16,24.584787371937974,26.56356245273358,24.025134218072058,26.523588180541992,28348400,,
2026-01-20,28.032651155251923,28.332466757966362,26.62352335038414,28.2225341796875,35003700,,
2026-01-21,29.181942450036644,29.311861214725816,27.80279482337494,28.862138748168945,37765500,,
2026-01-22,29.171949143575635,31.71037739077176,29.052022514070483,31.27065086364746,32391700,,
2026-01-23,31.850289427582723,32.140109073047974,30.631042770596018,31.790325164794922,31827600,,
2026-01-26,33.579217806225024,34.14886497203445,29.791562807400243,29.95146369934082,53775700,,
2026-01-27,29.831538445371237,29.971451246753258,27.063251206059505,28.292490005493164,43162100,,
2026-01-28,28.922101061169865,28.97206937355966,26.713466961266512,27.17318344116211,37652400,,
2026-01-29,27.532963240674523,27.982685738220745,25.294348610357165,26.30372428894043,37025900,,
2026-01-30,23.575408955229115,24.98453667097881,22.11631102243614,22.506071090698242,49275800,,
2026-02-02,22.306196877164123,22.955794532148857,20.93704516058894,21.536672592163086,29625500,,
2026-02-03,23.53543536165682,23.66535603404298,22.11631344692782,23.425504684448242,31299300,,
2026-02-04,24.19502705645849,24.384910089755007,21.756537381801348,23.0957088470459,25815800,,
2026-02-05,21.736550036755172,22.865850418341132,20.887075286268843,21.29682159423828,24612600,,
2026-02-06,22.16628323188006,23.19564501529976,22.136301098959166,22.755918502807617,19052800,,
2026-02-09,23.34555258940593,24.105082762682514,23.1156933943447,23.925193786621094,18278400,,
2026-02-10,23.495458851475167,23.84524275112482,22.92581171218491,22.96578598022461,14170600,,
2026-02-11,24.045118369610865,24.244995432189313,22.496077806219166,23.67534828186035,18293400,,
2026-02-12,23.405517039871825,23.555423897943886,20.7571561933684,20.8770809173584,33572300,,
2026-02-13,21.346788639150393,22.855854875571197,21.26683819843394,22.586021423339844,17168200,,
2026-02-17,22.036362381629615,22.036362381629615,20.457339611269862,21.226863861083984,24173500,,
2026-02-18,23.105702064770515,23.51544834405394,21.886455364900698,22.00638198852539,27865300,,
2026-02-19,22.076337787167056,22.835867966217513,21.486702541669583,22.77590560913086,22689500,,
2026-02-20,23.315570349622416,24.045118388107774,22.066343472968473,24.005144119262695,33408600,,
2026-02-23,24.43487899785445,25.194407277844725,23.62537859184782,23.975162506103516,25256300,,
2026-02-24,23.25560757366615,24.02513177328089,22.43611506235441,23.625377655029297,18310000,,
2026-02-25,24.314951387007163,24.38490778577796,23.2556075495446,23.295581817626953,17166100,,
2026-02-26,22.73593025368824,24.594780545941898,22.6659738502024,24.524824142456055,20124400,,
2026-02-27,24.714705208991155,24.994532728475736,24.20502039109193,24.894594192504883,24063200,,
2026-03-02,24.324947412327308,24.634755163339022,23.155670906581552,24.61476707458496,24150600,,
2026-03-03,22.45610498704236,22.635993989011517,20.47732977772007,21.686582565307617,29948300,,
2026-03-04,22.06634375647386,22.386145536019008,21.426740197383563,21.74654197692871,15670400,,
2026-03-05,21.076957650712263,21.27683472895248,20.087570116378277,20.78713607788086,21971600,,
2026-03-06,20.277453274273856,20.827112383547075,19.887693159935353,20.377389907836914,17124900,,
2026-03-09,19.82162437945852,21.141066549527658,18.902012881146238,21.071096420288086,20540100,0.004,
2026-03-10,21.750809404752502,22.67042089838049,21.460930977615963,22.000703811645508,15327200,,
2026-03-11,21.271011751593008,21.510910143844367,20.531324565515575,21.14106559753418,15339600,,
2026-03-12,20.991128738781782,21.171053004446776,20.191467454207253,20.52132797241211,12948100,,
2026-03-13,20.391384277889717,20.661270708890633,19.341828477165876,19.60171890258789,17046300,,
2026-03-16,19.721664851661494,20.14148750419677,19.041951804076483,19.871601104736328,16577500,,
2026-03-17,19.99155400396888,20.281432452167145,19.39180700254118,19.61171531677246,12266900,,
2026-03-18,19.231872787572264,19.441785074891193,18.222299183188305,18.492185592651367,21263200,,
2026-03-19,16.792902730960872,17.872446450714886,16.24313581968115,17.602561950683594,26757800,,
2026-03-20,17.672532189798318,17.84246045725957,16.56300044893115,17.232717514038086,38286800,,
2026-03-23,17.222721939447574,18.252287574667157,17.112769697668615,17.80247688293457,25344500,,
2026-03-24,17.522597439884386,18.04237638519769,17.062790715075042,17.922428131103516,16967200,,
2026-03-25,18.882020238181866,18.922004257289196,18.13233703880618,18.352245330810547,15511400,,
2026-03-26,17.522595789984184,18.012388578927386,17.152751243841017,17.1827392578125,15171600,,
2026-03-27,17.092778731870148,18.262284695275557,17.042798703878304,17.922428131103516,13281800,,
2026-03-30,18.322258404046565,18.45220266077263,16.872870036604073,17.212726593017578,16740300,,
2026-03-31,17.632549672809116,18.69210338678304,17.632549672809116,18.62213134765625,21479300,,
2026-04-01,19.16190379016182,19.76165076658468,18.842039244481114,19.171899795532227,15917700,,
2026-04-02,17.972405842686506,19.251865931952402,17.942419733118367,19.171899795532227,11625100,,
2026-04-06,18.991974970639102,19.391805641343954,18.702096542788695,19.11192512512207,10155100,,
2026-04-07,19.201885228863876,19.41179752116374,18.61213618512381,19.341827392578125,11273100,,
2026-04-08,20.851189985401003,21.041108362513054,19.271857405239647,19.531747817993164,16187500,,
2026-04-09,19.701673899100395,19.8416160618101,18.86203045555717,19.291847229003906,10739200,,
2026-04-10,19.561734471742337,19.741658755318717,19.241869926070144,19.451780319213867,8001700,,
2026-04-13,18.991975377683726,19.43179007815688,18.96198736178451,19.26186180114746,10783800,,
2026-04-14,19.74165861928305,20.031537053390412,19.53174822758578,19.681684494018555,13939000,,
2026-04-15,19.37181363117295,19.57172991979689,18.961986955382603,19.11192512512207,13579100,,
2026-04-16,19.321837027786284,19.521753332090547,19.001972466134,19.101930618286133,9113300,,
2026-04-17,19.961564597675455,20.351401170077246,19.441785678711444,19.531747817993164,12707200,,
2026-04-20,19.191892212080848,19.431790626413967,18.941997792165957,19.321836471557617,11380700,,
2026-04-21,19.11192494981091,19.27185721662581,18.05237129898342,18.082359313964844,14201900,,
2026-04-22,18.512179225237976,19.001972063199943,18.092356520335837,18.95199203491211,11460900,,
2026-04-23,18.442208425998242,18.702096937534602,17.782487328774724,18.422216415405273,12618000,,
2026-04-24,18.522174429793154,18.95199121521972,18.202307982214958,18.79205894470215,9767300,,
2026-04-27,18.702097076068924,18.782065119033167,18.41222054649587,18.612136840820312,7210600,,
2026-04-28,17.98240047415407,18.052370599857934,17.582569822601304,17.83246421813965,11652500,,
2026-04-29,17.61255794497563,17.64254405243757,17.122763248943865,17.46261978149414,10122300,,
2026-04-30,18.122342384370786,18.292270665152778,17.642545558589788,18.01239013671875,11932200,,
2026-05-01,17.702519416974564,18.682106971281748,17.642545291296354,18.052371978759766,11376200,,
2026-05-04,17.692524769659425,18.182317578357353,17.502604486599243,17.572574615478516,9614900,,
2026-05-05,17.86245231111718,17.952412539890144,17.022806985864023,17.042797088623047,11153200,,
2026-05-06,18.542164663467126,19.601718346240098,17.782487326463617,18.142333984375,23606000,,
2026-05-07,19.121920201108427,19.721667191094127,17.962410243522868,18.062368392944336,20351500,,
2026-05-08,18.542164395730637,19.19189138473467,18.27227988282982,18.602140426635742,12249000,,
2026-05-11,19.161901894776065,20.841192500037018,19.141909886012744,20.66126823425293,25351300,,
2026-05-12,20.161481047653904,20.561311721801758,19.161903409012744,20.561311721801758,19138200,,
2026-05-13,20.39138213570669,21.291001571325246,19.78164111179414,21.041107177734375,15390300,,
2026-05-14,20.66126984379663,20.72124396821577,19.291847641515524,19.44178581237793,14480000,,
2026-05-15,18.292270387976814,18.392228535135672,17.532593045272897,17.632549285888672,15505500,,
2026-05-18,17.972405558821595,18.1323378291359,17.072786061667873,17.252710342407227,14143300,,
2026-05-19,16.942841227833032,16.942841227833032,16.263128148960387,16.353090286254883,16063100,,
2026-05-20,16.79290230188586,17.21272495476015,16.39307165784913,17.17274284362793,10224100,,
2026-05-21,16.712937237051122,17.602562621528598,16.59298898947545,17.292692184448242,11622300,,
2026-05-22,17.096731131834037,17.27669702379818,16.706804396917065,16.97675323486328,11826500,0.004,
2026-05-26,17.456661276603548,17.586637492564662,17.17671602435008,17.57663917541504,9775400,,
2026-05-27,17.096731113882825,17.326686683602684,16.906766905121913,16.9367618560791,10731900,,
2026-05-28,16.676811612929676,17.786600026022565,16.37686781931819,17.586637496948242,17176200,,
2026-05-29,17.61663252587538,17.92657273101797,17.18671442136378,17.766603469848633,19177300,,
2026-06-01,17.146721056113286,17.70661346705605,16.756796222579716,17.53664779663086,17577400,,
2026-06-02,17.59663590398785,17.866584747521944,17.28669569862501,17.79659652709961,18613000,,
2026-06-03,17.426667819240336,17.426667819240336,16.656814579815784,16.666812896728516,19566500,,
2026-06-04,16.916765172184544,17.166717375138226,16.576830023608817,16.8267822265625,19893100,,
2026-06-05,16.246893218736695,16.246893218736695,14.607206421403998,14.77717399597168,27208400,,
2026-06-08,15.107110878671218,15.237086139274949,14.72718341386616,14.887153625488281,20561500,,
2026-06-09,15.007130392826674,15.09711333784102,13.807360017450033,14.50722599029541,22356200,,
2026-06-10,14.067309370169708,14.527221451708966,13.957330746526916,14.047313690185547,22673300,,
2026-06-11,14.087306423384161,14.99713229683333,13.907340530704722,14.987133979797363,24481600,,
2026-06-12,14.987133175853474,15.38705725441139,14.76717593381316,15.287075996398926,17205200,,
2026-06-15,16.566831629989665,17.13672234496946,16.286886384446728,16.656814575195312,31164700,,
2026-06-16,16.8967684877519,17.136722373031912,16.496845345618546,16.7168025970459,22060800,,
2026-06-17,16.676810923562773,17.37667593242468,16.006938957933393,16.056928634643555,36208800,,
2026-06-18,16.10692017049539,16.446855310669783,15.647007136795478,15.956948280334473,42034500,,
2026-06-22,15.537028522676218,16.036933870016824,15.457043895939792,15.976943969726562,29506500,,
2026-06-23,15.08711432389355,15.457043450256087,14.827163817749517,15.067117691040039,37493900,,
2026-06-24,14.417243049893582,14.82716450754165,14.267272110483013,14.517224311828613,32654800,,
2026-06-25,14.9871331066691,15.297074242283418,14.457234730029844,15.147102355957031,30127200,,
2026-06-26,15.217089810061578,15.976943753787705,15.127106867826287,15.537028312683105,112442700,,
2026-06-29,15.54702655979389,15.577020555907648,14.957139233102295,15.397054672241211,24042800,,
2026-06-30,15.527029941814503,15.617012883735178,15.047122189560161,15.42704963684082,25892400,,
2026-07-01,15.257082146952987,16.186904613528267,15.21708983406222,15.587018966674805,26193800,,
2026-07-02,16.146911705248467,16.666812737850652,15.836971511844215,16.32687759399414,28609500,,
2026-07-06,16.456851959228516,16.646816165490847,16.06692713683358,16.456851959228516,38120100,,
2026-07-07,16.1469113319606,16.226895957666915,15.197093186579144,15.557024955749512,29853800,,
2026-07-08,15.177097275024288,15.517032405828605,14.66719457881781,15.087114334106445,29476100,,
2026-07-09,15.517032753654611,16.05692850427996,15.357062547608187,15.786980628967285,22924900,,
2026-07-10,15.686999383700389,15.88696190306804,15.407053191474422,15.816974639892578,20580100,,
2026-07-13,15.297074292881245,15.42704954673059,14.937142527300924,15.24708366394043,25713600,,
2026-07-14,15.896959107994917,16.046930042535795,15.407053038103303,15.49703598022461,30191500,,
2026-07-15,15.447045331211598,15.706995840677278,14.797170011039348,15.457043647766113,38379700,,
2026-07-16,15.007130397627915,15.047122711703532,14.377250735817965,14.517224311828613,41443800,,
2026-07-17,14.247275389732021,14.757178106202609,14.087306134406028,14.32726001739502,71450600,,
2026-07-20,14.257273687974998,14.487229253833316,14.057312119078203,14.287267684936523,89663500,,
2026-07-21,14.717185304806929,15.38705725441139,14.55721605478054,15.287075996398926,76624300,,
2026-07-22,15.61701301158019,16.186904663912436,15.557025018803293,15.686999320983887,36206400,,
2026-07-23,15.26708033176124,15.467041894488982,14.897150248849988,15.317070007324219,48310600,,
2026-07-24,15.367060545502163,15.487037482429296,14.997131418270524,15.137104988098145,37112100,,
2026-07-27,15.237085317257273,15.3470648914075,14.687190306981954,15.187094688415527,42460200,,
2026-07-28,14.827164521547667,14.957139780789193,14.297266121172196,14.547218322753906,29208200,,
2026-07-29,14.457235189969351,14.647198441169238,13.78736322214602,14.147294044494629,40430600,,
2026-07-30,14.587210807266025,14.947141638491063,14.147294393387877,14.927145957946777,27889800,,
2026-07-31,14.647198426537324,14.727183053646003,13.937334145828826,14.117300033569336,26518700,,
2026-08-03,13.9373342874932,14.527221633534522,13.777365031649856,14.427241325378418,19923300,,
2026-08-04,14.997131541057723,15.696997488942028,14.987133224525618,15.387057304382324,33671100,,
2026-08-05,16.466850313356158,16.966754715295153,15.567022771262765,16.53683853149414,46812300,,
2026-08-06,16.1069201218646,16.406861994296914,15.657005406232214,15.856966972351074,35508700,,
2026-08-07,16.856777186590563,17.02674476097078,16.336876146488255,16.846778869628906,39091600,,
2026-08-10,16.756796226427106,17.576639162241825,16.66681327913193,17.54664421081543,45637600,,
2026-08-11,17.366680312683414,17.776601782702716,17.24670241334371,17.75660514831543,35855200,,
2026-08-12,18.236511156821187,18.586444596605055,17.806593094256762,18.096538543701172,49224800,,
2026-08-13,17.71661186652952,17.856586400153713,17.40667166169026,17.72661018371582,32885400,,
2026-08-14,18.086540367658202,18.826398610858483,17.976560795363618,18.366487503051758,41165400,,
2026-08-17,18.4964620303838,19.056354401131827,18.38648245672506,18.8164005279541,45489600,,
2026-08-18,18.26650796646644,18.426477228325147,17.806594908384636,17.946569442749023,56515400,,
2026-08-19,18.986368899193486,20.566066728247982,18.94637753879137,20.536073684692383,65495900,,
2026-08-20,20.246128343311035,21.17595083901016,20.236130026402186,20.81601905822754,31037300,,
2026-08-21,21.325921731445348,21.445899627101834,20.486082182801834,20.71603775024414,30483800,,
2026-08-24,20.96598980011681,21.065971061278173,20.10615553089056,20.396099090576172,24502700,,
2026-08-25,19.946186507733117,20.916000366210938,19.856203562340085,20.916000366210938,31847200,,
2026-08-26,20.5,21.1299991607666,20.450000762939453,20.700000762939453,35457300,0.004,
2026-08-27,20.559999465942383,21.479999542236328,20.559999465942383,21.43000030517578,33983100,,
2026-08-28,21.600000381469727,21.690000534057617,20.15999984741211,20.3799991607666,28531500,,
2026-08-31,20.360000610351562,20.450000762939453,19.549999237060547,19.8700008392334,24854800,,
2026-09-01,18.959999084472656,20.170000076293945,18.90999984741211,19.110000610351562,30811600,,
2026-09-02,19.579999923706055,20.790000915527344,19.579999923706055,20.770000457763672,28249300,,
2026-09-03,21.59000015258789,21.6200008392334,20.559999465942383,21.209999084472656,29481900,,
2026-09-04,20.6200008392334,20.969999313354492,20.31999969482422,20.68000030517578,17929400,,
2026-09-08,20.68000030517578,20.84000015258789,20.420000076293945,20.459999084472656,25520400,,
2026-09-09,20.989999771118164,21.18000030517578,20.59000015258789,20.850000381469727,27512400,,
2026-09-10,20.030000686645508,20.530000686645508,19.75,20.020000457763672,20377800,,
2026-09-11,20.389999389648438,20.700000762939453,19.700000762939453,19.780000686645508,23107800,,
