date,open,high,low,close,volume,div,split
2016-09-12,9.112835877955135,9.418503172028506,9.073253514582138,9.363526344299316,21937448,,
2016-09-13,9.279961516576238,9.39871002980489,9.25797179955219,9.306349754333496,20650988,,
2016-09-14,9.29315531313835,9.418501242289166,9.275563395797155,9.394311904907227,18886212,,
2016-09-15,9.376719693761004,9.737362314806886,9.363524853077443,9.732964515686035,22183488,,
2016-09-16,9.70657691160013,9.816529113407684,9.658197509808476,9.790140151977539,28129562,,
2016-09-19,9.838519747089078,10.115598435095848,9.834121225934016,9.974860191345215,20660279,,
2016-09-20,10.007845924918193,10.09140988920251,9.948472023010254,9.948472023010254,16635035,,
2016-09-21,9.939678751224738,10.168378829956055,9.926483905277259,10.168378829956055,18368841,,
2016-09-22,10.177176174167057,10.348701972080862,10.177176174167057,10.22115707397461,17617129,,
2016-09-23,10.172775223329381,10.232149131022895,10.076017129377181,10.106803894042969,12469050,,
2016-09-26,10.05402685238109,10.100205914337064,9.95726876377551,10.023240089416504,13948729,,
2016-09-27,9.979257221182106,10.126593596132187,9.922522436772343,10.080413818359375,22581969,,
2016-09-28,10.115596794922258,10.199161466713328,10.036432086893958,10.133190155029297,12168813,,
2016-09-29,10.098007276089271,10.251941094900147,10.060623812588458,10.071619033813477,15577065,,
2016-09-30,10.150781531932294,10.243141796373903,9.935275691556031,10.005644798278809,27890404,,
2016-10-03,9.935276915646279,10.043029488280018,9.91768427596785,9.961665153503418,20113314,,
2016-10-04,9.974859673237017,10.08481187149398,9.79013983583321,9.847314834594727,15717118,,
2016-10-05,9.878104794881173,10.05842615660768,9.878104794881173,10.027639389038086,12511204,,
2016-10-06,10.001249153293884,10.049627834375592,9.952869750551608,9.974860191345215,11269994,,
2016-10-07,9.994700327758876,10.00792652246736,9.774261337901125,9.849210739135742,16110609,0.031966,
2016-10-10,9.910935368459231,10.003519474882605,9.893300679500763,9.919753074645996,15833256,,
2016-10-11,9.919748309994642,9.919748309994642,9.653017347305305,9.690491676330566,17394317,,
2016-10-12,9.734581347629295,9.752216754947023,9.611135666649755,9.699311256408691,13356341,,
2016-10-13,9.602322612965265,9.677271316176327,9.461241466977421,9.593504905700684,23763648,,
2016-10-14,9.496507067862572,9.677266725673249,9.467850437115166,9.492097854614258,23332992,,
2016-10-17,9.47886986683391,9.56263694512733,9.35101572830908,9.37746810913086,20037265,,
2016-10-18,9.49650930379399,9.518553204981323,9.302522683979474,9.46564769744873,20106431,,
2016-10-19,9.527370032922091,9.686085817491396,9.500916919883933,9.580275535583496,30091857,,
2016-10-20,9.53618857557711,9.659634277029003,9.496509264239194,9.646408081054688,18222937,,
2016-10-21,9.567049006955918,9.580275925721091,9.456830230094008,9.536188125610352,20590424,,
2016-10-24,9.55823040008545,9.606727409678777,9.518551817779858,9.55823040008545,15560891,,
2016-10-25,9.558230030138432,9.567047733670014,9.430375860882462,9.522960662841797,15908616,,
2016-10-26,9.49209829420774,9.615543972825757,9.465645907152037,9.611135482788086,13082601,,
2016-10-27,9.646408201875172,9.871254983084654,9.646408201875172,9.783080101013184,21757478,,
2016-10-28,9.787483849643666,9.915338705016179,9.69930828688045,9.77425765991211,12916567,,
2016-10-31,9.80953041436643,9.928567601228675,9.796304221029475,9.906523704528809,14006884,,
2016-11-01,9.884480025102386,9.94620323110203,9.597910064146602,9.73458194732666,12696336,,
2016-11-02,9.716949496390516,9.77426350175891,9.642000078563358,9.708131790161133,14294905,,
2016-11-03,9.73017267136843,9.778669678857007,9.593500799222564,9.611135482788086,12041664,,
2016-11-04,9.540596359838714,9.87522278262228,9.487690856444747,9.716947555541992,13275991,,
2016-11-07,9.86684466154501,10.22395623155794,9.862436171454602,10.188685417175293,18590104,,
2016-11-08,10.188688193399122,10.356221713706995,10.091695597662751,10.246002197265625,22014013,,
2016-11-09,9.893296449762207,10.3826698912147,9.858025640094684,10.241589546203613,26421737,,
2016-11-10,10.294495743780208,10.444393801495371,10.100509170954936,10.171050071716309,22441744,,
2016-11-11,10.149006303900668,10.307722066640089,10.104918511649183,10.276861190795898,16257201,,
2016-11-14,10.294496536254883,10.413533727678706,10.171050854688083,10.294496536254883,21289487,,
2016-11-15,10.347402667161802,10.373855056465343,10.201912355747623,10.32094955444336,25421921,,
2016-11-16,10.276861119919195,10.42675917849155,10.232772604556965,10.37385368347168,19870715,,
2016-11-17,10.3474025001898,10.43557737091706,10.254817692291608,10.404716491699219,18754934,,
2016-11-18,10.443953373633768,10.514934111490216,10.259225061114568,10.276861190795898,28549550,,
2016-11-21,10.325360539870562,10.382674546154163,10.056425197777859,10.193097114562988,40098274,,
2016-11-22,10.18427510913358,10.290086086563958,9.966041143732344,10.082873344421387,41580190,,
2016-11-23,10.007925823047588,10.417942170845379,9.906524039482628,10.382671356201172,37097794,,
2016-11-25,10.149006080947256,10.312130329962386,10.012333493921192,10.237181663513184,18320149,,
2016-11-28,10.126963872562804,10.312132784712722,10.087286008426696,10.29008960723877,37604498,,
2016-11-29,10.23718256753192,10.53697943004739,10.23718256753192,10.466439247131348,24233188,,
2016-11-30,10.488483051488364,10.534775817936733,10.417942864334028,10.492892265319824,24902141,,
2016-12-01,10.484071938129965,10.53697742696709,10.285676897551793,10.303312301635742,20974453,,
2016-12-02,10.298902914849918,10.536977248886018,10.290085936371678,10.514932632446289,12629234,,
2016-12-05,10.545796576372634,10.678059231495821,10.506117273445303,10.673650741577148,17673908,,
2016-12-06,10.651607329508693,10.66042503316182,10.532570862143466,10.563431739807129,16941294,,
2016-12-07,10.510523386563063,10.929357323886926,10.497297196383137,10.880860328674316,28028909,,
2016-12-08,10.86763824217334,10.929361450872896,10.805915756888718,10.863229751586914,12216300,,
2016-12-09,10.827958776816013,10.92054285892742,10.722148500605103,10.805914878845215,22907671,,
2016-12-12,10.648987749168901,10.706454143554847,10.47658784067255,10.564998626708984,21249914,0.037778,
2016-12-13,10.538471802332248,10.706450718858807,10.498687722947112,10.578256607055664,18690585,,
2016-12-14,10.49426744300958,10.777179109698865,10.489846506214548,10.573836326599121,16920304,,
2016-12-15,10.542892625485258,10.551734499645976,10.463323736760355,10.489847183227539,27706305,,
2016-12-16,10.445643964657348,10.514161610497178,10.335131398677479,10.383756637573242,35485116,,
2016-12-19,10.352811189826234,10.564995860210406,10.352811189826234,10.489847183227539,11699617,,
2016-12-20,10.507533046923086,10.600362602378627,10.454486861324208,10.53847599029541,15602185,,
2016-12-21,10.538473202524283,10.626883246688875,10.518580797519576,10.560576438903809,9327829,,
2016-12-22,10.569415549479894,10.604779417683025,10.39701569464949,10.503108024597168,11015867,,
2016-12-23,10.507532684920037,10.538475627226322,10.467747865756893,10.529634475708008,10125823,,
2016-12-27,10.52521326407772,10.564998079466427,10.441224145968246,10.494270324707031,6512137,,
2016-12-28,10.529634025492532,10.529634025492532,10.295348234975085,10.299768447875977,11347591,,
2016-12-29,10.290925168093235,10.374914998545249,10.246720146873937,10.317448616027832,8858805,,
2016-12-30,10.268826878810183,10.366078110538512,10.180416800027821,10.229042053222656,10862394,,
2017-01-03,10.251141616397218,10.374915537169429,10.158310631814258,10.255561828613281,13861841,,
2017-01-04,10.299767973258119,10.481009024597675,10.27324452105945,10.36607551574707,11969056,,
2017-01-05,10.366075268255438,10.423541658639483,10.313029090463067,10.414700508117676,19883103,,
2017-01-06,10.419119905545683,10.419119905545683,9.9063412298201,10.211356163024902,25019655,,
2017-01-09,10.229038570384185,10.248046788877465,9.950547062109779,9.972649574279785,24591408,,
2017-01-10,10.030114657922491,10.1715715878411,9.950545769514303,10.145048141479492,23212897,,
2017-01-11,10.131787697803436,10.158310421226792,9.994752417885449,10.061059951782227,15961609,,
2017-01-12,10.047798293663295,10.096422801612782,9.912972398446463,10.056638717651367,14234514,,
2017-01-13,10.05664064700316,10.18925573632662,10.052220434161113,10.140629768371582,9905248,,
2017-01-17,10.092002446633334,10.162730189566009,10.005802511264017,10.030115127563477,10155589,,
2017-01-18,10.065481754285372,10.162732239095828,9.98591284610477,10.105266571044922,14536128,,
2017-01-19,10.074320427374047,10.114105234348067,10.025694471590434,10.065479278564453,9976651,,
2017-01-20,10.074322317519558,10.122947557087922,10.008014777014447,10.114107131958008,15579301,,
2017-01-23,10.087582177441838,10.136207409764747,9.897500009379819,9.977068901062012,15614573,,
2017-01-24,10.038959675353478,10.206938665689947,10.016857157537137,10.118529319763184,14144701,,
2017-01-25,10.175994145522926,10.229039599798519,10.094214407060827,10.15831184387207,12553013,,
2017-01-26,10.149470782038131,10.206937174899553,9.999174118041992,9.999174118041992,10554758,,
2017-01-27,10.047798917361941,10.078741853917647,9.937285631929127,9.968229293823242,11716995,,
2017-01-30,9.941707837195043,9.941707837195043,9.720681963484996,9.791410446166992,16078951,,
2017-01-31,9.786985585063087,10.03011315081857,9.65437054919646,10.0256929397583,21481845,,
2017-02-01,10.047801570476215,10.069903362992648,9.888663006716811,9.98591423034668,16757711,,
2017-02-02,9.84003368376085,10.050008257269882,9.84003368376085,10.030115127563477,14275291,,
2017-02-03,10.05664108754636,10.423542705679463,10.05664108754636,10.388178825378418,23112761,,
2017-02-06,10.321870825834665,10.458906128002623,10.304189249127656,10.40585994720459,9451537,,
2017-02-07,10.40585852579586,10.51858119125754,10.397017375980777,10.472166061401367,11192397,,
2017-02-08,10.441224165983103,10.556156949022057,10.410279775876145,10.44564437866211,10469074,,
2017-02-09,10.44564298222075,10.662247155966108,10.41469932158902,10.64456558227539,12060590,,
2017-02-10,10.644563090628496,10.724131966957437,10.600357353403297,10.604778289794922,14299723,,
2017-02-13,10.618045258240468,10.710875535772484,10.591521803703788,10.662249565124512,11128048,,
2017-02-14,10.644569528683492,10.675513200787398,10.591523337268033,10.671092987060547,16786616,,
2017-02-15,10.706451253349275,10.80370316427006,10.648984874476374,10.777179718017578,11762417,,
2017-02-16,10.772761800202364,10.821387769290919,10.702034041049854,10.755080223083496,11783408,,
2017-02-17,10.719710854838521,10.794860244220338,10.66666469637607,10.786018371582031,13047673,,
2017-02-21,10.786022644117416,10.918638455474118,10.768341067851413,10.900956153869629,16285418,,
2017-02-22,10.84790907652793,10.998206451710727,10.83022677638698,10.954001426696777,13138519,,
2017-02-23,10.976104122342496,10.989366211215108,10.830227672790155,10.900956153869629,22893390,,
2017-02-24,9.780354966298011,10.158307661772996,9.769303713650565,10.149466514587402,80662819,,
2017-02-27,10.061056513507731,10.061056513507731,9.84445168666563,9.862133979797363,32712094,,
2017-02-28,9.756047688564369,10.111898073265687,9.72510401916891,10.08758544921875,31589602,,
2017-03-01,10.171571410317686,10.299765526810651,10.136206815786089,10.246719360351562,22835751,,
2017-03-02,10.220196092824917,10.25998089969817,10.096422185819035,10.145048141479492,18544338,,
2017-03-03,10.127366486966087,10.286504273887292,10.114105850950748,10.189253807067871,19903406,,
2017-03-06,10.100842236854739,10.224616133003407,10.092001088843064,10.19809341430664,26772730,,
2017-03-07,10.15389227601104,10.251144222875961,10.034539262446332,10.08758544921875,23911616,,
2017-03-08,10.078743025491535,10.100845540079659,9.977070878115375,9.999174118041992,21858303,,
2017-03-09,9.959385953928713,10.030113686701092,9.893078432452763,9.932863235473633,18977230,,
2017-03-10,9.959388179485632,10.030115928063063,9.813511744708176,9.888660430908203,19189374,,
2017-03-13,9.837674654474766,9.944075422157729,9.828807741971518,9.895308494567871,17357669,0.037778,
2017-03-14,9.859843443011373,9.899744193121556,9.76230884187148,9.855409622192383,17357669,,
2017-03-15,9.855408917260506,10.130278872647779,9.802208163402955,10.059344291687012,24111717,,
2017-03-16,10.063778052595998,10.134712633136724,9.975110372509157,10.037178039550781,17717954,,
2017-03-17,10.041611854553688,10.192346485067697,9.979544183049477,10.130279541015625,21287078,,
2017-03-20,10.094812229658919,10.225597207728242,10.046044567480266,10.174612998962402,14750165,,
2017-03-21,10.17461380132444,10.232247654396799,9.842109963462176,9.864276885986328,27868897,,
2017-03-22,9.850980160380313,9.997281752298028,9.797779383105032,9.975114822387695,15644338,,
2017-03-23,9.952944827293907,10.17904715176617,9.92191098948637,10.108113288879395,16796251,,
2017-03-24,10.134711227325024,10.303178923178931,10.032742827407784,10.094810485839844,15784392,,
2017-03-27,9.997279405235034,10.130280953472234,9.921911715743505,10.072647094726562,11508463,,
2017-03-28,10.059345609832608,10.28988175512268,10.032745593144293,10.201214790344238,14497071,,
2017-03-29,10.196779483363258,10.609084803529779,10.154662914648128,10.493816375732422,29644340,,
2017-03-30,10.462784162458272,10.560318043036272,10.427316503209331,10.471651077270508,15394686,,
2017-03-31,10.387418137918939,10.640120504319679,10.387418137918939,10.507118225097656,24476303,,
2017-04-03,10.651824525840787,10.687331473261843,10.24350554228335,10.397364616394043,41268108,,1.3348
2017-04-04,10.296760115365537,10.598562513930691,10.267172457952622,10.592644691467285,24554419,,
2017-04-05,10.63998654372247,10.710998230927164,10.521632276810537,10.592644691467285,24502601,,
2017-04-06,10.639989254783591,10.7287544319958,10.598565214436999,10.66365909576416,15977155,,
2017-04-07,10.628153907652885,10.918120015929313,10.598565514411368,10.817519187927246,36280967,,
2017-04-10,10.853023898335572,10.953624712368942,10.793847120069392,10.829353332519531,28411107,,
2017-04-11,10.805681963685238,10.85894091467646,10.705081157127962,10.758340835571289,14620998,,
2017-04-12,10.847105227371538,10.853022322377212,10.616315243684532,10.68140983581543,17688947,,
2017-04-13,10.657741368962444,10.746507274436194,10.616318055690423,10.645906448364258,20986725,,
2017-04-17,10.663658307287118,10.728753638705571,10.639988468056712,10.716917991638184,10234660,,
2017-04-18,10.69916587583817,10.770177584877931,10.642356945077728,10.728754997253418,10324761,,
2017-04-19,10.740588867275083,10.823436216773361,10.70508265250376,10.746506690979004,9413567,,
2017-04-20,10.787927530217159,10.894445422672995,10.755380598481219,10.847105026245117,13204387,,
2017-04-21,10.829351708204088,10.8382280781222,10.663656317440463,10.734668731689453,15784063,,
2017-04-24,10.799764248083507,10.97137674851636,10.773134408597327,10.912199974060059,18105939,,
2017-04-25,10.941789757076537,11.000967266533923,10.900365718692028,10.959543228149414,11001357,,
2017-04-26,10.947706345774005,11.113401753168,10.900364489039097,11.012800216674805,14089028,,
2017-04-27,11.006882349518861,11.042387827919367,10.906280826726674,11.02463436126709,17807277,,
2017-04-28,11.018716539049663,11.066058389337044,10.941787032579203,11.02463436126709,11964369,,
2017-05-01,11.060142374559318,11.142989716786051,11.030553986088902,11.083813667297363,10576116,,
2017-05-02,11.0778957124515,11.148907407465233,11.042389501218567,11.066060066223145,10110143,,
2017-05-03,11.042390322720994,11.107484926915419,10.989131365635442,11.048307418823242,14169590,,
2017-05-04,11.095648765563965,11.1252378819648,11.012800694545934,11.095648765563965,8458547,,
2017-05-05,11.148906027337663,11.154823849719271,11.048305229206454,11.142988204956055,16416704,,
2017-05-08,11.14890606886397,11.214000660400032,11.101564944538861,11.178494453430176,11736345,,
2017-05-09,11.166658677943,11.225836173834923,11.027593126618866,11.11340045928955,21023203,,
2017-05-10,11.119320874080179,11.243592262268066,11.095649579223661,11.243592262268066,14653868,,
2017-05-11,11.196247056585669,11.276135106787532,11.128193922825716,11.160740852355957,16039543,,
2017-05-12,11.172578811645508,11.255426886562475,11.148908244863026,11.172578811645508,12393091,,
2017-05-15,11.184415025858463,11.320522064800242,11.166661554282287,11.237674713134766,13808928,,
2017-05-16,11.243590480874493,11.338272735490621,11.193289351000026,11.308684349060059,12260839,,
2017-05-17,11.308681979348627,11.308681979348627,11.077892759042067,11.125234603881836,16809591,,
2017-05-18,11.036470223846479,11.219918351500526,10.959540715855445,11.11340045928955,16026524,,
2017-05-19,11.148905306057152,11.243589003133218,10.929950984267244,10.965457916259766,25988818,,
2017-05-22,10.959544206462557,11.15482731353089,10.953626382243337,11.119321823120117,17436561,,
2017-05-23,11.166657946850917,11.184411412691768,11.095646265843483,11.160740852355957,17918260,,
2017-05-24,11.148907424634507,11.231755493456316,11.11340194079903,11.19033145904541,15162120,,
2017-05-25,11.225839829280325,11.243593302064536,11.131156823454685,11.148909568786621,23348044,,
2017-05-26,11.154823849719271,11.178494411793661,11.089729258425667,11.142988204956055,17319777,,
2017-05-30,11.113400003484895,11.20216515250411,11.060140332111759,11.154823303222656,22861704,,
2017-05-31,11.125236965023444,11.16961881733636,10.98321212781373,11.13115406036377,30786476,,
2017-06-01,10.85894194197276,10.870777588846996,10.338185846193316,10.367774963378906,50115031,,
2017-06-02,10.261256028061519,10.403280149197293,10.030466012832212,10.296761512756348,38591113,,
2017-06-05,10.261253218790078,10.26717104043645,10.13698260147602,10.15473461151123,20008631,,
2017-06-06,10.142902024605348,10.172490412179116,10.077807426452637,10.077807426452637,17818492,,
2017-06-07,10.077808105856121,10.20207948753422,10.065972459047856,10.083725929260254,18744767,,
2017-06-08,10.083727561380215,10.131069428823707,10.048221342660668,10.089645385742188,13795265,,
2017-06-09,10.083725618576294,10.249421031526003,9.944660046398619,10.054137229919434,13561698,,
2017-06-12,10.03334685458707,10.05116850779621,9.837313050762436,10.0095853805542,14894653,0.050427,
2017-06-13,9.991761264096528,10.080867317437141,9.979880164886126,10.027403831481934,15699633,,
2017-06-14,10.009584945071955,10.068988262446705,9.890776849830553,9.944239616394043,14685190,,
2017-06-15,9.920479860703155,9.956121708625089,9.783850099433662,9.813552856445312,23054281,,
2017-06-16,9.8491931307329,9.867014051846565,9.76602761512595,9.795729637145996,19348535,,
2017-06-19,9.807611052896506,9.96206098816218,9.807611052896506,9.93235969543457,14374026,,
2017-06-20,9.914537263862991,9.944238554255012,9.789788631134666,9.884835243225098,17374431,,
2017-06-21,9.920477874281834,9.973941365705524,9.825430531368355,9.843252182006836,13225011,,
2017-06-22,9.82543169383956,9.950180342084744,9.801670950668814,9.908597946166992,12152305,,
2017-06-23,9.950180600103053,10.098690725615965,9.896717831213584,10.0095853805542,22420479,,
2017-06-26,10.021463337848147,10.086807923378718,9.973940401232719,9.985820770263672,14030636,,
2017-06-27,9.944239869764273,9.973942624577374,9.801671028137207,9.801671028137207,12662749,,
2017-06-28,9.855134862491369,10.074929413638284,9.801671362495957,10.039287567138672,13041329,,
2017-06-29,9.950178031492058,9.979880048927146,9.724442991083702,9.890774726867676,16378163,,
2017-06-30,9.938300258945276,9.97988192276858,9.849193459663356,9.855134010314941,11318065,,
2017-07-03,9.902655601501465,10.033344776989507,9.902655601501465,9.902655601501465,5886347,,
2017-07-05,9.932360838430855,10.092751342797841,9.926420287103333,10.06304931640625,13925067,,
2017-07-06,10.009583482330175,10.051166601686333,9.754145676741771,9.789788246154785,18738064,,
2017-07-07,9.813550220079724,9.89077517682581,9.742264352648414,9.867012977600098,17037615,,
2017-07-10,9.867014646585512,10.000673753732089,9.861074095774251,9.944239616394043,13109903,,
2017-07-11,9.926418972368507,10.009584489200652,9.843252725290446,9.968001365661621,11760449,,
2017-07-12,9.95017864968318,10.009583418489889,9.846221582201657,9.9739408493042,13454195,,
2017-07-13,9.973940898573773,10.193735404187233,9.956119248769971,10.152153015136719,17708927,,
2017-07-14,10.158092948954344,10.235317902682706,10.11056928260583,10.211556434631348,7901054,,
2017-07-17,10.211559569575755,10.288785277258174,10.155126156909471,10.235321044921875,9965388,,
2017-07-18,10.217495971923764,10.247198718975318,10.12839065175222,10.18779468536377,13542750,,
2017-07-19,10.247201801444298,10.520460584305772,10.247201801444298,10.496698379516602,17298122,,
2017-07-20,10.496696794533658,10.651148181357383,10.484816424178987,10.633326530456543,18859617,,
2017-07-21,10.609565053795343,10.710551487862237,10.556101561613355,10.698670387268066,15243714,,
2017-07-24,10.680851111014888,10.752135529943294,10.567982836447836,10.597684860229492,14075236,,
2017-07-25,10.597683232821177,10.698669660023494,10.538279194380106,10.621444702148438,9928136,,
2017-07-26,10.633326149574543,10.66896871985363,10.425412008233376,10.461053848266602,10281322,,
2017-07-27,10.514521125541801,10.514521125541801,10.333338311552911,10.4254150390625,13184408,,
2017-07-28,10.395711785006252,10.42541381033203,10.270963132588788,10.401652336120605,11777593,,
2017-07-31,10.45511510541182,10.54125200120096,10.395711785006252,10.401652336120605,11294347,,
2017-08-01,10.4254150390625,10.45511633764286,10.363040340379344,10.4254150390625,9943346,,
2017-08-02,10.449176843179648,10.478878872935887,10.259083560641287,10.306607246398926,10271654,,
2017-08-03,10.30066186997095,10.312542238161488,10.19373417478159,10.270959854125977,8584869,,
2017-08-04,10.270963132588788,10.43729418231475,10.270963132588788,10.401652336120605,8123922,,
2017-08-07,10.389769214204117,10.481845182716805,10.366007744611732,10.47293472290039,5909292,,
2017-08-08,10.449173253308006,10.51451784237145,10.407590864082792,10.47293472290039,10173948,,
2017-08-09,10.42540977403037,10.51451581550941,10.360065197563268,10.478873252868652,8984846,,
2017-08-10,10.455112681771457,10.455112681771457,10.140271578401146,10.169974327087402,12069036,,
2017-08-11,10.217497426477367,10.318484590091751,10.19076604569418,10.276902198791504,6805276,,
2017-08-14,10.389773791986897,10.603628573035476,10.371952864502086,10.4432373046875,10254124,,
2017-08-15,10.431352441290507,10.597683460399011,10.41353152147383,10.544219970703125,10719969,,
2017-08-16,10.53827965257991,10.615504613812673,10.410561110427627,10.455113410949707,6336337,,
2017-08-17,10.407591383440016,10.502637266552517,10.276902198791504,10.276902198791504,11823997,,
2017-08-18,10.253140622300922,10.33630540404397,10.15215345972774,10.20561695098877,12322840,,
2017-08-21,10.21749826186988,10.3066050625036,10.146213843707221,10.282843589782715,7851557,,
2017-08-22,10.31254567387652,10.51452003310848,10.306605852925227,10.496698379516602,7026468,,
2017-08-23,10.425411614364105,10.544219690641949,10.413531244883822,10.520458221435547,9091317,,
2017-08-24,10.526397826336476,10.728371391828334,10.490755260603613,10.663026809692383,8553933,,
2017-08-25,10.6867882767657,10.77589432597497,10.576890670025113,10.663026809692383,11647146,,
2017-08-28,10.680851910333063,10.680851910333063,10.499669113558294,10.567983627319336,9661184,,
2017-08-29,10.484817140922171,10.66005937040762,10.443234016223474,10.645208358764648,7612447,,
2017-08-30,10.621448102310943,10.686792711563555,10.559074134078855,10.680852890014648,8092342,,
2017-08-31,10.680851533369694,10.772927518635424,10.663029880248406,10.728374481201172,14603081,,
2017-09-01,10.81959940780835,11.018686336304903,10.582226419178486,10.957428932189941,22355800,,1.289
2017-09-05,10.873201476528482,11.026345015304322,10.589885747231682,10.750686645507812,26755900,,
2017-09-06,10.942114639976692,10.965085984848335,10.413769326453624,10.543941497802734,40580300,,
2017-09-07,10.513312624087876,10.543942059208758,10.145768165588379,10.145768165588379,27036800,,
2017-09-08,10.175629777197997,10.249139245398915,10.00028095306217,10.046223640441895,24308700,,
2017-09-11,10.184056419261543,10.31422862553432,10.138112986946293,10.222342491149902,16505900,,
2017-09-12,10.280047352668012,10.318520731530707,9.99534552319393,10.095376014709473,19398000,0.065,
2017-09-13,10.064599004487858,10.195408072424467,9.97995814504249,10.180018424987793,24975000,,
2017-09-14,10.141546024038472,10.410858256450211,10.103072638317139,10.364690780639648,16071700,,
2017-09-15,10.287744698686907,10.433943427462529,10.249271310387067,10.403164863586426,15606000,,
2017-09-18,10.441637090863887,10.557057251041167,10.395469613848029,10.418553352355957,12586100,,
2017-09-19,10.433942300740027,10.495499421844906,10.364690356042344,10.38007926940918,10087500,,
2017-09-20,10.449331979552577,10.52627875347965,10.387774853938447,10.487805366516113,17348000,,
2017-09-21,10.464720076833869,10.695558896763599,10.395468137327466,10.610918045043945,22598600,,
2017-09-22,10.66478399744385,10.995654162460436,10.634005428638979,10.972570419311523,22932500,,
2017-09-25,10.918704285708772,11.326521124315654,10.903315372567832,11.311131477355957,29532200,,
2017-09-26,11.341912435934587,11.60353061902386,11.30343904421812,11.457332611083984,25926100,,
2017-09-27,11.45733133570523,11.634307890554261,11.403468299770406,11.426552772521973,22027400,,
2017-09-28,11.418858344720897,11.495804388441107,11.2072550733979,11.211102485656738,11473100,,
2017-09-29,11.234185815791918,11.349605236534245,11.188017607203719,11.318826675415039,6736900,,
2017-10-02,11.295742771556144,11.541971256880931,11.272658300692868,11.518887519836426,13719600,,
2017-10-03,11.518888870384275,11.531969925310085,11.249575882620244,11.303438186645508,10203600,,
2017-10-04,11.311130972176517,11.45732967648906,11.195711560408698,11.388077735900879,7636300,,
2017-10-05,11.418856245832792,11.511191921616232,11.357299128643833,11.411161422729492,7074400,,
2017-10-06,11.380382912764698,11.42655111776306,11.218795295998516,11.388077735900879,11827300,,
2017-10-09,11.41885629462688,11.51888679394106,11.36499400031106,11.388077735900879,6254600,,
2017-10-10,11.403468885541542,11.565056534008761,11.39577479471462,11.511194229125977,9359400,,
2017-10-11,11.495805740356445,11.572752526944509,11.426554513009917,11.495805740356445,10469600,,
2017-10-12,11.48810823521506,11.495802324532518,11.334214707766336,11.388077735900879,8238400,,
2017-10-13,11.27266047760873,11.58814170262862,11.264966386320566,11.457332611083984,9941500,,
2017-10-16,11.449637620572885,11.511194752902396,11.395775313239286,11.434247970581055,6351400,,
2017-10-17,11.418858670404406,11.457332060271257,11.191866477390738,11.241881370544434,12841100,,
2017-10-18,11.288047740735168,11.388078244516928,11.284200328995245,11.311131477355957,6827100,,
2017-10-19,11.157240290772966,11.180324030732871,10.61861504418908,10.664782524108887,23836500,,
2017-10-20,10.68017135003361,10.914858345295288,10.618614225672975,10.803285598754883,12664400,,
2017-10-23,10.841757178348704,11.022581109299624,10.818673444014662,10.964871406555176,8558400,,
2017-10-24,10.964872480552142,11.138002339562046,10.949482833609592,11.011040687561035,8236600,,
2017-10-25,10.987957299128075,10.995652123357058,10.680171668157081,10.834064483642578,15537300,,
2017-10-26,10.934092849503559,11.011039609041944,10.83406235563113,10.964871406555176,7007000,,
2017-10-27,10.980261957524688,11.034124253352333,10.911010014992717,10.987956047058105,7034100,,
2017-10-30,10.94948443713862,10.987957826310586,10.703255920548223,10.757118225097656,11940100,,
2017-10-31,10.787895709497068,10.81482685724329,10.676322973041298,10.710948944091797,10261900,,
2017-11-01,10.726336165385336,10.726336165385336,10.364688332939565,10.46471881866455,15500000,,
2017-11-02,10.441637155396107,10.510889105166708,10.37623261770374,10.487805366516113,17522400,,
2017-11-03,10.480111114605581,10.487805939182214,10.310828643013977,10.387775421142578,9542900,,
2017-11-06,10.356996291131383,10.487805366516113,10.187713828783117,10.487805366516113,9582500,,
2017-11-07,10.464721511397062,10.572446113113443,10.40316438646804,10.44163703918457,7362300,,
2017-11-08,10.433943000573787,10.457026739081718,10.356996227122268,10.418553352355957,7751800,,
2017-11-09,10.372386205880625,10.580142075227247,10.364692114800999,10.557058334350586,6230900,,
2017-11-10,10.557056631873339,10.580140369027415,10.464720949438261,10.541666984558105,4517900,,
2017-11-13,10.518585680409219,10.537822010183953,10.36469284075452,10.372386932373047,14572600,,
2017-11-14,10.295437204342686,10.372383229793513,10.180017065438424,10.210796356201172,11350600,,
2017-11-15,10.156935370068297,10.249271059435783,10.079989329171472,10.1261568069458,12002200,,
2017-11-16,10.16462815387573,10.326215761286754,10.16462815387573,10.210796356201172,14822100,,
2017-11-17,10.233883643736847,10.53397449468066,10.195410250743837,10.526280403137207,12897100,,
2017-11-20,10.526278289700047,10.857147641843442,10.51088864206516,10.841758728027344,12408800,,
2017-11-21,10.849454453435355,11.011042097935672,10.834064804521587,10.864843368530273,13733900,,
2017-11-22,10.156936435934412,10.310829267696361,9.860692276155845,10.07999038696289,41931400,,
2017-11-24,10.164628633339623,10.303132513030471,10.118460428836435,10.249269485473633,8555500,,
2017-11-27,10.164629761943754,10.418553080358237,10.118461552314393,10.364690780639648,13862700,,
2017-11-28,10.364693353546146,10.734036186990606,10.314677719547012,10.680173873901367,16054700,,
2017-11-29,10.734033379427505,11.003346342070929,10.610919133814095,10.749423027038574,12094000,,
2017-11-30,10.76481119017751,10.903315073743816,10.710948894932272,10.73403263092041,15101600,,
2017-12-01,10.695561534586908,11.13030960256755,10.580142096156395,11.111072540283203,18544200,,
2017-12-04,11.11106957508265,11.172627424145784,10.91870340648911,10.949481964111328,11095700,,
2017-12-05,10.857148222510697,10.90331643406576,10.77250735744838,10.834064483642578,11892800,,
2017-12-06,10.787896698879099,10.94948360017593,10.764812226849145,10.895621299743652,7091000,,
2017-12-07,10.926401883556483,10.980264927773252,10.86869216044182,10.941791534423828,6818700,,
2017-12-08,10.94948656966002,11.072601585751956,10.94948656966002,11.034128189086914,8114600,,
2017-12-11,10.964873404639567,11.226491554161276,10.949483756400022,11.218796730041504,11132200,,
2017-12-12,11.176258212583733,11.269071342285566,11.098914306638799,11.214930534362793,12199800,0.075,
2017-12-13,11.183991685386857,11.253601709976838,11.075709342956543,11.075709342956543,8640800,,
2017-12-14,11.060240928860502,11.122116342754042,10.998365514966961,11.013833999633789,7601000,,
2017-12-15,11.05250586792221,11.199459785535579,11.025435467647096,11.145318984985352,20251000,,
2017-12-18,11.176257841740146,11.547511085841975,11.1607893561097,11.524307250976562,12653300,,
2017-12-19,11.508836810129269,11.524305293131802,11.400554478659396,11.446961402893066,9792600,,
2017-12-20,11.439229087864383,11.439229087864383,11.319345554491264,11.37735366821289,9259700,,
2017-12-21,11.377351449219107,11.485633781296855,11.342546440251725,11.385086059570312,7888300,,
2017-12-22,11.37735366821289,11.462432185830398,11.354150570246876,11.37735366821289,4171700,,
2017-12-26,11.361883292890955,11.435360622884632,11.346414808352508,11.400555610656738,2882800,,
2017-12-27,11.3850897537542,11.408292854723614,11.30001048751088,11.346417427062988,3260500,,
2017-12-28,11.361885150976944,11.369619763317615,11.257470834830793,11.300009727478027,3686400,,
2017-12-29,11.346415281511037,11.346415281511037,11.106647491455078,11.106647491455078,7097200,,
2018-01-02,11.160790393412084,11.315478952159372,11.122118069321953,11.300009727478027,7155700,,
2018-01-03,11.292274514432004,11.40829073533935,11.245867583501179,11.36961841583252,7907200,,
2018-01-04,11.369618772210096,11.655792765349654,11.33481375732431,11.648058891296387,11333500,,
2018-01-05,11.648058250156716,11.74860524583332,11.570713612975961,11.640323638916016,12539400,,
2018-01-08,11.562979646550636,11.578448869894686,11.327079891459205,11.462431907653809,13052100,,
2018-01-09,11.485634803771973,11.586181796836376,11.454697097226054,11.485634803771973,14481200,,
2018-01-10,11.416027398245543,11.84142151403853,11.416027398245543,11.748607635498047,10171300,,
2018-01-11,11.756340444208524,11.980639018098868,11.73313734694074,11.949701309204102,8239900,,
2018-01-12,11.9497016588547,12.274547980561392,11.926498560907989,12.228141784667969,15520700,,
2018-01-16,12.235875658908084,12.30935299628805,12.154664447288003,12.228141784667969,9664400,,
2018-01-17,12.266812311518773,12.452439291934144,12.235874604385065,12.429235458374023,9450300,,
2018-01-18,12.398299404246925,12.452440211324967,12.328688636040164,12.351892471313477,9774600,,
2018-01-19,12.351892196153715,12.444705322339862,12.305485264254061,12.436970710754395,9139500,,
2018-01-22,12.413765907287598,12.43696974023329,12.297749693011548,12.413765907287598,9415500,,
2018-01-23,12.5916594998935,12.931973544995785,12.529784084854334,12.893301963806152,14447000,,
2018-01-24,12.92424148674178,13.063461566887728,12.83916369627324,12.901039123535156,11806000,,
2018-01-25,12.924240996949898,13.024789484456607,12.723146972389475,12.746349334716797,7765500,,
2018-01-26,12.800489270941224,13.024788592929,12.800489270941224,12.924240112304688,9762400,,
2018-01-29,12.885565812125744,13.198810893129599,12.854628845917633,13.125332832336426,10537100,,
2018-01-30,13.032521207265226,13.075833847580746,12.680604529475454,12.792754173278809,11202300,,
2018-01-31,12.831425785558148,12.908770418563238,12.61486110818913,12.684471130371094,12419400,,
2018-02-01,12.684470593522457,13.055723045962853,12.62259518478239,12.986114501953125,13494800,,
2018-02-02,12.885567978052698,13.094398067157385,12.777286365284192,12.877833366394043,13334000,,
2018-02-05,12.785021907758518,12.877834303966933,12.10439078450674,12.112125396728516,15838100,,
2018-02-06,11.810484975221977,12.232011088925248,11.570717117432945,12.166268348693848,16226800,,
2018-02-07,12.119857096123216,12.208802902457165,11.856886244689761,12.034778594970703,13112600,,
2018-02-08,12.011577434573898,12.127594402973493,11.632590293884277,11.632590293884277,12061000,,
2018-02-09,11.75634312361635,11.9226336234302,11.334816282846049,11.833687782287598,16716000,,
2018-02-12,11.926496877188223,12.259077763796201,11.880089950233101,12.181733131408691,7683600,,
2018-02-13,12.088922662798005,12.088922662798005,11.841420965131682,11.965171813964844,13734800,,
2018-02-14,11.91876467412044,12.54525352008573,11.872358475403946,12.49111270904541,14008300,,
2018-02-15,12.591656936757008,12.746344705253811,12.40603072942527,12.645797729492188,8201600,,
2018-02-16,12.60712680776919,12.808222268443176,12.53751678387334,12.676736831665039,8506800,,
2018-02-20,12.738612519962757,12.904902972284106,12.692206328104268,12.7772855758667,9037500,,
2018-02-21,12.839162164974663,12.90490415318793,12.54525281411457,12.568456649780273,10906500,,
2018-02-22,12.707677514852948,12.893303786207756,12.552988217777374,12.692208290100098,16299400,,
2018-02-23,13.929717846835882,14.068937915218894,13.581667675878354,14.030264854431152,45018300,,
2018-02-26,13.952922850648461,14.540738671536136,13.952922850648461,14.34737777709961,25578200,,
2018-02-27,14.308707827021111,14.795976687706398,14.308707827021111,14.556209564208984,20981300,,
2018-02-28,14.656754135512,14.749566524448612,14.378314018249512,14.378314018249512,17526900,,
2018-03-01,14.463393406787382,14.56780697651623,14.030264003589647,14.231359481811523,14072000,,
2018-03-02,14.076673260131793,14.54073821192997,14.038000197330941,14.525270462036133,14917400,,
2018-03-05,14.517533075434867,14.772769340243379,14.494329242188195,14.67995548248291,11720600,,
2018-03-06,14.703160856656465,15.062812195928,14.695426244763635,15.012537956237793,11551400,,
2018-03-07,14.881050490221192,14.98933209161112,14.67995503390691,14.811440467834473,11056300,,
2018-03-08,14.850115363154314,14.873317723342355,14.575541807376153,14.656754493713379,10551000,,
2018-03-09,14.749566644009276,14.857848257055169,14.679956614129393,14.81917667388916,14564800,,
2018-03-12,14.819173230870097,14.83077440807927,14.695422423218965,14.749563217163086,10161300,,
2018-03-13,14.823333027008019,14.932042171049348,14.644739010068408,14.66026782989502,9001700,0.075,
2018-03-14,14.737918331595756,14.745683482286609,14.547677323348585,14.636974334716797,11582800,,
2018-03-15,14.675800235639185,14.737919967008139,14.582621379111366,14.621445655822754,15291600,,
2018-03-16,14.613679408872015,14.761214315208708,14.504970257387667,14.590385437011719,21347600,,
2018-03-19,14.520499229431152,14.621443220699815,14.365199186347546,14.520499229431152,9447200,,
2018-03-20,14.59038768024051,14.69909684843857,14.454499738941598,14.582622528076172,11180300,,
2018-03-21,14.582622016306736,14.668035725014231,14.419556788680996,14.528265953063965,10902800,,
2018-03-22,14.404026445808501,14.477794648055001,14.209902092193555,14.225432395935059,10862300,,
2018-03-23,14.264259006212441,14.287552982162998,13.68964958190918,13.68964958190918,10561400,,
2018-03-26,13.914836006583123,14.000251210107082,13.646944887873687,13.96919059753418,11003500,,
2018-03-27,14.046837134235034,14.097309876514974,13.553761140864792,13.635293006896973,12146200,,
2018-03-28,13.674117851048974,13.821651270873442,13.51493596467443,13.712942123413086,14005200,,
2018-03-29,13.74400282403996,13.786708931524243,13.553760333578238,13.619763374328613,16009600,,
2018-04-02,13.573172435284983,13.604233038159144,13.153864663841254,13.293634414672852,10274600,,
2018-04-03,13.394580189101271,13.472230225538198,13.169395231539312,13.309165000915527,13363100,,
2018-04-04,13.068451856996482,13.441170272773782,13.014097273160376,13.394580841064453,13204000,,
2018-04-05,13.52658180232352,13.52658180232352,13.293633225804486,13.355752944946289,15104800,,
2018-04-06,13.231514654536078,13.371282923942255,12.897620579788473,12.96750545501709,14149100,,
2018-04-09,12.990798713021812,13.363517039749347,12.990798713021812,13.052918434143066,8445100,,
2018-04-10,13.254811064885132,13.511055160863442,13.254811064885132,13.394580841064453,15303200,,
2018-04-11,13.355754042160289,13.433402586678401,13.271114936679991,13.386813163757324,9828500,,
2018-04-12,13.472228478212248,13.666352803601326,13.456698176728866,13.518817901611328,13920700,,
2018-04-13,13.596469224252408,13.596469224252408,13.340225149550786,13.511054039001465,10062600,,
2018-04-16,13.549879305789943,13.720708189055156,13.479994426033459,13.635293006896973,16959600,,
2018-04-17,13.728474701921993,13.88377329818888,13.681885271147058,13.782829284667969,17144500,,
2018-04-18,13.798361420318178,13.806126573320027,13.678003770366752,13.728476524353027,9610200,,
2018-04-19,13.705177076258716,13.705177076258716,13.495522449386256,13.518817901611328,7789300,,
2018-04-20,13.542115376293665,13.549880528195049,13.32469556620879,13.425641059875488,7701600,,
2018-04-23,13.495524970150033,13.61976592417239,13.43728855028625,13.526585578918457,8083000,,
2018-04-24,13.588702970014195,13.728472723245373,13.394578641871135,13.47999382019043,10102900,,
2018-04-25,13.433402680704525,13.522701173417284,13.215984384850326,13.441167831420898,9302400,,
2018-04-26,13.50328826904297,13.600350436545696,13.390697280338673,13.503288269042969,10687300,,
2018-04-27,13.697408581539255,13.697408581539255,13.386810032954035,13.472225189208984,8836700,,
2018-04-30,13.464465668186481,13.557644531183223,13.239280700683594,13.239280700683594,12473400,,
2018-05-01,13.192688416640118,13.355753613203175,13.161629296040633,13.34022331237793,9651800,,
2018-05-02,13.30916323505887,13.402343562630287,13.254808661080151,13.293634414672852,6367900,,
2018-05-03,13.192688561479159,13.262573434909001,13.006329392683252,13.122803688049316,8031900,,
2018-05-04,13.083978807893006,13.398459242645416,13.029624237987699,13.363516807556152,6166900,,
2018-05-07,13.386810739629258,13.549875911901223,13.347986474400628,13.43340015411377,10486700,,
2018-05-08,13.394579115376281,13.534348873548389,13.359636675833253,13.503288269042969,12408100,,
2018-05-09,13.511051282505498,13.72070588659296,13.464461864169698,13.666351318359375,13013900,,
2018-05-10,13.720708563628897,13.744004017867406,13.588703951713065,13.705178260803223,12298200,,
2018-05-11,13.712944648607253,13.806124992911457,13.674120369093778,13.720709800720215,11498300,,
2018-05-14,13.782825941372506,13.837180510933711,13.658586502075195,13.658586502075195,8456000,,
2018-05-15,13.573173769806367,13.611999527216437,13.42175701853512,13.511054039001465,8365700,,
2018-05-16,13.518820673715819,13.72847534357906,13.487761545431285,13.68964958190918,15259900,,
2018-05-17,13.728474952833176,13.790594688685534,13.538232428693956,13.720709800720215,10602300,,
2018-05-18,13.712943037854306,13.720708189055156,13.573173278341336,13.635293006896973,6784900,,
2018-05-21,13.71294034751246,13.775060063880828,13.573170615420914,13.596466064453125,6196800,,
2018-05-22,13.627527049892871,13.728472528483788,13.518817901611328,13.518817901611328,14421200,,
2018-05-23,13.083979840814198,13.16162986725945,11.996883173208339,12.097827911376953,56055200,,
2018-05-24,12.074533945995633,12.276423434811903,11.771699712771227,12.237598419189453,29516000,,
2018-05-25,12.229830142129423,12.284184705792983,11.989115699215068,12.051236152648926,14411500,,
2018-05-29,11.98135660862565,12.02484027885747,11.849351974971295,11.94253158569336,9727000,,
2018-05-30,12.012413807024927,12.163830548203949,11.895938764134826,12.090063095092773,12024900,,
2018-05-31,12.059001646685882,12.10559180582307,11.740637904245709,11.833817481994629,14448100,,
2018-06-01,11.903704505591074,12.059003829956055,11.895939354241428,12.059003829956055,10896700,,
2018-06-04,12.035707831010138,12.222067000344817,11.934763095822476,12.066767692565918,12236800,,
2018-06-05,12.035710472543858,12.524903214281434,11.996885451946646,12.470548629760742,22398000,,
2018-06-06,12.509373293790532,12.509373293790532,12.210421624093941,12.439488410949707,12395000,,
2018-06-07,12.40842872610301,12.470548462012673,12.284189254283682,12.361839294433594,7794000,,
2018-06-08,12.284188673461587,12.439488746418498,12.258564265097286,12.431723594665527,7921400,,
2018-06-11,12.392898242213953,12.563727873544234,12.392898242213953,12.439488410949707,11639200,,
2018-06-12,12.449653778041474,12.512214792340286,12.340171630125495,12.347991943359375,9010600,0.113,
2018-06-13,12.32453174944385,12.426193584125949,12.277610615826681,12.347991943359375,8437800,,
2018-06-14,12.410551239163315,12.60605531400821,12.316709730709375,12.371450424194336,11926600,,
2018-06-15,12.355811353210214,12.473113059997559,12.215048708436552,12.473113059997559,25030400,,
2018-06-18,12.355812287663104,12.55913521175246,12.265880922605687,12.44183349609375,12084700,,
2018-06-19,12.277609886567785,12.457473351333025,12.254149694045736,12.434012413024902,8432700,,
2018-06-20,12.473113577420634,12.504394083580607,11.831862828248118,11.847502708435059,14603800,,
2018-06-21,11.886605872399254,12.113389773242238,11.839685476796564,12.058649063110352,14506700,,
2018-06-22,12.113387220295133,12.136848158938228,11.906154149450376,11.91788387298584,9056600,,
2018-06-25,11.863142351417618,11.910062733876668,11.683278896561841,11.784940719604492,15972800,,
2018-06-26,11.8162218365434,12.160308139439167,11.777121764393216,11.863142967224121,7978600,,
2018-06-27,11.902244819928647,11.925705014415577,11.511238098144531,11.511238098144531,14323600,,
2018-06-28,11.50342082977295,11.550341976953368,11.319647890371172,11.50342082977295,14739100,,
2018-06-29,11.55033849395197,11.612899507469717,11.425215721130371,11.425215721130371,11694500,,
2018-07-02,11.339194950681184,11.605079641264318,11.307914442717648,11.573799133300781,7088700,,
2018-07-03,11.56597576104671,11.667637571488566,11.534695261355827,11.550335884094238,4748200,,
2018-07-05,11.573796653329424,11.605077154590342,11.393933211739661,11.589436531066895,9473800,,
2018-07-06,11.63635866799242,11.769300996361261,11.519056218721417,11.714559555053711,5527800,,
2018-07-09,11.761483409046855,11.97653683052569,11.722382583563554,11.910065650939941,6362000,,
2018-07-10,11.917885457371732,12.148579497528479,11.886604947475199,12.121209144592285,12151400,,
2018-07-11,11.972625864208737,12.003906371375498,11.792762388660279,11.808403015136719,8725700,,
2018-07-12,11.847502041719729,12.09774682270315,11.82404184986649,12.035185813903809,4759800,,
2018-07-13,11.996085398866866,12.144667613296795,11.964804893419194,12.113387107849121,8808200,,
2018-07-16,12.08210892105971,12.238511478313042,11.992177543862322,12.230691909790039,10738000,,
2018-07-17,12.19158955948363,12.355812410510275,12.16812936527586,12.246330261230469,8883000,,
2018-07-18,12.269789971268334,12.473113635142129,12.238509464963606,12.457473754882812,6992100,,
2018-07-19,12.457475804253926,12.633429147280312,12.207230966862374,12.230691909790039,11530100,,
2018-07-20,12.19158836246352,12.211138398086138,12.046915563183566,12.097746849060059,6592600,,
2018-07-23,12.0508257194653,12.1603078579957,11.941344326720953,12.097746849060059,13145600,,
2018-07-24,12.207229348177949,12.250240325389171,11.925704782452243,11.964805603027344,7481700,,
2018-07-25,11.917883942924927,12.113387291381514,11.910063629998001,12.10556697845459,5964900,,
2018-07-26,12.113384343174646,12.332348577119564,12.105564032151062,12.269786834716797,4970600,,
2018-07-27,12.32453169673166,12.42619353097895,12.144668222052266,12.19158935546875,5690100,,
2018-07-30,12.183769381019152,12.230690515740207,11.980445706871473,12.082107543945312,4940000,,
2018-07-31,12.082107728087834,12.16030937188608,12.019546711363697,12.074287414550781,6644700,,
2018-08-01,12.058647349477853,12.207229575486613,12.019546528174663,12.082107543945312,5640200,,
2018-08-02,12.003905361539962,12.175947763590916,11.980444423798968,12.160307884216309,7753100,,
2018-08-03,12.207229518813,12.512215028618586,12.191589637836016,12.496574401855469,7397200,,
2018-08-06,12.457475675134795,12.547407051400063,12.394914652881894,12.520036697387695,5224100,,
2018-08-07,12.5513124793524,12.692075107641084,12.527853035685588,12.613873481750488,4396500,,
2018-08-08,12.621697057094632,12.73900027204765,12.566956352288472,12.637337684631348,4663000,,
2018-08-09,12.621697441780741,12.688169365051548,12.55913642129948,12.598237991333008,3503900,,
2018-08-10,12.496573805692435,12.578684854923203,12.340171274453288,12.394912719726562,5036700,,
2018-08-13,12.394913231380642,12.48875475399785,12.246330261230469,12.246330261230469,5039600,,
2018-08-14,12.277610667024584,12.527855471049476,12.277610667024584,12.50439453125,5182800,,
2018-08-15,12.402732912016535,12.582596391345811,12.34799220977056,12.535676002502441,10275900,,
2018-08-16,12.606056444655074,12.817198925381453,12.531764218343275,12.723358154296875,10663400,,
2018-08-17,12.707720434065408,13.133917886747732,12.67487600751909,13.036166191101074,12400100,,
2018-08-20,13.090904603585555,13.262947020751348,12.973602887719231,13.075263977050781,9402400,,
2018-08-21,12.879759761402346,12.879759761402346,12.30889035509254,12.340170860290527,16634000,,
2018-08-22,12.324530042860372,12.449652054132294,12.293249540042392,12.371450424194336,8331000,,
2018-08-23,12.363629290440366,12.871936837452758,12.351898823700989,12.590413093566895,15522400,,
2018-08-24,12.63733504631804,12.754636745209487,12.496572411019493,12.66861629486084,9561000,,
2018-08-27,12.801561371775955,13.012703878570752,12.715539411351042,12.86412239074707,13743900,,
2018-08-28,12.926682136554716,13.137824622553852,12.911041510459313,13.090904235839844,10950200,,
2018-08-29,13.317688429079666,13.755615505249425,13.020522508713928,13.067442893981934,25330100,,
2018-08-30,13.090903320308618,13.356787979046636,13.075262695307064,13.1300048828125,16188100,,
2018-08-31,13.114363580489398,13.114363580489398,12.82501799919297,12.926680564880371,10675700,,
2018-09-04,12.840662799807761,13.07135686119677,12.645159408514447,13.036166191101074,10016400,,
2018-09-05,13.051801054181789,13.05962136536726,12.699894508694827,12.973599433898926,13574000,,
2018-09-06,12.950140192743703,12.997062065988557,12.840658804983123,12.91886043548584,8440700,,
2018-09-07,12.895399316492858,13.137823025208014,12.817197687096092,12.926680564880371,10228900,,
2018-09-10,12.934500622156241,12.942319442527062,12.715536362473488,12.83283805847168,12516300,,
2018-09-11,12.819454459264334,12.976940706992483,12.72496150909585,12.95331859588623,7953700,0.113,
2018-09-12,12.906072567003696,12.969067372321211,12.795832033176701,12.913947105407715,5614500,,
2018-09-13,12.992691793465752,13.173801682248468,12.941508041622038,13.024189949035645,11155800,,
2018-09-14,13.032059525581738,13.118677928484244,12.973002752441749,13.055683135986328,8040300,,
2018-09-17,13.055684310760249,13.13442818394674,12.780081505564759,12.819454193115234,8686400,,
2018-09-18,12.843075289913926,13.134427147130637,12.8076406248729,13.032059669494629,6680200,,
2018-09-19,13.047808858503535,13.150176337043606,13.03205978458747,13.10292911529541,6871500,,
2018-09-20,13.150175382633202,13.370656393798678,13.134426309860169,13.284039497375488,8726300,,
2018-09-21,13.347037517374368,13.599016735080697,13.323413902496421,13.4021577835083,26709600,,
2018-09-24,13.386406736683195,13.406092328560145,13.27616622064076,13.32341194152832,7291300,,
2018-09-25,13.284040344183238,13.358846191752367,13.016312097631992,13.032059669494629,17845200,,
2018-09-26,13.063560334201352,13.165926329647418,12.988754472218252,13.000565528869629,8897900,,
2018-09-27,13.095055496396265,13.095055496396265,12.795830580584948,12.819454193115234,12514200,,
2018-09-28,12.795831931472973,12.937570617789474,12.732837126656152,12.843077659606934,12488000,,
2018-10-01,12.890324431498476,13.008439498592557,12.701338521850467,12.740711212158203,9808600,,
2018-10-02,12.709212587528855,13.09505592671605,12.709212587528855,13.016313552856445,9636500,,
2018-10-03,13.024188651581236,13.315539052005146,12.961192346717068,13.189549446105957,10580100,,
2018-10-04,13.221045753249301,13.386406524694278,13.213171216240346,13.268291473388672,10262800,,
2018-10-05,13.23679529981776,13.402157597843347,12.630470878829513,12.709213256835938,12794700,,
2018-10-08,12.654089887496283,12.717084675597947,12.488728380990137,12.512351989746094,8991800,,
2018-10-09,12.496604696722509,12.535976632631776,12.276122906970715,12.354866027832031,12074000,,
2018-10-10,12.32336559504891,12.417858518348083,11.882402124118922,11.898150444030762,10860900,,
2018-10-11,11.858782112204194,11.937525232558041,11.457189720240775,11.520184516906738,9075100,,
2018-10-12,11.748541713935852,12.173756998447429,11.724918851173339,12.14225959777832,16598800,,
2018-10-15,12.142257524038996,12.213126851180247,12.000518869756498,12.079262733459473,9344700,,
2018-10-16,12.16588066671454,12.236749995509854,12.024142760081064,12.213127136230469,6109300,,
2018-10-17,12.276121880149212,12.323367598522749,12.055640108839352,12.221001625061035,6231700,,
2018-10-18,12.126510414922604,12.228877153932912,11.890280287468176,12.071390151977539,8275200,,
2018-10-19,12.087139035231353,12.30762083445893,12.079264497519627,12.158007621765137,7652700,,
2018-10-22,12.23674872446548,12.512351474274073,12.221000403567404,12.472979545593262,7881600,,
2018-10-23,12.228878720256551,12.402114820074864,12.055643371395597,12.323370933532715,9081300,,
2018-10-24,12.307620545057327,12.437547410416704,11.858782419444434,11.882405281066895,8119500,,
2018-10-25,11.969022241074896,12.083200775661558,11.874530049153444,11.92965030670166,8175700,,
2018-10-26,11.787912778215684,11.79578656458102,11.398919195394015,11.520184516906738,10469500,,
2018-10-29,11.654048180294295,11.850907099721708,11.307576061566026,11.47293758392334,8024400,,
2018-10-30,11.472938031480009,11.764289153483258,11.425692309510406,11.756415367126465,8297100,,
2018-10-31,11.921774692411658,12.22100029642251,11.921774692411658,12.008392333984375,9547400,,
2018-11-01,12.000520120327366,12.441484451293945,12.000520120327366,12.441484451293945,6066800,,
2018-11-02,12.46510552319129,12.673775477169137,12.390298930711648,12.512351989746094,15140700,,
2018-11-05,12.512354452167497,12.606846652915983,12.346992913118331,12.543851852416992,6268100,,
2018-11-06,12.543853258075979,12.654093795824094,12.465109373149605,12.504481315612793,13047300,,
2018-11-07,12.622595453306454,12.795830775422967,12.472982242165454,12.787956237792969,18460200,,
2018-11-08,12.748584052785121,13.007649261517845,12.717085904732812,12.795829772949219,7195500,,
2018-11-09,12.701337262301335,12.752521003668392,12.256436419345187,12.37848949432373,10721500,,
2018-11-12,12.268247603905012,12.28793319515241,11.961147424128287,12.03201675415039,9571300,,
2018-11-13,12.055639874731435,12.291869963926082,12.00445613803736,12.079262733459473,9517000,,
2018-11-14,12.189504022224947,12.343054491184843,11.898152909394511,11.92965030670166,16235400,,
2018-11-15,11.866659536498963,12.189508156126143,11.724921576026935,12.063518524169922,15280000,,
2018-11-16,12.03201563076454,12.087136632833712,11.89027773491106,11.96902084350586,11150600,,
2018-11-19,11.890280404112834,11.980835337255868,11.5753056461549,11.677672386169434,12707700,,
2018-11-20,11.496562550539759,11.654049554460043,11.343012064629871,11.441441535949707,11300700,,
2018-11-21,11.528058312391495,11.75641462335004,11.520183775575678,11.57530403137207,8652300,,
2018-11-23,11.465065100583391,11.587117434228484,11.409944086229746,11.449316024780273,2909400,,
2018-11-26,11.591053934049652,11.799723917893699,11.56743032191253,11.740666389465332,9953900,,
2018-11-27,11.64617475452219,11.858782768249512,11.622551892204907,11.858782768249512,7771900,,
2018-11-28,11.953273865567194,12.173755645751953,11.73279133442525,12.173755645751953,13439200,,
2018-11-29,12.12651055280303,12.142259628656268,11.890280422662627,11.906028747558594,10922000,,
2018-11-30,11.882404211034494,11.921776144164566,11.630425040533494,11.811534881591797,20963100,,
2018-12-03,12.01626920941635,12.228876462292149,11.984771810806706,12.205253601074219,14845100,,
2018-12-04,12.142259419059169,12.23675161967568,11.795787265841371,11.850908279418945,18349500,,
2018-12-06,11.661922230568948,12.803703765402117,11.46506331935781,12.61471939086914,29136600,,
2018-12-07,12.575346590808156,12.575346590808156,11.543805636811102,11.58317756652832,18469900,,
2018-12-10,11.51230951800026,11.689482845867804,11.17371193627881,11.47293758392334,14047500,,
2018-12-11,11.570549708766887,11.768947338556204,11.411831756300812,11.697524070739746,16343600,0.113,
2018-12-12,11.872114704656168,11.895922209337643,11.610229882679166,11.618165969848633,14122900,,
2018-12-13,11.626102724635631,11.848308651644096,11.459448657792791,11.499128341674805,12862100,,
2018-12-14,11.388025573892522,11.475320268670194,11.268986528111714,11.284858703613281,11166200,,
2018-12-17,11.245175380830533,11.324534718990193,10.753149451990156,10.784893035888672,17072700,,
2018-12-18,10.880125168715027,11.05471528073283,10.745214730814022,10.816637992858887,12805000,,
2018-12-19,10.784892818611839,10.983290403187254,10.372225479418148,10.451584815979004,14299900,,
2018-12-20,10.38016360354155,10.443650782531105,9.995272486314015,10.038919448852539,18528300,,
2018-12-21,10.04685607744681,10.316676981122315,9.907977582104781,10.007176399230957,25427500,,
2018-12-24,9.88813611702805,9.99527099944592,9.701642651091829,9.737354278564453,5400200,,
2018-12-26,9.792905847522965,10.205572469997662,9.592127266561784,10.1658935546875,10312200,,
2018-12-27,10.070665245746085,10.411909475232747,9.951626948255269,10.396038055419922,8150300,,
2018-12-28,10.483331159835554,10.56665780402298,10.29286961012693,10.340484619140625,8727000,,
2018-12-31,10.451588087103785,10.519043317244547,10.34048513251107,10.483331680297852,6453800,,
2019-01-02,10.276996101176378,10.824573931505485,10.276996101176378,10.681727409362793,10865500,,
2019-01-03,10.538882759083439,10.61030603284063,10.261126508371765,10.459524154663086,11921700,,
2019-01-04,10.721405504343481,11.046777417470977,10.67378975169781,10.951546669006348,11277100,,
2019-01-07,10.967423397443289,11.24518044936875,10.911872289789027,11.165821075439453,8027500,,
2019-01-08,11.261046412309714,11.356277917601057,10.86028396299775,10.951546669006348,12732500,,
2019-01-09,11.015037100639296,11.265017794875597,11.015037100639296,11.157883644104004,7668100,,
2019-01-10,11.10232938485012,11.22136839755757,11.015034714326076,11.213432312011719,8556200,,
2019-01-11,11.142011785912624,11.316601926567824,11.022973500863646,11.300729751586914,6507200,,
2019-01-14,11.197562067266434,11.353899800742452,11.118203468635969,11.237241744995117,8960300,,
2019-01-15,11.276920510145624,11.49912562788677,11.245176921896888,11.45944595336914,6786400,,
2019-01-16,10.927741676182784,11.403895527659891,10.895997329257423,11.364215850830078,12256800,,
2019-01-17,11.316604049265573,11.427706267663956,11.189629652909078,11.324540138244629,6240000,,
2019-01-18,11.411832647440722,11.705461071638869,11.411832647440722,11.649909973144531,8935900,,
2019-01-22,11.634036464230897,11.634036464230897,11.388023836113275,11.467382431030273,9537600,,
2019-01-23,11.522933886693453,11.657843569130444,11.364215188622936,11.45944595336914,6831400,,
2019-01-24,11.491191120954294,11.808627803896627,11.459447528342755,11.713397026062012,7087900,,
2019-01-25,11.8562402680235,12.205420468583581,11.828464725057152,12.181612968444824,17843400,,
2019-01-28,11.991150780786127,12.435561741838658,11.959407194770003,12.42762565612793,29335800,,
2019-01-29,12.499050405317792,12.586345088071859,12.19351788043824,12.19748592376709,20884100,,
2019-01-30,12.284783965003252,12.43556662541384,12.122097928178782,12.3165283203125,7852300,,
2019-01-31,12.276845265223082,12.419691040793866,12.181614495900265,12.372076034545898,11945800,,
2019-02-01,12.451434135437012,12.546665657799826,12.352235326733691,12.451434135437012,9152100,,
2019-02-04,12.483177429942492,12.578408950062393,12.36413916503286,12.530793190002441,9193800,,
2019-02-05,12.530792898589127,12.776013111161546,12.52285681262589,12.610152244567871,6625700,,
2019-02-06,12.64983133310848,12.848229700758896,12.61808774564978,12.76887035369873,7159000,,
2019-02-07,12.626024199106407,12.772838011564753,12.499049845576968,12.578409194946289,6135500,,
2019-02-08,12.427627951916492,12.637929721139662,12.395884360036291,12.63396167755127,7984700,,
2019-02-11,12.62602476390686,12.733159663299862,12.562537584302166,12.570473670959473,7940000,,
2019-02-12,12.705382909023001,12.816485084356145,12.673639322238273,12.697446823120117,13904500,,
2019-02-13,12.776807738467369,12.887909927452384,12.721256643974861,12.737127304077148,11945600,,
2019-02-14,12.626026020558445,12.800615403434563,12.586346340149525,12.689513206481934,7968600,,
2019-02-15,12.784742525841493,12.887908617462157,12.689511006638563,12.76887035369873,11932700,,
2019-02-19,12.721255350924089,12.800613184330608,12.681574920567183,12.76887035369873,8588900,,
2019-02-20,12.776807738467369,12.872037753696295,12.721256643974861,12.737127304077148,9809100,,
2019-02-21,12.784743399503114,13.00694777007182,12.721256220247232,12.879973411560059,15909700,,
2019-02-22,13.094243476797432,13.094243476797432,12.705384306700688,12.951396942138672,22478500,,
2019-02-25,12.975205174845648,13.427551524532939,12.971236374639254,13.300577163696289,13110200,,
2019-02-26,13.276768169056876,13.467229699777075,13.260895996416767,13.332319259643555,10049500,,
2019-02-27,13.292639119376034,13.34422291888616,13.2489914054562,13.252960205078125,8381300,,
2019-02-28,13.173603842248355,13.213282765520283,12.967270111195758,12.99901294708252,13489400,,
2019-03-01,13.125988831591263,13.125988831591263,12.899814125248803,12.99901294708252,21879800,,
2019-03-04,13.054562874847521,13.110113961468846,12.649830826510755,12.824420928955078,14646300,,
2019-03-05,12.768872863826664,12.88791115099085,12.633962401399534,12.808551788330078,15853200,,
2019-03-06,12.784743759247371,12.80855050610462,12.649832553498824,12.665704727172852,6343400,,
2019-03-07,12.586343982911375,12.649831156944645,12.380011045716655,12.435562133789062,14207900,,
2019-03-08,12.31652457527216,12.431594800970862,12.233197181576609,12.387947082519531,7801900,,
2019-03-11,12.411754636447823,12.641895831594006,12.407786593466204,12.610152244567871,11689000,,
2019-03-12,12.268864605269941,12.380762554047234,12.093023991444417,12.236893653869629,17676400,0.113,
2019-03-13,12.292844466819213,12.46069217733665,12.24488765142235,12.404743194580078,11306000,,
2019-03-14,12.46068693555462,12.560596226875939,12.380759197598604,12.51663589477539,10097400,,
2019-03-15,12.516638847203296,12.872315764285187,12.516638847203296,12.844341278076172,20228300,,
2019-03-18,12.788390990089734,12.876311665985003,12.580579453561375,12.660507202148438,11519400,,
2019-03-19,12.70846327233934,12.820362730430748,12.6533139031729,12.69247817993164,15502600,,
2019-03-20,12.68448543548584,12.820362915271597,12.604558447799972,12.68448543548584,10351700,,
2019-03-21,12.700472727747556,12.88430626850069,12.700472727747556,12.804378509521484,17721300,,
2019-03-22,12.62853936477443,12.74043732565271,12.204924022347313,12.220909118652344,12345200,,
2019-03-25,12.228899462442515,12.292841358639146,12.029080846266158,12.109007835388184,12410800,,
2019-03-26,12.140980037421082,12.352788066852911,12.13298787125671,12.236893653869629,9274600,,
2019-03-27,12.276856930050254,12.336803131666997,12.124995099498626,12.196929931640625,7722000,,
2019-03-28,12.268864763782624,12.416730130076626,12.172951146094881,12.196929931640625,9547100,,
2019-03-29,12.324811752643487,12.356782699304466,12.248880468480852,12.332804679870605,9937300,,
2019-04-01,12.428717131175599,12.716455642126085,12.420724204198441,12.708462715148926,10995700,,
2019-04-02,12.73244143138962,12.796383322387076,12.640524296114245,12.64452075958252,6484600,,
2019-04-03,12.804376659882442,12.85233269854446,12.580579271968054,12.668499946594238,11969100,,
2019-04-04,12.708464548848749,12.876312990597995,12.668501432691631,12.844341278076172,9514000,,
2019-04-05,12.796383397515173,12.924267180260896,12.788390470531699,12.908281326293945,6083900,,
2019-04-08,12.900290523601743,12.996204138702604,12.837947817157579,12.940255165100098,6414100,,
2019-04-09,12.884303907644101,12.90028823691489,12.708462565211109,12.74842643737793,5019000,,
2019-04-10,12.764412734240732,13.004195213317871,12.740433952759776,13.004195213317871,5654600,,
2019-04-11,12.932260393369981,13.048155550452135,12.86831850058241,13.004195213317871,6985300,,
2019-04-12,13.100107010449365,13.172041828860815,13.020180789543259,13.108099937438965,5240100,,
2019-04-15,13.076132474977703,13.188030427126963,13.076132474977703,13.180037498474121,5233300,,
2019-04-16,13.18802992836757,13.34388821996541,13.172044071666457,13.26795768737793,14190900,,
2019-04-17,13.291933587391318,13.339891152585789,13.132079610228224,13.243977546691895,9137100,,
2019-04-18,13.259961379655667,13.355873446428236,13.200015194551701,13.315910339355469,9627200,,
2019-04-22,13.315913917666785,13.331899774589608,13.251972014470716,13.259964942932129,5423700,,
2019-04-23,13.275949419128988,13.339891315674967,13.188028739692616,13.212007522583008,10311800,,
2019-04-24,13.196020891680588,13.275948638788796,12.996202286157553,13.004195213317871,9147100,,
2019-04-25,12.996205371713938,13.03616849250859,12.736441275310352,12.79638671875,9782100,,
2019-04-26,12.684484975817254,12.740433941394599,12.464684814836986,12.604557991027832,11613400,,
2019-04-29,12.572587571725494,12.760417567849824,12.524631528383479,12.556602478027344,7794900,,
2019-04-30,12.532622256471125,12.636528015136719,12.412730644665855,12.636528015136719,10384900,,
2019-05-01,12.748426306063713,12.84433914092766,12.612549599444591,12.620542526245117,6609900,,
2019-05-02,12.636529487952929,12.764413278985751,12.500652769418675,12.58057975769043,5105200,,
2019-05-03,12.612551225116226,12.756420877079687,12.604559059533019,12.732442855834961,5138900,,
2019-05-06,12.46068693555462,12.572584853996162,12.348788254865676,12.51663589477539,5543600,,
2019-05-07,12.364775626531584,12.484666485948381,12.252876932094411,12.332804679870605,7565500,,
2019-05-08,12.324810732091889,12.420723564132796,12.252875917499349,12.268861770629883,5554900,,
2019-05-09,12.124996974696794,12.172953028709719,11.881217953013268,12.164960861206055,7525300,,
2019-05-10,12.053058594375518,12.136982807641592,11.80528394277523,11.821269035339355,14643500,,
2019-05-13,11.549516669395768,11.613458570059395,11.261778116409443,11.317727088928223,12346300,,
2019-05-14,11.341705165825188,11.50555714459465,11.341705165825188,11.381669044494629,9175600,,
2019-05-15,11.237798966727382,11.545519046954507,11.229806039384467,11.525537490844727,15286000,,
2019-05-16,11.541523804221896,11.733350269506973,11.533531638281023,11.613458633422852,14153400,,
2019-05-17,11.685389518737793,11.925171947730504,11.565498685365101,11.685389518737793,16330300,,
2019-05-20,11.509554490188316,11.885213783735107,11.48557646446124,11.789300918579102,11407900,,
2019-05-21,11.893204757357259,12.236893039336403,11.877218901336104,12.188936233520508,11137600,,
2019-05-22,12.124992370319328,12.156963314936455,11.725355181481504,11.757326126098633,8819400,,
2019-05-23,11.605465548507448,11.621450641371005,11.405646933104062,11.445610046386719,12423700,,
2019-05-24,11.413637636478557,12.124992090608778,11.413637636478557,11.501558303833008,24819200,,
2019-05-28,11.541521610359778,11.693384168083458,11.30573637160001,11.32571792602539,16535100,,
2019-05-29,11.237797986218405,11.417634262258039,11.181848261947183,11.293746948242188,8328800,,
2019-05-30,11.38966253275908,11.477582460357201,11.297746140872736,11.365684509277344,9041300,,
2019-05-31,11.149880071758469,11.17385809537044,10.862141501671923,10.966047286987305,13987000,,
2019-06-03,10.982028150732415,11.08993035878427,10.830166376703655,10.94206428527832,11098000,,
2019-06-04,11.069950337899616,11.329714355899602,11.045971557963048,11.293746948242188,8911000,,
2019-06-05,11.453601635897162,11.477579653515075,11.125899266878415,11.261775970458984,8914100,,
2019-06-06,11.18184757232666,11.233800830070996,10.942065123481198,11.18184757232666,10444300,,
2019-06-07,11.17385530211424,11.317724932316594,11.101921249260503,11.261775970458984,8912000,,
2019-06-10,11.333714531123961,11.501562234414502,11.333714531123961,11.397656440734863,8844800,,
2019-06-11,11.496751917385167,11.608738446014957,11.367845858684044,11.48869514465332,7146300,0.113,
2019-06-12,11.480638607689487,11.52897847673714,11.367846092135734,11.392016410827637,5917600,,
2019-06-13,11.448411449278428,11.569259960577469,11.416185128376277,11.561203956604004,7195300,,
2019-06-14,11.480636367006237,11.480636367006237,11.31950478218914,11.400070190429688,5930300,,
2019-06-17,11.424238954680511,11.625653600463535,11.367842331392854,11.520917892456055,9903400,,
2019-06-18,11.609544485492375,11.875411857806233,11.581346547267602,11.754563331604004,8172200,,
2019-06-19,11.819015741208148,11.955977811233733,11.77067587070775,11.851242065429688,9637200,,
2019-06-20,12.068765380812208,12.117105234566043,11.875407502468686,12.084878921508789,10038200,,
2019-06-21,12.10904847428185,12.133218785346813,11.95597367921665,12.036539077758789,15542100,,
2019-06-24,12.100992332395654,12.173500959744729,12.044595708898505,12.092935562133789,6810300,,
2019-06-25,12.05265592449878,12.096967405269886,11.88346754231542,11.891524314880371,8223300,,
2019-06-26,11.980144859920573,12.181559536318034,11.972088088464032,12.052654266357422,8407600,,
2019-06-27,12.076821771487907,12.262123641993504,12.036538689348786,12.060708999633789,6214500,,
2019-06-28,12.109051220190414,12.22184372572989,12.036541807224758,12.044598579406738,20533100,,
2019-07-01,12.27823825193634,12.475624538797868,12.11710666759387,12.197672843933105,10192800,,
2019-07-02,12.189616088404849,12.262125493536786,12.056682435108298,12.149333000183105,7444700,,
2019-07-03,12.14127731034607,12.338663615045034,12.121136148609141,12.318522453308105,6049000,,
2019-07-05,12.213785994258917,12.318521719390311,12.105021883352928,12.221842765808105,6018500,,
2019-07-08,12.149331928050701,12.149331928050701,11.968058431217559,12.109048843383789,7342700,,
2019-07-09,12.020427588471351,12.036540362565328,11.80692776129022,11.980144500732422,7482600,,
2019-07-10,12.092938884903552,12.18961784960264,11.891524183029752,11.899580955505371,7082100,,
2019-07-11,11.915694821580944,11.98417585721275,11.665940230354304,11.762619972229004,12929500,,
2019-07-12,11.794844550730097,12.06474026669805,11.794844550730097,12.012372016906738,8061900,,
2019-07-15,11.996258402833659,12.12516367279427,11.980144859920573,12.052654266357422,4655900,,
2019-07-16,12.068765917312238,12.109049002508511,11.911662730216314,11.931804656982422,6996500,,
2019-07-17,11.923747910763414,11.964030996042414,11.81901219637239,11.835124969482422,7100800,,
2019-07-18,11.77067421747964,11.939862587963729,11.762618213807878,11.883466720581055,8277300,,
2019-07-19,11.915691492387252,12.052653525384253,11.907634721426025,11.955974578857422,5765000,,
2019-07-22,11.9237471840221,11.980143038973859,11.488691579864208,11.520917892456055,11954800,,
2019-07-23,11.601484448073599,11.806927499484265,11.577314903300572,11.770672798156738,8771300,,
2019-07-24,11.79484371679025,11.960003689834217,11.7545606278765,11.875409126281738,8067900,,
2019-07-25,11.859295694980785,11.859295694980785,11.629683099724573,11.690107345581055,8822700,,
2019-07-26,11.714277626163746,11.867352443172269,11.649824990756365,11.786787033081055,6893000,,
2019-07-29,11.754559191023493,11.879436059889018,11.730389647964083,11.810955047607422,6046500,,
2019-07-30,11.730390479647019,11.891522058693823,11.690107392801323,11.770672798156738,5362900,,
2019-07-31,11.786788717022533,11.81498665299981,11.464524725608765,11.577317237854004,8325300,,
2019-08-01,11.545091254195588,11.850435724643456,11.363817705687083,11.392016410827637,7903700,,
2019-08-02,11.069751568505852,11.150317754682403,10.489677794044615,10.691092491149902,21673400,,
2019-08-05,10.489674581816574,10.562183205168015,10.160159918631003,10.39299488067627,15207900,,
2019-08-06,10.61052490048782,10.634694445807092,10.40911023004323,10.529958724975586,9594600,,
2019-08-07,10.37688422508293,10.586355673035554,10.28826204402729,10.521903038024902,8026100,,
2019-08-08,10.586356547502204,10.94084606934274,10.562186231124652,10.91667652130127,10874400,,
2019-08-09,10.844164217122843,10.916673610247894,10.707202200850164,10.787768363952637,11271600,,
2019-08-12,10.666918699473799,10.707201779439588,10.47356083764103,10.538013458251953,6702300,,
2019-08-13,10.546073130405594,11.021411914485915,10.497733267475368,10.79582691192627,11899900,,
2019-08-14,10.562184893140103,10.602467980330339,10.344657451650397,10.360770225524902,11300900,,
2019-08-15,10.376886126016366,10.449395545770294,10.08684921533681,10.215754508972168,11024400,,
2019-08-16,10.312431335449219,10.38091235449918,10.256034704955372,10.312431335449219,10818700,,
2019-08-19,10.465506335611133,10.65080823627001,10.465506335611133,10.562185287475586,7196200,,
2019-08-20,10.425222396850586,10.521902109167844,10.368826538278809,10.425222396850586,5084400,,
2019-08-21,10.578298583950124,10.662892376735575,10.425223004144081,10.529958724975586,7453000,,
2019-08-22,10.6024678998266,10.731373163187802,10.497732181261629,10.67497730255127,7900700,,
2019-08-23,10.497734295998217,10.69914900265847,10.223810172006493,10.272150039672852,12131000,,
2019-08-26,10.409109623688341,10.521902109167844,10.304373908957935,10.425222396850586,8709600,,
2019-08-27,10.513846619334048,10.610525575093877,10.368827801526283,10.417167663574219,14197700,,
2019-08-28,10.876394641705556,11.141456788512969,10.546074631076433,10.771658897399902,15022500,,
2019-08-29,11.029468853651315,11.134204591938099,10.981129754956566,11.02141284942627,11195600,,
2019-08-30,11.158371359798862,11.214767213113511,11.021409343175387,11.134201049804688,8841100,,
2019-09-03,11.013352603549782,11.077805227040237,10.775683266302776,10.86833381652832,7907500,,
2019-09-04,10.965013984818176,11.10197601722122,10.900561354079796,11.07780647277832,6934000,,
2019-09-05,11.23893898230649,11.682051431657246,11.206712664262945,11.601485252380371,9380500,,
2019-09-06,11.657884620510007,11.770676375958843,11.593431969300328,11.738450050354004,8599500,,
2019-09-09,11.81095756448189,12.117107992372395,11.786788016272034,12.044598579406738,12951200,,
2019-09-10,12.063268700675101,12.314925392839148,12.063268700675101,12.249981880187988,10404700,0.113,
2019-09-11,12.298690320918288,12.501639011192106,12.111977897476525,12.477285385131836,7938900,,
2019-09-12,12.452933168543062,12.546289390830365,12.258102589633587,12.469168663024902,8500800,,
2019-09-13,12.46104854281286,12.501637657121105,12.347397009861675,12.436694145202637,9229000,,
2019-09-16,12.331160284793684,12.477283568253204,12.249981285017718,12.274334907531738,11458500,,
2019-09-17,12.185035661981162,12.185035661981162,11.97396890563612,12.16879940032959,7239300,,
2019-09-18,12.071387094993957,12.16880236608252,11.86843842001251,11.965853691101074,12714800,,
2019-09-19,12.006442965576017,12.152566251813573,11.925263190068993,12.055150985717773,14516200,,
2019-09-20,12.071384502065474,12.120092514241172,11.649251751355639,11.714195251464844,19541900,,
2019-09-23,11.608662279541836,11.758843838519168,11.535600645796055,11.689841270446777,11750000,,
2019-09-24,11.714197516979,11.827848277056258,11.478777090006156,11.568074226379395,16093600,,
2019-09-25,11.568076282048098,11.909030171243494,11.51936825179681,11.844086647033691,8018700,,
2019-09-26,11.795376617885273,11.9333817769911,11.649254100269731,11.876556396484375,6972100,,
2019-09-27,11.96585407622903,12.258100673088606,11.925264185088782,12.176920890808105,10224700,,
2019-09-30,12.176920038086621,12.436694084492396,12.168801905589508,12.314925193786621,11141900,,
2019-10-01,12.428575890333306,12.497578463542728,11.884673436609084,11.892790794372559,7893900,,
2019-10-02,11.795379358494905,11.815674694954096,11.616785042781592,11.722317695617676,7444400,,
2019-10-03,11.68172755389831,11.771024703979492,11.405717195590114,11.771024703979492,5705100,,
2019-10-04,11.779139166886116,11.779139166886116,11.564013331322165,11.689841270446777,9735000,,
2019-10-07,11.689844873432316,11.904970775301296,11.633019484865656,11.649255752563477,8194000,,
2019-10-08,11.519367224571127,11.5396625579443,11.219003258338422,11.24335765838623,11912400,,
2019-10-09,11.340771340760794,11.547779066921514,11.324535076346134,11.421950340270996,6318600,,
2019-10-10,11.37324299825353,11.568073524439036,11.348888601839574,11.454421997070312,4448400,,
2019-10-11,11.657373112224532,11.799437357829033,11.592429589808962,11.649255752563477,6507200,,
2019-10-14,11.86844028085869,12.136332511901855,11.844086652815097,12.136332511901855,8724200,,
2019-10-15,12.128213546455045,12.39610653332245,11.92526485356519,12.290573120117188,7585800,,
2019-10-16,12.314925392839148,12.351456215478892,12.20939199123408,12.249981880187988,5205500,,
2019-10-17,12.241861560486331,12.412338444285963,12.197212613195028,12.347394943237305,4793500,,
2019-10-18,12.36363114119321,12.493518924934897,12.339277520448737,12.461047172546387,9987100,,
2019-10-21,12.866946869099504,13.32155148749615,12.818238844320256,12.964362144470215,19431100,,
2019-10-22,13.004951039143275,13.061776418539738,12.883181373623772,12.948124885559082,10852100,,
2019-10-23,12.907536378210496,13.151075735309185,12.745177580999183,13.004952430725098,10984200,,
2019-10-24,13.126719202694279,13.1794862870835,12.72488095455315,12.89941692352295,8343400,,
2019-10-25,12.915651252808441,13.151072417099375,12.907533121449246,13.118599891662598,6349100,,
2019-10-28,13.21601967362211,13.376755004090638,13.207901539956952,13.337788581848145,5537100,,
2019-10-29,13.248487050893296,13.431141137663476,13.167307284731521,13.362137794494629,6490400,,
2019-10-30,13.378375907474178,13.378375907474178,13.142956256262039,13.240370750427246,6452200,,
2019-10-31,13.272844072947224,13.337787589058793,13.069895391551626,13.321551322937012,5724900,,
2019-11-01,13.069892886644084,13.418964799483298,12.834472492312146,13.394610404968262,6996900,,
2019-11-04,13.467674966170115,13.638151119687803,13.467674966170115,13.516382217407227,10539600,,
2019-11-05,13.621913180447855,13.75180018528375,13.609735209236517,13.66250228881836,13439800,,
2019-11-06,13.768036206647963,13.824863131486747,13.654385453721154,13.751801490783691,12812800,,
2019-11-07,13.865452610284795,14.084637538188769,13.816745364653496,13.946632385253906,9108800,,
2019-11-08,13.946634173595342,14.157700996229424,13.841099988090491,14.149582862854004,5901700,,
2019-11-11,14.15770117162141,14.27947007701001,14.068403251761136,14.173935890197754,5640100,,
2019-11-12,14.21452416152914,14.238878557851855,14.011575503965974,14.076519012451172,8409400,,
2019-11-13,14.019692335904665,14.060281444302964,13.914158176668714,13.98721981048584,8627200,,
2019-11-14,13.930396056952883,13.962868586142365,13.784272772351038,13.82486343383789,11010500,,
2019-11-15,13.92227630802342,14.019692335904665,13.832979959872118,13.98721981048584,9913400,,
2019-11-18,13.979102260261907,14.027811050415039,13.849215249937487,14.027811050415039,8227500,,
2019-11-19,14.076519807674515,14.27135034413665,14.019694428086659,14.157699584960938,9109700,,
2019-11-20,14.092758812249615,14.125229800450828,13.841101298905324,13.897928237915039,6433900,,
2019-11-21,13.857334633992588,13.987221656055606,13.792391122961078,13.865452766418457,5434900,,
2019-11-22,13.897928237915039,14.031873580355661,13.832984713136847,13.897928237915039,6688600,,
2019-11-25,13.930397944690878,14.173935753112673,13.80862904047998,14.16581916809082,11373800,,
2019-11-26,13.378376871248784,13.532618304559916,12.785767085863352,12.964362144470215,27706700,,
2019-11-27,12.931888898064118,12.972478010824203,12.810119237220762,12.940006256103516,8446600,,
2019-11-29,12.907534337981723,13.021186639346915,12.83041440536369,12.850708961486816,4805700,,
2019-12-02,12.850710614823969,12.980597648773344,12.785767097849282,12.793885231018066,9736300,,
2019-12-03,12.582818185256096,12.680233458949095,12.473225712031057,12.672115325927734,6523900,,
2019-12-04,12.728940725253414,12.89129950507803,12.728940725253414,12.777647972106934,5239400,,
2019-12-05,12.858829785307897,12.964363202452038,12.826358024201074,12.931891441345215,8002400,,
2019-12-06,13.021186442732796,13.078011818369665,12.891298653267889,12.91565227508545,5307300,,
2019-12-09,12.85882703726686,12.996832186024948,12.789824462887816,12.89941692352295,6715500,,
2019-12-10,12.883057930777213,13.046652161184015,12.850339084695852,12.95667552947998,6885000,0.12,
2019-12-11,12.989395384164947,13.161169534449755,12.956676535543025,12.981215476989746,6725600,,
2019-12-12,12.981215618454385,13.447460191496337,12.977125664822214,13.414740562438965,9032500,,
2019-12-13,13.390198733620368,13.455636413655863,13.079368583333748,13.112088203430176,7430600,,
2019-12-16,13.177530064044085,13.373843166431005,13.144810433567338,13.152990341186523,6902500,,
2019-12-17,13.152988605968144,13.169348419048235,12.932136589938665,12.95667552947998,8874700,,
2019-12-18,12.923955603899818,13.226605099892716,12.90759579218621,13.013932228088379,10688600,,
2019-12-19,12.989393318013867,13.08345989532938,12.82579910092629,12.874876976013184,10615100,,
2019-12-20,12.940315414126601,12.964855133173515,12.744002342224121,12.744002342224121,19504300,,
2019-12-23,12.76854157945304,13.009843361832633,12.711283793830363,12.95667552947998,10093700,,
2019-12-24,12.940315343488919,13.071190724042825,12.928046264111241,13.022112846374512,2022600,,
2019-12-26,13.038475502363926,13.0793742651727,13.005756648132712,13.054835319519043,3502100,,
2019-12-27,13.103908914549505,13.177526503070592,12.981212673654788,13.005751609802246,7395400,,
2019-12-30,13.022113899090728,13.079371687692118,12.833979939276514,12.907597541809082,10155500,,
2019-12-31,12.833976734306745,13.005750837293428,12.776718960004075,12.973031997680664,7338500,,
2020-01-02,13.08755107642523,13.234786275660241,13.063012136579006,13.226606369018555,8601700,,
2020-01-03,13.00575450453763,13.054833167834868,12.850340167574346,12.899418830871582,7802100,,
2020-01-06,12.76854403241839,12.907599349997799,12.752184996274387,12.858521461486816,9155300,,
2020-01-07,12.833980212785455,12.895328736255921,12.735823667343142,12.793082237243652,8548500,,
2020-01-08,12.735823104115683,12.92804701300835,12.67038541004805,12.89123821258545,7624900,,
2020-01-09,12.923956722510722,12.923956722510722,12.637666233373292,12.817620277404785,10668500,,
2020-01-10,12.817620262201997,12.87487804793004,12.645846124939041,12.65402603149414,7536800,,
2020-01-13,12.65402470926883,12.80943901718227,12.637664897868078,12.719462394714355,10123800,,
2020-01-14,12.735822623105713,12.817620127640328,12.678564837978772,12.711283683776855,7669100,,
2020-01-15,12.678566221754094,12.801261711868541,12.621308430377873,12.67038631439209,6933900,,
2020-01-16,12.760363528288117,12.923957772480756,12.690835876996383,12.899418830871582,6821800,,
2020-01-17,12.915776825559641,12.915776825559641,12.253219214815276,12.3513765335083,18728200,,
2020-01-21,12.27775970536889,12.302298646543374,12.056906894561909,12.187782287597656,13327600,,
2020-01-22,12.236859192666433,12.326835817437074,12.187780537286871,12.294116973876953,12116300,,
2020-01-23,12.30229892783238,12.415179463957967,12.097805926518625,12.400455474853516,6112100,,
2020-01-24,12.392275565784932,12.449534136598126,12.02009836585418,12.073266983032227,9582700,,
2020-01-27,11.827874464614226,11.966929758948602,11.696999077023952,11.876953125,11602000,,
2020-01-28,11.926030924442447,12.056906311145319,11.876953044468287,11.958749771118164,6350800,,
2020-01-29,12.065083278518003,12.065083278518003,11.786972759488734,11.79515266418457,7123700,,
2020-01-30,11.664277309365772,11.868770246289806,11.574299917868862,11.79515266418457,6938000,,
2020-01-31,11.705179501186173,11.729718442424364,11.296193506848246,11.394350051879883,12204300,,
2020-02-03,11.500687215341541,11.811515903793893,11.459788457362361,11.56612491607666,9186200,,
2020-02-04,11.836051407585106,12.036454392161222,11.76243382547987,11.79515266418457,8307900,,
2020-02-05,11.942388918358517,12.195959746443297,11.942388918358517,12.179600715637207,7683700,,
2020-02-06,12.261399403979507,12.335017004656555,12.105985075944838,12.204141616821289,6328900,,
2020-02-07,12.056906700134277,12.097805454818142,11.975109970845413,12.056906700134277,6361800,,
2020-02-10,11.983290268455823,12.089626728991123,11.901493531175626,12.08144760131836,6762800,,
2020-02-11,12.155062433680207,12.257308923539803,12.105984555391736,12.16324234008789,4978600,,
2020-02-12,12.261398130316833,12.416813222286477,12.228679286756712,12.294116973876953,7822300,,
2020-02-13,12.105985552342391,12.122344586426141,11.90149255578282,12.024188041687012,9028500,,
2020-02-14,12.048728639195339,12.122346252889646,11.73789992816446,11.811516761779785,8115900,,
2020-02-18,11.656098528350554,11.778793990301704,11.623379686491667,11.762434959411621,5494800,,
2020-02-19,11.762438146466227,11.901493457063477,11.754258238765464,11.836055755615234,7303100,,
2020-02-20,11.795156997190348,11.991470101535079,11.754258238765464,11.836055755615234,9141800,,
2020-02-21,11.729717044958457,11.819693672164686,11.525224072152566,11.598841667175293,8480200,,
2020-02-24,11.238934463274745,11.467967172103144,11.132598015621312,11.214395523071289,11045100,,
2020-02-25,11.271652607208352,11.279832513458926,10.78904905952768,10.903565406799316,11244300,,
2020-02-26,10.993539698032295,11.099876116445651,10.641812384903563,10.666351318359375,10242600,,
2020-02-27,10.429143002327482,10.699073699981412,10.241009816723361,10.290087699890137,12311300,,
2020-02-28,10.044694797052589,10.470040563025169,9.864741539213849,10.461860656738281,23265400,,
2020-03-02,10.461863591893513,10.543661117553711,10.093776286580662,10.543661117553711,15540800,,
2020-03-03,10.32280439361374,10.903564423701871,10.163300136502917,10.29826545715332,15309400,,
2020-03-04,9.733867042608162,10.044696513928818,9.349420742359055,10.028337478637695,26220800,,
2020-03-05,9.652068379563165,9.791123662139217,9.51301309698711,9.643888473510742,17618300,,
2020-03-06,9.365777932477268,9.877010360888459,9.324879182188617,9.807482719421387,16163800,,
2020-03-09,9.153105384401256,9.414856927620127,8.793198085083668,9.112207412719727,14914600,,
2020-03-10,9.418153733720343,9.587663895148602,9.046057488074505,9.52564811706543,14684200,0.12,
2020-03-11,9.2610462603314,9.277584221736001,8.6822310169182,8.7401123046875,16335600,,
2020-03-12,8.086876781248934,8.22744628097574,7.425373392282784,7.541136741638184,16073900,,
2020-03-13,8.012456151791367,8.177832561778146,7.392296980060442,8.15302562713623,13959100,,
2020-03-16,7.078084057872993,7.317878918404975,6.276011267028832,6.904439449310303,20677100,,
2020-03-17,7.020203529749129,7.160773043038903,6.350431490797871,6.838290691375732,16205300,,
2020-03-18,6.457924362645725,7.169040349174743,6.143710276239113,7.053277015686035,16350700,,
2020-03-19,6.854828203436143,7.698245324976553,6.515807874078164,7.5328688621521,17683900,,
2020-03-20,7.739589180874622,7.822277417936073,7.119429768634151,7.13596773147583,19963400,,
2020-03-23,7.06154767105196,7.218654357275577,6.328932639559757,6.47446346282959,12308900,,
2020-03-24,6.838290435051882,7.417105638833666,6.796946322944609,7.392298698425293,12485900,,
2020-03-25,7.4419111815414976,8.334940460240613,7.2889382158375655,7.764394283294678,16421400,,
2020-03-26,7.90496392213705,8.773186278090444,7.822275703201822,8.707036018371582,13077200,,
2020-03-27,8.285325727140338,8.479641955921398,7.921498623523947,8.119949340820312,12549000,,
2020-03-30,8.103413258390658,8.450702454362627,7.822274310358765,8.31013298034668,10077300,,
2020-03-31,8.343210634896588,8.40109192225684,8.000055823910206,8.028996467590332,9300000,,
2020-04-01,7.57421281078879,8.053802649824874,7.516331523221008,7.921502113342285,11509900,,
2020-04-02,7.8553513227350775,8.177834450396922,7.52460000352294,7.7561259269714355,8233400,,
2020-04-03,7.739587082779963,7.946306830821264,7.615555549384485,7.689974784851074,6826800,,
2020-04-06,8.227447874795999,8.40109253818087,7.946308820880161,8.128222465515137,10453600,,
2020-04-07,8.458972650468992,8.59127396630535,7.979382844853897,7.987651824951172,10484500,,
2020-04-08,8.095145556216924,8.533391215039767,8.070339406472725,8.458971977233887,5841500,,
2020-04-09,8.632616779044536,8.930293736352716,8.61607960840147,8.707036018371582,12500600,,
2020-04-13,8.66569268360516,8.764918870627438,8.41349509159586,8.56646728515625,6937300,,
2020-04-14,8.781456042748905,8.897219401892652,8.533392152339946,8.56646728515625,8921000,,
2020-04-15,8.277059668880025,8.297731330173026,7.735453310982082,7.871889114379883,16451900,,
2020-04-16,7.921501682383769,7.921501682383769,7.607287531045315,7.706512928009033,11236200,,
2020-04-17,7.847082836292312,8.103415716238313,7.830545663577982,8.028996467590332,9960300,,
2020-04-20,7.814007026020785,8.062070903854037,7.665169330179498,7.739587783813477,8651400,,
2020-04-21,7.5824793259388255,7.632091616701135,7.425371898520846,7.4832539558410645,7682100,,
2020-04-22,7.7147825820688,7.7395887363330464,7.400568403285779,7.466718673706055,9059000,,
2020-04-23,7.491522741342718,7.838811133475271,7.491522741342718,7.665167331695557,8468600,,
2020-04-24,7.6734381634809745,7.921502062066823,7.640363029574421,7.880157947540283,9376500,,
2020-04-27,7.780932053959378,8.045533108485404,7.7561259022409,7.987651824951172,6455000,,
2020-04-28,8.128221641859954,8.29359730723675,8.062071375709234,8.103415489196777,8553000,,
2020-04-29,8.343211845838885,8.624350919947894,8.334942863994852,8.525125503540039,10508100,,
2020-04-30,8.450705698028752,8.467242872074717,8.260523070772658,8.318405151367188,8172900,,
2020-05-01,8.111685607271111,8.119953800269533,7.731321129271756,7.838814735412598,6454100,,
2020-05-04,7.731319775173863,7.822276190813864,7.541137175196873,7.7561259269714355,6867500,,
2020-05-05,7.880158309568038,8.037265794271995,7.76439572986347,7.780932903289795,5361900,,
2020-05-06,7.830544335834643,7.904963571864134,7.60728662774617,7.731318950653076,8741200,,
2020-05-07,7.8222767109803435,8.053802649824874,7.814007730306832,7.921502113342285,7816100,,
2020-05-08,8.07033821981682,8.500314835977095,8.028994117273502,8.475508689880371,7173500,,
2020-05-11,8.334940189656468,8.369668955970162,7.98765094937301,8.0455322265625,7776300,,
2020-05-12,8.095147644127298,8.210911020413532,7.838814735412598,7.838814735412598,8668300,,
2020-05-13,7.814007543100463,7.814007543100463,7.450181076489824,7.508062362670898,9420800,,
2020-05-14,7.408837674159887,7.60728849318664,7.127698619585258,7.58248233795166,8108800,,
2020-05-15,7.474987573307592,7.565943997002307,7.350956014762669,7.5328688621521,6691300,,
2020-05-18,7.79747004167786,8.293597020665413,7.772663101298471,8.26052188873291,11822200,,
2020-05-19,8.21091010988791,8.425898086902595,7.9876523636448855,8.30186653137207,8220800,,
2020-05-20,8.351479860459913,8.516855535320092,8.306001254158332,8.500317573547363,7696000,,
2020-05-21,8.475510867054757,8.640886531136275,8.438301244064744,8.56646728515625,11153900,,
2020-05-22,7.772664175708934,7.987652957274645,7.466718965899326,7.58248233795166,28856500,,
2020-05-26,7.814006455338372,7.896694671434909,7.7147810691664915,7.789200305938721,22433200,,
2020-05-27,7.896694581905461,8.07033920288086,7.830544325207525,8.07033920288086,14601600,,
2020-05-28,8.07033997575389,8.128221258764391,7.8305450751160945,7.929770469665527,16005300,,
2020-05-29,7.8718897782239035,8.066206091914323,7.756126414930001,8.028996467590332,23813800,,
2020-06-01,7.995919966952365,8.210908695507289,7.896694581905461,8.07033920288086,11042300,,
2020-06-02,8.16129629384004,8.260521687216942,8.103415011513514,8.227446556091309,10944300,,
2020-06-03,8.293597687978007,8.636752505103376,8.252253572592444,8.549930572509766,11925600,,
2020-06-04,8.434167337350415,8.707037399104882,8.376286048061111,8.665693283081055,13596000,,
2020-06-05,9.236238568026641,9.409883190978485,9.062593945074797,9.186625480651855,16560200,,
2020-06-08,9.476034145270939,9.682753912149822,9.327195660774677,9.583528518676758,17123900,,
2020-06-09,9.357936331813198,9.3662918234894,9.123988142644343,9.207541465759277,13803600,0.12,
2020-06-10,9.11562869194057,9.182471002672678,8.856614937059451,8.940167427062988,12908400,,
2020-06-11,8.405431288149254,8.530760456560248,8.096284518665085,8.146416664123535,21903500,,
2020-06-12,8.514048219703653,8.580891336061217,8.196547600327566,8.480627059936523,14444900,,
2020-06-15,8.263389590254736,8.593423430187965,8.221612943006368,8.53075885772705,15890400,,
2020-06-16,8.86497129438144,8.973590268940951,8.622667673232794,8.69786548614502,12433400,,
2020-06-17,8.722933159205057,8.764709820053515,8.355300296750393,8.388721466064453,15294900,,
2020-06-18,8.305166267299095,8.560003123737287,8.221613761309591,8.472272872924805,13211300,,
2020-06-19,8.63938054993648,8.664446227471284,8.138062218299252,8.204904556274414,26732700,,
2020-06-22,8.179838435734496,8.200726366411661,8.029442785023777,8.112996101379395,11991600,,
2020-06-23,8.238325895398873,8.355300387682906,8.06286455538459,8.079575538635254,16645400,,
2020-06-24,7.987666895873566,8.012732571963635,7.72865225353127,7.745363235473633,16171700,,
2020-06-25,7.678519023235523,7.954244608692395,7.494703028695428,7.912467956542969,14374000,,
2020-06-26,7.853982436028098,7.9542467468680496,7.7879759612840065,7.937535762786865,13084400,,
2020-06-29,8.004377365112305,8.054509515895386,7.845627015142302,8.004377365112305,9435900,,
2020-06-30,7.970955100933814,8.154771899434039,7.945889427400319,8.129705429077148,10092000,,
2020-07-01,8.121350907376934,8.154772071735547,7.812204937853917,7.870691776275635,9192700,,
2020-07-02,8.012733252219398,8.142240185973538,7.837271911045851,7.862337589263916,9605700,,
2020-07-06,8.02108704203174,8.079573877739007,7.8957570838861155,8.012731552124023,8967700,,
2020-07-07,7.920822273630884,7.9542442312230754,7.565722739270444,7.5782551765441895,10733300,,
2020-07-08,7.628388627814643,7.7286521273616,7.494703961752034,7.695230960845947,8795900,,
2020-07-09,7.695230732923424,7.7119409172745845,7.477992758594254,7.503058433532715,9402800,,
2020-07-10,7.519770100642504,7.749540534988287,7.494704423417613,7.737008094787598,7315100,,
2020-07-13,7.837271182707571,8.004377016670995,7.599145269706757,7.887402534484863,13827800,,
2020-07-14,7.845628335530602,8.008556458554645,7.732831574903045,7.945891857147217,8845400,,
2020-07-15,8.154772663251398,8.250858418149173,7.966778102083168,8.054509162902832,8162600,,
2020-07-16,8.004374883701486,8.313520793359888,7.970953725814719,8.121349334716797,11771400,,
2020-07-17,8.154773369616166,8.179839047668624,8.025265639894133,8.079575538635254,7209900,,
2020-07-20,8.021088124570493,8.067041731618156,7.833093560391699,7.979311466217041,7194800,,
2020-07-21,8.021088091913649,8.213259604004252,8.01273260091228,8.071219444274902,13268300,,
2020-07-22,8.037797679649744,8.196548809581985,7.979310840634403,8.146416664123535,9564700,,
2020-07-23,8.154773201204804,8.305168063237154,8.058687439968452,8.204904556274414,7476300,,
2020-07-24,8.188193572052583,8.225792483101616,8.037797927856445,8.037797927856445,9185400,,
2020-07-27,7.996021024571606,8.163127644884158,7.9124685112387505,8.146416664123535,5465100,,
2020-07-28,8.112996366061362,8.138062043056408,7.92082405090332,7.92082405090332,7919300,,
2020-07-29,7.9375347744913824,8.201562234241077,7.853981458135766,8.112996101379395,10821000,,
2020-07-30,8.012732252764904,8.079574584224645,7.812205258385684,8.037797927856445,9499500,,
2020-07-31,8.021087594423866,8.271745934330575,7.8957576276470816,8.24668025970459,24918200,,
2020-08-03,8.246680513270876,8.355299502421166,8.112995848723891,8.263391494750977,9723800,,
2020-08-04,8.263390644040957,8.455562130337471,8.24667966428124,8.321877479553223,7913500,,
2020-08-05,8.397075294825205,8.47227311009719,8.24667966428124,8.321877479553223,6730100,,
2020-08-06,8.24667952441696,8.555825473318242,8.221613852025873,8.447206497192383,11467900,,
2020-08-07,8.430497169494629,8.472273825598677,8.330233672938977,8.430497169494629,7961100,,
2020-08-10,8.447205563230316,8.64355556625066,8.447205563230316,8.53075885772705,12021500,,
2020-08-11,8.67280091885753,8.856617729743867,8.438852757526202,8.488984107971191,9680100,,
2020-08-12,8.58924654067478,8.622667702435253,8.37200938764339,8.472272872924805,7467700,,
2020-08-13,8.363653269119837,8.38036345033193,7.979309539362207,8.029440879821777,11949500,,
2020-08-14,7.979312029601884,8.146417877990833,7.862337537317849,8.079575538635254,8041500,,
2020-08-17,8.112996757322305,8.121352248998111,7.879048568164532,7.904114246368408,8931000,,
2020-08-18,7.853981493641388,7.962600486665334,7.82056032631275,7.895758152008057,6092700,,
2020-08-19,7.945889595288366,8.050330833511957,7.853980795684623,7.870691776275635,5024100,,
2020-08-20,7.795494940586848,7.837271600510676,7.69523143486377,7.737008094787598,6993700,,
2020-08-21,7.720294842684803,7.820558318935132,7.620031366434475,7.795492649078369,8433800,,
2020-08-24,7.853981117930439,8.188193572052583,7.853981117930439,8.037797927856445,10576500,,
2020-08-25,8.04615173811583,8.146415214366158,7.77460472366828,7.795492649078369,15471100,,
2020-08-26,8.438853710289152,8.589248575427437,8.037798877332131,8.079575538635254,27301800,,
2020-08-27,8.079573619841053,8.11299478158175,7.870691159755862,7.996020317077637,10944400,,
2020-08-28,8.012733621989275,8.229971634767013,7.972627897530745,8.213260650634766,10162600,,
2020-08-31,8.213260217346415,8.271747065076662,8.021088690905007,8.079575538635254,9873000,,
2020-09-01,8.079573768317312,8.11299493067218,7.833092397141393,7.912467956542969,13312500,,
2020-09-02,7.945891279107445,8.271747501450472,7.920824802909074,8.213260650634766,12537100,,
2020-09-03,8.229968415720384,8.43885085473031,7.895756035210542,7.9542436599731445,11362100,,
2020-09-04,8.02108704203174,8.163127183169424,7.870691410986341,8.012731552124023,14867800,,
2020-09-08,7.91119822868958,8.190416913756698,7.851969460367147,7.978887557983398,13464300,0.12,
2020-09-09,8.105805509481174,8.105805509481174,7.8942761364635645,8.004271507263184,10452400,,
2020-09-10,8.02119415902653,8.080422937505148,7.767359534108941,7.801204204559326,9993000,,
2020-09-11,7.843506961172344,7.847736837152557,7.699666970237429,7.818122863769531,10212700,,
2020-09-14,7.885815052421172,8.012733164963562,7.843509821827592,7.928121089935303,10829000,,
2020-09-15,7.877354780201915,7.987349352095736,7.839279425730755,7.851970672607422,6831300,,
2020-09-16,7.919658126943076,8.181954861197946,7.8604301704973,8.012731552124023,12250500,,
2020-09-17,7.885814572302265,8.156572711755565,7.86043127410744,8.148111343383789,10690500,,
2020-09-18,8.131189091961316,8.148111829714923,7.974657802343197,8.038116455078125,15150900,,
2020-09-21,7.868891582613056,7.88581351015688,7.695437588956802,7.809662818908691,17300400,,
2020-09-22,7.8519700395022785,7.919659373788638,7.758897406588663,7.877354145050049,9640500,,
2020-09-23,7.877352265821399,8.029652828172482,7.665822944909035,7.674283504486084,9145800,,
2020-09-24,7.631978786233192,7.813893336332044,7.4754467234500215,7.725051403045654,11040300,,
2020-09-25,7.682748485646726,7.75889920611065,7.547369785675617,7.708131790161133,10650500,,
2020-09-28,7.8350482355099285,8.038116241637745,7.8181254982056805,8.021193504333496,13486300,,
2020-09-29,8.038114157864412,8.088881549695865,7.885812789290374,7.936580181121826,7812300,,
2020-09-30,7.953504389675561,8.071961133331016,7.86889312156785,7.928121089935303,8426600,,
2020-10-01,7.978886935869284,7.991578179797055,7.741973494892612,7.809662818908691,8777900,,
2020-10-02,7.657362737118686,8.000040062912731,7.657362737118686,7.970426082611084,9227000,,
2020-10-05,8.046574660101088,8.28348724705546,8.03811329455123,8.266565322875977,12705100,,
2020-10-06,8.300412768292833,8.380793347275265,8.055038733307486,8.088883399963379,10266900,,
2020-10-07,8.173491915668015,8.28348724705546,8.169261232893087,8.266565322875977,6407500,,
2020-10-08,8.291951054506317,8.520402343187572,8.291951054506317,8.452713012695312,14149100,,
2020-10-09,8.503481140540249,8.528864439913411,8.241184357282435,8.300413131713867,7921100,,
2020-10-12,8.317332116623366,8.41040471930903,8.220028831053774,8.401944160461426,6836100,,
2020-10-13,8.325795629539108,8.423098940202351,8.207338899000948,8.275028228759766,7553100,,
2020-10-14,8.275029116157919,8.4019472282565,8.241184447649074,8.25810718536377,6670000,,
2020-10-15,8.181956366193104,8.359641075134277,8.139650329412722,8.359641075134277,7045900,,
2020-10-16,8.427330323509658,8.486558290233472,8.004271573949776,8.021193504333496,15983300,,
2020-10-19,8.063496780851063,8.110033485589508,7.902734866085914,7.911196231842041,9550300,,
2020-10-20,7.95350277616279,8.080420862957537,7.894274819810807,7.902736186981201,7226000,,
2020-10-21,7.911197815423235,7.945042478302162,7.80374022403524,7.8858137130737305,8303300,,
2020-10-22,7.885814767881935,8.038116174669181,7.805434187118018,8.004271507263184,8137500,,
2020-10-23,8.04657761028987,8.088883646629963,7.945043607225961,8.021193504333496,7365700,,
2020-10-26,7.919659494106644,7.953504161764003,7.576982133210823,7.665824890136719,13766000,,
2020-10-27,7.615056035409059,7.644670013106168,7.437371362306033,7.4458327293396,12446100,,
2020-10-28,7.251226448973581,7.344299886965208,7.073541748259245,7.082003116607666,13043500,,
2020-10-29,7.0735395798604275,7.27660832336915,7.010080950541561,7.217379570007324,12799100,,
2020-10-30,7.141230714824113,7.3189154064223185,7.107386050087333,7.310454845428467,12125000,,
2020-11-02,7.43737210364971,7.589673497753536,7.314685497115314,7.538906097412109,11066300,,
2020-11-03,7.648901072921241,7.902736447973401,7.631979144941984,7.8858137130737305,12712100,,
2020-11-04,7.860432113576963,7.860432113576963,7.462756633758544,7.462756633758545,21370400,,
2020-11-05,7.59390536742804,7.928121381549743,7.581213313630794,7.851970672607422,11201000,,
2020-11-06,7.8265857456503785,7.906967122489368,7.6912070942923405,7.775818347930908,10262100,,
2020-11-09,8.080421692312743,8.427329712700834,8.029654291000123,8.232722282409668,19918800,,
2020-11-10,8.266568140349639,8.461174772802249,8.24964540348219,8.385024070739746,14920600,,
2020-11-11,8.393486670125734,8.418869972229004,8.207340571886965,8.418869972229004,10516000,,
2020-11-12,8.368103342545078,8.383333162376546,8.063500490550732,8.181957244873047,14316100,,
2020-11-13,8.266565668254515,8.613473601090204,8.232720204641018,8.579628944396973,10676200,,
2020-11-16,8.867311204809132,9.070380022468694,8.740393899827383,8.994229316711426,13695600,,
2020-11-17,8.833466808163212,8.909617516263678,8.672704829778228,8.867311477661133,8297000,,
2020-11-18,8.909613903809996,9.1549878599118,8.875769248034583,8.884230613708496,9211700,,
2020-11-19,8.858846738189687,8.934997410382179,8.757312777573095,8.875768661499023,9531500,,
2020-11-20,8.867311040893295,8.88000309392507,8.748855106945516,8.858850479125977,7702100,,
2020-11-23,8.960383026340626,9.391903076242222,8.884232334367356,9.3665189743042,10197000,,
2020-11-24,9.510359473904597,9.882651585364458,9.421517533371036,9.755733489990234,12346000,,
2020-11-25,9.679582118864317,9.704966220320532,9.459592221353143,9.510358810424805,10258100,,
2020-11-27,9.476517887071862,9.662664003247189,9.349600557405466,9.493440628051758,5332900,,
2020-11-30,9.544202984783123,9.637276404862789,9.260753655024796,9.341135025024414,18573800,,
2020-12-01,9.425748223636404,9.641508259690555,9.311522179798247,9.47651481628418,17306400,,
2020-12-02,9.40036369188025,9.747272491455078,9.307291071655046,9.747272491455078,20679400,,
2020-12-03,9.747275384863794,10.018032765469798,9.620357257514248,9.82342529296875,13842100,,
2020-12-04,9.908035531218504,10.441089630126953,9.89111279462435,10.441089630126953,12847700,,
2020-12-07,10.305710969003504,10.407244967845841,10.11956490099897,10.221098899841309,9026200,,
2020-12-08,10.169822921104497,10.383474669993388,10.075816444999413,10.340744972229004,8063400,0.12,
2020-12-09,10.289467841508348,10.571488075182092,10.280921576241456,10.366382598876953,10536800,,
2020-12-10,10.229645999567879,10.46893573092724,10.186915486642377,10.357836723327637,7837200,,
2020-12-11,10.23819026189269,10.39629289686259,10.221098547716206,10.246736526489258,6710000,,
2020-12-14,10.229643207727463,10.46893287378068,10.118544230448624,10.144182205200195,9494500,,
2020-12-15,10.25528286199463,10.409112365729879,10.097180225931549,10.400566101074219,10241400,,
2020-12-16,10.42620447041084,10.486027510223742,10.246736981005501,10.392020225524902,13599800,,
2020-12-17,10.392019447951157,10.473207329111702,10.306559249639143,10.409111976623535,7487100,,
2020-12-18,10.392020970664689,10.537304225601344,10.280921963065085,10.357836723327637,24725600,,
2020-12-21,10.127092292734792,10.144184007266594,9.879256319398653,9.973262786865234,12089600,,
2020-12-22,10.041632813691708,10.079235243436777,9.896349550334826,9.921987533569336,6655600,,
2020-12-23,9.96471694242915,10.14845756774253,9.96471694242915,10.041631698608398,6112800,,
2020-12-24,10.10999883839761,10.114271970393853,9.964715610591734,10.050176620483398,2539900,,
2020-12-28,10.058724438870385,10.302287295178312,10.037358775587494,10.07581615447998,6552900,,
2020-12-29,10.118546027960557,10.127092292734792,9.88780176915622,9.973262786865234,5716800,,
2020-12-30,9.964713277408752,10.101450209205941,9.93907530645088,9.981805801391602,4647500,,
2020-12-31,9.973263793724957,10.152731297018855,9.947625811830616,10.127093315124512,5700700,,
2021-01-04,10.169822351561384,10.255283372337543,9.853617878716314,9.887802124023438,8007200,,
2021-01-05,9.887800902143065,10.14418311777253,9.887800902143065,10.067268371582031,10969100,,
2021-01-06,10.221098372343974,10.468934336275545,10.186914129560883,10.289466857910156,9752200,,
2021-01-07,10.392020695868064,10.460389188734297,10.208280065658792,10.229645729064941,10019700,,
2021-01-08,10.238190188400415,10.280920696059873,10.054450390993043,10.152729988098145,10151100,,
2021-01-11,9.998901454378863,10.323652203001831,9.973263473308208,10.229645729064941,7677800,,
2021-01-12,10.289466509182327,10.451841453144686,10.212551761772987,10.374927520751953,7112400,,
2021-01-13,10.392019836418559,10.464661455958353,10.272375391305948,10.400566101074219,9528500,,
2021-01-14,10.460387564719312,10.733862308742973,10.392019082467547,10.66549301147461,9784700,,
2021-01-15,10.810778558974617,11.007338598873908,10.562942553895873,10.716772079467773,12836900,,
2021-01-19,10.75950092181287,10.815050011294637,10.48602697664113,10.520211219787598,9202800,,
2021-01-20,10.511666505595931,10.614219250160676,10.477482257407683,10.54585075378418,4825400,,
2021-01-21,10.545851295604436,10.554397561844775,10.387748630225378,10.477482795715332,7016600,,
2021-01-22,10.332197014967141,10.392019234055914,10.084361059435158,10.374927520751953,10126800,,
2021-01-25,10.323650655850102,10.511664390563965,10.122818340030326,10.511664390563965,9483500,,
2021-01-26,10.554396389907234,10.588580636056042,10.268103022779709,10.443297386169434,5967600,,
2021-01-27,10.332197685026971,11.238080554333255,10.306559705900064,11.16971206665039,20717800,,
2021-01-28,11.195350564026597,11.203896013497936,10.73386287689209,10.73386287689209,10760900,,
2021-01-29,10.691134012338425,10.862055253279667,10.409113761031186,10.54585075378418,11396500,,
2021-02-01,10.622763809432042,10.708224008665237,10.409112088824104,10.580033302307129,7227000,,
2021-02-02,10.68258445577322,10.725314956599615,10.468932766657755,10.554393768310547,6689400,,
2021-02-03,10.511664791740996,10.973152474548327,10.486026813534098,10.870599746704102,7341800,,
2021-02-04,10.887692718323567,11.097071330404782,10.81932422519569,11.075706481933594,6223600,,
2021-02-05,11.101342634409237,11.280810103060922,11.045793548524554,11.229534149169922,7572100,,
2021-02-08,11.186803670526489,11.56283032167125,11.17825740651905,11.537192344665527,9014800,,
2021-02-09,11.597016119392057,11.695296538636933,11.461134089506883,11.622654914855957,5811000,,
2021-02-10,11.861945567442548,12.084143588846755,11.695297458897777,11.930314064025879,17178600,,
2021-02-11,11.887580479106148,12.195239449273407,11.836304527422644,12.126870155334473,12300800,,
2021-02-12,12.152509594009242,12.306338272276493,12.069612625518127,12.289246559143066,7384300,,
2021-02-16,12.331976631423677,12.460167327980649,12.126870375909322,12.220877647399902,14379400,,
2021-02-17,12.195239894932197,12.212331607779106,11.827758696032886,11.964495658874512,12412200,,
2021-02-18,11.887581473917033,11.97304248723008,11.827759253607876,11.913219451904297,7934500,,
2021-02-19,12.032864396486646,12.16532823018268,11.977315309780762,12.075594902038574,8411700,,
2021-02-22,12.007228256257797,12.55417620295192,11.991844815496151,12.36616325378418,13819400,,
2021-02-23,12.391801235031284,12.425985481699668,12.114054128973583,12.36616325378418,13425200,,
2021-02-24,12.408892427307773,12.712277481885971,12.391799898309014,12.682366371154785,8254700,,
2021-02-25,12.62254263095127,12.725095347554781,12.31061053438864,12.383252143859863,14550100,,
2021-02-26,12.391799363959509,12.618270473327506,12.229424420556311,12.443076133728027,16808800,,
2021-03-01,12.673820746584513,12.797739143032503,12.434531033636112,12.477261543273926,14610700,,
2021-03-02,12.485808313235008,12.51999256155601,12.272156557474553,12.391801834106445,13984100,,
2021-03-03,12.793464812926983,12.870379560071457,12.152509673411837,12.443076133728027,24620000,,
2021-03-04,12.408890839364904,12.537081530384704,11.524372137268749,11.998679161071777,20112900,,
2021-03-05,12.067049555649962,12.408892811046703,11.955950558772273,12.306339263916016,14684100,,
2021-03-08,12.349069734109957,12.784919455494425,12.302066908090062,12.656728744506836,11783800,,
2021-03-09,12.613649085268513,13.087521845566043,12.510258620021357,12.803197860717773,14777900,0.12,
2021-03-10,12.966898417543387,13.156447990848456,12.729961245493485,13.053056716918945,10269100,,
2021-03-11,13.009981237955799,13.397695736480419,12.952254497353527,13.354616165161133,11714400,,
2021-03-12,13.483854077175742,13.75094676240658,13.449390584404778,13.621708869934082,14179700,,
2021-03-15,13.492468586230464,13.90603045137307,13.492468586230464,13.828487396240234,11627300,,
2021-03-16,13.785409703702959,13.806949077695215,13.419234594113458,13.561396598815918,10772400,,
2021-03-17,13.595859523056248,13.811257362365723,13.509701209006872,13.811257362365723,10421400,,
2021-03-18,13.716482097052912,13.871568212101627,13.3847704939429,13.423542022705078,13271100,,
2021-03-19,13.371846562489672,13.40200201194207,13.156449555916124,13.165064811706543,20384800,,
2021-03-22,13.13921663240319,13.294302731000128,13.018594019975094,13.21675968170166,8064600,,
2021-03-23,13.165063454827905,13.208143016037425,12.613647700703776,12.71703815460205,9228200,,
2021-03-24,12.84627601655632,13.078905154083154,12.691189924871766,12.71703815460205,7796500,,
2021-03-25,12.648111749078659,13.294302731000128,12.622263518196288,13.21675968170166,12559000,,
2021-03-26,13.328769731695719,13.811259486956564,13.285690157206878,13.794027328491211,11838900,,
2021-03-29,13.725096063358409,13.846578963000947,13.475235595150517,13.492466926574707,9186400,,
2021-03-30,13.518316469745518,13.656171251284412,13.483852979779396,13.59585952758789,8423500,,
2021-03-31,13.595860090208197,13.7164827209184,13.526933107423638,13.561396598815918,11860200,,
2021-04-01,13.595859697161558,13.630323187557522,13.389078754785771,13.526932716369629,12195000,,
2021-04-05,13.552778660534434,13.802639965929975,13.423540790968904,13.707864761352539,12192800,,
2021-04-06,13.664788416814723,13.759563643719709,13.604477506365754,13.716484069824219,9396400,,
2021-04-07,13.699251174926758,13.80264247538594,13.595860696142061,13.699251174926758,7076700,,
2021-04-08,13.699250564385036,13.742330134043996,13.475238281172443,13.561396598815918,7950300,,
2021-04-09,13.57001058161752,13.664784962892728,13.501083609476582,13.604474067687988,10800600,,
2021-04-12,13.613091122923468,13.69924943345421,13.544164145829122,13.630322456359863,8039300,,
2021-04-13,13.613091830389909,13.63032316472181,13.397694810357393,13.50108528137207,8504500,,
2021-04-14,13.45800556772341,13.75094564327264,13.45800556772341,13.59585952758789,7802200,,
2021-04-15,13.707865296176758,13.79057832473318,13.608782870865776,13.647554397583008,10702500,,
2021-04-16,13.725098263287029,13.854336145543355,13.699250029496229,13.742329597473145,9283800,,
2021-04-19,13.742330919836837,13.81556594594235,13.669095893731324,13.750946998596191,9789700,,
2021-04-20,13.794024218411078,13.819872450281215,13.492468086654313,13.570011138916016,6549300,,
2021-04-21,13.570011594389603,13.871567736268014,13.501084617104432,13.776792526245117,33335900,,
2021-04-22,13.785408973693848,14.164508180608095,13.6992498389385,13.785408973693848,29016000,,
2021-04-23,13.81987411855611,14.198971704988871,13.742330235259292,14.147276878356934,19607700,,
2021-04-26,14.121429798786552,14.302364171825811,13.94480428693937,13.983575820922852,15533900,,
2021-04-27,14.02665345393524,14.069732197278583,13.862951271202842,13.95772647857666,9498600,,
2021-04-28,13.9663428840091,14.030962651494347,13.854337149496818,13.914648056030273,8810300,,
2021-04-29,14.078348316370016,14.177430741032536,13.957726519971946,14.104196548461914,9696400,,
2021-04-30,14.078349799896435,14.078349799896435,13.694943355215937,13.802641868591309,12526000,,
2021-05-03,13.819874025135103,13.94911191251577,13.664787081264297,13.802641868591309,8367300,,
2021-05-04,13.785409335708446,13.837104160579674,13.574320353856342,13.673402786254883,8524800,,
2021-05-05,13.70786742647392,13.837105321166238,13.544166038418682,13.750946998596191,7480600,,
2021-05-06,13.802640414118011,14.112810982477155,13.70355716778113,14.104196548461914,8715700,,
2021-05-07,14.078347101341269,14.267895856943376,13.949970353390539,14.198968887329102,8737600,,
2021-05-10,14.216203490506146,14.422984434984372,14.112812196592602,14.138660430908203,8074300,,
2021-05-11,13.802642107634526,14.018039138115654,13.716482966772288,13.931879997253418,6875200,,
2021-05-12,14.026653929538588,14.026653929538588,13.470929247483358,13.509700775146484,9243100,,
2021-05-13,13.518315788448534,13.906030236445934,13.45800488946598,13.845719337463379,7398100,,
2021-05-14,13.94910950077059,14.078347365806545,13.794023405387996,14.009420394897461,7242500,,
2021-05-17,14.078350241549833,14.310979432142204,14.009423256561234,14.2506685256958,10354200,,
2021-05-18,14.216204626155578,14.310979849534961,14.05250241577728,14.069734573364258,7610800,,
2021-05-19,13.888798713684082,13.906029224032688,13.621706083097179,13.888798713684082,7144700,,
2021-05-20,13.880182266235352,13.983571898960992,13.690632688998328,13.880182266235352,7911700,,
2021-05-21,13.95772922716656,14.09558320503026,13.914648831991,13.983575820922852,6660900,,
2021-05-24,14.086963070784064,14.173122192983529,13.992187872029795,14.095579147338867,5594500,,
2021-05-25,14.052500484029672,14.112811383944372,13.802640806761804,13.828487396240234,8726200,,
2021-05-26,13.862952476408626,14.043885186198906,13.819873729320138,13.99219036102295,9778900,,
2021-05-27,14.086964237058176,14.250666418455374,13.957726364733528,14.078348159790039,15351900,,
2021-05-28,14.121429346828934,14.151584800812175,13.716483505233272,13.750946998596191,11684900,,
2021-06-01,13.906030978690955,13.983574036764228,13.690634782017128,13.86295223236084,11694200,,
2021-06-02,13.673401896317245,13.949110623825433,13.591550803644939,13.845719337463379,18204000,,
2021-06-03,13.776794239433901,13.80264247538594,13.638940267720972,13.699251174926758,9960800,,
2021-06-04,13.716481710559984,13.983573543757508,13.664786066442252,13.974957466125488,10221300,,
2021-06-07,13.983575197003292,14.056811043859582,13.638940267720972,13.699251174926758,8055800,,
2021-06-08,13.6992498389385,13.854335952828364,13.570011958479881,13.785408973693848,7095000,,
2021-06-09,13.76817637160313,13.776792449134145,13.445080859259415,13.48385238647461,9019400,,
2021-06-10,13.561392908019702,13.621704617797915,13.408891815235997,13.466618537902832,6340500,,
2021-06-11,13.492469044116374,13.690634727478027,13.483852966214908,13.690634727478027,7602300,,
2021-06-14,13.742329518808045,13.828487832594263,13.483852934100568,13.544164657592773,8249000,,
2021-06-15,13.57889185762121,13.674395272557739,13.492069969137173,13.570209503173828,7527200,0.12,
2021-06-16,13.561527170791472,13.639666704955262,13.44865904677654,13.509434700012207,7864900,,
2021-06-17,13.518116521804446,13.578892176367859,12.693311873824452,12.806180000305176,15591100,,
2021-06-18,12.615172514221442,12.654242282702791,12.424165677195875,12.54571533203125,23705400,,
2021-06-21,12.623855838652503,12.927731655071977,12.589127244889847,12.788816452026367,7972900,,
2021-06-22,12.74540413624952,12.819202488787553,12.584783900256799,12.6846284866333,9002400,,
2021-06-23,12.710676655641139,12.710676655641139,12.51532781484948,12.554397583007812,9421700,,
2021-06-24,12.69331169128418,12.69331169128418,12.576102389163427,12.69331169128418,6649600,,
2021-06-25,12.667265740485394,12.845249872302091,12.658583385763867,12.797497749328613,7595700,,
2021-06-28,12.780136711627788,12.797500596939614,12.563082763261805,12.615175247192383,6312800,,
2021-06-29,12.693314801083353,12.767113176647593,12.554400406608341,12.615175247192383,5964100,,
2021-06-30,12.589126457869114,12.701994587540437,12.545715511380923,12.658583641052246,7333900,,
2021-07-01,12.780133454303478,12.85827298827871,12.671606507781188,12.762768745422363,8281900,,
2021-07-02,12.79749818713395,12.806180542152502,12.658583818816911,12.771451950073242,4434500,,
2021-07-06,12.771450105844934,12.788813985379704,12.41548188143646,12.458892822265625,7866600,,
2021-07-07,12.458896266900823,12.649903134567003,12.415485314069398,12.53703498840332,7674400,,
2021-07-08,12.285249691860297,12.510985933405577,12.18193249191891,12.415482521057129,7951200,,
2021-07-09,12.58044410297249,12.69331223264381,12.519669274685983,12.658583641052246,5304600,,
2021-07-12,12.58912702552809,12.641220329261856,12.502305128636802,12.563080787658691,5872300,,
2021-07-13,12.493621612865098,12.510985492682746,11.881529738387188,11.946645736694336,15287300,,
2021-07-14,12.059515282200625,12.346026371091368,11.990058098711652,12.163701057434082,10422500,,
2021-07-15,12.059514418287485,12.276568308140066,12.042149709661736,12.215792655944824,12683100,,
2021-07-16,12.337344045954355,12.363390282826893,11.998739654631596,12.033468246459961,9645700,,
2021-07-19,11.773004912793123,11.933624348929198,11.703546897064427,11.868508338928223,13289600,,
2021-07-20,11.885871091582448,12.163700644092186,11.868507210297727,12.128972053527832,9144700,,
2021-07-21,12.215792409991627,12.37641264956635,12.120288998457518,12.354706764221191,12163400,,
2021-07-22,12.311295745086404,12.337341977592278,12.089900698799479,12.172381401062012,9795400,,
2021-07-23,12.207109869528493,12.291326048086407,12.13765187019029,12.241838455200195,6787300,,
2021-07-26,12.450210349258658,12.736721396794332,12.450210349258658,12.528349876403809,11046900,,
2021-07-27,12.363389635937775,12.502303995982821,12.215792921391188,12.450211524963379,6485200,,
2021-07-28,12.589126173815783,12.632537119324477,12.333002506108903,12.554397583007812,6465900,,
2021-07-29,12.701994068467288,12.74540501318147,12.563079707777828,12.632536888122559,6440900,,
2021-07-30,12.537033284995262,12.64990141582354,12.497964343549844,12.589126586914062,8153700,,
2021-08-02,12.667265270265707,12.91036539747993,12.571761027863953,12.580443382263184,7937000,,
2021-08-03,12.65858295486442,12.919047791679528,12.441529062184308,12.893001556396484,5425500,,
2021-08-04,12.762768330153467,12.858272569902342,12.628195152683075,12.728039741516113,10097200,,
2021-08-05,12.83222411002067,12.884317401301265,12.70633330041763,12.754084587097168,4851100,,
2021-08-06,12.840908875590097,13.005869477645206,12.823544993897684,12.91036605834961,3664000,,
2021-08-09,12.901682895595666,12.901682895595666,12.719357595270521,12.780133247375488,4391000,,
2021-08-10,12.762769031826792,12.875637158102192,12.70199420536885,12.866954803466797,6880000,,
2021-08-11,12.927730263712611,13.266333809457223,12.797497430122847,13.188194274902344,6561100,,
2021-08-12,13.205559730529785,13.240288322518232,13.053621830082227,13.205559730529785,3993000,,
2021-08-13,13.1968765700183,13.1968765700183,12.988505030806277,13.005868911743164,5144900,,
2021-08-16,12.936412473723491,13.049280604266762,12.728040922564347,13.023234367370605,6356800,,
2021-08-17,12.953777313232422,12.988505905439682,12.7193586948372,12.953777313232422,7973000,,
2021-08-18,12.893002436348127,12.988505857567354,12.76276959505469,12.771451950073242,6290200,,
2021-08-19,12.658583484682469,12.701994430634409,12.389437110171297,12.484940528869629,7395200,,
2021-08-20,12.502304564892732,12.66726599594887,12.458894446399476,12.658583641052246,3944800,,
2021-08-23,12.701993920328245,12.849590633838153,12.632536740793572,12.762768745422363,5114400,,
2021-08-24,12.823545429115763,12.936412733934374,12.706336118733022,12.884320259094238,4760200,,
2021-08-25,12.884319442844514,13.222055253177107,12.858273207074534,13.11873722076416,5934300,,
2021-08-26,13.222922887473471,13.493806386926957,13.114395939961069,13.127419471740723,11897500,,
2021-08-27,13.11005822454755,13.448661838896028,13.0145539616328,13.387887001037598,9472400,,
2021-08-30,13.431296614684692,13.492071446481257,13.222924225105785,13.29238224029541,6611800,,
2021-08-31,13.32711067335178,13.483388928659673,13.305404785118064,13.422614097595215,10701500,,
2021-09-01,13.457341445740408,13.483387681216174,13.205558961488286,13.318427085876465,8202900,,
2021-09-02,13.379203177061854,13.444319185909034,13.231606448744255,13.361839294433594,11008100,,
2021-09-03,13.522459322647517,13.795947731030832,13.361839882290976,13.43997859954834,14355200,,
2021-09-07,13.370517139327726,13.439974306701265,13.005866596619265,13.040596008300781,12803000,,
2021-09-08,12.988505250944849,13.049280077246355,12.597808401301767,12.623854637145996,11716200,,
2021-09-09,12.580443032808638,12.80183809586985,12.554396798329337,12.728039741516113,8603500,,
2021-09-10,12.736795096937279,12.82083143493302,12.504818806265527,12.526703834533691,7289700,0.12,
2021-09-13,12.56171832350324,12.587979521088366,12.369134259946,12.517949104309082,15522900,,
2021-09-14,12.605486837588515,12.614240848483115,12.001474277944363,12.036489486694336,12737500,,
2021-09-15,12.036490675577621,12.141536312203241,11.943700321483565,12.02773666381836,16081300,,
2021-09-16,12.03648992903155,12.124028371537708,11.935821304529389,11.9577054977417,8015300,,
2021-09-17,11.826399696283914,11.909560305578422,11.686338843968395,11.861414909362793,26241800,,
2021-09-20,11.616306905473195,11.730105707042588,11.449984038880842,11.625060081481934,10765500,,
2021-09-21,11.686336838457752,11.738859231648355,11.37119914000058,11.388707160949707,9342300,,
2021-09-22,11.449984343971982,11.633814402308486,11.449984343971982,11.520014762878418,7783300,,
2021-09-23,11.598798480308576,11.905182170323556,11.572537283539072,11.765120506286621,6825700,,
2021-09-24,11.695090909414903,11.887674980456516,11.686337733098632,11.738860130310059,5792300,,
2021-09-27,11.738862635009355,12.417283616566563,11.738862635009355,12.255337715148926,12385400,,
2021-09-28,12.25533492664644,12.55296462272326,12.246580915625724,12.412903785705566,10810800,,
2021-09-29,12.404152135941414,12.469805561437703,12.255337259574578,12.334121704101562,9832400,,
2021-09-30,12.45667124714058,12.885608572225081,12.447918071597597,12.4741792678833,19163700,,
2021-10-01,12.552965381667152,12.86810228400993,12.535457358567196,12.79807186126709,9176400,,
2021-10-04,12.824333728475748,13.17010968923787,12.771811326099561,12.999410629272461,13567100,,
2021-10-05,13.08694818113139,13.26202424624725,12.938133317075776,13.156978607177734,13139800,,
2021-10-06,12.95564028178782,13.058059541929266,12.649256566762668,12.876855850219727,14791800,,
2021-10-07,13.008162102767459,13.086946530841859,12.911870487803428,12.929378509521484,10950800,,
2021-10-08,13.025672302958755,13.183241185460098,12.92938067189047,12.981903076171875,7742500,,
2021-10-11,12.999409322177247,13.200746569088988,12.95564010137908,13.008162498474121,7033700,,
2021-10-12,13.034425917087106,13.034425917087106,12.815580624666877,12.86810302734375,8642400,,
2021-10-13,12.850593466164534,12.977523278229377,12.710532638439862,12.885608673095703,8427700,,
2021-10-14,12.92062753682131,13.183242080544401,12.903119510986414,13.174488067626953,6386100,,
2021-10-15,13.235762725355583,13.384577585815208,13.235762725355583,13.26202392578125,7634300,,
2021-10-18,13.1569764974147,13.428344980950882,13.13071530056552,13.227006912231445,7891600,,
2021-10-19,13.314549002832319,13.520263298468782,13.2138803582546,13.454609870910645,9861900,,
2021-10-20,13.463362606876386,13.70846910276517,13.401210456466734,13.559654235839844,8391300,,
2021-10-21,13.489623808443048,13.699715090633434,13.384578167347854,13.559654235839844,9633200,,
2021-10-22,13.533393595979604,13.734730874394803,13.445855140686035,13.445855140686035,11745200,,
2021-10-25,13.489623069763184,13.568407504977548,13.43710066950594,13.489623069763184,9772600,,
2021-10-26,13.524636980148383,13.533390990958411,12.911870415529611,13.025670051574707,18426700,,
2021-10-27,13.008163236685586,13.008163236685586,12.67114213751923,12.763056755065918,11529700,,
2021-10-28,12.789317072189856,13.05280729395724,12.675517433444075,12.920624732971191,11965200,,
2021-10-29,12.938130913460352,13.213876395265451,12.815578108061086,12.824331283569336,16770800,,
2021-11-01,12.894363131643546,13.14822445068816,12.859347921228508,13.095701217651367,9549000,,
2021-11-02,13.130717587369146,13.353939886533848,13.086948361778875,13.340808868408203,12287200,,
2021-11-03,13.288285411526601,13.520260869546068,13.227008166629357,13.375823020935059,8439900,,
2021-11-04,13.332054151575024,13.44585379816272,13.253270551471385,13.367070198059082,8520300,,
2021-11-05,13.42834631981602,13.585915186278202,13.419592308384015,13.533391952514648,8812400,,
2021-11-08,13.568408592383465,13.699715438378329,13.489624150855118,13.515885353088379,6074500,,
2021-11-09,13.480868744022732,13.65594563367713,13.454607544505967,13.5946683883667,4894200,,
2021-11-10,13.594671046789294,13.927316033421127,13.559655828976924,13.760993957519531,9485700,,
2021-11-11,13.813515228246679,13.962330100390364,13.769746000881728,13.95357608795166,4824700,,
2021-11-12,13.375822775763995,13.437100019538061,12.75430217059361,12.815579414367676,19128800,,
2021-11-15,12.79807260055556,12.925003270876992,12.618619527557255,12.86810302734375,10511500,,
2021-11-16,12.894363590083616,12.968771019214577,12.728041543405965,12.763056755065918,7700000,,
2021-11-17,12.754302613652609,12.872479264863037,12.640502968208693,12.736795425415039,7534000,,
2021-11-18,12.73679378459318,12.819955213786681,12.526702543836487,12.789316177368164,6270200,,
2021-11-19,12.736794886221277,12.771810096042588,12.548587820371065,12.596734046936035,7238700,,
2021-11-22,12.684271214439258,13.113207728590517,12.640501994972544,12.929378509521484,10326200,,
2021-11-23,12.885610136149431,12.986278763153075,12.810326973544031,12.964394569396973,9195800,,
2021-11-24,13.016916509599444,13.165731359416144,12.95564010137908,13.008162498474121,10158300,,
2021-11-26,12.640503283734557,12.724540460823748,12.456673211094712,12.631750106811523,6651800,,
2021-11-29,12.73679378459318,12.87685461176431,12.544209729818688,12.789316177368164,12343500,,
2021-11-30,12.763058128080408,12.81558136863489,12.351628720694153,12.561720848083496,24941000,,
2021-12-01,12.281598137820586,12.745550780018577,12.13278326539158,12.439167022705078,22221700,,
2021-12-02,12.509194123248923,13.231383262037605,12.447917722026961,13.121960639953613,14524900,,
2021-12-03,13.235761305972815,13.690959850288284,13.04317724223716,13.27953052520752,19438800,,
2021-12-06,13.445853867141528,13.603422737814146,13.222631578631487,13.235762596130371,12473700,,
2021-12-07,13.393330876615885,13.664698547673483,13.209500813874605,13.542145729064941,14903100,,
2021-12-08,13.612177975931404,13.83102327832635,13.542147545951307,13.638439178466797,11366600,,
2021-12-09,13.603149505402616,13.686956433356707,13.497288521238229,13.567862510681152,8569000,0.12,
2021-12-10,13.717833304224342,13.770763378953891,13.33849745632631,13.417893409729004,9774300,,
2021-12-13,13.382607362597255,13.43553744108336,12.888588529312527,13.047380447387695,10867600,,
2021-12-14,12.897410963183836,13.179706968966844,12.835658922245917,12.853302001953125,13978400,,
2021-12-15,12.915054409864007,13.073845486630747,12.791549491215717,13.047380447387695,10934700,,
2021-12-16,13.17970514794985,13.395838943986652,13.047379123849437,13.18852710723877,11932500,,
2021-12-17,13.197351161486058,13.369375188385497,13.056203155690774,13.30321216583252,17967500,,
2021-12-20,13.144419397303245,13.197350316742684,12.875356343969006,13.100311279296875,11378300,,
2021-12-21,13.219404466440592,13.607562301503718,13.219404466440592,13.603151321411133,9422200,,
2021-12-22,13.60315056686135,13.72665547867776,13.479645655044942,13.717833518981934,6693800,,
2021-12-23,13.788407524778941,14.0045404896464,13.735476607870732,13.903090476989746,6735600,,
2021-12-27,13.894268144821913,14.088347046538148,13.850159188798902,14.044238090515137,4456300,,
2021-12-28,14.026593608845165,14.154509492049165,13.982485495900102,14.088346481323242,6010800,,
2021-12-29,14.088347145257952,14.304480105845998,14.061881266673678,14.17656421661377,5867300,,
2021-12-30,14.132454659120882,14.273602631930213,13.991305845003271,14.01777172088623,6608100,,
2021-12-31,14.026595032961621,14.11922308912075,13.89426899807475,13.91191291809082,4315900,,
2022-01-03,14.01777249358507,14.322123352549536,14.01777249358507,14.23831558227539,8569100,,
2022-01-04,14.40592942856711,14.96611121222505,14.40592942856711,14.847017288208008,16823500,,
2022-01-05,14.864663867338647,15.303105049471002,14.855841906652616,14.89995002746582,10922700,,
2022-01-06,15.085206678047584,15.129314795473146,14.794088728235122,14.9705228805542,8571700,,
2022-01-07,14.979346353172465,15.208712288703708,14.979346353172465,15.111672401428223,10482700,,
2022-01-10,15.173426055773128,15.292518320806694,14.7676242694138,14.996990203857422,15250000,,
2022-01-11,15.102849190764973,15.102849190764973,14.811731268079189,15.032275199890137,16455800,,
2022-01-12,15.120490556579913,15.266050350856512,14.961698665593287,15.129312515258789,7975700,,
2022-01-13,15.217532541887241,15.521882586982937,15.058740628753208,15.429254531860352,9726800,,
2022-01-14,15.323393714356568,15.52629373563052,15.146957889047293,15.491005897521973,8547000,,
2022-01-18,15.446900277437118,15.526296243388401,15.169014396607626,15.27928638458252,10282200,,
2022-01-19,15.2616419187552,15.332215921239202,14.745569841081613,14.767623901367188,11762000,,
2022-01-20,14.860251683734164,15.023455428525144,14.56472357972661,14.70587158203125,18906200,,
2022-01-21,14.714691278728464,14.72351323784241,14.211851387550212,14.23831558227539,10121400,,
2022-01-24,13.97807471977959,14.229493827673894,13.629614901545514,14.20302963256836,11759700,,
2022-01-25,14.04423675546091,14.105988783237922,13.585505002522304,14.01777172088623,11657100,,
2022-01-26,14.176563338810604,14.24713732804871,13.779584439019176,13.973663330078125,10817100,,
2022-01-27,14.123635779623195,14.39710982623498,13.779586889912261,13.947200775146484,12857800,,
2022-01-28,13.867803013578971,14.238316054255012,13.828105037558618,14.229494094848633,11142100,,
2022-01-31,14.194211351337787,14.458863466669968,14.010718589863753,14.405933380126953,16818400,,
2022-02-01,14.432398080283653,14.873486024716605,14.370646037281755,14.829376220703125,10422500,,
2022-02-02,14.763211797449795,15.067561827163964,14.732335780636042,15.023453712463379,8890000,,
2022-02-03,14.961699401744847,15.129313259657353,14.847017298509964,14.86466121673584,7035100,,
2022-02-04,14.829371947179288,15.005807747154044,14.670580063725305,14.85583782196045,6702500,,
2022-02-07,14.996989926765925,15.041098047621396,14.811733800032604,14.935237884521484,6955400,,
2022-02-08,15.085209846496582,15.129317973186476,14.926417898225486,15.085209846496582,6457600,,
2022-02-09,15.164602355637335,15.279284468397384,15.08520639964315,15.261640548706055,8012200,,
2022-02-10,15.173424810097925,15.667442799241293,15.138136969564975,15.305750846862793,9406300,,
2022-02-11,15.305750756749957,15.51306092950153,15.06756288240542,15.17342472076416,8804600,,
2022-02-14,15.235179002088604,15.261643203612499,14.749981221873112,14.882308959960938,9019400,,
2022-02-15,15.005809324923177,15.411609351869423,14.961699528983367,15.332213401794434,7447100,,
2022-02-16,15.252824211387061,15.632158487034525,15.235180287138185,15.56158447265625,8063400,,
2022-02-17,15.385143610236863,15.473361510631173,15.164599700559338,15.208707809448242,8985800,,
2022-02-18,15.208710959795575,15.446898835413734,15.138136961384658,15.288106918334961,9652000,,
2022-02-22,15.155782341245562,15.367504356868567,14.785268393251052,14.944060325622559,11734200,,
2022-02-23,15.058739350392687,15.0940271870343,14.591187293207946,14.661761283874512,7846200,,
2022-02-24,14.238315888940214,14.3706435958828,13.894267889169548,14.335355758666992,11558400,,
2022-02-25,14.13245677947998,14.255960853563902,13.63843795921907,14.13245677947998,18758600,,
2022-02-28,13.894268144821913,14.097168164696061,13.744298199128691,14.044238090515137,18104500,,
2022-03-01,14.061881816574159,14.158920851252853,13.466413827383981,13.594328880310059,14194400,,
2022-03-02,14.308889210688903,15.155778755425969,14.247137181069697,14.988164901733398,20561000,,
2022-03-03,15.005812278653451,15.014634239577921,14.63529833291076,14.776446342468262,16233100,,
2022-03-04,14.42357472991506,14.511792646826141,14.203030778945768,14.485326766967773,10468300,,
2022-03-07,14.467682937662408,14.494148817686511,13.876625078058682,13.91191291809082,9691700,,
2022-03-08,14.194207191467285,14.622062945726611,14.17656327358478,14.194207191467285,12353300,,
2022-03-09,14.502968496537541,14.62470748721984,14.379462758467971,14.441216468811035,12569700,,
2022-03-10,14.281250934876462,14.552301711239087,14.20126868299759,14.538971900939941,10586400,0.12,
2022-03-11,14.663389916475413,14.832241547701196,14.561190735614137,14.707823753356934,11139400,,
2022-03-14,14.778917176246681,14.929994576985889,14.36567779559152,14.503423690795898,10739100,,
2022-03-15,14.503423353676322,14.805578148131412,14.401224187175629,14.690049171447754,14246300,,
2022-03-16,14.814466973539405,14.974431494478175,14.645615346432681,14.894449234008789,11061500,,
2022-03-17,14.663391652725643,14.92999809566732,14.458993266800862,14.858902931213379,10839600,,
2022-03-18,14.752259629161385,15.196604788503342,14.614512019550164,15.14328384399414,25124800,,
2022-03-21,15.214378016038962,15.405444862739046,14.97798574212691,15.152168273925781,9128400,,
2022-03-22,15.285476356648452,15.37434404525765,15.094407775062159,15.2232666015625,12037600,,
2022-03-23,15.152167000751055,15.285471884750363,15.072184748368272,15.081071853637695,7361400,,
2022-03-24,15.16105537994195,15.241037639045313,15.045526391816066,15.152168273925781,13534300,,
2022-03-25,15.241035204442415,15.614285122287782,15.205488481098127,15.587625503540039,11028500,,
2022-03-28,15.463209735480243,15.507645264213805,15.187716237500567,15.445435523986816,6572600,,
2022-03-29,15.623177161279028,15.689829619283541,15.445438403295272,15.605402946472168,6015400,,
2022-03-30,15.552080549713748,15.654279732778225,15.285474132592704,15.356569290161133,4783700,,
2022-03-31,15.15216856305694,15.249925036058011,14.832241215580842,14.850013732910156,10402900,,
2022-04-01,15.001093320535983,15.001093320535983,14.27236745818763,14.476767539978027,8138800,,
2022-04-04,14.450102753782655,14.55674462780914,14.20126888931748,14.503423690795898,10025400,,
2022-04-05,14.370120819265649,14.512311117814061,13.987983756276018,14.041305541992188,8198500,,
2022-04-06,13.952438186505768,13.992429319659081,13.74803981485208,13.836908340454102,9878100,,
2022-04-07,14.210155672873839,14.29902502924483,13.868009752622811,14.219042778015137,14207800,,
2022-04-08,14.236817677010428,14.481207147571622,14.076853166812683,14.307912826538086,8942200,,
2022-04-11,14.236819746818083,14.414556798956339,14.041307633432151,14.05019474029541,6340600,,
2022-04-12,13.76581160490257,14.085740633500084,13.614734196402868,13.694716453552246,10502100,,
2022-04-13,13.721377053200069,13.823577075813652,13.610290772224442,13.756924629211426,10134300,,
2022-04-14,13.792473431251778,13.881341949958466,13.635175212392534,13.66805648803711,7197400,,
2022-04-18,13.721376965907178,13.996871313883354,13.685829390121967,13.961323738098145,8378800,,
2022-04-19,14.13906045201628,14.36567739431603,14.059078201209543,14.31679916381836,8929400,,
2022-04-20,14.405670453004578,14.805581807763135,14.405670453004578,14.68116569519043,9380700,,
2022-04-21,14.770031765946161,14.876673639972646,14.4589898591252,14.503423690795898,9459500,,
2022-04-22,14.441216105506534,14.441216105506534,13.979096783320225,13.996870994567871,7175600,,
2022-04-25,13.84579486224792,13.890229546932021,13.529421161628381,13.854681968688965,8561800,,
2022-04-26,13.748038943366629,13.863568782094882,13.55252684340181,13.570301055908203,6586000,,
2022-04-27,13.561413757076432,13.756925006743797,13.374788766014973,13.66805648803711,10787200,,
2022-04-28,13.916889823074582,14.059080134047736,13.801359983528618,13.952437400817871,10054600,,
2022-04-29,13.908001907603218,14.161279337749935,13.676943089475193,13.694716453552246,10581000,,
2022-05-02,13.69027340583351,13.828021008238672,13.32146697677409,13.66805648803711,7912100,,
2022-05-03,13.703603873190064,13.93021999112956,13.645838531694327,13.765811920166016,7605300,,
2022-05-04,13.828021808710126,14.316801656215027,13.78358712302402,14.299027442932129,9560000,,
2022-05-05,14.165723031520313,14.339018216609063,14.00131580037182,14.174610137939453,16828700,,
2022-05-06,14.139064142715856,14.174611724851008,13.836909270806457,13.943552017211914,11665700,,
2022-05-09,13.756924718437908,14.210156951163151,13.739151354077485,14.07685375213623,17107000,,
2022-05-10,14.219044300702109,14.610068493583224,14.112401570149373,14.414555549621582,20076800,,
2022-05-11,14.405668815721175,14.601181764734195,13.82802131261026,13.845794677734375,8743800,,
2022-05-12,13.836906300519074,13.93021921329367,13.58274152419734,13.881340980529785,13933100,,
2022-05-13,14.00575935358139,14.24570614177145,13.916889984432231,14.174610137939453,7308400,,
2022-05-16,14.085741036100753,14.28569668468936,13.996871670612242,14.192383766174316,6482600,,
2022-05-17,14.441217735632142,14.929996734821245,14.396783897539414,14.885562896728516,10950300,,
2022-05-18,14.70782369015271,14.778918845882957,13.908002764426854,14.005759239196777,13338700,,
2022-05-19,13.65916870074441,13.67249935927012,12.948216348939775,13.365900993347168,21103000,,
2022-05-20,13.152618773319649,13.152618773319649,12.0275368514903,12.583856582641602,24256000,,
2022-05-23,12.619400273668447,12.948215535626058,12.583852700687109,12.89489459991455,11306900,,
2022-05-24,12.761593258429322,12.992652955324628,12.450552141089801,12.939332008361816,13173400,,
2022-05-25,12.78825342831106,13.365901771031757,12.78825342831106,13.250371932983398,10757000,,
2022-05-26,13.294807601511867,13.481432607952708,13.223712441679277,13.410337448120117,12225600,,
2022-05-27,13.872454686326556,14.201269981602287,13.814690192199109,14.032419204711914,11996300,,
2022-05-31,13.925776352562961,14.076853763594347,13.67249976569301,13.863568305969238,19470600,,
2022-06-01,14.050194186971448,14.245706292657733,13.850238528028527,14.02353286743164,12804600,,
2022-06-02,13.179279479702785,13.3436875880328,12.646064863654312,13.294809341430664,23221200,,
2022-06-03,13.14372905909796,13.49031856949761,13.112625035252048,13.401449203491211,9442500,,
2022-06-06,13.552526979991073,13.70804795090503,13.410336668591267,13.525866508483887,9342400,,
2022-06-07,13.392562445623597,13.676943915725985,13.205937450174353,13.632509231567383,9358700,,
2022-06-08,13.588073416602985,13.588073416602985,13.303692817687988,13.303692817687988,6808000,,
2022-06-09,13.250376012898483,13.374792995456893,13.019316265656302,13.045977592468262,6899000,,
2022-06-10,12.884692646777706,12.99221431790235,12.68308897935257,12.750289916992188,8798800,0.12,
2022-06-13,12.436684033497228,12.55764622205704,12.22164071239503,12.27540111541748,12877100,,
2022-06-14,12.239559546198706,12.409802802156598,12.145478421463656,12.248519897460938,10104800,,
2022-06-15,12.329161898904706,12.777169227895376,12.27988081927376,12.606925964355469,13743300,,
2022-06-16,12.302280618719449,12.329161673211253,11.858753473678483,11.961795806884766,11242200,,
2022-06-17,12.03347836558172,12.176840588856427,11.804994501797811,12.024518013000488,18452900,,
2022-06-21,12.418763594582643,12.562126666217273,12.302281579539255,12.454604148864746,10029000,,
2022-06-22,12.23956157316362,12.423244531928034,12.208201193058418,12.302282333374023,8189600,,
2022-06-23,12.320202106135831,12.418763415362683,12.020037147915183,12.203720092773438,8189100,,
2022-06-24,12.3112418607181,12.669648255977858,12.230600400422,12.597967147827148,12053500,,
2022-06-27,12.687568603252512,12.763729890462264,12.562127086323212,12.660688400268555,6200800,,
2022-06-28,12.72340830965629,12.799569591783538,12.310345999394354,12.320201873779297,9494300,,
2022-06-29,12.382922355801064,12.382922355801064,11.925955527590881,11.970755577087402,8272800,,
2022-06-30,11.773635243689423,11.961798393286275,11.701954125224558,11.881156921386719,13551500,,
2022-07-01,11.845314489297333,11.916995596428732,11.406266639984766,11.612350463867188,12884700,,
2022-07-05,11.379386667798459,11.504829035059906,11.110582083384624,11.495868682861328,13734700,,
2022-07-06,11.451067651891838,11.545149639941728,11.253945032703305,11.442108154296875,10532500,,
2022-07-07,11.684029579162598,11.809471922510852,11.603388133760582,11.684029579162598,11056600,,
2022-07-08,11.737793154713057,11.91699592752037,11.612350786494824,11.81843376159668,8138400,,
2022-07-11,11.657151076134424,11.82291331176506,11.648190724341909,11.70195198059082,7588900,,
2022-07-12,11.773632257805513,12.006595406481901,11.666110607376536,11.755711555480957,10452200,,
2022-07-13,11.567549042796319,11.715391426479773,11.500348114668597,11.64819049835205,7631100,,
2022-07-14,11.424186265125561,11.701951169907385,11.35160878784407,11.657150268554688,8154800,,
2022-07-15,11.800512977675051,11.899074281292364,11.616830043270966,11.890114784240723,7955800,,
2022-07-18,11.988676004002121,12.0737976341935,11.764672343660914,11.791552543640137,6544700,,
2022-07-19,11.95283789851517,12.356044398738897,11.930437015193322,12.347084045410156,7146200,,
2022-07-20,12.320201708633364,12.593486456339573,12.261961131084362,12.463563919067383,8719100,,
2022-07-21,12.38292296886881,12.606926645466327,12.30228150857271,12.597967147827148,8386300,,
2022-07-22,12.526285595716127,12.60692705865523,12.261962034813632,12.338123321533203,8985400,,
2022-07-25,12.445645915240945,12.477006296609689,12.294218853051436,12.436685562133789,9531900,,
2022-07-26,12.427725516356167,12.597968811576926,12.311243486601521,12.347084045410156,6587300,,
2022-07-27,12.391882732221774,12.593486373382955,12.29332142682418,12.535244941711426,8790700,,
2022-07-28,12.517326326792528,12.68756875371821,12.432204686076558,12.615887641906738,6780700,,
2022-07-29,12.633807226232815,12.839890190780414,12.535245065356849,12.759248733520508,9064700,,
2022-08-01,12.642767289619805,12.938452076474748,12.633807791916789,12.9205322265625,7503600,,
2022-08-02,12.821970801041498,12.880211380867907,12.633807678862484,12.696528434753418,6823900,,
2022-08-03,12.759246992372562,12.893649687633651,12.624845151617537,12.786128044128418,7380000,,
2022-08-04,12.75028823615407,12.826449516640498,12.68308730737338,12.804049491882324,7153700,,
2022-08-05,12.651729297545616,12.938453769714613,12.597968886267093,12.866772651672363,9264600,,
2022-08-08,13.010134251734106,13.117655916479071,12.830930622652934,12.90261173248291,6772700,,
2022-08-09,12.857812413275155,12.893652970234898,12.499405989171454,12.624848365783691,10262900,,
2022-08-10,12.804048614250979,13.0638928143636,12.759247713299262,13.001172065734863,9706000,,
2022-08-11,13.117653912569601,13.296856659768755,13.08181336312977,13.14453411102295,8397900,,
2022-08-12,13.216217843697292,13.305819662406224,13.189337639887121,13.261018753051758,11828800,,
2022-08-15,13.15349626066147,13.359579234494431,13.104215178003058,13.314778327941895,7899100,,
2022-08-16,13.296857814893349,13.498460602566245,13.290585739559162,13.395419120788574,8315600,,
2022-08-17,13.350617572710515,13.493980630517283,13.23413642340835,13.377498626708984,11520600,,
2022-08-18,13.458138900772456,13.619420938104454,13.435738024402692,13.592540740966797,10958200,,
2022-08-19,13.467100897516787,13.520862156281073,13.265498099789701,13.314778327941895,11403200,,
2022-08-22,13.162457320188889,13.162457320188889,12.884693204715612,12.91157341003418,10733700,,
2022-08-23,12.965334675177633,13.108696909551753,12.902613056759217,12.91157341003418,11379300,,
2022-08-24,12.902613210693488,12.974294328735736,12.759250974608989,12.866772651672363,13000500,,
2022-08-25,12.992212345651701,13.301337637275482,12.992212345651701,13.287897109985352,9603100,,
2022-08-26,13.108696305711083,13.126616156929225,12.311242845606143,12.329163551330566,16798200,,
2022-08-29,12.203720746704821,12.50836589728364,12.136519811608023,12.293322563171387,13678800,,
2022-08-30,12.329161559933427,12.400842662240679,12.154438125366624,12.230599403381348,12077000,,
2022-08-31,12.284360902708253,12.369482533837967,12.123077992042719,12.185799598693848,25985300,,
2022-09-01,12.096197350240498,12.127557725168288,11.76467204392279,11.979715347290039,16665000,,
2022-09-02,12.167877700842546,12.203718249193093,11.809472217337081,11.863232612609863,16069500,,
2022-09-06,11.890116250048408,11.960900985266546,11.69299276400634,11.782593727111816,14080800,,
2022-09-07,11.746753300320005,11.943876788532737,11.666112688988965,11.908036231994629,9868000,,
2022-09-08,11.80947351898635,11.970755577087402,11.719871710980964,11.970755577087402,17411800,,
2022-09-09,12.043087359291237,12.196790498690683,12.015963529471042,12.142542839050293,12016700,0.12,
2022-09-12,12.269120271422215,12.495154179810987,12.241996443845824,12.440906524658203,12058800,,
2022-09-13,12.169666426486932,12.251038776577827,11.83061554260886,11.916508674621582,12455800,,
2022-09-14,11.952672897288855,11.988838286871008,11.690473607255518,11.78088665008545,12622900,,
2022-09-15,11.780889350662672,12.015964867959358,11.717600119948603,11.817054748535156,12627200,,
2022-09-16,11.672392086074721,11.862260623047126,11.577458248714029,11.808012962341309,16887100,,
2022-09-19,11.654310041209705,11.853219283909196,11.591019952849834,11.735681533813477,7887400,,
2022-09-20,11.618142204699756,11.627182904922023,11.455397529186962,11.53676986694336,7748300,,
2022-09-21,11.627183518180196,11.735679686827574,11.374025791336315,11.392108917236328,8679600,,
2022-09-22,11.392108628161937,11.410190891352212,11.1570331709322,11.211280822753906,12333300,,
2022-09-23,11.057579577122343,11.093745834126182,10.759214854848873,10.994290351867676,13636000,,
2022-09-26,10.92195754087233,11.066619093108914,10.7818167699245,10.858668327331543,14779600,,
2022-09-27,11.003330465249972,11.057578119100734,10.786338125345097,10.88579273223877,14029300,,
2022-09-28,10.858669875506564,11.147993021229981,10.844203890670592,11.10278606414795,14349100,,
2022-09-29,11.012374596870009,11.012374596870009,10.82250603960497,10.958126068115234,17697700,,
2022-09-30,10.958124179881024,11.138951140819463,10.822504174739935,10.831544876098633,13870500,,
2022-10-03,11.003330422306004,11.274571277253948,10.867710425957485,11.184157371520996,14231900,,
2022-10-04,11.374026983605297,11.618144035339355,11.355944718060734,11.618144035339355,11791300,,
2022-10-05,11.446358743019728,11.767327390659464,11.374027950192671,11.708558082580566,11658700,,
2022-10-06,11.63622554680872,11.744721719798084,11.591018592500419,11.672390937805176,12361200,,
2022-10-07,11.446357549454643,11.509646771016087,11.19319980095789,11.265530586242676,12885200,,
2022-10-10,11.346903568732502,11.36498583493772,10.976208057889819,11.120869636535645,11474300,,
2022-10-11,11.057578686608618,11.211281817492468,10.944561729326432,11.039496421813965,18397200,,
2022-10-12,11.066621177572422,11.31977980392123,10.976208121520159,11.16607666015625,14517800,,
2022-10-13,11.012372628136093,11.69047437396219,10.908396371798698,11.60006046295166,18163200,,
2022-10-14,11.690474346735508,11.690474346735508,11.369505739421516,11.383068084716797,16266300,,
2022-10-17,11.66335057718253,11.762806059366529,11.419234378346676,11.554854393005371,19641200,,
2022-10-18,11.699515878756076,11.81705362624158,11.48704429421556,11.636226654052734,14721800,,
2022-10-19,11.618142410984476,11.789927789769655,11.491563120865852,11.591017723083496,12362700,,
2022-10-20,11.54581340408563,11.934591172162795,11.51868871202715,11.581978797912598,17132400,,
2022-10-21,11.627182928654173,12.194980291812573,11.581976840698,12.178706169128418,20455900,,
2022-10-24,12.232954742907422,12.395699431036201,12.124458571571877,12.350492477416992,17275100,,
2022-10-25,12.296246751751784,12.594611485290887,12.223915959515097,12.5222806930542,16719900,,
2022-10-26,12.458990262210726,12.80256194705847,12.436387213599454,12.639817237854004,14151600,,
2022-10-27,12.721186637878418,12.883931309284382,12.685021251149406,12.721186637878418,15153000,,
2022-10-28,12.802559765079215,13.082842176245185,12.802559765079215,13.01051139831543,12289200,,
2022-10-31,12.920097950029296,13.010511856752752,12.829684043305841,12.902015686035156,13517000,,
2022-11-01,13.01955525215515,13.064762214872925,12.874893661259154,12.983389854431152,15357800,,
2022-11-02,12.920099176249096,13.06476075093542,12.657899856567383,12.657899856567383,14840900,,
2022-11-03,12.477071762084961,12.549402542899871,12.269120120553902,12.477071762084961,11064100,,
2022-11-04,12.748312120509421,12.93818062825321,12.599129783157224,12.883932113647461,12930100,,
2022-11-07,12.883932897943236,13.100925245073634,12.820643678926272,13.046677589416504,11777000,,
2022-11-08,13.164215101344082,13.250107365041657,12.93366041311448,13.037635803222656,11080900,,
2022-11-09,12.911058682164548,13.019554872170007,12.775438660220493,12.7935209274292,11909200,,
2022-11-10,13.281752414371896,13.45353867196455,13.141611629047013,13.444497108459473,13869900,,
2022-11-11,13.53490994394062,13.869440006798426,13.471619866683115,13.824233055114746,13755900,,
2022-11-14,13.733819725633293,14.104516055128787,13.679572071146776,13.851357460021973,11924900,,
2022-11-15,14.041226987366827,14.140682464846071,13.86040002229227,14.023144721984863,14101200,,
2022-11-16,13.941770485563557,14.023142824398697,13.670529643530047,13.769984245300293,15051100,,
2022-11-17,13.571076513098161,14.05930973679102,13.507786430336392,14.050268173217773,14944800,,
2022-11-18,14.140682925913808,14.285344502690254,14.01410361510891,14.258220672607422,14069000,,
2022-11-21,14.09547439589881,14.122598222957212,13.941771272149682,14.059309005737305,14910900,,
2022-11-22,14.07739096539574,14.245560069124144,13.982457141617969,14.13163948059082,16074500,,
2022-11-23,14.113557859285846,14.32150951707533,14.077392466050847,14.285344123840332,11307200,,
2022-11-25,14.285343746426342,14.457129144191327,14.222053663248955,14.312467575073242,5567600,,
2022-11-28,14.194929003280222,14.249177519647938,14.00958127092114,14.059309005737305,13433100,,
2022-11-29,14.122599269732682,14.194930055416895,13.968896134590986,13.977937698364258,14778700,,
2022-11-30,14.249179304809847,15.243728952226537,14.059310767112153,15.171398162841797,35362300,,
2022-12-01,14.818781954733085,15.307016007237683,14.683161959426855,15.207560539245605,17179300,,
2022-12-02,15.026736676257281,15.221124272763367,14.945364322137497,15.090025901794434,13167100,,
2022-12-05,14.999609826279828,15.053857479724275,14.574666712711675,14.656037330627441,12746500,,
2022-12-06,14.674119889874515,14.755492229149377,14.574666149817705,14.710286140441895,14153400,,
2022-12-07,14.583707387177652,14.583707387177652,14.36219511695577,14.520418167114258,14176600,,
2022-12-08,14.63795675598816,14.78713824251252,14.610832065482864,14.728370666503906,9297600,,
2022-12-09,14.73740946846671,14.818781809754709,14.592747911621773,14.601789474487305,10018200,,
2022-12-12,14.484252171299255,14.827822927363634,14.466169046111201,14.791658401489258,11246500,,
2022-12-13,14.882740562328792,15.023917733980321,14.64592808274129,14.800766944885254,18007900,0.12,
2022-12-14,14.664144149284311,14.955605114591503,14.60038728027891,14.755226135253906,14978300,,
2022-12-15,14.536631473150784,14.600389219245558,14.258832160811082,14.35446834564209,16562900,,
2022-12-16,14.158643729089286,14.336252683270487,14.058454218534678,14.245171546936035,31670500,,
2022-12-19,14.29981756851192,14.363575308344238,14.003802406807903,14.099437713623047,9138500,,
2022-12-20,14.126763649735551,14.281602519032894,14.090331025702193,14.263385772705078,13188200,,
2022-12-21,14.363577926759685,14.532078508138182,14.33625280386935,14.372685432434082,14255200,,
2022-12-22,14.254277212691612,14.318034955380938,14.063005721868159,14.308926582336426,13616800,,
2022-12-23,14.318033646883297,14.36812795680557,14.108545429115544,14.345357894897461,8328800,,
2022-12-27,14.400010170567624,14.513862240368175,14.340806607842815,14.463767051696777,6066800,,
2022-12-28,14.481982073827924,14.518414699262346,14.172305191946503,14.181412696838379,6480100,,
2022-12-29,14.272493306609036,14.600387772250482,14.272493306609036,14.500197410583496,8469100,,
2022-12-30,14.409116959626408,14.53663158416748,14.3544684552676,14.53663158416748,9396400,,
2023-01-03,14.655036414233965,14.70057654057687,14.418223935313035,14.627711296081543,18233900,,
2023-01-04,14.70968559749423,15.051241772686408,14.682362215315365,14.955606460571289,15865500,,
2023-01-05,14.83720159002226,15.023918902669351,14.741564537402352,14.982932090759277,13099500,,
2023-01-06,15.192418849447575,15.675150462004893,15.183310476367028,15.584070205688477,15242500,,
2023-01-09,15.574962312935801,15.711584438868348,15.383689946834568,15.447446823120117,19294700,,
2023-01-10,15.301713135046187,15.611390815822208,15.19696946908433,15.538525581359863,16777600,,
2023-01-11,15.47477221810449,15.52942072199939,15.283501585850034,15.401906967163086,16002800,,
2023-01-12,15.128661486709058,15.228850112871495,14.855415514847788,14.864523887634277,22445800,,
2023-01-13,14.727902845847195,14.996593782314434,14.682362715833603,14.982932090759277,12392100,,
2023-01-17,14.937389061542994,14.982930925258552,14.614049646762634,14.800766944885254,14189500,,
2023-01-18,14.800766284433841,14.891848270556158,14.63681905686255,14.645927429199219,13629400,,
2023-01-19,14.518414535129988,14.54573965536362,14.33625141001726,14.400009155273438,12533300,,
2023-01-20,14.427334485300403,14.536632368537846,14.245171346571329,14.5275239944458,12713700,,
2023-01-23,14.600388662333458,14.837201153373023,14.565776670511378,14.72790241241455,10009600,,
2023-01-24,14.600388662333458,14.814429351791784,14.509306667742155,14.72790241241455,9550900,,
2023-01-25,14.600387037942786,14.727900773837122,14.36812789071312,14.69146728515625,10570700,,
2023-01-26,14.800766431979675,14.837199921689557,14.563953960598672,14.773441314697266,11148700,,
2023-01-27,14.737010273695356,14.837200637990044,14.664145028002261,14.700576782226562,9423100,,
2023-01-30,14.563955646834724,14.737011268504478,14.513861329928053,14.582172393798828,10476500,,
2023-01-31,14.58217029360235,14.709684029496685,14.481979936974309,14.69146728515625,24130400,,
2023-02-01,14.682360477776124,14.737008972911191,14.491088138936885,14.67325210571289,18695100,,
2023-02-02,14.75522729512381,15.043955597706322,14.737010549049042,14.946497917175293,13329200,,
2023-02-03,14.800768134149331,15.064905753190024,14.791659760674348,14.87363338470459,9682000,,
2023-02-06,14.81898258423596,14.828090956299194,14.604940183860803,14.67325210571289,24139200,,
2023-02-07,14.682362181931962,14.846307686366027,14.563955068610953,14.782550811767578,17657500,,
2023-02-08,14.655037644410626,14.664146017892678,14.476517519825027,14.582172393798828,18148900,,
2023-02-09,14.755227599507018,14.841754539280327,14.709685733380624,14.791659355163574,18403500,,
2023-02-10,14.800766985582927,15.014809402523435,14.737010113450301,14.973822593688965,14023300,,
2023-02-13,14.946497852122073,15.210635457322992,14.928281106126592,15.174201965332031,9301900,,
2023-02-14,15.174202169580996,15.237959044178847,15.010254927903928,15.064905166625977,8792600,,
2023-02-15,14.973820672139919,15.119551143240296,14.928278814143395,15.092226028442383,7088300,,
2023-02-16,14.992037773132324,15.106801881525689,14.828092273167288,14.992037773132324,10146600,,
2023-02-17,14.937387904776296,14.982929764965045,14.84175260424642,14.900956153869629,7933100,,
2023-02-21,14.828093718347045,14.828093718347045,14.554847717285156,14.554847717285156,8755900,,
2023-02-22,14.550291926559156,14.609495477315727,14.254275910020668,14.345357894897461,8902700,,
2023-02-23,14.454657506080423,14.48198175740364,14.149533949000586,14.336251258850098,10233800,,
2023-02-24,14.135871175976595,14.272493290760677,14.076667622580532,14.208736419677734,9897100,,
2023-02-27,14.345361057490646,14.427334688227315,14.195076357347542,14.245171546936035,8099900,,
2023-02-28,14.226954290643066,14.33625217151628,14.185967476737819,14.217845916748047,15279800,,
2023-03-01,14.263385893349259,14.336251142032292,14.081222771641674,14.154088020324707,9208000,,
2023-03-02,14.063005431897064,14.144979050362904,13.935491686392197,14.117654800415039,11956800,,
2023-03-03,14.463763676384147,14.618601656046815,13.862625027100552,13.91727352142334,22209000,,
2023-03-06,13.926382788642304,14.044789025449914,13.74421968148529,13.798868179321289,17630200,,
2023-03-07,13.798868033171491,13.95370688977054,13.644029176572444,13.671354293823242,12305400,,
2023-03-08,13.753328323364258,13.815263694148454,13.680463079074352,13.753328323364258,11283700,,
2023-03-09,13.789759789040179,13.789759789040179,13.35712167730732,13.39810848236084,10485600,,
2023-03-10,13.379893664788732,13.393556224647602,12.9882431703462,13.052000045776367,17290600,,
2023-03-13,12.860727593502995,12.956363768151311,12.674010299109186,12.760538101196289,15212400,,
2023-03-14,12.924484522740611,13.024674884123439,12.733213041199653,12.878944396972656,16631000,,
2023-03-15,12.623916436669258,12.778755311887288,12.523726933902074,12.66945743560791,16778500,,
2023-03-16,12.586770049839599,13.160984019961669,12.550020390799025,13.14720344543457,15241000,0.12,
2023-03-17,13.073703236442613,13.156390188235989,12.93589223424098,12.954267501831055,22302400,,
2023-03-20,13.04614080860834,13.303388413663338,13.027766417766319,13.26663875579834,13576800,,
2023-03-21,13.450386538652403,13.569823133481234,13.427417457234819,13.551447868347168,10513800,,
2023-03-22,13.58819795474217,13.643322875717299,13.239075791715408,13.257451057434082,12263100,,
2023-03-23,13.312575321121003,13.386074632842428,13.02776570724571,13.110452651977539,11543300,,
2023-03-24,13.027767347395699,13.07370376586914,12.90373691468296,13.07370376586914,12699700,,
2023-03-27,13.229887103252864,13.836257680873828,13.211512715181163,13.79032039642334,17066400,,
2023-03-28,13.753572333636948,13.771946723832226,13.62494809754629,13.735197067260742,13520500,,
2023-03-29,13.900572669800471,14.35075623722243,13.900572669800471,14.258882522583008,16381400,,
2023-03-30,14.369128599481732,14.461002295538286,14.286441659704233,14.442627906799316,12212500,,
2023-03-31,14.516128202508515,14.663126827152706,14.488566179432958,14.635564804077148,15543500,,
2023-04-03,14.608000906999518,15.058184383267132,14.580438885806627,15.003060340881348,15773200,,
2023-04-04,15.021437509789862,15.067373925540249,14.663127684142461,14.800939559936523,13000300,,
2023-04-05,14.70906590435815,14.79175285981674,14.470192672184671,14.617191314697266,10982900,,
2023-04-06,14.608002480485235,14.653939771542047,14.516128774552563,14.571252822875977,6339000,,
2023-04-10,14.479380010795671,14.75500202178955,14.47019237678094,14.75500202178955,7662700,,
2023-04-11,14.764189591374567,14.846876544784294,14.745814323425293,14.745814323425293,7128100,,
2023-04-12,14.846876245712322,14.846876245712322,14.571253365292314,14.681502342224121,7728000,,
2023-04-13,14.62637766537653,14.78256392838545,14.516128693166872,14.727439880371094,9611000,,
2023-04-14,14.727441172762735,14.911188599722456,14.50694233281282,14.617191314697266,8442900,,
2023-04-17,14.626376802126437,14.727439011156298,14.47937818118943,14.562065124511719,10754100,,
2023-04-18,14.635565975757292,14.718252927784551,14.428848595689143,14.497754096984863,8220300,,
2023-04-19,14.157818623059937,14.323192516506284,13.643323428619416,13.744384765625,14659200,,
2023-04-20,13.505512468983268,13.597387055130625,13.243671037498583,13.358513832092285,14176000,,
2023-04-21,13.367699183355525,13.367699183355525,13.023170858403994,13.285012245178223,11103800,,
2023-04-24,13.239077271695926,13.266639297174168,13.092078634237307,13.174765586853027,8262400,,
2023-04-25,13.06451474249508,13.092076764036092,12.945078147576204,12.991015434265137,9567100,,
2023-04-26,12.94507884979248,13.082889841154076,12.871579537575506,12.94507884979248,9596300,,
2023-04-27,12.954266330903714,13.101264953613281,12.82564209794239,13.101264953613281,9429200,,
2023-04-28,13.055329793256167,13.183034933267212,13.04614215879382,13.156391143798828,8821600,,
2023-05-01,13.220702340602807,13.404450629927807,13.211514707091318,13.26663875579834,8476300,,
2023-05-02,13.303387555293227,13.386074499199534,12.949672449733107,13.092077255249023,9620400,,
2023-05-03,13.147203653853857,13.21151533914913,12.816455841064453,12.816455841064453,12608400,,
2023-05-04,12.752143495739965,12.770517886510016,12.545426123445926,12.678644180297852,8244500,,
2023-05-05,12.834830878242633,13.018579173055283,12.798081219280101,12.963454246520996,7426000,,
2023-05-08,12.991018458558733,13.046142514473573,12.922112074393578,13.036954879760742,7283200,,
2023-05-09,12.926703883784475,13.027766097564996,12.871579836432312,13.009390830993652,6304000,,
2023-05-10,13.05532781811794,13.1655767864434,12.788892592286183,12.94507884979248,8438100,,
2023-05-11,12.889954361016724,12.889954361016724,12.586769468880647,12.660268783569336,16141900,,
2023-05-12,12.724580633783278,12.779704678645345,12.595956402136963,12.706205368041992,14413300,,
2023-05-15,12.761332388894001,13.14720427114521,12.687833066196728,13.128829002380371,11484500,,
2023-05-16,13.092079157413796,13.142610269627356,12.825643897327703,12.89914321899414,15408600,,
2023-05-17,13.000203933091292,13.25745242255629,12.94048606571823,13.14720344543457,10489400,,
2023-05-18,13.101263730155694,13.285011991383376,13.041544997643681,13.23907470703125,17834500,,
2023-05-19,13.321761264104962,13.321761264104962,13.151793579698555,13.16557502746582,17190400,,
2023-05-22,13.202328086468016,13.3309523369541,13.128828765099117,13.275827407836914,11604400,,
2023-05-23,13.275825195723566,13.514698388460232,13.21151351928711,13.21151351928711,15995100,,
2023-05-24,13.156389458840664,13.156389458840664,12.885360410179885,13.009390830993652,10807800,,
2023-05-25,13.101264025721745,13.528479290327146,13.092076393407881,13.477948188781738,11132900,,
2023-05-26,13.68926064270666,14.19916292652178,13.53766819024554,14.093507766723633,22099300,,
2023-05-30,14.304818941812202,14.45641140333923,14.240507253946504,14.258882522583008,20688600,,
2023-05-31,12.733769145119238,13.450388836519688,12.669457458524718,13.248265266418457,34083600,,
2023-06-01,13.321761944169422,13.762757781064778,13.25745027033406,13.477948188781738,26669400,,
2023-06-02,13.569823508346543,14.065944290320367,13.39526198947413,14.001631736755371,20040300,,
2023-06-05,13.992446981311938,14.056759548102034,13.771949005354362,13.799511909484863,16808400,,
2023-06-06,13.744385569138421,14.157819450743203,13.735197935369632,14.093507766723633,12038800,,
2023-06-07,14.194568204845142,14.516128356808027,14.139444158108086,14.479378700256348,14615400,,
2023-06-08,14.479377931763555,14.55287724096594,14.341566069873428,14.516127586364746,12074100,,
2023-06-09,14.580442072388463,14.699878691901892,14.497755114557547,14.506942749023438,7748300,,
2023-06-12,14.497752701247537,14.957124710083008,14.497752701247537,14.957124710083008,14149400,,
2023-06-13,14.984685536129618,15.342996203544844,14.97549790338956,15.287870407104492,17875100,,
2023-06-14,15.269365404325585,15.72744714309544,15.269365404325585,15.556243896484375,15014500,0.12,
2023-06-15,15.500714408602809,16.190149945505873,15.491460038936061,16.14850616455078,24260700,,
2023-06-16,16.185528317001197,16.416882355434762,15.991191771960796,16.25956153869629,24486800,,
2023-06-20,16.139253537937773,16.16701488484573,15.64415618038436,15.741324424743652,19374500,,
2023-06-21,15.806105778855974,16.11612106787244,15.537736047034487,15.565497398376465,12829900,,
2023-06-22,15.602515652831462,15.718192662677268,15.37116163313985,15.528482437133789,14554600,,
2023-06-23,15.36190552177119,15.426684357538136,15.260109199799764,15.287872314453125,13221100,,
2023-06-26,15.371159897105754,15.472954454011342,15.158312881559395,15.167567253112793,10100500,,
2023-06-27,15.176821008171668,15.32488741682967,15.107415871976817,15.204584121704102,10439400,,
2023-06-28,15.15831563616419,15.223096248810059,15.02875794105488,15.139808654785156,7318300,,
2023-06-29,15.176823355841329,15.482210591574493,15.17219705208237,15.408177375793457,8779800,,
2023-06-30,15.463699006798839,15.630274152991198,15.463699006798839,15.54698657989502,9763500,,
2023-07-03,15.48220808303943,15.528479938587225,15.380413531015899,15.463699340820312,4107200,,
2023-07-05,15.30638391813457,15.528483581596525,15.195333203857981,15.426687240600586,7634800,,
2023-07-06,15.241604166620741,15.435942486315907,15.195334062693538,15.417433738708496,8331000,,
2023-07-07,15.46369959377563,15.815358641328073,15.4266838738227,15.611767768859863,12653100,,
2023-07-10,15.519225597750154,15.806104042342843,15.509971226622543,15.722816467285156,10130200,,
2023-07-11,15.73207496749638,16.04671660805361,15.73207496749638,16.03746223449707,9630100,,
2023-07-12,16.19477846000358,16.21328720186537,15.778340593567178,15.806103706359863,9332000,,
2023-07-13,15.880137553508582,16.083728426982493,15.870883182201926,16.0282039642334,8494000,,
2023-07-14,15.935661937538644,15.981933793843353,15.537734563863166,15.611767768859863,8694600,,
2023-07-17,15.519230646205612,15.889396786272217,15.468332470991818,15.778346061706543,9156600,,
2023-07-18,15.73207201432194,16.204034386562512,15.695054527044586,16.15776252746582,13473600,,
2023-07-19,16.204034172886864,16.32433747476998,15.92640831724049,15.981934547424316,13068700,,
2023-07-20,16.00969736845085,16.074477976284246,15.778343350033404,15.917157173156738,11782300,,
2023-07-21,15.991187880375923,16.0744754551506,15.884765260406237,15.972679138183594,12403700,,
2023-07-24,16.176270629631475,16.333591414139747,15.944916638595242,16.055967330932617,11108200,,
2023-07-25,16.11149337022911,16.370610500963565,16.018951411746016,16.27806854248047,11177500,,
2023-07-26,16.250300700703924,16.39374078290269,16.121667962990056,16.14850616455078,11314700,,
2023-07-27,16.34284393085009,16.416877128976054,16.01894802713999,16.06521987915039,8697600,,
2023-07-28,16.25030321070531,16.31508204328766,15.972679138183594,15.972679138183594,9010300,,
2023-07-31,15.944914856842455,16.129998735025726,15.935660486424224,16.08372688293457,7359500,,
2023-08-01,16.111494064331055,16.16701853577655,15.935664512147339,16.111494064331055,10138000,,
2023-08-02,15.935666247894146,16.213292165543482,15.889396144164913,15.954174995422363,10628800,,
2023-08-03,15.824613090759488,16.12074591220912,15.658962845024773,16.0282039642334,9536200,,
2023-08-04,16.009695641220986,16.287321492424493,15.889392341263092,16.07447624206543,11892500,,
2023-08-07,16.176271880131537,16.338220745430814,16.060594875671057,16.241050720214844,10511600,,
2023-08-08,16.092983976674667,16.782419686231336,15.91252813570836,16.722267150878906,22140400,,
2023-08-09,16.68525466449103,16.731524768296595,16.167020323393857,16.361358642578125,16237900,,
2023-08-10,16.463150785731084,16.56402043351727,16.231796795589325,16.305830001831055,17531500,,
2023-08-11,16.231798528709774,16.342847467383976,16.176272294281617,16.287322998046875,11611300,,
2023-08-14,16.194781039091,16.32433872257459,16.06522335560741,16.287322998046875,10801900,,
2023-08-15,16.167017759567457,16.310457882763544,16.00969696044922,16.00969696044922,7659600,,
2023-08-16,15.935664062098004,16.01895164945963,15.745953838683423,15.76909065246582,9419000,,
2023-08-17,15.880139968560236,15.954173185181615,15.621022827839852,15.704310417175293,12958700,,
2023-08-18,15.509971309869263,15.852374217974583,15.500716938691982,15.732070922851562,8832800,,
2023-08-21,15.741327534981586,15.843123867332704,15.621022457640981,15.76909065246582,8776000,,
2023-08-22,15.796850327323545,15.838494116582027,15.519226242327596,15.537734985351562,10569100,,
2023-08-23,15.556242509268053,15.79685088175168,15.519226787011851,15.750580787658691,8446100,,
2023-08-24,15.806105046001603,15.866257579605243,15.44519337456161,15.454447746276855,11635700,,
2023-08-25,15.491462935679126,15.546987398971568,15.223093225523261,15.380414009094238,9312000,,
2023-08-28,15.50071749930363,15.65803828482557,15.412803617576118,15.537734985351562,11524800,,
2023-08-29,15.565496612480805,15.690427982484989,15.426684567506461,15.584005355834961,10459100,,
2023-08-30,15.158310995743982,16.139253077276354,14.991737623778567,16.06521987915039,13990600,,
2023-08-31,16.148508713701194,16.194778804248436,15.59325880168023,15.722816467285156,17274400,,
2023-09-01,15.926410052946343,16.675998356302006,15.907903072625711,16.638980865478516,19826100,,
2023-09-05,16.601962086155826,16.745400423986528,16.47240265719452,16.481657028198242,10504800,,
2023-09-06,16.324337783989392,16.578828597758587,16.24105020222692,16.42613410949707,10493800,,
2023-09-07,16.204033376950438,16.259557839316003,15.986560065473297,16.000442504882812,13845400,,
2023-09-08,16.009695389750835,16.111491710102257,16.000442783437855,16.04671287536621,6767300,,
2023-09-11,16.130000625028828,16.231796946466492,15.866257215022957,15.944916725158691,10387000,,
2023-09-12,15.759833616796163,15.898645650578038,15.685800414439777,15.806103706359863,10847900,,
2023-09-13,15.862024034749451,15.927261215234978,15.619713237531887,15.629033088684082,9633600,0.12,
2023-09-14,15.83406354444894,16.05773462612831,15.768826367823259,16.039094924926758,8724300,,
2023-09-15,15.955221044591687,16.10433511044564,15.722230094497403,15.908621788024902,18972700,,
2023-09-18,15.824744087397395,15.880663192392712,15.643011440112092,15.8433837890625,8843900,,
2023-09-19,15.889982085398188,15.999953842283968,15.843384606411284,15.908621788024902,7622000,,
2023-09-20,16.141612045313146,16.2161690750401,15.90862110521895,15.936580657958984,8009400,,
2023-09-21,15.806103570170688,15.90862014645934,15.731546544937041,15.824743270874023,8321900,,
2023-09-22,15.824744902001749,15.936581340169553,15.706386523253197,15.862024307250977,5133600,,
2023-09-25,15.740869785187062,15.945902981919591,15.722231858049625,15.81542682647705,8973600,,
2023-09-26,15.666312079763633,15.778148525747635,15.587096004442468,15.638354301452637,9485600,,
2023-09-27,15.796787127424379,16.141612738119186,15.67097180106388,15.908621788024902,12236900,,
2023-09-28,15.955222889810752,16.542359369815443,15.955222889810752,16.430522918701172,13325400,,
2023-09-29,16.458478070371964,16.523715242067976,16.08569296240933,16.188209533691406,10206000,,
2023-10-02,16.216169082657235,16.393242694934347,16.164910791399667,16.253448486328125,8932000,,
2023-10-03,16.039096428412474,16.188212274423073,15.61039392606923,15.77814769744873,7283400,,
2023-10-04,15.815422741003166,15.871341840710576,15.638350924668563,15.852702140808105,4885200,,
2023-10-05,15.75950731088011,15.880663597211939,15.489238740165735,15.647672653198242,6220300,,
2023-10-06,15.601073943566949,15.815425192938312,15.451959876388619,15.684950828552246,9281400,,
2023-10-09,15.591753954877488,15.820085868122419,15.464075724792524,15.703590393066406,7809900,,
2023-10-10,15.759507994499916,16.015797688516415,15.731548440076697,15.77814769744873,9087000,,
2023-10-11,15.82474463222521,16.113654685241816,15.815424781071785,15.992498397827148,6984900,,
2023-10-12,16.00181865986332,16.029778214041517,15.633692528959914,15.79678726196289,10252300,,
2023-10-13,15.806104931004889,15.889981813811623,15.349442889934801,15.358762741088867,8562500,,
2023-10-16,15.498558803500822,16.011140012688656,15.461281172014106,15.945902824401855,13079600,,
2023-10-17,15.806103570170688,15.959878434603665,15.703588771461735,15.824743270874023,7374700,,
2023-10-18,15.703591359485753,15.806106175089619,15.489240098810408,15.545157432556152,7528100,,
2023-10-19,15.59175424761385,15.633692690524606,15.135092190130003,15.191009521484375,11471000,,
2023-10-20,14.855501905390286,15.013936704078725,13.900239409346066,14.193807601928711,24589400,,
2023-10-23,14.14721087170363,14.31496375255126,14.072653838262474,14.165849685668945,13468400,,
2023-10-24,14.249725341796875,14.356900957028515,14.147209651852245,14.249725341796875,8708500,,
2023-10-25,14.240405343651197,14.277683856771102,14.06799255376784,14.109930992126465,8291300,,
2023-10-26,14.081972937444792,14.245066782975556,13.942178720584112,14.10061264038086,10747100,,
2023-10-27,14.165849140070192,14.38952023177895,14.10061196051928,14.175168991088867,9000400,,
2023-10-30,14.314962928357529,14.361561293772805,14.128570355486318,14.259045600891113,8330300,,
2023-10-31,14.249726971766952,14.342923710587836,14.156530232946068,14.333603858947754,7910800,,
2023-11-01,14.35224374826807,14.47339916229248,14.300986337988924,14.47339916229248,7754600,,
2023-11-02,14.641151499096036,14.67843001596594,14.426799360501633,14.529315948486328,9592300,,
2023-11-03,14.73434822631672,14.911420959138917,14.715708523498622,14.846183776855469,6825600,,
2023-11-06,14.836863109563541,14.91142013915613,14.692408975826638,14.827543258666992,6377700,,
2023-11-07,14.725028927254213,14.846184333746638,14.641152039006382,14.678430557250977,6177100,,
2023-11-08,14.678429195376363,14.7529862249481,14.538634987126834,14.669109344482422,7087600,,
2023-11-09,14.687750073692769,14.771626960025717,14.529316152572749,14.55727481842041,6963200,,
2023-11-10,14.641149813628116,14.902099401677297,14.543293162616017,14.874140739440918,5800100,,
2023-11-13,14.752985961263562,14.939379420651335,14.68308885838809,14.911419868469238,11143900,,
2023-11-14,15.135094069767172,15.372745868302232,15.03257746823596,15.302847862243652,9884800,,
2023-11-15,15.358763555868919,15.545157033678663,15.302846223557973,15.330805778503418,8330600,,
2023-11-16,15.153730925488603,15.200328402378512,14.56659365101876,14.669109344482422,11587400,,
2023-11-17,14.79026555719112,14.902101107729868,14.73434822631672,14.846183776855469,8801000,,
2023-11-20,14.799584319109568,14.874141347313454,14.711047514821248,14.752985954284668,7486500,,
2023-11-21,14.715708739540432,14.743667405388093,14.49669756095215,14.55727481842041,8598100,,
2023-11-22,14.678429808451066,14.799585208762915,14.613192627048507,14.706388473510742,11394800,,
2023-11-24,14.771625655730583,14.832202907850034,14.673769000719304,14.752985954284668,3788800,,
2023-11-27,14.659790724212593,14.706389093804129,14.51067665255166,14.538636207580566,11202100,,
2023-11-28,14.51067733988131,14.557275711680079,14.398841780838277,14.464079856872559,14386200,,
2023-11-29,15.125770587293662,15.750186344122147,14.715706945944584,15.396040916442871,21648300,,
2023-11-30,15.69426810044096,15.889979614852942,15.573111829784356,15.759505271911621,24721700,,
2023-12-01,15.647674555224958,15.97386049442925,15.51719840196319,15.740869522094727,14837000,,
2023-12-04,15.610393936661268,15.722230376850122,15.377402982382742,15.414682388305664,14150100,,
2023-12-05,15.312164844000867,15.312164844000867,14.948699546834963,14.985977172851562,15550100,,
2023-12-06,15.023255395099124,15.107130491435932,14.734346261474597,14.799583435058594,13108700,,
2023-12-07,14.8275448742362,15.032576283560536,14.63183242803388,15.023258209228516,19474000,,
2023-12-08,15.013938354920555,15.284206950005869,14.995298651099501,15.116453170776367,11901300,,
2023-12-11,15.116454197695798,15.5731163068545,15.116454197695798,15.526518821716309,13978500,,
2023-12-12,15.075655850533263,15.484249701622176,15.075655850533263,15.37623119354248,16224600,0.13,
2023-12-13,15.376231784542345,15.639232756389532,15.286997776328688,15.573482513427734,10730500,,
2023-12-14,15.686195380452434,16.13705563542655,15.686195380452434,16.02433967590332,20993600,,
2023-12-15,15.855267611155073,15.91162649017546,15.60165982180137,15.704980850219727,21855000,,
2023-12-18,15.761340686239256,15.8083046300483,15.54999935597933,15.770733833312988,12793900,,
2023-12-19,15.855269687464036,15.892842278397902,15.74255549778192,15.808305740356445,8317600,,
2023-12-20,15.845880238951738,16.01025586517698,15.723771095275879,15.723771095275879,7572400,,
2023-12-21,15.874052626262388,15.97737543792252,15.700283908837102,15.967982292175293,7160800,,
2023-12-22,16.01495006730864,16.15584549572304,15.949199822880479,16.052522659301758,6112600,,
2023-12-26,16.043127377974425,16.240379876589124,16.01494793772674,16.18402099609375,4857100,,
2023-12-27,16.2215957401512,16.23098888814948,15.977379266875317,16.052522659301758,5911700,,
2023-12-28,16.061912428096182,16.141751481944834,16.029037312798568,16.127662658691406,4684900,,
2023-12-29,16.108875755010253,16.14644833767203,15.874052488052206,15.949195861816406,6026700,,
2024-01-02,15.845877937686755,15.977378419569398,15.704982516744266,15.90223503112793,8438200,,
2024-01-03,15.780127935377603,16.155846717482724,15.723770834685805,16.00555992126465,10331300,,
2024-01-04,16.0055548751642,16.198109884083937,15.939802854933612,15.967982292175293,13255000,,
2024-01-05,15.921018820883642,16.33430649649917,15.902232528839459,16.127662658691406,13780100,,
2024-01-08,16.155844539209017,16.719419053260747,16.127665096882552,16.644275665283203,11782000,,
2024-01-09,15.592269297315564,15.8505745991377,15.132015790609262,15.16019344329834,35499400,,
2024-01-10,15.132014085058698,15.470158420133574,15.038084406375829,15.432587623596191,23542000,,
2024-01-11,15.395015696838312,15.493642849049936,15.240033243179509,15.37623119354248,13319400,,
2024-01-12,15.423195393100741,15.47015933945322,14.878405374237293,14.925370216369629,13200700,,
2024-01-16,14.606010111820085,14.667063778488734,14.239685424468666,14.380579948425293,19468300,,
2024-01-17,14.230291264388404,14.275377652170848,14.004861117035745,14.126969337463379,13466800,,
2024-01-18,14.145755196444684,14.197415710430429,13.807609090022897,14.051825523376465,15106200,,
2024-01-19,14.117575614532537,14.488596834048636,14.018950265008355,14.436935424804688,13251800,,
2024-01-22,14.540259496114055,14.671760877357883,14.465116105626118,14.559045791625977,9414400,,
2024-01-23,14.681154025113843,14.74690426784582,14.521474096382008,14.559045791625977,8726700,,
2024-01-24,14.681152581739829,15.019297805690881,14.62479459652476,14.803260803222656,11362400,,
2024-01-25,14.944154330947294,15.066263447461086,14.859617801532995,14.953547477722168,11244800,,
2024-01-26,14.934761708377364,14.977029974568113,14.756296392289602,14.87840461730957,6099500,,
2024-01-29,14.784476624338197,14.869013166363064,14.685851255829126,14.840834617614746,7291400,,
2024-01-30,15.000513605469425,15.019299004854446,14.793868837555058,14.925370216369629,6540400,,
2024-01-31,14.709330930546823,14.718724077254194,14.173934109143554,14.36179256439209,15595400,,
2024-02-01,14.40875824140757,14.446329934645693,14.211506627962466,14.427543640136719,7500900,,
2024-02-02,14.399363951335715,14.58722240261679,14.220898646563631,14.474507331848145,7301400,,
2024-02-05,14.371185165076458,14.436935397970368,14.29134521265682,14.352398872375488,8563300,,
2024-02-06,14.343006621804744,14.554347040012201,14.33361347545426,14.352398872375488,9909000,,
2024-02-07,14.399364586267893,14.436936278180811,14.164541287867204,14.333614349365234,11377600,,
2024-02-08,14.333615620162163,14.577832087137898,14.286650777162233,14.559045791625977,8059500,,
2024-02-09,14.512079862214284,14.606009541182324,14.436936477351773,14.540258407592773,6572300,,
2024-02-12,14.540259586492883,14.793869202800956,14.52147418664407,14.662367820739746,6361500,,
2024-02-13,14.333614621969529,14.389971713020838,14.173934704357798,14.305435180664062,7133100,,
2024-02-14,14.44632969985196,14.516776511556001,14.202113249883453,14.305435180664062,10443700,,
2024-02-15,14.296042657452315,14.357096320893385,14.150451567482436,14.333614349365234,9556200,,
2024-02-16,14.267863821927659,14.324221810077649,14.004861967380652,14.023648262023926,10076700,,
2024-02-20,13.948505297531568,14.173935465400476,13.90154045528058,14.09879207611084,9652600,,
2024-02-21,13.995469637469109,14.080006176741561,13.859272576470067,14.004862785339355,8116600,,
2024-02-22,14.126970912223614,14.258472294061262,14.023648973781096,14.155149459838867,10462400,,
2024-02-23,14.192720413208008,14.305435493555768,14.12697017361677,14.192720413208008,8561000,,
2024-02-26,14.173935036050787,14.216203303218322,13.967290273873937,14.023648262023926,14869500,,
2024-02-27,14.098791433779702,14.164541672467633,13.929718367690942,13.986076354980469,9432100,,
2024-02-28,13.93911178733547,14.145756550396571,13.882753798944321,13.957897186279297,9910200,,
2024-02-29,14.089398172001022,14.333614621969529,14.089398172001022,14.305435180664062,27341800,,
2024-03-01,13.64792960484404,14.746902693101395,13.586875942509643,14.615402221679688,34153700,,
2024-03-04,14.850225112069579,16.254468265379302,14.803260275361678,16.108877182006836,41177700,,
2024-03-05,15.977375823455041,17.085741966541473,15.977375823455041,17.001205444335938,44150200,,
2024-03-06,17.236030015600896,18.851613621894888,17.226636868920405,17.63053321838379,51250900,,
2024-03-07,17.649322579298644,17.686893380991087,16.644277208517988,17.076353073120117,29773700,,
2024-03-08,17.49903144060495,17.555390322247312,16.8650092503849,16.897884368896484,21698000,,
2024-03-11,16.639581774775994,17.160889868676797,16.559740908720975,16.944852828979492,19422800,,
2024-03-12,17.395711687178142,17.98746565548141,16.944851350227108,16.954242706298828,33677100,,
2024-03-13,16.92606474811582,16.963635546400766,16.540954660006744,16.8133487701416,17482400,,
2024-03-14,16.747117464763587,16.747117464763587,16.444343216769074,16.58626937866211,15774900,0.13,
2024-03-15,16.36865275494621,16.482193341902178,15.800955234165599,15.829339027404785,41144400,,
2024-03-18,16.0280322790972,16.264573480009105,15.886107919483287,16.141571044921875,22137600,,
2024-03-19,16.037495093881084,16.103726345313895,15.81987580460238,15.876646995544434,12178000,,
2024-03-20,15.772566887971244,16.023299976115943,15.611718803865982,16.018569946289062,17508400,,
2024-03-21,16.24564929667926,16.47272862664689,16.1321087293624,16.28349494934082,12914800,,
2024-03-22,16.283495091707678,16.66196244962877,16.283495091707678,16.43488311767578,9279500,,
2024-03-25,16.321342995700146,16.68088482995811,16.28349553700659,16.48219108581543,16167200,,
2024-03-26,16.567345688709572,16.879579997208786,16.510576306618656,16.737655639648438,14285200,,
2024-03-27,16.813349679015555,16.84173346929518,16.472729758330335,16.718732833862305,9727100,,
2024-03-28,16.784963115656748,16.89377184967206,16.73765559814265,16.775501251220703,9155400,,
2024-04-01,16.72819619747329,17.04516058176643,16.671426807162028,16.974199295043945,9680900,,
2024-04-02,16.794425515237343,16.860656763733946,16.605191829818907,16.74711799621582,9361500,,
2024-04-03,16.7187348331898,17.399972951360606,16.69981110096289,17.21074104309082,26942500,,
2024-04-04,17.5040511488373,17.750054246407952,16.9174281000663,16.974199295043945,17602700,,
2024-04-05,16.9268889988889,17.144508291204854,16.766040898307335,17.030967712402344,13148900,,
2024-04-08,17.229662423627513,17.431196736579363,17.135047374829767,17.16343116760254,10709800,,
2024-04-09,17.229662462390372,17.26277989514374,16.91742810852277,17.04989242553711,10641500,,
2024-04-10,16.841734015953584,17.097198964759524,16.766040898307335,17.030967712402344,16226400,,
2024-04-11,17.012044953695995,17.087738075666476,16.68561870357325,16.974199295043945,11099600,,
2024-04-12,16.775501672025836,16.94581162681451,16.453805491795265,16.48219108581543,14035100,,
2024-04-15,16.747117846221283,16.84646471807639,16.275926731709355,16.3308048248291,17413800,,
2024-04-16,16.39703599361844,16.444343511988006,15.999646703449214,16.21726417541504,11214400,,
2024-04-17,16.321343403939576,16.551261487721906,16.094264060096883,16.113187789916992,11256000,,
2024-04-18,16.16995766781108,16.198343263406855,15.938146482111215,16.122650146484375,12392500,,
2024-04-19,16.103725876717583,16.3024196252343,15.791491554286884,15.8861083984375,12486500,,
2024-04-22,16.028035598481683,16.065881260038978,15.753646882358593,15.923956871032715,8508500,,
2024-04-23,15.857725609807561,16.04695752692707,15.8293400101397,15.923956871032715,9110400,,
2024-04-24,16.018569946289062,16.1273786789682,15.88137562065038,16.018569946289062,10856000,,
2024-04-25,15.914493093247907,16.136842418943782,15.876647436235634,16.05641746520996,8383000,,
2024-04-26,16.084801253051396,16.349728041016746,15.96653065560249,16.245649337768555,9189400,,
2024-04-29,16.283497394275987,16.491654831500316,16.113189224728398,16.25511360168457,8335700,,
2024-04-30,16.113190133771294,16.46327016303557,16.06588080233932,16.08480453491211,10073000,,
2024-05-01,15.952339047170787,16.10372527024402,15.507640437810293,15.554949760437012,9407100,,
2024-05-02,15.715800278086837,15.753645937373955,15.384642187159109,15.640107154846191,11008600,,
2024-05-03,15.838797654947681,15.961800082722908,15.715797031838493,15.952338218688965,7951500,,
2024-05-06,16.1037282771424,16.274038261066714,16.037497017764387,16.236190795898438,9233700,,
2024-05-07,16.27403437717889,16.302418164614682,15.895567034485305,15.952338218688965,8273300,,
2024-05-08,15.867186129160059,16.264575467437165,15.810414934644497,16.25511360168457,8134900,,
2024-05-09,16.302419133728616,16.340266592114272,15.985454790746413,16.141571044921875,8599600,,
2024-05-10,16.17941850330753,16.359190321307096,16.075339797413125,16.141571044921875,6454400,,
2024-05-13,16.20780236492463,16.520036679338254,16.20780236492463,16.44434356689453,11969900,,
2024-05-14,16.529501946205386,16.709273802011054,16.482194417940672,16.699811935424805,11483000,,
2024-05-15,16.79442503838314,17.030966236106842,16.709270062829315,17.002580642700195,11307200,,
2024-05-16,17.01204440460725,17.106661255183045,16.794426911549344,16.926889419555664,10222600,,
2024-05-17,17.040428619222794,17.054620514025007,16.775501820029056,16.89850425720215,9238500,,
2024-05-20,16.93634886218651,17.068813155908973,16.766038916447673,16.841732025146484,10130500,,
2024-05-21,16.803889302417577,16.87012055849134,16.64304119280999,16.822813034057617,9328200,,
2024-05-22,16.841733559347322,17.201277211918907,16.784964173818313,17.17289161682129,10667200,,
2024-05-23,17.835206284003696,17.92982312198238,17.172890222818996,17.258045196533203,15612200,,
2024-05-24,17.34320639949599,17.59867141239529,17.314820796507156,17.418899536132812,13605300,,
2024-05-28,17.494592672769635,17.768981420994823,17.239127659870334,17.418899536132812,17948100,,
2024-05-29,17.25804616327563,17.409432390655276,17.191814914380306,17.201276779174805,14206500,,
2024-05-30,17.51351214892035,17.673414605603398,17.305356524957894,17.522974014282227,31909300,,
2024-05-31,16.945815052667683,17.002584447518647,16.378115690158467,16.699811935424805,33499300,,
2024-06-03,16.945810381002953,17.10665845929311,16.699807331578832,16.983657836914062,22762900,,
2024-06-04,16.889045211693563,16.99312213206006,16.643042100948843,16.652503967285156,30743300,,
2024-06-05,19.254453834060463,19.33014694506056,18.393444019684573,18.431289672851562,88492100,,
2024-06-06,18.32721048030729,18.96114088237469,18.057551888647478,18.53536605834961,30573600,,
2024-06-07,18.658370634620873,18.961144909717838,18.64890876933663,18.951683044433594,21612900,,
2024-06-10,18.923299388888836,19.52884439184001,18.8759918622832,19.481536865234375,23519100,,
2024-06-11,19.396380406964752,19.566690377333494,19.1030697939221,19.453149795532227,15196800,,
2024-06-12,19.746459919416523,20.02557860406039,19.53830251107228,19.784305572509766,20247700,,
2024-06-13,19.737000602123974,20.721011170198718,19.670769347163777,20.58854866027832,22925400,,
2024-06-14,20.45608040325137,20.645312249306617,20.11546055381975,20.437156677246094,18473700,,
2024-06-17,20.678430751924836,20.777777620311706,20.05396214397007,20.493928909301758,20204900,,
2024-06-18,20.83660607640013,21.721852789519883,20.51772786014891,20.789012908935547,44296100,0.13,
2024-06-20,21.569552952660374,21.645703111627988,20.37494699343787,20.44633674621582,25498900,,
2024-06-21,20.227403913438103,20.351147232649115,19.446864382327256,19.913284301757812,59893400,,
2024-06-24,19.82761425252593,20.017990536361694,19.470660082005974,19.48493766784668,19621200,,
2024-06-25,19.523012673521897,20.122694851127854,19.35167438975942,20.10365867614746,15186900,,
2024-06-26,19.78002198636705,19.9989534518127,19.72386117980053,19.913284301757812,17304900,,
2024-06-27,19.91328355502033,20.28451531429526,19.884726567551947,20.027509689331055,12921000,,
2024-06-28,20.027509433591458,20.251199478100894,19.889486719267623,20.15125274658203,17398900,,
2024-07-01,20.29403730879615,20.29403730879615,19.608685848351666,20.14173698425293,13452100,,
2024-07-02,19.8561702457753,20.14649324708808,19.808575269417553,20.10365867614746,11762400,,
2024-07-03,20.084621688894256,20.084621688894256,19.53253264450476,19.67531394958496,11412800,,
2024-07-05,19.684833695878787,19.68959228615235,19.313601925403315,19.56108856201172,15281400,,
2024-07-08,19.746708465293825,19.970398544358314,19.694354888630944,19.884729385375977,11118800,,
2024-07-09,19.808576892298706,20.574838826591183,19.799057896247284,20.22740364074707,15683100,,
2024-07-10,20.360665950251402,20.45585409518366,20.084622327066988,20.32259178161621,10414200,,
2024-07-11,20.332109869173795,20.37970303173191,19.960876302081957,20.1798095703125,9411900,,
2024-07-12,20.170290737984516,20.379703196723487,19.970395459384,20.15125274658203,9206500,,
2024-07-15,20.236923943940628,20.44633642390974,20.132216796174585,20.408262252807617,9921600,,
2024-07-16,20.44633775399433,20.493932740421876,20.2083682685459,20.398744583129883,7878100,,
2024-07-17,20.160774111290777,20.26548126074535,19.7324283322157,19.808578491210938,12520200,,
2024-07-18,20.008471538480627,20.189327010986243,19.63247937650462,19.67531394958496,10713200,,
2024-07-19,19.665795542321572,19.718149112715608,19.456383076308292,19.494457244873047,10035700,,
2024-07-22,19.627723861832873,19.789543183762255,19.49445971605609,19.599166870117188,9656900,,
2024-07-23,19.51349681248071,19.680074717581565,19.427827656839412,19.551572799682617,6290300,,
2024-07-24,19.427828306385447,19.675316784783337,19.066115493688873,19.08515167236328,9554200,,
2024-07-25,18.96140666618429,19.028037824567182,18.47594874938519,18.51402473449707,11529800,,
2024-07-26,18.637766630649935,18.951886221565722,18.59493205845402,18.809104919433594,7954800,,
2024-07-29,18.894775082734288,18.966164829868696,18.456910341612584,18.475948333740234,7886100,,
2024-07-30,18.618729755325063,18.742474889334684,18.07615968537038,18.095197677612305,11214600,,
2024-07-31,18.847181887032118,19.127985943033977,18.694881566715484,18.951889038085938,12120400,,
2024-08-01,18.799587215965747,19.018518681986208,17.923859536321032,18.161828994750977,9310000,,
2024-08-02,17.657334367200495,17.790598508148822,17.086209078084575,17.1623592376709,12776500,,
2024-08-05,16.429412252104846,16.724493883411967,16.181923788066857,16.51508140563965,12876400,,
2024-08-06,16.56267458222114,16.71497489624354,16.40085527162697,16.419893264770508,14081300,,
2024-08-07,16.419890626898294,16.43892861698336,15.810689468677483,15.91539478302002,18905800,,
2024-08-08,16.099110110073333,16.496042997536733,16.099110110073333,16.477005004882812,9934500,,
2024-08-09,16.37229762054674,16.595987651671418,16.28662847992446,16.50555992126465,7352800,,
2024-08-12,16.553156014334952,16.580761649776885,16.239036381583464,16.362781524658203,13676700,,
2024-08-13,16.524595576911324,17.019570544888275,16.486519601764098,16.94342041015625,16886400,,
2024-08-14,16.971980139226204,16.991018129882004,16.69593653696794,16.924386978149414,10201100,,
2024-08-15,17.419364464235667,17.90006380997731,17.238508974381578,17.857229232788086,13126900,,
2024-08-16,17.790596753506346,17.923859065748324,17.66685162165636,17.77155876159668,8302500,,
2024-08-19,17.771559239276808,17.99049070543408,17.609739934820805,17.971452713012695,9017300,,
2024-08-20,17.914341979098243,17.93337997303697,17.581184347422624,17.866748809814453,9747600,,
2024-08-21,17.90482155510073,17.99049070543408,17.609739934820805,17.971452713012695,7719800,,
2024-08-22,18.000011136259488,18.133273462704523,17.833433228203194,17.866748809814453,7195100,,
2024-08-23,18.15231352506916,18.3902830297304,17.971456193168915,18.28557586669922,7959500,,
2024-08-26,18.304608388745525,18.54257782224111,18.171346086968057,18.257015228271484,7313700,,
2024-08-27,18.142792161551917,18.409318625625463,18.114236986676072,18.18086814880371,7637300,,
2024-08-28,18.085676193237305,18.252254063528916,17.895299928136076,18.085676193237305,8707000,,
2024-08-29,18.047601035878504,18.123752997837045,17.762038440784778,17.781076431274414,9558700,,
2024-08-30,18.228459561741644,18.628248311567226,18.190385393719737,18.43787384033203,18330200,,
2024-09-03,18.352204112668502,18.50450441106718,18.047601700308377,18.142789840698242,15341500,,
2024-09-04,18.019049130198216,18.10566964238749,17.66685350458387,17.866748809814453,21890700,,
2024-09-05,16.324702570571418,17.133798997452544,16.043898569935106,16.791122436523438,29090200,,
2024-09-06,16.72925310706508,16.943424160201676,16.46748525889755,16.686418533325195,16208800,,
2024-09-09,16.7530517578125,16.991021237850852,16.68642059389185,16.7530517578125,13693000,,
2024-09-10,15.601277086680854,15.734541217753701,15.182451239992984,15.325233459472656,70663200,,
2024-09-11,15.3252361620004,15.667911007392552,15.011116494645725,15.610798835754395,70763400,,
2024-09-12,15.57272137863644,16.120050023935203,15.420421075982626,16.048660278320312,41955200,,
2024-09-13,16.105771767545928,16.372298193877743,16.029621619388656,16.324703216552734,19822600,,
2024-09-16,16.029620484334632,16.477002346134235,16.00106349996174,16.40085220336914,14943400,,
2024-09-17,17.10524727970124,17.514555116731184,16.857758777879337,17.324180603027344,28391600,,
2024-09-18,17.390807849797554,17.676370463704814,17.166164630795397,17.419363021850586,17767100,,
2024-09-19,17.898705848583518,18.15755205922875,17.87473901320207,18.071269989013672,17085300,0.13,
2024-09-20,18.013750372349033,18.10961772001609,17.74052258013009,18.032922744750977,30623000,,
2024-09-23,18.04251021988037,18.085651258647346,17.855566328074296,18.05209732055664,11338800,,
2024-09-24,18.167142517845086,18.176727790927934,18.015668871977688,18.100032806396484,10154800,,
2024-09-25,18.87657067066595,19.25525110994898,18.77111438631867,19.02996063232422,24344100,,
2024-09-26,19.394262561180813,19.643521721784037,19.15459050235687,19.509305953979492,17618600,,
2024-09-27,19.605176176248168,19.6339356545487,19.298394388804425,19.307981491088867,10396800,,
2024-09-30,19.260045839684707,19.66269495171323,19.116242977221507,19.61475944519043,16962200,,
2024-10-01,19.490132339870843,19.53806602166424,19.001201105656683,19.125831604003906,14802400,,
2024-10-02,19.173766345512576,19.806500488630263,19.125832661069936,19.65311050415039,12851100,,
2024-10-03,19.54765253254392,19.969475868068816,19.394262561180813,19.509305953979492,10884200,,
2024-10-04,19.8352601209106,19.892780903093463,19.445074403706464,19.768152236938477,8528200,,
2024-10-07,19.66269447913001,20.060549116667715,19.65310737805587,19.99823570251465,10961300,,
2024-10-08,20.09410018667187,20.180382255465307,19.902363678227132,20.103687286376953,11588800,,
2024-10-09,19.959888063960314,20.03274857207695,19.65598444531662,19.988649368286133,10816900,,
2024-10-10,19.84484580160291,20.074930742410594,19.547651153076156,19.691455841064453,18463700,,
2024-10-11,19.681868153745608,19.95988676323368,19.653106851294076,19.816083908081055,8488000,,
2024-10-14,19.7969115106373,20.06534487232437,19.777737307255506,19.8640193939209,8153300,,
2024-10-15,19.95030185426713,20.218735220982115,19.806498983315524,19.883193969726562,14362600,,
2024-10-16,19.94071452525017,20.103691598086225,19.835260062981682,20.026996612548828,13599300,,
2024-10-17,19.959888705937843,20.13245288033774,19.82087847338763,20.074932098388672,9672800,,
2024-10-18,20.16121454230168,20.18997401950871,19.547652819295976,19.83526039123535,10429200,,
2024-10-21,19.825671926205413,19.825671926205413,19.06830738357883,19.145002365112305,15063900,,
2024-10-22,19.029961299105032,19.135415758594693,18.76152794252127,19.068307876586914,11112200,,
2024-10-23,19.01078439536991,19.029958595663242,18.44995275093287,18.512266159057617,10069800,,
2024-10-24,18.617724999446185,18.665658678237033,18.440368193656873,18.59855079650879,9434600,,
2024-10-25,18.77111409295053,19.03954743593353,18.636898335735307,18.656070709228516,7901400,,
2024-10-28,18.78549387092691,19.058719850737305,18.67524495175364,18.9149169921875,8955900,,
2024-10-29,18.914919511542827,19.149798947015682,18.8765729308132,19.049137115478516,9709400,,
2024-10-30,20.08451612233647,20.18038346804307,19.394259530513565,19.49971580505371,15599700,,
2024-10-31,19.35591404832774,19.40384772388131,18.684831619262695,18.684831619262695,12163500,,
2024-11-01,18.747148350842778,19.408643731679724,18.70400730799357,19.231285095214844,12602000,,
2024-11-04,19.317567282492405,19.547652236047163,19.183351516723633,19.183351516723633,8093400,,
2024-11-05,19.192937477274246,19.437402154469236,19.039547517357278,19.173763275146484,9456000,,
2024-11-06,19.873604949939352,20.506338983906126,19.825671273765597,20.44881820678711,15601000,,
2024-11-07,20.477580529864657,20.769980723329237,20.295429259934608,20.554275512695312,11975400,,
2024-11-08,20.583036060430725,21.282879872331915,20.496753971683354,21.12948989868164,14164900,,
2024-11-11,21.206184511856375,21.474616046738266,20.98568482863565,21.110315322875977,10395900,,
2024-11-12,20.928163651280506,21.19659700964367,20.803534987947433,20.832294464111328,8487500,,
2024-11-13,20.861056017622033,21.234943840632983,20.717253149429563,20.947338104248047,10682400,,
2024-11-14,20.813118119933957,21.12948695361337,20.458404541015625,20.458404541015625,9000700,,
2024-11-15,20.5063400981122,20.602209284221274,20.11327808076237,20.199560165405273,10918000,,
2024-11-18,20.908986035487395,20.956921535524543,20.41046963496753,20.496749877929688,12030800,,
2024-11-19,20.343359815275143,20.67410836365308,19.998233359799155,20.640554428100586,9248700,,
2024-11-20,20.669318202535127,20.669318202535127,20.204355643699266,20.305017471313477,10338300,,
2024-11-21,20.439233560396037,21.0527934661549,20.42005935620288,20.841882705688477,12939500,,
2024-11-22,20.908989352734544,21.302051372637358,20.82270726753123,21.187009811401367,8865800,,
2024-11-25,21.474614566262147,21.685527133189094,21.158247544424295,21.292463302612305,21880100,,
2024-11-26,21.25411721934508,21.330812201308806,21.02882490983487,21.215768814086914,8299400,,
2024-11-27,20.247493706566623,20.563860710018332,19.782529387648033,19.940711975097656,16174000,,
2024-11-29,19.969474997891353,20.5351011783527,19.950300795168314,20.34336280822754,7085600,,
2024-12-02,20.32418813807308,20.70766300645037,20.122862689329743,20.372121810913086,12697300,,
2024-12-03,20.189972355298405,20.439231499012283,20.09410317255421,20.42005729675293,9325900,,
2024-12-04,20.61179810820119,21.16783723983846,20.487169435831106,20.86105728149414,11767000,,
2024-12-05,21.666352541563647,21.8005682973392,20.678903089429483,20.755598068237305,26020400,,
2024-12-06,21.743050107097705,23.238603286049393,21.53213751886996,22.96058464050293,37723200,,
2024-12-09,22.86471196156454,22.931819837202006,22.107347471250353,22.155282974243164,22240200,,
2024-12-10,21.695112060964544,21.953958300687344,20.870641494201134,21.01444435119629,20630800,,
2024-12-11,20.928163035200697,21.091140100024813,20.32898291872272,21.004858016967773,16182300,,
2024-12-12,20.922410901822307,21.254117665772803,20.861055646383647,20.928163528442383,12668200,,
2024-12-13,20.830378018664316,21.158248479166332,20.784360662808997,20.928163528442383,10279500,,
2024-12-16,20.93104021423623,21.1294893791866,20.372124802925498,20.947338104248047,22024400,,
2024-12-17,20.47758040953326,21.004858184826542,20.47758040953326,20.650144577026367,13269400,,
2024-12-18,20.77477256230153,20.8994012189101,19.70104101533607,19.739389419555664,15360500,,
2024-12-19,20.21873499066867,20.324191281489846,19.902367946757817,20.026996612548828,18372300,,
2024-12-20,19.8822914997951,20.875922522014868,19.872644364433377,20.846982955932617,43682400,0.13,
2024-12-23,20.837338597386672,21.08815863020744,20.634752407799322,21.049570083618164,14384000,,
2024-12-24,21.088156380414265,21.14603735411996,20.981075567057083,21.117095947265625,5955400,,
2024-12-26,21.02063144155773,21.27144964544677,21.006159815946365,21.25215721130371,4815400,,
2024-12-27,21.05439456473722,21.141216954530197,20.76016333710581,20.88557243347168,6571000,,
2024-12-30,20.56239794151007,20.846981981366866,20.379106058211747,20.64439582824707,7219100,,
2024-12-31,20.711924739453178,20.83251117053058,20.43698782379694,20.596162796020508,7318600,,
2025-01-02,20.682987844346815,20.808396939259836,20.403226404920847,20.71192741394043,11584500,,
2025-01-03,20.808397187444715,21.07851149356012,20.68298809103592,21.049570083618164,8661800,,
2025-01-06,21.435444762762767,22.24578578112132,21.387210923099797,22.043201446533203,21505800,,
2025-01-07,22.236139179145727,22.236139179145727,21.469209334068733,21.493328094482422,12107300,,
2025-01-08,21.416154861540857,21.45956605836843,20.83733951717427,21.25215721130371,14520700,,
2025-01-10,21.059217345917837,22.168612306934406,20.72639940961382,21.300390243530273,26537200,,
2025-01-13,20.779455527265704,21.223212728385047,20.417696219395502,21.20391845703125,14949500,,
2025-01-14,21.377564437788124,22.091435958544224,21.252155346845782,21.74414825439453,17645900,,
2025-01-15,22.337433213475897,22.51590063271463,22.1396715218862,22.477312088012695,17963000,,
2025-01-16,22.53519359113719,22.679896945326256,22.39531288475314,22.58342742919922,11090300,,
2025-01-17,22.863190398336233,22.863190398336233,22.27472796590552,22.322961807250977,19931100,,
2025-01-21,22.46959652005731,22.911425448504566,22.294023414693257,22.863191604614258,11827700,,
2025-01-22,23.239417846630054,23.78929169455731,22.99824497718807,23.55776596069336,14117400,,
2025-01-23,23.413065077071682,23.552945797705952,23.210478888566332,23.499887466430664,9303000,,
2025-01-24,23.654238206178853,23.668707991214237,23.306948645304093,23.50953483581543,9462800,,
2025-01-27,22.438725184461013,22.6413095223416,21.589795608572565,22.139671325683594,17887200,,
2025-01-28,22.22649652722952,22.22649652722952,20.239230400921173,20.702281951904297,30977900,,
2025-01-29,21.068862661177338,21.41615219251639,20.861453839961296,20.895217895507812,15537200,,
2025-01-30,21.27144591814126,21.31003445967218,19.621824407756115,20.44181251525879,27898800,,
2025-01-31,20.461104946021315,20.808394459787845,20.239226352227337,20.44181251525879,17010800,,
2025-02-03,19.88711674004173,20.19003094187973,19.68935503935262,19.73758888244629,16941500,,
2025-02-04,19.853351502398198,20.10417151959116,19.67005959752583,20.094524383544922,15540300,,
2025-02-05,20.07522875863514,20.721572110153094,20.046289192449656,20.605810165405273,12062000,,
2025-02-06,20.798747353319282,20.93380540886232,20.49004638065452,20.605810165405273,10698800,,
2025-02-07,20.79874722032714,20.933805275006584,20.393576736294662,20.51898765563965,10204900,,
2025-02-10,20.634751299233827,20.7119265482631,20.330874791182794,20.67333984375,10673500,,
2025-02-11,20.480398982232334,20.66851352003382,20.37428417424347,20.432165145874023,11291800,,
2025-02-12,20.248873124016267,20.523810037476956,20.123464046298526,20.3453426361084,7928600,,
2025-02-13,20.499695523350724,20.682987433819203,20.24887549849994,20.528636932373047,9625100,,
2025-02-14,20.53828227679069,21.001333740728864,20.43216562630375,20.943450927734375,9807700,,
2025-02-18,21.035101343591112,21.088159677785512,20.538285741594947,21.010984420776367,11685600,,
2025-02-19,20.93380692302108,21.131568612938885,20.83733740208489,21.078510284423828,8427700,,
2025-02-20,21.088158743624565,21.189450918961423,20.774633240911594,20.972394943237305,8675800,,
2025-02-21,21.117096195521032,21.1990959292375,20.31640232983439,20.393577575683594,7811900,,
2025-02-24,20.451461167571257,20.50548365771916,19.930526858282622,20.017349243164062,13306200,,
2025-02-25,19.978759892048792,19.998054163466264,19.453004795945084,19.573591232299805,11058000,,
2025-02-26,19.76652832055928,20.051112382431782,19.525355449142012,19.650766372680664,10821500,,
2025-02-27,19.76653170315869,19.949823632002964,19.110541086245124,19.139482498168945,9331100,,
2025-02-28,18.907956033938298,19.322773723050712,18.560666463518,19.11054039001465,17708400,,
2025-03-03,19.36136012522018,19.380654398828543,18.21820109397113,18.358081817626953,11757900,,
2025-03-04,18.19408370182073,18.44490373223856,17.687619152706045,18.174789428710938,16369000,,
2025-03-05,18.280903364285248,18.42560671102043,17.919144077445853,18.223020553588867,15371900,,
2025-03-06,17.673148610913024,18.028155124913958,17.248683820693717,17.32585906982422,25150000,,
2025-03-07,14.7211932968958,15.47365336947742,14.402845158496483,15.251773834228516,81950800,,
2025-03-10,14.96236594908439,15.11671644769494,14.325669682315104,14.547548294067383,32930200,,
2025-03-11,14.489668387625045,14.957543486106342,14.393198858865253,14.798369407653809,29627200,,
2025-03-12,14.71154520074939,14.972012344265014,14.402844218806274,14.557194709777832,26594000,,
2025-03-13,14.57648849124609,14.880366834313964,14.12308414063925,14.248494148254395,30915000,,
2025-03-14,14.518607572827188,15.136009557371672,14.518607572827188,15.0684814453125,27800100,,
2025-03-17,15.097423070736987,15.396477869531852,15.049189227061785,15.280714988708496,19419600,,
2025-03-18,15.19871439790191,15.473652242866791,15.164950343257491,15.367535591125488,24407600,,
2025-03-19,15.512240538077469,15.96082227013034,15.496804751510975,15.763060569763184,21482800,,
2025-03-20,15.531533284044114,15.898115238920846,15.493910742991535,15.656942367553711,19402600,,
2025-03-21,15.501346706581526,15.676394510503073,15.34672276945359,15.608319282531738,47407400,0.13,
2025-03-24,15.948687042123808,16.094558812125207,15.866027052571752,16.026485443115234,24161700,,
2025-03-25,16.00703562569402,16.13345918853989,15.94868728776681,16.065385818481445,21198200,,
2025-03-26,16.04593659958781,16.094559907945467,15.593732783392422,15.627769470214844,23621500,,
2025-03-27,15.52079569824989,15.618043234906828,15.326299697505922,15.50134563446045,18129300,,
2025-03-28,15.413823738287958,15.48189710937859,15.092905092531941,15.355474472045898,19216400,,
2025-03-31,15.05400489046509,15.122079188655956,14.820609681488138,15.00538158416748,31786500,,
2025-04-01,15.063730601871239,15.30198833770624,14.854647036616194,15.209603309631348,22897300,,
2025-04-02,14.966481943165846,15.754191909618823,14.966481943165846,15.676393508911133,23638200,,
2025-04-03,14.713637478732284,14.878959321100186,13.225741824851308,13.303540229797363,35325800,,
2025-04-04,12.943721731011626,12.943721731011626,11.63573460586482,12.438031196594238,32655000,,
2025-04-07,12.000415086148152,13.809229321497979,11.9712409172927,12.963171005249023,35719900,,
2025-04-08,13.332714130116356,13.56610934023368,11.9226169097032,12.16573715209961,31348400,,
2025-04-09,12.029588689336002,14.19335907497225,11.81564263045283,14.100973129272461,39493500,,
2025-04-10,13.556383934902586,13.682806568761368,12.83674825979577,13.36188793182373,23011200,,
2025-04-11,13.35216414593217,13.7897813529888,13.06042057780133,13.750882148742676,23791800,,
2025-04-14,14.451066618671515,14.451066618671515,13.877303635801475,13.887027740478516,24166100,,
2025-04-15,13.88702752064232,15.112353723842254,13.809229119876935,14.596939086914062,48695200,,
2025-04-16,14.314919405980406,14.771984770755274,14.198221806840222,14.470516204833984,25806100,,
2025-04-17,14.558040132714508,14.840059572115626,14.34409406327673,14.72336196899414,22462900,,
2025-04-21,14.538591147428933,14.606665449874367,14.149599108155789,14.412168502807617,19119900,,
2025-04-22,14.606664873793418,14.82547253946856,14.499691371639662,14.733086585998535,15465600,,
2025-04-23,15.345748912673184,15.81254024428599,14.89354512897737,14.927582740783691,19315600,,
2025-04-24,15.015105552336175,15.822265599039266,14.995656415480136,15.734742164611816,18837500,,
2025-04-25,15.773639803135268,15.885474885986808,15.618043004832243,15.793089866638184,10292000,,
2025-04-28,15.836852488627693,16.084836175334647,15.754192496298876,16.036211013793945,15464700,,
2025-04-29,15.900065178143329,16.03135033950138,15.81254173723796,15.861165046691895,10251100,,
2025-04-30,15.287401076077424,15.841715858469493,15.27864891801289,15.773640632629395,18477400,,
2025-05-01,15.948687138370016,16.29878087237425,15.948687138370016,15.958412170410156,14720300,,
2025-05-02,16.31823201940144,16.52245214121669,16.186946860437214,16.39603042602539,15404600,,
2025-05-05,16.20153099602838,16.522449605967093,16.172355902448484,16.21125602722168,14118200,,
2025-05-06,16.11400941739882,16.18208278869555,15.885475795308142,16.036211013793945,12831500,,
2025-05-07,16.104284286499023,16.143184415493437,15.729878891798881,16.104284286499023,13249300,,
2025-05-08,16.250157323493333,16.65859943537818,16.230709112344826,16.4057559967041,11542200,,
2025-05-09,16.49813822372151,16.639148396027526,16.29877971816683,16.425201416015625,15585200,,
2025-05-12,17.35878739936696,17.485209121810517,17.06218037745425,17.251813888549805,19595800,,
2025-05-13,17.310160370474417,17.56300564301432,17.18860025030294,17.42685890197754,14354000,,
2025-05-14,17.47062071787716,17.679704274139066,17.276123782562752,17.35878562927246,16650200,,
2025-05-15,17.232363196330578,17.232363196330578,16.960069694844005,17.135116577148438,16691600,,
2025-05-16,17.193466079265573,17.344199462080518,17.091356009321164,17.261539459228516,11741700,,
2025-05-19,16.88227036913484,17.062178830677322,16.853095272049465,16.979516983032227,16883600,,
2025-05-20,17.524108161715944,17.524108161715944,17.099133695274656,17.232362747192383,16293800,,
2025-05-21,17.11566416088443,17.572729514797228,17.003829080294924,17.057315826416016,19962700,,
2025-05-22,17.052452869428105,17.217774700852562,16.86281938585362,17.067039489746094,14241400,,
2025-05-23,16.707223305577394,16.989241821408154,16.561351531536637,16.94061851501465,9263400,,
2025-05-27,17.33933464177173,17.485206408062453,17.115664476468606,17.446308135986328,16322100,,
2025-05-28,17.456035138910927,17.509520037197767,17.14483965286002,17.203189849853516,10687900,,
2025-05-29,17.349059458071235,17.408379739594242,17.09135261232906,17.164287567138672,15549200,,
2025-05-30,16.90171858352794,16.969793810078723,16.619700064401464,16.804471969604492,26151300,,
2025-06-02,16.804473235258776,16.896858267388275,16.55648952844003,16.862821578979492,15657300,,
2025-06-03,16.843371054501716,17.280988257651153,16.682912649920492,17.203189849853516,27275600,,
2025-06-04,18.64245963017135,18.671634726021136,17.09621479247615,17.34906005859375,45635500,,
2025-06-05,17.290711278611333,17.563004746790007,17.037866018973897,17.27126121520996,23709700,,
2025-06-06,17.36851114495281,17.72832807398116,17.271262674588826,17.611631393432617,14262900,,
2025-06-09,17.699153997879964,18.07842097409475,17.66025386962193,17.80612564086914,13415500,,
2025-06-10,18.01034731013635,18.01034731013635,17.68456523331074,17.83530044555664,12940900,,
2025-06-11,17.796399624158038,17.913098147615187,17.621354621262473,17.71860122680664,12487100,,
2025-06-12,17.563007250691733,17.733192547426317,17.47062221865438,17.631080627441406,12763100,,
2025-06-13,17.271261060024912,17.465756127710662,17.047590897499248,17.164287567138672,13037100,,
2025-06-16,17.310162090627536,17.738054275512695,17.271263812834565,17.738054275512695,13992300,,
2025-06-17,17.5338313164986,17.757501478609612,17.349059425908575,17.407407760620117,14023000,,
2025-06-18,17.505369540584372,17.799247395089473,17.343735412705684,17.417205810546875,18678700,0.13,
2025-06-20,17.657204872436374,17.818838993449656,17.41720507075149,17.593530654907227,33361800,,
2025-06-23,17.534756060242398,17.59843027995053,17.133122123799986,17.446592330932617,25782800,,
2025-06-24,17.622922238544387,17.87761728434113,17.57394321253466,17.7796573638916,12645900,,
2025-06-25,17.8678197340413,18.24006702949233,17.828636889926944,18.11271858215332,12015900,,
2025-06-26,18.21557422993943,18.24985991652797,17.951084914603502,17.995166778564453,15446600,,
2025-06-27,18.06373797335533,18.195983563932213,17.89720669652849,18.03434944152832,17126500,,
2025-06-30,20.267828955058704,20.542114465930144,19.70945988686481,20.032726287841797,58082000,,
2025-07-01,19.709459744170307,20.282522141031997,19.68986738826993,20.06211280822754,26402600,,
2025-07-02,20.120888748336995,21.031910825491135,19.846601386392756,20.8164005279541,29651200,,
2025-07-03,21.002525724026356,21.031912389986143,20.718442163548872,20.904565811157227,12296600,,
2025-07-07,20.787011419645577,20.850685636773772,20.34619465938739,20.48333740234375,24657200,,
2025-07-08,20.512726285632585,20.581297658287117,20.130682844739106,20.395174026489258,23841100,,
2025-07-09,20.591095833281226,20.591095833281226,20.17476666566927,20.37558364868164,18238600,,
2025-07-10,20.5127244892412,21.276807567254423,20.292315190418307,20.85558319091797,34641500,,
2025-07-11,20.620480891313086,20.620480891313086,20.258031666550004,20.29721450805664,20877600,,
2025-07-14,20.16007387170183,20.42260510311215,20.032727287929735,20.24823760986328,12232300,,
2025-07-15,20.434358982486156,20.473541823720666,19.866193771362305,19.866193771362305,11868700,,
2025-07-16,19.973947702739228,20.09149996163481,19.660477503590702,19.934764862060547,15635300,,
2025-07-17,20.463747277166778,20.728238483190125,20.179665583179805,20.404972076416016,18801600,,
2025-07-18,20.542113727621135,20.752726876430525,20.45394999702977,20.679258346557617,14176300,,
2025-07-21,20.58129830236856,20.659665854773326,20.218847204727872,20.238439559936523,15437700,,
2025-07-22,20.228644386413293,20.27272625360591,19.84660278303054,19.993541717529297,13488100,,
2025-07-23,20.238441070791385,20.72334162204053,20.238441070791385,20.336400985717773,16135000,,
2025-07-24,20.277622954154698,20.307009616630385,20.076805997375438,20.09149932861328,12227700,,
2025-07-25,20.3070125579834,20.3070125579834,20.08170606036349,20.3070125579834,8927400,,
2025-07-28,20.395173779963045,20.499990820509332,20.24823485913234,20.453948974609375,21449000,,
2025-07-29,20.512728096605883,20.66946321034788,20.29721591388818,20.424564361572266,18352500,,
2025-07-30,20.44905369163732,20.65966684919325,20.336400446409954,20.463747024536133,14022900,,
2025-07-31,20.49313446611277,20.766440906666094,20.23843945501029,20.2678279876709,11267300,,
2025-08-01,19.875991825145576,19.875991825145576,19.25884566868046,19.405784606933594,14724600,,
2025-08-04,19.621294056002426,19.645783564222832,19.42537425337974,19.61149787902832,14705200,,
2025-08-05,19.67027367249622,19.724151713282524,19.234354060213963,19.46455955505371,12199300,,
2025-08-06,19.454764215993087,19.89558100168961,19.2490482212575,19.719253540039062,18907400,,
2025-08-07,20.042518862210706,20.130682588337827,19.71925248922117,19.98374366760254,16213100,,
2025-08-08,20.14048094077418,20.586196773920747,20.091501918049044,20.385379791259766,15199300,,
2025-08-11,20.50293103875734,20.64986996803225,20.150276113753666,20.16986846923828,15792900,,
2025-08-12,20.473541515519635,20.997624854596687,20.316806416081437,20.884971618652344,17056900,,
2025-08-13,20.963340119282275,21.31599504322976,20.845789723586346,21.120075225830078,16222700,,
2025-08-14,20.806604068933247,21.04170671809054,20.69884798740832,20.884971618652344,7800500,,
2025-08-15,20.94374745329976,20.94374745329976,20.605787735147967,20.72823715209961,14998500,,
2025-08-18,20.679258161311157,21.22293387227767,20.66946198372989,21.18864631652832,12214900,,
2025-08-19,21.110279946595462,21.23762839385431,20.865381098637602,20.904565811157227,11587600,,
2025-08-20,21.15926013388947,21.178852489498013,20.022929666612193,20.610687255859375,16999500,,
2025-08-21,21.23762836141472,21.46293485276862,20.978036180873485,21.374771118164062,20562600,,
2025-08-22,21.42375142043887,22.227019319507026,21.394362886901057,21.99191665649414,18245300,,
2025-08-25,22.031099035109804,22.207426495760572,21.88905726198226,22.09967041015625,17378800,,
2025-08-26,22.089874482357605,22.280897145842996,21.942935552963334,22.040895462036133,17056400,,
2025-08-27,21.86456896331761,22.403347552755793,21.786201406290413,22.266202926635742,23389900,,
2025-08-28,22.354364961611036,22.83436644544829,22.236814569225885,22.687427520751953,24964900,,
2025-08-29,22.373957743291097,22.398447253136016,21.972323802858966,22.109466552734375,19962600,,
2025-09-02,21.600074259869007,22.246606967754225,21.472727700982976,22.217220306396484,27797200,,
2025-09-03,22.491509057975723,22.569878482173046,22.114366480390625,22.354366302490234,34179900,,
2025-09-04,23.412327835226368,23.68171617524128,22.21722221435176,22.687427520751953,62528800,,
2025-09-05,22.687428009900156,23.079265773681797,22.23681504865873,23.040082931518555,24237500,,
2025-09-08,23.118452470178685,23.289880922674744,22.579673863821068,23.020492553710938,19157100,,
2025-09-09,22.942123465022352,23.49069634487478,22.898041598971627,23.392736434936523,16873500,,
2025-09-10,23.520086456814944,24.175436411168175,23.441718897291075,23.941312789916992,21361400,,
2025-09-11,24.078455753954355,24.45070119770775,23.946210145817883,24.35274314880371,20845500,,
2025-09-12,24.347842717769442,24.587844407942058,24.225393295288086,24.225393295288086,20692400,,
2025-09-15,24.293964244948743,24.526129735995248,24.004983538246442,24.333148956298828,18368000,,
2025-09-16,24.401720060363626,24.460495258302835,23.84335100886649,23.931514739990234,21439300,,
2025-09-17,24.04906582796615,24.449720726958564,23.755187961382862,24.225393295288086,25280500,,
2025-09-18,24.61930295777331,24.96397357484289,24.51097742370191,24.855648040771484,22034800,0.13,
2025-09-19,24.826102375199557,24.934427901304172,24.48143366178236,24.609453201293945,32895700,,
2025-09-22,24.5749868072974,24.969881367059564,24.52082404319303,24.776865005493164,28153200,,
2025-09-23,24.737475969531804,24.929506228433954,24.304175719763037,24.323871612548828,25207500,,
2025-09-24,24.51097671318998,24.684297187019347,23.998896654023067,24.0875244140625,25135600,,
2025-09-25,23.65422613654817,23.885646301273027,23.506510698184627,23.841331481933594,32909800,,
2025-09-26,23.713312716056407,23.782246464339398,23.44250075710018,23.634531021118164,20647700,,
2025-09-29,23.939809327845943,24.309098866931265,23.733008087543954,23.772397994995117,19445300,,
2025-09-30,23.73300658627069,24.1909257360343,23.614833114785018,24.18600082397461,22897400,,
2025-10-01,24.008743469479935,24.594684083246534,23.86102802707711,24.550369262695312,27908400,,
2025-10-02,24.78671294669699,24.924580434714873,24.03828595203598,24.107219696044922,17599900,,
2025-10-03,24.22539281478406,24.61930125927168,23.929960072690623,24.057981491088867,20800300,,
2025-10-06,24.589757775311405,24.870417663440293,24.38787957721337,24.412500381469727,15656000,,
2025-10-07,25.07229595965804,25.52529208783596,24.289403968458426,24.530672073364258,21949800,,
2025-10-08,24.48143435239581,26.03737415365606,24.47158640626271,25.6828556060791,29025300,,
2025-10-09,25.643464280491962,25.968438971682364,25.348031547762055,25.850265502929688,20274400,,
2025-10-10,25.850267306316365,25.965486211600272,24.018590621840193,24.028438568115234,35814900,,
2025-10-13,24.570063425415086,25.067372484749757,24.37310826388046,24.422346115112305,35267900,,
2025-10-14,24.008743214989227,24.983669256782015,23.910267506633684,24.61930274963379,34533600,,
2025-10-15,24.865494544861235,25.909352403789796,24.48635707590949,24.658693313598633,50347700,,
2025-10-16,22.620213716578697,23.132295642523484,21.77331101568933,22.157371520996094,78889800,,
2025-10-17,22.009655252708168,22.915645595709826,21.901329728318796,22.61036491394043,65685500,,
2025-10-20,22.71377022897333,22.753160138365118,22.098287633508118,22.521739959716797,60189800,,
2025-10-21,22.610366799486204,23.073210894436134,22.275546009304197,22.915647506713867,81272500,,
2025-10-22,22.787624003987872,22.891026493881032,22.255848088453167,22.738386154174805,50450400,,
2025-10-23,22.787624741724798,23.102751498659064,22.703920018671973,22.836864471435547,30706700,,
2025-10-24,23.299706627754745,23.33811230206196,22.920569161887585,23.14214324951172,19914300,,
2025-10-27,23.41788011314126,23.84625543057512,23.220924951080093,23.81178855895996,35603400,,
2025-10-28,23.880722045898438,24.321899876141316,23.32925022767074,23.880722045898438,38284100,,
2025-10-29,24.176154220162594,24.2155460056123,23.71331201095081,23.900419235229492,35121100,,
2025-10-30,23.782245244118183,24.371138524439353,23.673921593075832,24.038286209106445,39387200,,
2025-10-31,24.117067593969058,24.54051988152611,23.83148467245845,24.048133850097656,33572100,,
2025-11-03,24.24509036596208,24.402653754541053,23.742856360502703,24.126916885375977,28309400,,
2025-11-04,23.570518616172862,23.733006906872713,23.073209554731772,23.201229095458984,35378300,,
2025-11-05,23.240621963791195,23.664074267832337,23.033818845822946,23.34894561767578,27393700,,
2025-11-06,23.31940177451784,23.536050943103792,22.772853001942643,23.043664932250977,22854200,,
2025-11-07,22.915647669878684,23.16676373387913,22.442957503346225,23.092906951904297,21932600,,
2025-11-10,23.747777545237216,24.03828537248783,23.22092465352394,23.516355514526367,34049800,,
2025-11-11,23.33909813292917,23.38833598367863,22.418334921824698,22.541431427001953,28882000,,
2025-11-12,22.718691565344184,23.334174114809745,22.64975782033263,23.122447967529297,37546600,,
2025-11-13,22.915646552864395,23.235696349095484,22.30508704212697,22.58082389831543,42098300,,
2025-11-14,22.13767686976239,23.063363191119915,22.009657320251982,22.48234748840332,29807000,,
2025-11-17,21.60590075766387,21.852093786740202,20.419250432648106,20.90671157836914,50382100,,
2025-11-18,20.69006113826446,21.128284403001288,20.404476340213616,20.581735610961914,43252800,,
2025-11-19,20.502955574998566,20.823007270582632,20.256762540950447,20.286306381225586,26653200,,
2025-11-20,20.79838714476209,20.98549248748186,19.621582932025888,19.715137481689453,24343600,,
2025-11-21,19.872700691572227,20.473412255886913,19.646203566054897,20.207523345947266,22404400,,
2025-11-24,20.5128036224291,20.926407996791966,20.34046924907116,20.768844604492188,35604100,,
2025-11-25,20.788539791712758,21.12336245854849,20.611280511822816,21.034732818603516,21491200,,
2025-11-26,21.271076457784257,21.280924403589083,20.778690437364734,21.2021427154541,19609800,,
2025-11-28,21.25630455160836,21.600975156994274,21.21199161095809,21.53696632385254,7707800,,
2025-12-01,21.231685371144742,21.694529447638626,21.15290368042505,21.605899810791016,25190200,,
2025-12-02,21.891483354190107,21.901331300596443,21.512345869912938,21.586204528808594,16830400,,
2025-12-03,21.551736708219888,22.068741662853075,21.487725998544196,21.9210262298584,19079400,,
2025-12-04,21.970265279352976,22.738388202432365,21.960417332842553,22.551280975341797,33710900,,
2025-12-05,20.58173510557773,23.196305528307125,20.296152192843007,22.9747314453125,47409100,,
2025-12-08,22.782703864435295,23.993973155419678,22.698997255155465,23.49666404724121,26246100,,
2025-12-09,23.32925131831788,24.432195006336105,23.309555425741628,24.392805099487305,31516600,,
2025-12-10,24.36325951493686,25.02305684253559,24.205696142224053,24.875341415405273,40648800,,
2025-12-11,24.353414711990816,24.520826051889372,23.67884631812183,24.166309356689453,31575300,,
2025-12-12,24.01858982200745,24.062904639617575,23.324325598317927,23.50650978088379,49512900,,
2025-12-15,23.634529466990813,23.72315910275632,23.35386957983459,23.683767318725586,35706300,,
2025-12-16,23.555749572902908,24.126917336763526,23.472042964608413,23.929962158203125,33437500,,
2025-12-17,23.998896913911526,24.29432779271878,23.476967024494748,23.654226303100586,31541800,,
2025-12-18,23.733007258940642,23.821636895491043,23.028895078736717,23.555747985839844,23603100,,
2025-12-19,23.68751123671033,24.351276792423093,23.667696888277046,24.202672958374023,29907700,0.143,
2025-12-22,24.440439914798386,24.56922940275398,24.15809205809547,24.47016143798828,18592700,,
2025-12-23,24.499880229345376,24.569228558137503,24.23239219863269,24.351276397705078,16269200,,
2025-12-24,24.371092652619794,24.470162511331335,24.212581634521484,24.212581634521484,5180800,,
2025-12-26,24.272020745161942,24.326509257334056,24.11846238264055,24.262113571166992,11203600,,
2025-12-29,24.024347858058455,24.296788538322563,23.905463655790324,24.10360336303711,13836300,,
2025-12-30,24.103602506650688,24.21257953072456,23.84602165222168,23.84602165222168,9611600,,
2025-12-31,23.79648780822754,24.014439968023044,23.6181624549402,23.79648780822754,14245400,,
2026-01-02,24.054068270472992,24.163043403787185,23.598347720685673,23.945091247558594,11238800,,
2026-01-05,23.99462685359102,24.18285939058295,23.509186638906847,23.90546417236328,18144700,,
2026-01-06,23.8658359715107,24.12341682563047,23.55872113719875,23.568628311157227,17048400,,
2026-01-07,23.489370996207768,23.578533672525065,22.221282958984375,22.221282958984375,23267100,,
2026-01-08,22.0924930478755,22.122214571813753,21.602100185296575,21.815099716186523,27026500,,
2026-01-09,21.8943529225356,22.18165339867377,21.5575165783735,21.963701248168945,25301900,,
2026-01-12,21.755655319729893,22.191561529135114,21.66649453264269,21.89435386657715,14571600,,
2026-01-13,22.29063127332844,22.50363078999715,22.023143244544443,22.08258628845215,11503000,,
2026-01-14,21.973609776116778,22.374839939039564,21.681354750363006,21.88444709777832,14093700,,
2026-01-15,22.211376277539465,22.340165763075838,21.73584325303556,21.745750427246094,14910500,,
2026-01-16,21.79528420516986,21.79528420516986,21.220681333526663,21.240495681762695,15541600,,
2026-01-20,20.794683128108733,20.91356733269073,19.888198390372292,20.200265884399414,26347300,,
2026-01-21,20.34391621214069,20.90365926595578,20.18045256361785,20.824403762817383,20480300,,
2026-01-22,21.101796580872666,21.730887948883495,21.101796580872666,21.161239624023438,14748500,,
2026-01-23,21.111703004227863,21.111703004227863,20.774866663415203,20.854122161865234,9391800,,
2026-01-26,20.87393873212787,21.215729640897337,20.824404748920866,21.1711483001709,10641900,,
2026-01-27,21.399005889892578,21.636772391051363,21.23058771537175,21.399005889892578,10058800,,
2026-01-28,21.54761095129171,21.716029135460527,21.33461142750172,21.50798225402832,16653000,,
2026-01-29,21.616958513925805,21.805191040039062,21.156285317406653,21.805191040039062,15125000,,
2026-01-30,21.428726878433405,21.60209959560667,21.06217087453619,21.319751739501953,19367800,,
2026-02-02,21.210773829407877,21.874539368185992,21.151332675224825,21.805191040039062,16061700,,
2026-02-03,21.983516224386236,22.275771240489078,21.46340187765411,21.57733154296875,20537400,,
2026-02-04,21.577333016800075,23.073282363303328,21.527797143975263,23.023746490478516,29903000,,
2026-02-05,22.70672317491228,22.885048527766603,21.95874948888469,22.498676300048828,23404300,,
2026-02-06,22.865233782640455,23.57853329206903,22.76616393393088,23.390302658081055,15011600,,
2026-02-09,23.192164066524672,23.846022453745253,23.083187038787813,23.687511444091797,14122000,,
2026-02-10,23.78658075319141,24.024347262230524,23.682558259786838,23.746952056884766,12868400,,
2026-02-11,24.004533726048013,24.153137563024064,23.07328200654459,23.588441848754883,15772900,,
2026-02-12,22.949444014494755,23.112907660123465,21.646679933222583,21.993423461914062,30321300,,
2026-02-13,22.023144096871494,22.785979516807828,21.829958920695475,22.478864669799805,16791300,,
2026-02-17,22.072678777529465,22.389700781797004,21.70116826197841,21.765562057495117,13720900,,
2026-02-18,21.577333284519067,21.81509980822722,21.265263895451955,21.349472045898438,17104600,,
2026-02-19,21.389099634694734,21.6219135037776,20.908612080068483,21.190959930419922,12195200,,
2026-02-20,21.081985618718022,21.730889490891315,21.06712391207565,21.1711483001709,12602300,,
2026-02-23,21.032448316065345,21.111703817568742,19.779220108042864,19.813894271850586,14414700,,
2026-02-24,19.84361704340475,20.200265877834166,19.6553845068779,20.061569213867188,12215100,,
2026-02-25,20.091290494542474,20.561868995770812,20.051661796973605,20.438032150268555,13677700,,
2026-02-26,20.675801541682723,20.829358028078293,20.239895295655767,20.646080017089844,16599100,,
2026-02-27,20.84421882519435,21.597145186006795,20.76496142974008,21.27021598815918,30874100,,
2026-03-02,20.99282246054712,21.9537956959831,20.879882940631493,21.924074172973633,15744500,,
2026-03-03,21.498076008325803,21.636772663347195,20.660937767260457,21.43863296508789,18494400,,
2026-03-04,21.597145744294476,21.785378284163567,21.32965958612303,21.349472045898438,10252800,,
2026-03-05,21.29993751145453,21.686307866292537,21.007682479318003,21.27021598815918,12822200,,
2026-03-06,20.883844240349845,21.309843264500465,20.651030380732603,20.933378219604492,16611800,,
2026-03-09,20.447938922667497,21.64668054615503,20.40831211547797,21.607051849365234,34704400,,
2026-03-10,21.81509907563002,21.9339813886916,20.829356957692934,20.90365982055664,36131400,,
2026-03-11,21.072077903249927,21.706121942105685,20.992822398392956,21.230588912963867,23240200,,
2026-03-12,20.953193312980755,21.53770335907225,20.953193312980755,21.379192352294922,21180600,,
2026-03-13,21.67640001760235,21.775469869238243,21.16124019037616,21.379192352294922,14179100,,
2026-03-16,21.696214813950046,21.904261695642322,21.448541124545134,21.64668083190918,16518800,,
2026-03-17,21.735843213226655,22.067725045470414,21.418821197471342,21.468355178833008,16696700,,
2026-03-18,21.507981974870653,21.79033171520688,21.240495830215714,21.32965850830078,10572700,,
2026-03-19,21.03244967454782,21.968655937026135,20.96310134245318,21.914169311523438,10302300,,
2026-03-20,22.221282572603194,22.3599792268628,21.265262029513295,21.488168716430664,24417900,,
2026-03-23,21.84481855791088,22.31539894372353,21.60705204383297,22.112306594848633,16638800,,
2026-03-24,22.115296675542716,23.840249452760737,21.955763580643044,23.830278396606445,28241800,0.143,
2026-03-25,24.318849421522582,26.34791281227611,24.01972533561779,25.704795837402344,51915700,,
2026-03-26,25.505378697352032,25.899226871352738,24.848300717273958,24.99686622619629,24536600,,
2026-03-27,24.797450279897568,24.847303659600144,23.79538099252879,23.870162963867188,23974400,,
2026-03-30,23.81033629066181,24.109462270017023,22.229960974581875,22.544042587280273,24829600,,
2026-03-31,23.00768687721013,23.78042568386447,22.55401426929426,23.740541458129883,20443100,,
2026-04-01,24.079549779651984,24.363718231881997,23.700659143940157,23.910045623779297,12283500,,
2026-04-02,23.511213879613024,24.69774302141147,23.471331553942758,24.538209915161133,11102200,,
2026-04-06,24.667828154483804,25.08660300503914,24.19421344584147,24.5082950592041,10819200,,
2026-04-07,24.39861623664585,24.642902367493818,24.10447672486625,24.558149337768555,10196000,,
2026-04-08,25.276050781243743,25.625030161218433,24.503311948161326,24.907129287719727,19230900,,
2026-04-09,24.877217227731098,25.036750327481027,24.433513773405505,24.757566452026367,13260000,,
2026-04-10,24.93704121544372,25.216225085868807,24.239082490273262,24.81739044189453,12573400,,
2026-04-13,24.418558912471838,25.176342111160526,23.790397550047917,24.737625122070312,19954400,,
2026-04-14,24.687771731738852,24.717684902047946,23.94494416756566,24.398616790771484,13036400,,
2026-04-15,24.34876230369027,24.647886386067597,24.184242727133565,24.548179626464844,9348500,,
2026-04-16,24.827362322953633,25.83441621905307,24.6080047829082,25.81447410583496,15605900,,
2026-04-17,26.023862847826855,26.482520047423733,25.81946093900049,26.362871170043945,17927100,,
2026-04-20,26.372840976402642,27.828580960139856,26.263161259184116,27.728872299194336,20616500,,
2026-04-21,27.888405356187963,29.543562659453798,27.878434299929193,28.676101684570312,22871800,,
2026-04-22,28.7957517875251,29.005140174344547,28.337094590714717,28.42683219909668,12695100,,
2026-04-23,28.44178770023713,28.44178770023713,27.325055981703976,27.84852409362793,11628400,,
2026-04-24,28.19750302514075,28.287240631691045,27.399835622669777,28.077852249145508,11110900,,
2026-04-27,28.37697547047598,28.81569243335745,28.227413431384537,28.536510467529297,8439200,,
2026-04-28,27.963187606310875,28.147647394477787,27.265228875507287,27.868465423583984,11453000,,
2026-04-29,27.88840620674988,28.386947624186284,27.59925317356475,28.217443466186523,13271700,,
2026-04-30,28.267298441066686,28.70601541613117,27.908348015851693,28.686073303222656,17192200,,
2026-05-01,28.785782179457186,28.88548894117006,28.267298650698116,28.486656188964844,11032500,,
2026-05-04,28.845606847813613,29.214526433388226,28.297210145078825,28.62624740600586,12078200,,
2026-05-05,28.91540261436282,30.062047510092697,28.87053381009673,29.952369689941406,11580000,,
2026-05-06,30.052075906189973,30.33125978340485,29.438870193575386,30.28140640258789,12871900,,
2026-05-07,29.942398622548183,29.96233883416018,29.224497754547155,29.613361358642578,15708600,,
2026-05-08,29.91248464006385,31.258546829223633,29.744975456364763,31.258546829223633,17521000,,
2026-05-11,31.099013476828635,31.547699601706867,30.58052995752599,30.77994728088379,14198300,,
2026-05-12,30.321289278708424,30.490793439069343,29.403972981776036,30.121871948242188,11200100,,
2026-05-13,30.560588452726346,32.43510334208131,30.08198914928907,31.9764461517334,27523500,,
2026-05-14,33.6016915556473,34.59378788948946,33.1430343745671,34.03043746948242,34638300,,
2026-05-15,33.56180862295212,33.56180862295212,32.62554864714298,33.003440856933594,16381200,,
2026-05-18,33.48204214775681,33.73131284699775,32.2257156935838,32.90373229980469,16653100,,
2026-05-19,32.35533905081491,32.94361808095952,31.787000232195428,32.52484130859375,10241000,,
2026-05-20,32.72425998583234,33.90081809457673,32.59463814576542,33.70140075683594,11467600,,
2026-05-21,33.297583410088684,33.89084894396775,33.0184014193547,33.870906829833984,11649800,,
2026-05-22,34.54892202711968,37.63489083939729,34.39935807926043,37.470375061035156,30722400,,
2026-05-26,37.80937981549055,38.467458147380995,37.221104585896164,37.948974609375,16802000,,
2026-05-27,37.6997013607838,37.789438963316265,36.60290801832375,37.09148025512695,17674600,,
2026-05-28,37.36069447374356,38.24311109566534,36.46830489362542,38.098533630371094,23279900,,
2026-05-29,42.655204107338406,44.444969842965435,41.39888136041228,42.91444778442383,86121400,,
2026-06-01,44.0511189261117,47.830063695390216,43.27339555011156,46.862892150878906,115597800,,
2026-06-02,62.87604442026541,64.06257161473991,53.314019960179365,55.986202239990234,153197800,,
2026-06-03,54.021948905547106,55.826670226258436,52.45652914146829,54.98912048339844,56953400,,
2026-06-04,52.845389015646795,54.31110196586438,52.1673723994624,53.53337478637695,36790300,,
2026-06-05,52.750666545216184,52.8992339578337,48.398402069361154,49.05647659301758,37733400,,
2026-06-08,49.804286271419315,50.71761447495646,48.77230573279971,49.724517822265625,28878300,,
2026-06-09,49.689621793277134,50.352682786390154,45.59659724300976,48.129188537597656,28578500,,
2026-06-10,47.710412098575674,47.83006477725833,44.778989935095474,45.3572998046875,33229400,,
2026-06-11,44.868726728206646,46.663475036621094,44.60948686956963,46.663475036621094,24482800,,
2026-06-12,46.37431888661127,49.63478006614842,45.835897070755266,48.029476165771484,23521900,,
2026-06-15,49.33066959369587,49.45530494264767,47.95968075522604,48.87699890136719,30500700,,
2026-06-16,49.1349983215332,50.34000015258789,47.97999954223633,48.380001068115234,24311600,0.143,
2026-06-17,49.5,50.45000076293945,47.95199966430664,48.20000076293945,31243800,,
2026-06-18,49.17499923706055,49.599998474121094,46.93000030517578,47.40999984741211,53337800,,
2026-06-22,48.040000915527344,49.630001068115234,47.709999084472656,48.400001525878906,23278000,,
2026-06-23,46.25,49.71500015258789,45.83000183105469,48.91999816894531,20640100,,
2026-06-24,48.2400016784668,50.20000076293945,47.650001525878906,48.75,21053300,,
2026-06-25,48.099998474121094,48.15999984741211,46.099998474121094,46.720001220703125,26924600,,
2026-06-26,45.21500015258789,45.369998931884766,43.130001068115234,43.709999084472656,36793900,,
2026-06-29,43.790000915527344,44.779998779296875,42.43000030517578,44.40999984741211,17151600,,
2026-06-30,44.0,45.22999954223633,43.470001220703125,45.11000061035156,19933200,,
2026-07-01,44.43000030517578,44.5,42.84000015258789,43.95000076293945,20470800,,
2026-07-02,43.5,43.935001373291016,40.71500015258789,41.22999954223633,18968400,,
2026-07-06,41.77299880981445,43.845001220703125,41.5,43.150001525878906,16433200,,
2026-07-07,43.44499969482422,44.275001525878906,42.5,43.470001220703125,16467600,,
2026-07-08,43.310001373291016,45.220001220703125,43.290000915527344,44.66999816894531,18384700,,
2026-07-09,45.8849983215332,49.31999969482422,45.63999938964844,49.11000061035156,26431400,,
2026-07-10,49.029998779296875,51.08000183105469,48.349998474121094,48.540000915527344,19441200,,
2026-07-13,48.189998626708984,48.46099853515625,46.459999084472656,47.2400016784668,18393400,,
2026-07-14,48.86000061035156,50.04499816894531,48.599998474121094,49.560001373291016,17133500,,
2026-07-15,50.310001373291016,50.310001373291016,45.470001220703125,47.38999938964844,19917300,,
2026-07-16,47.25,47.66999816894531,44.7400016784668,45.130001068115234,27344000,,
2026-07-17,44.400001525878906,46.82500076293945,43.70000076293945,45.81999969482422,14894100,,
2026-07-20,46.119998931884766,46.22999954223633,44.470001220703125,44.560001373291016,11883400,,
2026-07-21,45.630001068115234,46.98500061035156,45.59000015258789,46.720001220703125,13224500,,
2026-07-22,47.209999084472656,49.68000030517578,47.0,48.130001068115234,14833900,,
2026-07-23,47.47999954223633,49.25,47.400001525878906,47.63999938964844,11989100,,
2026-07-24,48.0,49.209999084472656,47.340999603271484,47.689998626708984,11332900,,
2026-07-27,48.0,49.13999938964844,46.310001373291016,48.189998626708984,13744600,,
2026-07-28,46.31999969482422,46.5099983215332,43.29999923706055,45.59000015258789,20961600,,
2026-07-29,45.25,46.65999984741211,44.18000030517578,44.439998626708984,12304800,,
2026-07-30,46.290000915527344,47.244998931884766,45.459999084472656,47.13999938964844,20281900,,
2026-07-31,49.0,49.88999938964844,46.81999969482422,47.900001525878906,17247400,,
2026-08-03,47.5099983215332,50.560001373291016,46.29999923706055,50.2400016784668,17026300,,
2026-08-04,52.61000061035156,53.415000915527344,50.387001037597656,52.38999938964844,25682700,,
2026-08-05,52.0,54.630001068115234,51.70000076293945,53.220001220703125,17337900,,
2026-08-06,51.380001068115234,53.220001220703125,49.119998931884766,52.43000030517578,17447500,,
2026-08-07,53.47999954223633,53.564998626708984,50.650001525878906,53.220001220703125,14041900,,
2026-08-10,55.400001525878906,56.4630012512207,54.16999816894531,54.68000030517578,15824100,,
2026-08-11,54.599998474121094,54.91999816894531,52.61000061035156,54.380001068115234,10844900,,
2026-08-12,55.709999084472656,58.900001525878906,55.060001373291016,58.790000915527344,22395200,,
2026-08-13,61.20000076293945,63.439998626708984,59.68000030517578,59.81999969482422,26124000,,
2026-08-14,60.47999954223633,60.47999954223633,58.599998474121094,58.709999084472656,11762700,,
2026-08-17,59.2400016784668,59.2400016784668,57.09000015258789,57.61000061035156,10835200,,
2026-08-18,55.86000061035156,58.09000015258789,54.869998931884766,55.689998626708984,19363200,,
2026-08-19,55.689998626708984,55.939998626708984,51.59000015258789,53.130001068115234,17719100,,
2026-08-20,53.349998474121094,54.1349983215332,52.5099983215332,52.88999938964844,11165500,,
2026-08-21,53.29999923706055,54.099998474121094,52.75,53.45000076293945,7894600,,
2026-08-24,53.0,54.619998931884766,51.29999923706055,52.43000030517578,10481100,,
2026-08-25,53.599998474121094,54.66999816894531,53.0,53.439998626708984,11199400,,
2026-08-26,53.400001525878906,55.45000076293945,53.400001525878906,55.22999954223633,10384300,,
2026-08-27,55.75,55.78499984741211,54.084999084472656,54.40999984741211,14949500,,
2026-08-28,53.659000396728516,53.9630012512207,52.0099983215332,52.310001373291016,13921600,,
2026-08-31,53.09000015258789,53.79999923706055,52.209999084472656,52.2400016784668,30315000,,
2026-09-01,52.4900016784668,53.15999984741211,50.2400016784668,50.869998931884766,19454900,,
2026-09-02,51.9900016784668,52.47999954223633,49.79999923706055,51.83000183105469,60701300,,
2026-09-03,47.599998474121094,54.880001068115234,45.70000076293945,54.439998626708984,72139300,,
2026-09-04,53.849998474121094,54.63999938964844,51.4900016784668,52.0,30210400,,
2026-09-08,52.290000915527344,56.16999816894531,51.79999923706055,56.029998779296875,27635500,,
2026-09-09,56.939998626708984,58.91999816894531,56.54999923706055,58.900001525878906,30064600,,
2026-09-10,57.79999923706055,57.91999816894531,55.130001068115234,55.220001220703125,19803400,,
2026-09-11,56.369998931884766,62.150001525878906,56.334999084472656,62.09000015258789,38992100,,
