date,open,high,low,close,volume,div,split
2016-09-12,31.00114224682162,31.637850468099398,30.986504923233348,31.60857582092285,15932300,,
2016-09-13,31.556927935101683,31.556927935101683,31.143742927120353,31.195390701293945,12962700,0.35,
2016-09-14,31.188014006524153,31.29130955603859,30.981422907495276,31.069961547851562,9823900,,
2016-09-15,30.99618519950183,31.276560918471354,30.900269486496327,31.254426956176758,10158500,,
2016-09-16,31.114230285763174,31.180634971439343,30.96666681945409,31.09209632873535,16354000,,
2016-09-19,31.10686420433805,31.261807587340154,31.04783935992502,31.062593460083008,7659900,,
2016-09-20,31.21753011969077,31.37985050317762,31.16588234113684,31.23966407775879,8407200,,
2016-09-21,31.195402712789328,31.438887583010036,31.062593295322337,31.379859924316406,13654700,,
2016-09-22,31.51265211173989,31.734000081628125,31.497895205135055,31.69710922241211,9288300,,
2016-09-23,31.586453090563346,31.682368811546027,31.46840059085161,31.534805297851562,8852700,,
2016-09-26,31.51265099908654,31.52003085942446,30.996170544521863,31.025684356689453,15036000,,
2016-09-27,31.128985496296906,31.453631859480225,30.98879908511755,31.424118041992188,11920400,,
2016-09-28,31.453631313174665,31.54954699645604,31.0109325023208,31.09947395324707,15523800,,
2016-09-29,31.00355396842085,31.276549725869206,30.878121659587368,31.01093101501465,12671700,,
2016-09-30,31.14374342059569,31.35771438247244,31.03307082329549,31.224905014038086,14375700,,
2016-10-03,31.21752490934173,31.21752490934173,30.90763547514729,31.01093101501465,11152800,,
2016-10-04,31.239664747449993,31.239664747449993,30.82647969556818,30.870750427246094,13682700,,
2016-10-05,30.93714090300461,31.040436414866406,30.745303968468473,30.848602294921875,9607300,,
2016-10-06,30.75270353134216,30.94453777419758,30.678921779765474,30.774837493896484,9722900,,
2016-10-07,30.863373481263025,30.94453226771807,30.671536457950975,30.789588928222656,8122800,,
2016-10-10,30.929775357109996,30.98142595153471,30.693670416566633,30.789588928222656,8983600,,
2016-10-11,30.7379508321002,30.767464662614408,30.54611656294543,30.649412155151367,12249100,,
2016-10-12,30.71580065196926,30.870743958485257,30.619882160729322,30.826473236083984,12216300,,
2016-10-13,30.730557311186995,30.907634570176995,30.627258959751828,30.811716079711914,17655600,,
2016-10-14,30.878124921213615,30.922395649229774,30.70842468570735,30.745315551757812,9893800,,
2016-10-17,30.789588784033985,30.88550729524082,30.671536314315144,30.69367027282715,10792500,,
2016-10-18,30.8486204123656,30.988806858710962,30.78959276258234,30.966672897338867,11297300,,
2016-10-19,30.937145734778724,31.07733212068672,30.848607112867995,31.025684356689453,16367400,,
2016-10-20,30.966662863179803,31.069958402236296,30.907635232523326,30.937149047851562,10620500,,
2016-10-21,30.878126683631194,31.114231617341424,30.752697168981996,31.084720611572266,14401500,,
2016-10-24,31.224903175425368,31.556926576960752,31.173255403474585,31.4019832611084,13439200,,
2016-10-25,31.46101165500675,31.63809176081224,31.306068321547443,31.387229919433594,16484700,,
2016-10-26,31.726619495890077,31.748753446031778,31.291300650688378,31.313434600830078,16886200,,
2016-10-27,31.45363911773409,31.468396029883422,30.915024489952952,31.07734489440918,14537000,,
2016-10-28,31.180636536874417,31.33558268762641,31.06258406914466,31.15850257873535,13398400,,
2016-10-31,31.077335928931802,31.291306871478966,31.077335928931802,31.2839298248291,13327500,,
2016-11-01,31.283938849906598,31.306072810833992,30.922401538731016,31.07734489440918,12223400,,
2016-11-02,31.062575214602923,31.239655273016428,30.996170544521863,31.025684356689453,12034300,,
2016-11-03,31.15112023162809,31.15112023162809,30.959283245080968,31.01093101501465,11258000,,
2016-11-04,30.878127083863788,31.018316325103893,30.760074615478516,30.760074615478516,14464200,,
2016-11-07,31.018312748291592,31.357713203937887,31.018312748291592,31.32819938659668,14038500,,
2016-11-08,31.26180352230816,31.711879512632247,31.26180352230816,31.638097763061523,12036600,,
2016-11-09,30.811718940948563,31.224903941281543,30.767451029386397,31.188013076782227,21351000,,
2016-11-10,30.885505040970003,31.180634786429728,30.140296593404365,30.206701278686523,33245500,,
2016-11-11,30.214082702380853,30.346892079809653,29.977977767972504,30.273107528686523,13421000,,
2016-11-14,30.346887085548133,30.560855212109864,30.140293190995866,30.37639808654785,19514200,,
2016-11-15,30.383788320936624,30.634650209930303,30.37640845722289,30.57562255859375,16554000,,
2016-11-16,30.54610843791691,30.730565607675846,30.36902831652739,30.44281005859375,12681400,,
2016-11-17,30.45756816673595,30.472325078647692,30.250977029157852,30.339515686035156,12398800,,
2016-11-18,30.273107050507775,30.398539378139414,30.177191357451992,30.184568405151367,16345300,,
2016-11-21,30.184564812253118,30.516588211059574,30.051755452730536,30.51658821105957,12307000,,
2016-11-22,30.582997291702625,30.76745444929481,30.428053954827476,30.523969650268555,12743500,,
2016-11-23,30.413300245593874,30.479704941900142,30.273110989728888,30.339515686035156,9281300,,
2016-11-25,30.538714218935745,30.67890340339021,30.428041657862543,30.642009735107422,7402300,,
2016-11-28,30.627265970477964,30.833859906046342,30.45018867095413,30.804346084594727,19424400,,
2016-11-29,30.893633743670488,30.893633743670488,30.610887749182897,30.618330001831055,11421900,0.35,
2016-11-30,30.506719350773484,30.65553318357676,30.023075103759766,30.023075103759766,22410400,,
2016-12-01,29.993312746131153,30.052836572524967,29.673364018900035,29.889141082763672,20409900,,
2016-12-02,29.985872576438222,30.127246995919116,29.904024825873027,30.030517578125,11176300,,
2016-12-05,30.015628982173443,30.276051002595068,29.993307905676488,30.223966598510742,15977800,,
2016-12-06,30.32069206714093,30.335573729007287,30.07514890392616,30.18675994873047,11303500,,
2016-12-07,30.16445383804369,30.722503662109375,30.142129914977097,30.722503662109375,13726500,,
2016-12-08,30.5588026281992,30.662971455764936,30.395107134374374,30.491836547851562,13077100,,
2016-12-09,30.878747009095694,31.414475576332606,30.722493789780685,31.25078010559082,28125800,,
2016-12-12,31.250783742725904,31.258223156631246,31.042446092725097,31.17637825012207,17561900,,
2016-12-13,31.042442192225568,31.221016487391847,30.908510051657238,31.072202682495117,18986000,,
2016-12-14,31.168932929264088,31.24334125293006,30.551359453966793,30.662967681884766,17937900,,
2016-12-15,30.581124182915072,31.10941341979708,30.581124182915072,30.91595458984375,14265300,,
2016-12-16,30.960601663750165,31.072209914609303,30.863872242295255,31.057331085205078,19675200,,
2016-12-19,31.020121152402407,31.10196889460304,30.938276248589283,31.005239486694336,8687300,,
2016-12-20,31.027577523426633,31.04245919590655,30.834118619576515,30.997814178466797,10603500,,
2016-12-21,30.953160621941947,31.124298389054616,30.893636786831994,30.93083953857422,9693600,,
2016-12-22,30.930836256639214,30.96803900443402,30.566245354507323,30.91595458984375,11894100,,
2016-12-23,30.96804100002984,31.020125417976455,30.76714274292665,30.95315933227539,6436600,,
2016-12-27,30.92339524606908,31.072206229566195,30.908513580041856,30.96059799194336,6999200,,
2016-12-28,30.871304295210404,31.00523358431227,30.79689598083496,30.79689598083496,8988000,,
2016-12-29,30.789466663752272,31.020125417976455,30.789466663752272,30.95315933227539,6875300,,
2016-12-30,31.020118648898407,31.13172971350752,30.767136029053393,30.848983764648438,11470200,,
2017-01-03,30.878753244660178,31.109414832885697,30.715057740862207,31.101972579956055,14711000,,
2017-01-04,31.161483648577615,31.228449699478038,30.94570383585555,30.99034881591797,9959400,,
2017-01-05,30.99780175739305,31.146615584172494,30.901072344228258,31.064767837524414,8968300,,
2017-01-06,31.02756774962081,31.10941550328359,30.908517245671653,31.057331085205078,10246600,,
2017-01-09,30.677849753422294,30.938274632125584,30.662968088491763,30.744815826416016,14822500,,
2017-01-10,30.83410089863526,30.83410089863526,30.40254399829679,30.536476135253906,19706800,,
2017-01-11,30.39510669187419,30.59600492999238,30.3802278639137,30.543920516967773,9266200,,
2017-01-12,30.51416273762894,30.536486660407732,30.357909470118148,30.469520568847656,8541200,,
2017-01-13,30.50671038638086,30.536473711873125,30.27604887139624,30.417423248291016,8123500,,
2017-01-17,30.387681208925564,30.729951176680864,30.357917862584515,30.670427322387695,12469400,,
2017-01-18,30.69274032361271,30.789469754532785,30.610892561940965,30.722503662109375,10390500,,
2017-01-19,30.610889434814453,30.722500523580972,30.529041681504054,30.610889434814453,10987100,,
2017-01-20,30.707613083283363,30.834102977611852,30.60344426715699,30.744815826416016,14695400,,
2017-01-23,30.737382524046136,30.878754111411258,30.66297418460034,30.826669692993164,11628900,,
2017-01-24,30.856429522827916,31.228462662622274,30.856429522827916,31.17637825012207,17040100,,
2017-01-25,31.206142366242027,31.43680396150706,31.17638186877874,31.34007453918457,12538200,,
2017-01-26,31.27309429920304,31.332620943965033,31.094520041690362,31.10940170288086,8976800,,
2017-01-27,31.183822595904466,31.21358593300826,30.819228812353128,30.841552734375,12967400,,
2017-01-30,30.729940186516995,30.863872358763697,30.662974100393644,30.789466857910156,11626200,,
2017-01-31,30.796907361591796,31.02012671043316,30.774586278224064,30.93083953857422,12678000,,
2017-02-01,30.8936350787982,30.997803913272396,30.69273682443174,30.700176239013672,11136100,,
2017-02-02,30.81178359092609,30.87131025391614,30.69273310333351,30.804344177246094,9459700,,
2017-02-03,30.938286901234545,31.094540187389025,30.848996876241852,30.908523559570312,11882400,,
2017-02-06,30.90108076854862,31.005249624176674,30.804354167401673,30.923404693603516,15742800,,
2017-02-07,31.02756442652681,31.235902076527616,31.005240508035577,31.17637825012207,13315200,,
2017-02-08,31.18381350564171,31.362390637820145,31.131729100087004,31.265661239624023,14219700,,
2017-02-09,31.265672907338367,31.265672907338367,30.298387079567394,30.69274139404297,27240300,,
2017-02-10,30.521598183544764,30.655530336791507,30.17188613469077,30.194210052490234,28847300,,
2017-02-13,30.335577657769807,30.38022264915086,30.134679454135778,30.223966598510742,23617100,,
2017-02-14,30.045395171208753,30.209087811754674,29.926344687908347,30.15700340270996,32177800,,
2017-02-15,30.075154727463975,30.231410788123668,30.060275901103363,30.090036392211914,26600800,,
2017-02-16,30.171892349883347,30.715060488433853,30.134689597070757,30.655536651611328,22214800,,
2017-02-17,30.6034395264813,30.774574389091466,30.54391287598024,30.677845001220703,15065100,,
2017-02-21,30.655527802831557,30.878747093662504,30.655527802831557,30.848983764648438,17072600,,
2017-02-22,30.88619324657433,31.01268600329318,30.80434833150672,30.95315933227539,11186800,,
2017-02-23,31.005253595512357,31.250796933847784,30.968050833506965,30.997814178466797,12856800,,
2017-02-24,31.02755809492081,31.18381130053577,30.95314977911343,31.087081909179688,13215300,,
2017-02-27,31.06476614952662,31.06476614952662,30.94571566224956,31.005239486694336,12186400,,
2017-02-28,31.012682099312826,31.30286748802529,30.98291876755064,31.221019744873047,15946800,,
2017-03-01,31.2582067151774,31.511189230707203,31.161480193346968,31.36981773376465,14662000,,
2017-03-02,31.310307113052676,31.66745854906932,31.302864861542805,31.600492477416992,15507600,,
2017-03-03,31.60048981724002,31.6153714806197,31.43679435845062,31.607929229736328,11740000,,
2017-03-06,31.503774183976656,31.570740279239626,31.340078653691993,31.384723663330078,16307800,,
2017-03-07,31.25079039815572,31.42936759217885,31.213587643930794,31.243350982666016,11273700,,
2017-03-08,31.25079039815572,31.273111483013032,31.057334373153186,31.243350982666016,14636000,,
2017-03-09,31.31774298078655,31.33262464373428,31.191250264924328,31.27309799194336,14496400,,
2017-03-10,31.421917274472605,31.54841001244128,31.362393450666005,31.466562271118164,16369700,,
2017-03-13,31.46656313613832,31.61669044790362,31.40651392949638,31.54913330078125,12831500,0.37,
2017-03-14,31.5116020618732,31.60167730319373,31.399008726082617,31.50409698486328,9844500,,
2017-03-15,31.511597623331028,31.736787126633597,31.504092547378228,31.61668586730957,22757800,,
2017-03-16,31.549129329562554,31.819357884037256,31.4515490231222,31.714269638061523,16004200,,
2017-03-17,31.7367917246278,31.78933585422961,31.534120283260688,31.54913330078125,37526500,,
2017-03-20,31.601683453140794,31.78183683428147,31.57916535428853,31.66173553466797,11484200,,
2017-03-21,31.759310493890627,31.99951303078509,31.684245411461042,31.90192985534668,17187300,,
2017-03-22,31.946971519502313,32.05205978006457,31.714274040085648,31.811857223510742,11605500,,
2017-03-23,31.684248524325103,31.81936282253275,31.571655184778994,31.65422248840332,11503300,,
2017-03-24,31.699256019989818,31.71426903533531,31.45905350134176,31.61668586730957,13804400,,
2017-03-27,31.60918470739872,31.78183011010095,31.564145655782394,31.766817092895508,12387400,,
2017-03-28,31.706763053963023,31.94696556575185,31.706763053963023,31.849382400512695,14123800,,
2017-03-29,31.909434124399613,31.924447140505627,31.744296674113553,31.841876983642578,9580100,,
2017-03-30,31.789318075756437,31.991989403777715,31.721760966416014,31.97697639465332,11999900,,
2017-03-31,31.939463705466288,32.014528794336975,31.849388462261818,31.85689353942871,11551800,,
2017-04-03,31.96198651557141,31.99951763046095,31.729289021751445,31.83437728881836,11240000,,
2017-04-04,31.909427716197946,32.04454197057774,31.80433948800021,32.03703689575195,10946200,,
2017-04-05,32.014529382380246,32.17216177674355,31.92445127408087,31.954477310180664,10142800,,
2017-04-06,31.961982919790856,32.097094345504814,31.87941275825885,32.029537200927734,14597800,,
2017-04-07,32.007017069940126,32.08208214993681,31.909433897664453,31.984498977661133,11028800,,
2017-04-10,32.07457024826046,32.12711436604771,31.94696392318848,32.0445442199707,9426900,,
2017-04-11,32.03704289261023,32.08958701654458,31.91694162884029,32.022029876708984,8909400,,
2017-04-12,31.931956506740168,32.269742225614884,31.90943554985508,32.232208251953125,13417200,,
2017-04-13,32.17965902691695,32.33729424637869,32.112101893844695,32.11960983276367,9891900,,
2017-04-17,32.119607931058425,32.32978439331055,32.11209999258397,32.32978439331055,11318100,,
2017-04-18,32.35982049094388,32.72012433697939,32.34480747276235,32.63755416870117,13181600,,
2017-04-19,32.832714875682754,32.870245982939636,32.41986410553727,32.44989013671875,13893100,,
2017-04-20,32.42737683737441,32.50243906298134,32.31478063552366,32.34480667114258,10838300,,
2017-04-21,32.26222726423814,32.352302481854835,32.194670135165744,32.32978439331055,13833800,,
2017-04-24,32.45740358497536,32.600022962133146,32.38984643507106,32.4874267578125,16703800,,
2017-04-25,32.164643566592,32.60001236071487,32.14212547842685,32.35980987548828,18745100,,
2017-04-26,32.322279387804784,32.60001297972675,32.262227333638116,32.457393646240234,13626600,,
2017-04-27,32.40485698994008,32.487427159002834,32.21719855604854,32.28475570678711,10386200,,
2017-04-28,32.247224559544975,32.427377915809444,32.16465439056711,32.38984680175781,10337800,,
2017-05-01,32.38984250181244,32.65256312873659,32.35230852930321,32.442386627197266,13208200,,
2017-05-02,32.4424047242115,32.607542268920774,32.397365650140785,32.570011138916016,11823900,,
2017-05-03,32.5249601806519,32.645061460275194,32.389845883145654,32.517452239990234,10389000,,
2017-05-04,32.59252117232272,32.88527078611709,32.57751101479159,32.772674560546875,10193100,,
2017-05-05,32.8702425297846,32.90777363309868,32.69759716378812,32.7951774597168,8133000,,
2017-05-08,32.72011917498695,32.96032170111578,32.682588067174315,32.945308685302734,14284300,,
2017-05-09,32.94530624974648,32.94530624974648,32.562484396854614,32.660064697265625,8694400,,
2017-05-10,32.63753627073974,32.74262447694117,32.54746107448693,32.70509338378906,7597700,,
2017-05-11,32.64505901672133,32.78767838077351,32.60001996644373,32.78017044067383,6860100,,
2017-05-12,32.75764294633092,32.78766897123233,32.62252869771392,32.72011184692383,7275800,,
2017-05-15,32.6225391335298,32.8477286654489,32.6225391335298,32.82521057128906,8493000,,
2017-05-16,32.93030385206304,33.110457223144444,32.85524161778619,32.91529083251953,10454100,,
2017-05-17,32.91528591297912,33.15548846289304,32.81019765532182,32.975337982177734,14538800,,
2017-05-18,32.93030216010526,32.99785931285962,32.75765673938647,32.87775802612305,13832200,,
2017-05-19,32.915282038969835,33.027878223744935,32.84772490079276,32.952816009521484,11796800,,
2017-05-22,32.945306152673325,33.19301659938624,32.88525695747732,33.16299057006836,12857900,,
2017-05-23,33.21554846650715,33.47826917340823,33.185522424735325,33.32063674926758,11996100,,
2017-05-24,33.41069939994524,33.84606825097957,33.41069939994524,33.801029205322266,12738300,,
2017-05-25,33.778517298320665,34.13882113922324,33.75599920308938,34.08627700805664,16704200,,
2017-05-26,34.041236325120714,34.19887157451732,34.026226171311755,34.07126235961914,11341400,,
2017-05-30,33.89861640737545,34.12380593558586,33.86108529658041,34.101287841796875,13093500,,
2017-05-31,34.101287290447964,34.3039587215926,34.05624824015799,34.13131332397461,14148000,,
2017-06-01,34.116294040783345,34.37150955200195,33.95115375015965,34.37150955200195,11049300,,
2017-06-02,34.401535172054096,34.446571350097656,34.236394883388755,34.446571350097656,9923700,,
2017-06-05,34.36401693605014,34.52165222167969,34.296459774620594,34.52165222167969,10015200,,
2017-06-06,34.454095677026885,34.57419698133596,34.36401755121435,34.51414489746094,9836700,,
2017-06-07,34.153833728982804,34.303961043336734,34.04123752735727,34.161338806152344,12776300,,
2017-06-08,34.16133352147758,34.16133352147758,33.80102974083048,33.876094818115234,12879000,,
2017-06-09,33.823562804945695,34.04124444840415,33.75600564292316,34.01872634887695,9358800,,
2017-06-12,34.01871428952905,34.138815550167465,33.928639059910225,34.026222229003906,11228500,,
2017-06-13,34.05650114906852,34.13975083602043,33.90513834433825,34.07920455932617,10023400,0.37,
2017-06-14,34.192714694633686,34.41219053568793,34.17757813107778,34.283531188964844,11497500,,
2017-06-15,34.19272048357174,34.31381012551559,34.08676740774648,34.245697021484375,9908700,,
2017-06-16,34.291107177734375,34.32137742337095,34.064061569928704,34.291107177734375,27025300,,
2017-06-19,34.32138321124404,34.34408950805664,34.13218043083585,34.34408950805664,7624700,,
2017-06-20,34.32137405901694,34.714916083763676,34.298670655263805,34.51814651489258,14920900,,
2017-06-21,34.52572228680383,34.571131993063695,34.18515670736804,34.222999572753906,9515800,,
2017-06-22,34.18515413319128,34.26840381156295,34.07920104690192,34.109474182128906,7446300,,
2017-06-23,34.09433424730337,34.34408325775274,34.079197681184795,34.245697021484375,9544800,,
2017-06-26,34.29868542068941,34.44247851803576,34.28354884933625,34.381935119628906,7747100,,
2017-06-27,34.313809523040334,34.359219220598774,34.05649367755198,34.09433364868164,11432200,,
2017-06-28,34.24569899614204,34.4349017530268,34.230562429150666,34.298675537109375,9218800,,
2017-06-29,34.15488392699501,34.23813360546911,33.791614964839475,33.92784118652344,9283500,,
2017-06-30,33.97325486134684,34.14732109375115,33.9429817199707,33.9429817199707,9352800,,
2017-07-03,34.139755970157346,34.26084565475066,33.87487030029297,33.87487030029297,6434500,,
2017-07-05,33.89756179399917,34.048924555374704,33.85215209948514,33.920265197753906,6853600,,
2017-07-06,33.844592492639286,33.94297585460254,33.51916349659428,33.602413177490234,13113000,,
2017-07-07,33.65538727129855,33.693227245221436,33.481321081649305,33.59484100341797,9566000,,
2017-07-10,33.640245361825386,33.738631588003855,33.473746038600964,33.5872688293457,9672000,,
2017-07-11,33.54185730709799,33.66294693002236,33.41320084580525,33.5494270324707,10300700,,
2017-07-12,33.74619994751694,33.8824261477477,33.63267715165644,33.68565368652344,7737400,,
2017-07-13,33.67052032238945,33.70079056616397,33.57970093005195,33.6251106262207,6371900,,
2017-07-14,33.69322995211124,33.84459274696812,33.67809338392503,33.8143196105957,8558700,,
2017-07-17,33.79918866820102,33.89757493428492,33.761348684939726,33.85216522216797,7189200,,
2017-07-18,33.89000476020253,33.9429813134735,33.76891508315379,33.80675506591797,9037200,,
2017-07-19,33.80674864546651,33.93540802683695,33.7159321266789,33.92784118652344,6986900,,
2017-07-20,33.980811457105936,34.041354829453425,33.86728866432315,33.920265197753906,7430300,,
2017-07-21,33.890001775164684,34.109477697673306,33.80675208821277,34.07920455932617,8545600,,
2017-07-24,34.08677234199001,34.09433918264225,33.9278427052462,33.93540954589844,9103600,,
2017-07-25,34.07162932920064,34.27596863222372,34.01108306741395,34.238128662109375,14096300,,
2017-07-26,33.715928280916245,34.65437515802916,33.53429526405875,34.61653518676758,13608900,,
2017-07-27,34.66194969406526,35.13874152144476,34.58626973473758,34.90412902832031,15195200,,
2017-07-28,34.81331404842535,34.9041305810597,34.60897468474393,34.82088088989258,11945300,,
2017-07-31,34.81331226151381,34.873858538165976,34.65438261580992,34.692222595214844,13622900,,
2017-08-01,34.79060873114959,34.858721848645416,34.54842939938784,34.58626937866211,10306800,,
2017-08-02,34.51058426609275,34.81330985441144,34.34408779082212,34.50301742553711,10187900,,
2017-08-03,34.54842299184394,34.77546571238629,34.533286425540474,34.56355667114258,14261400,,
2017-08-04,34.56355868171834,34.6316717905437,34.412198783888655,34.43490219116211,9523600,,
2017-08-07,34.450042695933114,34.63167574889111,34.43490612701906,34.54085922241211,6226300,,
2017-08-08,34.540855104433774,34.67708132141397,34.47274199594367,34.510581970214844,5747900,,
2017-08-09,34.480314016865016,34.5559939704421,34.30624781403358,34.50301742553711,9635300,,
2017-08-10,34.48030898062208,34.692215129290744,34.40462615109416,34.61653518676758,8901600,,
2017-08-11,34.70735676460145,34.73762990083436,34.487880857420656,34.50301742553711,8357600,,
2017-08-14,34.56355909863751,34.7678984275784,34.525719123723654,34.66194534301758,8421200,,
2017-08-15,34.661947861665915,35.00251343464731,34.661947861665915,34.95710372924805,9638100,,
2017-08-16,34.92682830187163,35.07062135047933,34.90412200903529,34.96466827392578,8087300,,
2017-08-17,34.90412510359743,35.06305761952335,34.69978577198273,34.70735549926758,8477000,,
2017-08-18,34.6619429086127,34.73762574013004,34.533286425540474,34.56355667114258,10879800,,
2017-08-21,34.563559118024806,34.66194536246006,34.48031232796963,34.571128845214844,9429700,,
2017-08-22,34.58626480576217,34.624104780033335,34.46517515589143,34.510581970214844,10536700,,
2017-08-23,34.53328491585034,34.5559883208106,34.38948898575613,34.465171813964844,6528400,,
2017-08-24,34.46516554265913,34.518142069263234,34.291099399959336,34.36677932739258,7534400,,
2017-08-25,34.51058411536004,34.631673772757594,34.48031386626452,34.48788070678711,8807100,,
2017-08-28,34.53328782528816,34.578694639034225,34.34408506933305,34.37435531616211,8024000,,
2017-08-29,34.35922423233526,34.48788073034328,34.245701415382754,34.397064208984375,7762200,,
2017-08-30,34.32895064444472,34.46517686819292,34.275974100432094,34.351654052734375,7134900,,
2017-08-31,34.3592278607989,34.54843065103016,34.31381815182143,34.472747802734375,14264600,,
2017-09-01,34.54085173713813,34.66194137520416,34.46517179597362,34.64680480957031,7391200,,
2017-09-05,34.62409774763384,34.76032393694554,34.548417814462624,34.75275421142578,9916700,,
2017-09-06,34.79817184581018,34.84358154827978,34.65437878516402,34.78303527832031,9238900,,
2017-09-07,34.820872022583124,35.055484466399264,34.78303205087208,35.025211334228516,9418400,,
2017-09-08,34.95709457701442,35.09332077054115,34.828438109241674,35.04034423828125,10534900,,
2017-09-11,35.078188773003355,35.25982468368837,34.97980542142863,35.20684814453125,10430300,,
2017-09-12,35.1917273572575,35.38093019251157,35.15388736760791,35.35822677612305,8567600,,
2017-09-13,35.32793623389819,35.55497894700456,35.30523282868898,35.47172927856445,10218000,,
2017-09-14,35.39546628238667,35.448864380586,35.044560752819216,35.17424392700195,13768800,0.37,
2017-09-15,35.31915829295819,35.3649293088541,35.090309033431055,35.22761917114258,16141400,,
2017-09-18,35.204757957395316,35.27341307079133,35.02167668501325,35.17424392700195,8535300,,
2017-09-19,35.19710730856274,35.23524836914891,35.00639909565551,35.07505416870117,7297900,,
2017-09-20,34.907232159090775,35.20473943392122,34.74703794878125,34.922489166259766,11026600,,
2017-09-21,34.86909046765772,34.93011849523368,34.60210012195421,34.63261413574219,7555300,,
2017-09-22,34.67076466440399,34.80807485396419,34.609736620165094,34.70127868652344,8024800,,
2017-09-25,34.708898848235236,34.90723413269254,34.594472742986625,34.85383605957031,9215300,,
2017-09-26,34.8538377265754,34.991147895450375,34.754671534592156,34.762298583984375,6480100,,
2017-09-27,34.68602073634235,34.7089047973237,33.85453257095243,34.0528678894043,14816200,,
2017-09-28,34.07574602353382,34.327482290452636,34.06049192551758,34.258827209472656,8789500,,
2017-09-29,34.220686514474075,34.41139475148298,34.16728844090972,34.33510971069336,10082200,,
2017-10-02,34.365623549745905,34.53344772864064,34.13677424851101,34.1749153137207,10707800,,
2017-10-03,34.220686380094214,34.525817812124195,34.14440133960416,34.47241973876953,12038100,,
2017-10-04,34.41140362024205,34.754679117324905,34.28172047246519,34.70890808105469,14060300,,
2017-10-05,34.71651783939764,34.89959898330609,34.70889079214049,34.72414779663086,10215300,,
2017-10-06,34.62499363122482,34.724162748124364,34.541081525384996,34.70127868652344,5437900,,
2017-10-09,34.7470358493298,34.823320880565525,34.58684164869936,34.64023971557617,5268300,,
2017-10-10,34.78518084497514,35.01403305459445,34.731782772057755,34.991146087646484,6310400,,
2017-10-11,34.998781793074,35.166603088378906,34.99115183284634,35.166603088378906,6638200,,
2017-10-12,35.07507478321258,35.19712799480792,35.044560752819216,35.17424392700195,7710200,,
2017-10-13,35.2810172346997,35.38018631415274,35.20473511818273,35.22761917114258,7126000,,
2017-10-16,35.18185032805704,35.66243583972805,35.16659332181614,35.56326675415039,12708600,,
2017-10-17,35.49461130098027,35.57089633136792,35.32679005408016,35.48698425292969,7699400,,
2017-10-18,35.40307001023081,35.50223908868417,35.27338983146396,35.395442962646484,6272200,,
2017-10-19,35.37256582143359,35.69295719848221,35.33442475296939,35.54039001464844,7515500,,
2017-10-20,35.53275513851062,35.54038218653273,35.30390295817839,35.38018798828125,9646800,,
2017-10-23,35.38019027150378,35.58615550110872,35.2657641739533,35.33441925048828,7153600,,
2017-10-24,35.28864428236091,35.311531245296976,35.05216797517257,35.22761917114258,9539500,,
2017-10-25,35.3725624224092,35.67006680180989,35.036916978209376,35.128456115722656,11994200,,
2017-10-26,35.33441357992132,35.66243190294974,35.258131467114,35.2657585144043,10569100,,
2017-10-27,35.189493570180936,35.342060780207596,35.02166934815386,35.14372253417969,9988000,,
2017-10-30,35.09031665813226,35.14371473329214,34.9530064905849,34.9835205078125,7201900,,
2017-10-31,35.029283150011935,35.21999136291917,34.96825803506935,35.07505416870117,6560500,,
2017-11-01,34.89960689044281,35.15897020559052,34.80806775273677,34.937747955322266,7067600,,
2017-11-02,34.94538883675294,35.05218501578613,34.89961779860544,34.99878692626953,8317800,,
2017-11-03,35.06743621826172,35.21237345008137,35.02929223780331,35.06743621826172,4730400,,
2017-11-06,35.021669245248624,35.029296296237675,34.6478797272805,34.6860237121582,7451300,,
2017-11-07,34.64024746360556,35.05217799448634,34.5639653252841,35.04454803466797,9868000,,
2017-11-08,35.07505202813242,35.23524621880379,34.99113995397802,35.22761917114258,7586900,,
2017-11-09,35.181846444330596,35.38781164088166,35.105564331523276,35.2657585144043,6532400,,
2017-11-10,35.24287974560122,35.5785251662345,35.19710872506993,35.50224304199219,8022900,,
2017-11-13,35.548033858717204,35.71585813121921,35.5022657189282,35.63957595825195,7653600,,
2017-11-14,35.631926938978495,36.21930866862481,35.563271856033424,36.18116760253906,17200700,,
2017-11-15,36.097257356073655,36.20405351056276,35.685326837349706,35.708213806152344,12419100,,
2017-11-16,35.81501446855907,35.837898530265086,35.479366043658395,35.50988006591797,12506400,,
2017-11-17,35.34968044125674,35.38019445887851,34.51819237591302,34.86909484863281,19720700,,
2017-11-20,34.82332298666074,34.99877420414951,34.64786885919539,34.678382873535156,19160900,,
2017-11-21,34.754667907354026,35.05217227220789,34.739410900185035,34.922489166259766,10280800,,
2017-11-22,35.00641042107026,35.036924443401766,34.73942000061287,34.96826934814453,8434400,,
2017-11-24,35.00641397763864,35.128467169387655,34.9835299135537,34.99878692626953,2996300,,
2017-11-27,34.99878107577207,35.08269317669335,34.94538299518165,35.0140380859375,5649200,,
2017-11-28,35.08268164073399,35.204734771946484,34.92248454166192,34.960628509521484,8432800,,
2017-11-29,34.9148733793044,34.95301445454083,34.487685770714904,34.70890808105469,16502100,,
2017-11-30,34.71658146685759,35.254942872308185,34.63198144022246,35.201107025146484,17147600,0.37,
2017-12-01,35.22418836065219,35.39338846036201,34.77042685729495,35.35493469238281,12468800,,
2017-12-04,35.37032563175061,35.67026920436648,35.201125489727225,35.55490493774414,17523600,,
2017-12-05,35.57028283103323,35.71640834215856,35.4241573199079,35.577972412109375,13670800,,
2017-12-06,35.65488024567929,35.74716988091724,35.57796977145215,35.724098205566406,8154000,,
2017-12-07,35.601033418024784,35.62410508627117,35.16265411834121,35.208797454833984,9106500,,
2017-12-08,35.14728314755603,35.17035482310146,34.64737532928448,34.84733963012695,13238600,,
2017-12-11,34.847338395071965,34.9242459333874,34.547391954438915,34.86272048950195,9698700,,
2017-12-12,34.80118314572615,35.008836966280036,34.65505768704028,34.831947326660156,13999300,,
2017-12-13,34.95501187710694,35.416462997834984,34.91655810601871,35.30110168457031,12418700,,
2017-12-14,35.23188390477736,35.508752818341264,35.22419139021924,35.40108108520508,9029000,,
2017-12-15,35.60104989042704,35.70102912164368,35.40877807585421,35.524139404296875,21181600,,
2017-12-18,35.53182301871484,35.67025892523437,35.308787065562896,35.32416915893555,10156800,,
2017-12-19,35.408775046796265,35.67026480959948,35.30879289029759,35.47799301147461,8253200,,
2017-12-20,35.53951243936569,35.60873039231555,35.34724067381989,35.43953323364258,7311000,,
2017-12-21,35.48568516806667,35.54721355617307,35.03961608963534,35.070377349853516,9657100,,
2017-12-22,35.139579177345624,35.17034335726656,35.03190748145602,35.06267166137695,5406300,,
2017-12-26,35.147272528707404,35.27032631749652,35.07805458914892,35.23187255859375,6100400,,
2017-12-27,35.30109748579373,35.33185873870471,35.1626615792742,35.32416915893555,5660600,,
2017-12-28,35.30879182679384,35.37032020858127,35.101137939013356,35.16266632080078,6538900,,
2017-12-29,35.14729249682371,35.516454072921604,35.13959998037258,35.285728454589844,8371500,,
2018-01-02,35.308780855701016,35.33185252478514,35.001144910021516,35.02421951293945,10872200,,
2018-01-03,34.9857795542145,35.1395946538967,34.87041529561788,34.947322845458984,12635600,,
2018-01-04,35.03960760924719,35.547204952934734,34.95500756299355,35.43953323364258,12709400,,
2018-01-05,35.39339284590839,35.53182877485447,35.21650314421834,35.431846618652344,13113100,,
2018-01-08,35.33955221388454,35.45491351656686,35.28571635253257,35.37800598144531,7068600,,
2018-01-09,35.37801521373568,35.654887106561155,35.331868920319714,35.55490493774414,9962400,,
2018-01-10,35.554900451733886,35.5779721286133,35.32417488143534,35.431846618652344,10700700,,
2018-01-11,35.55490467159107,35.55490467159107,35.27034319891066,35.40877914428711,7583200,,
2018-01-12,35.593345439145025,35.67794547860119,35.40107368904794,35.49336624145508,14570100,,
2018-01-16,35.49336687536254,35.854835776993674,35.48567436227419,35.78561782836914,16459300,,
2018-01-17,35.82408009366431,36.147095281556766,35.801005484647284,36.00865936279297,12143100,,
2018-01-18,35.954812194109174,36.20091976479531,35.847140498663194,36.05479431152344,11952900,,
2018-01-19,36.13939822413242,36.33935954662371,36.047105674828146,36.2701416015625,16187400,,
2018-01-22,36.254767920578935,36.531639765053946,36.21631414969844,36.43935012817383,9577400,,
2018-01-23,36.30859714744556,36.685451074368736,36.24707171205381,36.49317932128906,11463700,,
2018-01-24,36.55470247186169,36.87772052243933,36.5162487104161,36.785430908203125,15964500,,
2018-01-25,36.68545343335312,36.91617896511825,36.68545343335312,36.79312515258789,11755000,,
2018-01-26,36.746983760251204,37.39301709542012,36.71622250340294,37.32379913330078,16671200,,
2018-01-29,37.077688453078764,37.26996022842205,36.5931656915745,36.685455322265625,11662600,,
2018-01-30,36.70851754752788,37.03922515069934,36.454720394997295,36.46240997314453,12404800,,
2018-01-31,36.49317744483657,36.83926716935113,36.43164907877444,36.60084915161133,10960100,,
2018-02-01,36.46241513667612,36.70852274591138,36.23168961974734,36.49317932128906,10279400,,
2018-02-02,36.416267155360416,36.46241343012003,35.862526527414964,35.93943405151367,12912300,,
2018-02-05,35.87791360443327,36.085564535120795,34.155157247196406,34.52431869506836,23261500,,
2018-02-06,33.7398524787733,34.408960412224175,33.40914476927496,34.35512161254883,25184300,,
2018-02-07,34.285897532906894,34.993456116472224,34.05516910155536,34.27051544189453,18041600,,
2018-02-08,34.31666437536919,34.31666437536919,33.12457999900055,33.14765167236328,23295300,,
2018-02-09,33.34763179365847,33.42453936395315,32.44779796526484,33.17074203491211,22853100,,
2018-02-12,33.501435420485464,34.01672237367936,33.355306992573865,33.8167610168457,14689000,,
2018-02-13,33.778311811822114,34.15516586859825,33.60142209009785,33.985965728759766,13163200,,
2018-02-14,33.855207358647114,33.98595072985076,33.555263922277504,33.91673278808594,13457900,,
2018-02-15,34.03209738160808,34.478169218805014,33.93211525709258,34.43971252441406,13467300,,
2018-02-16,35.04729786980934,35.10113373050123,34.393575027788145,34.593536376953125,17202300,,
2018-02-20,34.41664676503018,34.47817513955454,33.7936851752258,33.8321418762207,14137300,,
2018-02-21,33.92443081954619,34.039792118699694,33.324543849211906,33.33223342895508,12792900,,
2018-02-22,33.40144322720343,33.70138663914105,33.23993568751911,33.47066116333008,12377800,,
2018-02-23,33.51681846440655,33.88597993398384,33.393761707379554,33.87059783935547,8277200,,
2018-02-26,34.016736927661086,34.13979080001499,33.693721612920484,33.862918853759766,12713300,,
2018-02-27,33.955206626295066,34.078260481137384,33.54758834838867,33.54758834838867,12774400,,
2018-02-28,33.70909191365185,33.770617361373624,33.23994827270508,33.23994827270508,11929400,,
2018-03-01,33.14765097386063,33.56295868864427,32.93230753678806,33.401451110839844,17746800,,
2018-03-02,33.2630207297205,33.68601809442976,33.255331148762785,33.62449264526367,14050100,,
2018-03-05,33.509122330153545,33.793683715450626,33.45528647168745,33.75522994995117,11992700,,
2018-03-06,33.80138520984661,33.87829276127979,33.52451333055112,33.78600311279297,10010500,,
2018-03-07,33.524503464136515,33.77830065624035,33.43221384281095,33.701393127441406,10881700,,
2018-03-08,33.76291588025105,34.19360266400437,33.68600543041391,34.1859130859375,12361100,,
2018-03-09,34.278202520284374,34.47047424316406,34.1397666451043,34.47047424316406,9778600,,
2018-03-12,34.57046607836171,34.67813780402769,34.09363289305475,34.2474479675293,11857700,,
2018-03-13,34.35511721797553,34.47817396282434,34.147466295628846,34.2782096862793,11342100,,
2018-03-14,34.433400300906634,34.472193534412945,33.929079386122595,33.967872619628906,15321200,0.39,
2018-03-15,34.04543971896686,34.1385440102699,33.78939921821845,33.882503509521484,12456700,,
2018-03-16,33.90579320898874,34.154073375813155,33.71182414367386,33.719581604003906,26603300,,
2018-03-19,33.719579367843366,33.91354842029492,33.50233497621213,33.56440353393555,12380300,,
2018-03-20,33.61095647886955,33.73509655148909,33.37043379328608,33.48681640625,13559800,,
2018-03-21,33.4635432683856,33.71182342995362,33.19974522675296,33.36267852783203,13054000,,
2018-03-22,33.269563702405414,33.64974128488325,33.12990578565338,33.176456451416016,12274100,,
2018-03-23,33.22300821917841,33.48680616276679,32.811794909364615,32.842830657958984,13475200,,
2018-03-26,33.060078063197395,33.21525386091543,32.780762219251365,33.12214660644531,11276100,,
2018-03-27,33.12991688206497,33.603201874052516,32.99801637885109,33.2773323059082,11627000,,
2018-03-28,33.36267036911863,33.90578419963214,33.36267036911863,33.6109504699707,16277400,,
2018-03-29,33.78164735430695,34.07647815220877,33.587678322129804,33.6963005065918,10450500,,
2018-04-02,33.704072727390376,33.75062638100629,32.95147456553637,33.10664749145508,14207900,,
2018-04-03,33.3471685389224,33.78166040434953,33.23854631249904,33.65752029418945,15484600,,
2018-04-04,33.47129865931484,34.4489043248185,33.44802332052331,34.324764251708984,13563300,,
2018-04-05,34.35580247020102,34.61184307623239,34.09200440325958,34.448909759521484,11707800,,
2018-04-06,34.35579676761076,34.54200835560985,33.913547575812295,34.076480865478516,11495100,,
2018-04-09,34.16182186103191,34.379069169727096,33.96785284667723,34.006649017333984,11913400,,
2018-04-10,34.19285543733408,34.27820227177509,33.92130001841459,34.13078689575195,10379500,,
2018-04-11,33.99112897752704,34.24716652111798,33.95233280933961,34.13078689575195,8424300,,
2018-04-12,34.200638540112315,34.456676253532805,34.099773763439245,34.161842346191406,8476400,,
2018-04-13,34.28597199215645,34.673910134922465,34.247178769826476,34.53425216674805,10774200,,
2018-04-16,34.642869988190334,34.82907859978898,34.44890095793111,34.66614532470703,8962100,,
2018-04-17,34.87564213127898,34.937710699517886,34.64287982084968,34.82133102416992,8406400,,
2018-04-18,34.83684640428138,34.89115750748997,34.39459715830677,34.53425216674805,7429000,,
2018-04-19,34.40235325190346,34.50321799374005,34.15407308717727,34.37907791137695,10370400,,
2018-04-20,34.379070111957574,34.45665653593295,33.8126809296867,33.93682098388672,14690700,,
2018-04-23,33.93682679757511,34.130795850474584,33.79716884270885,34.1230354309082,11878500,,
2018-04-24,34.123027820096,34.21613211599653,33.153182771913194,33.4169807434082,18523900,,
2018-04-25,33.16096345829266,33.27734315936853,32.51698453201697,32.920440673828125,20774700,,
2018-04-26,32.897157088384354,33.44026814354924,32.78853191761811,33.1687126159668,13561000,,
2018-04-27,33.15318562862541,33.626470526477334,33.13766775134949,33.60319519042969,9777900,,
2018-04-30,33.75062053940403,33.89803597740548,33.339407029371934,33.52561569213867,16037700,,
2018-05-01,33.331644318067376,33.35492261911356,32.72646176606292,33.04457092285156,11514200,,
2018-05-02,32.897152214609605,33.04456762778117,32.540246911577526,32.63335418701172,13736400,,
2018-05-03,32.75749396518937,32.89715191734586,32.214380035662224,32.5014533996582,18352200,,
2018-05-04,32.42386638274379,32.97473776208032,32.408348503923115,32.86611557006836,10946200,,
2018-05-07,32.85059512788893,32.96697773009618,32.55576137276775,32.69541931152344,9336000,,
2018-05-08,32.56352070274749,32.65662500556103,32.34627338320599,32.43938064575195,15062200,,
2018-05-09,32.563529384231835,32.7652559207305,32.33076412554379,32.41611099243164,9295200,,
2018-05-10,32.57904788300979,32.86612129183792,32.540251699337574,32.726463317871094,7924200,,
2018-05-11,32.77300869957244,32.95145985248638,32.61783288320695,32.69541931152344,6331900,,
2018-05-14,32.78076545564852,32.83507654625206,32.5092100026308,32.61783218383789,10715500,,
2018-05-15,32.41610328518785,32.52472546822525,32.160065705132915,32.36955261230469,16449700,,
2018-05-16,32.38506634815077,32.540239184226444,32.22989055234297,32.237648010253906,11590500,,
2018-05-17,32.59455620770686,32.85835422072593,32.48593401876948,32.81956100463867,14857400,,
2018-05-18,32.81956764727122,32.88163917336015,32.6488768699932,32.726463317871094,11950200,,
2018-05-21,32.827320795871834,32.9902540761618,32.796285039702525,32.9049072265625,9110200,,
2018-05-22,32.97474990935015,33.05233637230214,32.74974502316199,32.78078079223633,8222900,,
2018-05-23,32.780769333541826,32.9359451649371,32.5324891872025,32.897151947021484,8971400,,
2018-05-24,32.89715452913576,32.951465630427094,32.734218265528725,32.8350830078125,9269600,,
2018-05-25,32.85059830968306,33.03680989930396,32.74197611562621,32.897151947021484,8806500,,
2018-05-29,32.67989589201185,33.2462850099242,32.66437801703359,33.11438751220703,14826900,,
2018-05-30,33.184238367860324,33.57993408186152,33.12992724946279,33.46355438232422,10114200,,
2018-05-31,33.51785436874529,33.52561182891111,33.11439836626401,33.36267852783203,15571300,,
2018-06-01,33.440265963467766,33.6109596895248,33.39371528162172,33.45578384399414,10664700,,
2018-06-04,33.64200555695492,33.820456797017044,33.58769443866358,33.74287033081055,11727600,,
2018-06-05,33.75061600590672,33.781651765443456,33.44026433000521,33.44802474975586,9975900,,
2018-06-06,33.409232875339924,33.719581604003906,33.39371499494676,33.719581604003906,9202900,,
2018-06-07,33.618723318782536,33.929072079735604,33.618723318782536,33.70406723022461,11948100,,
2018-06-08,33.804931939293866,34.13855900268973,33.797174478166845,34.09976577758789,12078800,,
2018-06-11,34.099763874124875,34.33252617147639,34.0532102307613,34.23942184448242,7526100,,
2018-06-12,34.23941683988838,34.464418683925366,34.20062362262219,34.456661224365234,8243300,,
2018-06-13,34.410099556752485,34.542000016352276,34.25492672390389,34.278202056884766,16745000,,
2018-06-14,34.2468913238487,34.32516873815215,34.06685088207722,34.11381912231445,12696200,0.39,
2018-06-15,34.09816737279919,34.56001134246569,34.012060414474405,34.53652572631836,21562500,,
2018-06-18,34.34866439302789,34.41128574555939,33.972927319560426,34.0903434753418,12161900,,
2018-06-19,33.894646971113076,34.24690141142054,33.81636953375268,34.12948226928711,12936400,,
2018-06-20,34.14513820679296,34.27038389768541,33.839852021873384,33.86333465576172,10893700,,
2018-06-21,33.87116070265423,33.894643334124034,33.62849589512707,33.73025894165039,10465200,,
2018-06-22,33.77722946274622,33.980752583390576,33.72243466156917,33.855506896972656,14924400,,
2018-06-25,33.78504741283769,34.2468913238487,33.78504741283769,34.11381912231445,12092400,,
2018-06-26,34.098169442852296,34.31734863291795,33.87898726669414,33.918128967285156,13974700,,
2018-06-27,33.91812568280671,34.13730485164804,33.65197826945986,33.714599609375,15332600,,
2018-06-28,33.847673325393934,34.19209814506004,33.792875549493424,34.027713775634766,12668900,,
2018-06-29,34.10599527793015,34.52087101790302,33.90247217513944,34.333003997802734,11485600,,
2018-07-02,34.270373648594,34.567833195288465,34.113818821368206,34.246891021728516,9232500,,
2018-07-03,34.48955965496159,34.70091227876228,34.43476486206055,34.43476486206055,8214300,,
2018-07-05,34.56783922183855,34.96705887861127,34.544356590879104,34.959232330322266,11653000,,
2018-07-06,34.96705180956173,35.17840440374633,34.896603930925366,34.94356918334961,8733900,,
2018-07-09,34.86530785219083,35.01403619694919,34.7087499710228,34.75571823120117,7373100,,
2018-07-10,34.84181651867902,35.22538311537164,34.833989969645295,35.201900482177734,10606100,,
2018-07-11,35.21756252065055,35.225389071007534,34.94358548066455,35.061004638671875,7715600,,
2018-07-12,35.09231641153305,35.19407649547785,34.82616891103666,34.96706771850586,6331600,,
2018-07-13,34.99054223731482,35.05316357786246,34.81050177736352,35.021854400634766,5585900,,
2018-07-16,35.0140266418457,35.068821437387385,34.857468803401304,35.0140266418457,5831400,,
2018-07-17,35.02968460420219,35.530667325236074,34.97488980571989,35.421077728271484,11592200,,
2018-07-18,35.374104024653555,35.45238442905422,35.10013007448149,35.31930923461914,7351600,,
2018-07-19,35.2175517844135,35.561976630892474,35.16275400424708,35.311485290527344,10097500,,
2018-07-20,35.24103030471635,35.44455337524414,35.14709680955674,35.44455337524414,8588400,,
2018-07-23,35.444555206764996,35.50717953083535,35.04533559213889,35.18623733520508,9055700,,
2018-07-24,35.05317220769157,35.4367388375615,34.92009995995878,35.42890930175781,13786100,,
2018-07-25,36.00817002376302,36.462187513908916,35.81247344754692,36.07862091064453,21330600,,
2018-07-26,36.28996315660616,36.4700035967249,36.16471750321522,36.19602966308594,12673100,,
2018-07-27,36.25866863399123,36.399570435856205,36.055145468015915,36.17256164550781,10516900,,
2018-07-30,36.08644648071409,36.35259393659058,36.047307763751334,36.188209533691406,8967900,,
2018-07-31,36.32127942477082,36.53262906257408,36.25082855013898,36.501319885253906,12438800,,
2018-08-01,36.36042956359108,36.391741736844516,36.14124733691026,36.31346130371094,9904100,,
2018-08-02,36.38389834815782,36.501317460106975,36.14906311035156,36.14906311035156,12009700,,
2018-08-03,36.18820598357462,36.603081717646724,36.117755105515926,36.493492126464844,11462800,,
2018-08-06,36.47783370612504,36.6891863267555,36.43869499551026,36.51697540283203,10056100,,
2018-08-07,36.415218919975324,36.48566980619779,36.10993274170886,36.39956283569336,8632900,,
2018-08-08,36.39173491394808,36.44652971382179,36.10210184479543,36.125587463378906,6810000,,
2018-08-09,36.20386901259171,36.33694125996202,36.07079676522141,36.28214645385742,8924100,,
2018-08-10,36.17255321808856,36.33693761993524,35.984686183433105,36.07079315185547,7535400,,
2018-08-13,36.04730631235244,36.10993064584551,35.77333231855169,35.87509536743164,8143400,,
2018-08-14,35.937710371381264,36.08643865803606,35.90639821016171,35.922054290771484,6846100,,
2018-08-15,35.82812833049178,36.12558795247103,35.73419481316405,36.07079315185547,9686400,,
2018-08-16,36.09427100318946,36.30562362874808,35.98468141647587,36.18037796020508,10600700,,
2018-08-17,36.23517858143042,36.579603478796024,36.19603986360818,36.477840423583984,8885700,,
2018-08-20,36.540462572363786,36.68919088561726,36.470011690066336,36.5796012878418,6392000,,
2018-08-21,36.57959759553206,36.59525367736146,36.172548426244234,36.18037796020508,13986300,,
2018-08-22,36.27431135189571,36.30562351545682,35.94553960668859,35.953369140625,7159100,,
2018-08-23,35.92206282516362,36.07079413324617,35.76550496796277,35.77333450317383,13144900,,
2018-08-24,35.73419627619478,35.85161243113853,35.67940147333581,35.71854019165039,10952900,,
2018-08-27,36.04729876986245,36.04729876986245,35.66373525879773,35.76549530029297,9581200,,
2018-08-28,35.73419301124275,35.79681435760595,35.44455995277381,35.515010833740234,8476800,,
2018-08-29,35.42108689329653,35.55415915658743,35.39760425532598,35.48371124267578,12410900,,
2018-08-30,35.444555206764996,35.47586736880017,35.139269092152304,35.18623733520508,9716500,,
2018-08-31,35.22538082353297,35.28017562148218,34.74788073903917,34.8887825012207,19834100,,
2018-09-04,34.912264242367606,35.14710249740842,34.841813363073854,35.03750991821289,11138500,,
2018-09-05,34.95922781879992,35.55414395303999,34.95922781879992,35.52283477783203,10554900,,
2018-09-06,35.53849493994206,36.00816546901398,35.460214527701815,35.828125,11439400,,
2018-09-07,35.69505351626336,35.867267455066404,35.44456214314586,35.78899002075195,10208100,,
2018-09-10,35.93771089165563,36.25082653620006,35.851603940101306,36.05513000488281,8568900,,
2018-09-11,36.08645559425235,36.12559730719293,35.914244598906265,36.023834228515625,9278300,,
2018-09-12,36.133405343344506,36.24299491680009,36.02381576988892,36.19602966308594,13216400,,
2018-09-13,36.3223455210554,36.40918491080704,36.08551273813685,36.18024826049805,8294800,0.39,
2018-09-14,36.25128900290209,36.33812837736546,36.006563141950814,36.30655288696289,7612900,,
2018-09-17,36.31444421293455,36.57496232345633,36.24339409292785,36.56706619262695,8527300,,
2018-09-18,36.62233338780576,36.73285514657385,36.25918960571289,36.25918960571289,9847400,,
2018-09-19,36.31446120554064,36.40130061634929,36.21183253717652,36.28288269042969,7119000,,
2018-09-20,36.488129242853105,36.851273024820685,36.432868363488126,36.81969451904297,9736700,,
2018-09-21,36.819699806466474,36.85917143861084,36.614445512420275,36.772335052490234,19240300,,
2018-09-24,36.701281130742984,36.732856626311516,36.18814093122901,36.369712829589844,10778900,,
2018-09-25,36.36182608941098,36.45655861572478,36.00657535136834,36.06183624267578,7919100,,
2018-09-26,36.13286805203186,36.36970075336473,35.974978580646216,36.196022033691406,10162600,,
2018-09-27,36.101305994639695,36.45655671415248,36.06183436169218,36.322349548339844,10826900,,
2018-09-28,36.314449824258816,36.46444320678711,36.29076745109435,36.46444320678711,9071900,,
2018-10-01,36.448657323249925,36.59075759835553,36.353924810343614,36.49602508544922,9364700,,
2018-10-02,36.53549961426832,36.756546177248,36.3618238287395,36.717071533203125,7462700,,
2018-10-03,36.677591074686276,36.74864120078026,36.15655782049435,36.21181869506836,10542300,,
2018-10-04,36.0460286921952,36.23549666015621,35.864456854123624,36.196022033691406,9582300,,
2018-10-05,36.26708750122949,36.440766294440834,36.06972633130477,36.219722747802734,8734100,,
2018-10-08,36.30655234626343,36.77232470204626,36.29076309555145,36.69337844848633,9808100,,
2018-10-09,36.61444803363048,36.7486521944609,36.48813699517544,36.62234115600586,10824500,,
2018-10-10,36.55129114203858,36.86707024507486,36.05394010877888,36.06183624267578,13917000,,
2018-10-11,36.156558284356926,36.290765418252576,35.13028101432665,35.24080276489258,17677900,,
2018-10-12,35.11449512271268,35.43027416439669,34.93292322776662,35.27238464355469,12420100,,
2018-10-15,35.240802410434036,35.73815329447011,35.20133078727062,35.45395278930664,11608500,,
2018-10-16,35.54079103094347,35.99866726568629,35.41448003396355,35.91183090209961,10442500,,
2018-10-17,35.84867922820364,36.30655854252025,35.809207600433076,36.20392990112305,11055800,,
2018-10-18,36.23550856685377,36.37760883664473,35.88815101336821,36.006568908691406,12716900,,
2018-10-19,36.18024794016119,36.701281262565686,36.18024794016119,36.57497024536133,13989200,,
2018-10-22,36.60654753713326,36.677597676015026,36.164460460973224,36.290771484375,14283600,,
2018-10-23,36.014457807143074,36.67759131792066,35.880253685571,36.59864807128906,17483900,,
2018-10-24,36.57496724426093,37.41177653526718,36.50391711469513,36.890743255615234,21626000,,
2018-10-25,36.82759632043923,36.898646463630456,36.40918858320531,36.717071533203125,14220200,,
2018-10-26,36.60653998883163,36.6933793641688,35.86446325579965,36.25128936767578,21458000,,
2018-10-29,36.43288250395907,36.75655478507547,36.35393620887383,36.677608489990234,20932200,,
2018-10-30,36.803901440627016,37.688081441546,36.34602520041161,37.60124206542969,20895400,,
2018-10-31,37.498624661443635,37.956504050194575,37.27758110080119,37.798614501953125,25309400,,
2018-11-01,37.74334452553886,38.011755789484766,37.34072612387404,37.68808364868164,16494500,,
2018-11-02,37.75124079454205,37.893341064453125,37.45125100123065,37.893341064453125,17584900,,
2018-11-05,37.893333728200346,38.50909943760629,37.83017672647071,38.43804931640625,16543500,,
2018-11-06,38.40649036498471,38.78542350405748,38.36701571615999,38.76963424682617,14373400,,
2018-11-07,38.99066947235474,39.11698049165352,38.706468926059415,38.97488021850586,12239700,,
2018-11-08,38.77751650580513,38.974877648664574,38.76172725299733,38.943302154541016,9762800,,
2018-11-09,38.990668648153815,39.38539095155524,38.96698627362723,39.219608306884766,12398100,,
2018-11-12,39.164336543594644,39.66168735091031,39.10907567739194,39.369590759277344,13918300,,
2018-11-13,39.322234154792405,39.47222753528939,39.14066226950911,39.3617057800293,13872900,,
2018-11-14,39.353810752133654,39.42486088415012,39.14855648824833,39.28276062011719,12106800,,
2018-11-15,39.20382981552561,39.2748799701021,38.89594681619183,39.26698684692383,12080100,,
2018-11-16,39.203822226109175,39.6695947022772,39.180139849665984,39.60643768310547,13405800,,
2018-11-19,39.7169570938262,40.07220473838652,39.66958933585522,39.87484359741211,13575800,,
2018-11-20,40.11957582401112,40.13536507797773,38.84856948887566,38.9827766418457,16255300,,
2018-11-21,38.86436116373893,39.03014382347667,38.359117051304395,38.46963882446289,13559200,,
2018-11-23,38.485427459703466,38.86436053792761,38.32753792423697,38.698577880859375,4792500,,
2018-11-26,38.69067234877822,38.864351096749445,38.42226110713708,38.58015060424805,9341900,,
2018-11-27,38.5880540394312,39.00645872620362,38.46963614131073,38.97488021850586,9180700,,
2018-11-28,38.84856765149017,39.25118607986575,38.84856765149017,39.243289947509766,11368700,,
2018-11-29,39.21144945091661,39.33080370000868,38.96478845457314,38.97274398803711,11564300,0.39,
2018-11-30,38.988671182036896,40.1742463963721,38.98071564590158,40.10263442993164,25538200,,
2018-12-03,39.6809092951445,39.7525212455732,38.90113641009036,39.53768539428711,14877200,,
2018-12-04,39.760493788157085,40.19016260642162,39.3865198005709,39.45017623901367,19059900,,
2018-12-06,39.394471848836076,39.489956498043846,38.71813894446283,39.29103469848633,17674900,,
2018-12-07,39.44220928981571,39.52973535643271,38.89318628372554,39.060279846191406,15565700,,
2018-12-10,39.34673148753802,39.34673148753802,38.56695841875413,39.17963790893555,12331100,,
2018-12-11,39.4581339783206,39.792321192877985,39.13190230135954,39.41835021972656,18083600,,
2018-12-12,39.74458199713627,39.80027986636994,39.13985793787616,39.16373062133789,12316900,,
2018-12-13,38.765878834364116,39.474039910663684,38.64652454800338,39.36264419555664,13766200,,
2018-12-14,39.171682596846644,39.40243262572052,39.00458900434044,39.25920867919922,13835900,,
2018-12-17,39.25921309090888,39.4103925913118,38.208906055262865,38.455570220947266,18482700,,
2018-12-18,38.67834747357743,38.85339959355528,38.0736236238204,38.44759750366211,14765700,,
2018-12-19,38.38395235195623,38.79770703015202,37.89062409625865,38.11341857910156,17903800,,
2018-12-20,38.04181272161486,38.2964324269445,37.47687240481506,37.82697677612305,21130000,,
2018-12-21,37.60417359684427,38.78974879292136,37.58030395350027,37.85083770751953,32477700,,
2018-12-24,37.890614956474025,38.089536711022326,36.466337500740096,36.56977462768555,10733700,,
2018-12-26,36.50613321078273,37.365473893752444,36.33108103810297,37.34955978393555,14342600,,
2018-12-27,37.1904136037551,37.83491816388248,36.625473498240304,37.81900405883789,16966500,,
2018-12-28,38.105469291482926,38.20095093007601,37.42117763840156,37.55644607543945,13218200,,
2018-12-31,37.787191466497674,37.82697522470382,37.36547513065518,37.6757926940918,10576300,,
2019-01-02,37.34956167779552,37.57235619122305,37.04720268186126,37.34160614013672,11603700,,
2019-01-03,37.25406757078149,37.69169484277818,37.02331759698688,37.110843658447266,14714400,,
2019-01-04,37.19837448346818,37.85083770751953,37.110848410799356,37.85083770751953,13013700,,
2019-01-07,37.85083862574692,37.99406255989663,37.31772967609405,37.357513427734375,13135500,,
2019-01-08,37.59622051714216,37.85084018046553,37.42912693220603,37.77922821044922,15420700,,
2019-01-09,37.46095506737716,37.62009008012839,36.94375717001822,37.055152893066406,18032500,,
2019-01-10,37.12677124101414,37.4689170407577,36.87215153450353,37.4530029296875,15976600,,
2019-01-11,37.628047668750156,37.683745528818896,37.37342801263428,37.66783142089844,11088600,,
2019-01-14,37.59622247896253,37.71557678031972,37.38934512995683,37.51665496826172,11514300,,
2019-01-15,37.309770199481,37.87470735086354,37.246116805461796,37.85083770751953,11342900,,
2019-01-16,37.71556200878875,37.77125985152611,37.28589033455358,37.3336296081543,16907800,,
2019-01-17,37.33363909271666,37.50869123453715,37.3018139139993,37.445037841796875,12044600,,
2019-01-18,37.59621588205639,37.94631711713701,37.49277570805093,37.88266372680664,12760700,,
2019-01-22,37.95428166135011,38.025893633808174,37.564393581232665,37.97019577026367,11700400,,
2019-01-23,38.0497542485726,38.42372813101532,37.91448890787088,38.407814025878906,12058300,,
2019-01-24,38.28050976574615,38.28050976574615,37.6996585029932,37.946319580078125,10272000,,
2019-01-25,38.09749827796452,38.21684951889936,37.58825903190972,37.69169616699219,12066500,,
2019-01-28,37.57234904250205,37.636002437580125,37.34955457146461,37.532562255859375,9966900,,
2019-01-29,37.55643811773469,37.89858387177928,37.50074025408147,37.715576171875,11998600,,
2019-01-30,37.596219081902966,38.10545838910946,37.54847675861272,38.08158874511719,12952500,,
2019-01-31,38.07363797607742,38.81362744454217,37.77127897252668,38.29643249511719,32181500,,
2019-02-01,38.574909722096926,38.81361524180772,38.511256333316545,38.749961853027344,19130100,,
2019-02-04,38.74995668963257,39.34672192704384,38.62264689373037,39.187583923339844,15105700,,
2019-02-05,39.251246085994374,39.362641794305915,39.068235381990675,39.1955451965332,12651900,,
2019-02-06,39.15576144860842,39.27511572768816,39.00458199237211,39.1955451965332,8689100,,
2019-02-07,39.12393511857585,39.35468511706955,38.9886697620623,39.32285690307617,10047800,,
2019-02-08,39.28308779874645,39.38652801513672,39.07621040127259,39.38652801513672,9813300,,
2019-02-11,39.442208958216035,39.688873049762414,39.37059699843195,39.474037170410156,9369300,,
2019-02-12,39.537690289523276,39.62521635480678,39.35468262361475,39.51382064819336,10983300,,
2019-02-13,39.474051267321016,39.73662652342954,39.434267505523536,39.61727523803711,12748800,,
2019-02-14,37.158592449098045,37.36546978334787,36.203767212262925,36.2753791809082,58905400,,
2019-02-15,36.52204059302814,36.80848541104918,35.965058993260406,35.99688720703125,35701600,,
2019-02-19,36.06053927770992,36.27537515983148,35.6229119779684,35.670654296875,25511300,,
2019-02-20,35.73430714814919,35.99688534521947,35.6467810824591,35.8854866027832,27464000,,
2019-02-21,35.80592382716776,36.52999905426048,35.77409561084801,36.49021530151367,23121200,,
2019-02-22,36.4106542599724,36.56183680928071,35.965071256469734,36.028724670410156,24728400,,
2019-02-25,36.156022277956275,36.25946245526671,35.678611211655955,35.7581787109375,23774400,,
2019-02-26,35.88548526649306,35.9173134774325,35.535384052075,35.55925369262695,20463200,,
2019-02-27,35.48764496395251,35.821835138607156,35.34442103700131,35.7581787109375,17827500,,
2019-02-28,35.90140582098837,36.29129388676956,35.893450284477076,36.07645797729492,22533900,,
2019-03-01,36.17989596204897,36.31516132165005,35.96506006564817,36.10828399658203,16291600,,
2019-03-04,36.227627863099755,36.33902355660351,36.04462021872859,36.32311248779297,15973800,,
2019-03-05,36.32312724821083,36.362911007013864,36.124205418889424,36.28334045410156,13062300,,
2019-03-06,36.33903150430326,36.43451614987989,36.15602381990654,36.16398239135742,14232100,,
2019-03-07,36.19582133203022,36.22764652134715,35.9093733810319,36.028724670410156,12084000,,
2019-03-08,35.925283545532054,36.00485106304059,35.495611666251,35.678619384765625,15579100,,
2019-03-11,35.917319488809625,36.792577224302,35.88549127254319,36.744834899902344,22126900,,
2019-03-12,36.56183186804609,36.80053744984874,36.52204811029667,36.64139938354492,19348500,,
2019-03-13,36.70505276179008,36.87214635158026,36.530000599930325,36.77666473388672,16222500,,
2019-03-14,36.79271563011777,37.0094270181944,36.624163348881545,36.68034744262695,18504100,0.4,
2019-03-15,36.696394834392194,36.84086907089004,36.230866058609585,36.35928726196289,47254500,,
2019-03-18,36.46362383101334,36.66428211621072,36.407439756102264,36.44757080078125,24006400,,
2019-03-19,36.55994222914172,36.672310389040554,36.39138998929346,36.567970275878906,14987000,,
2019-03-20,36.43955939345221,36.840876113372154,36.26297905691029,36.54389953613281,13376100,,
2019-03-21,36.54389269385208,36.72849798303432,36.47165557531963,36.52783966064453,20043000,,
2019-03-22,36.487713411871816,37.00942634348623,36.487713411871816,36.864952087402344,19055900,,
2019-03-25,36.80876711361534,37.08166258393019,36.752583022239044,36.945213317871094,11668200,,
2019-03-26,37.05756829169387,37.555203011938566,37.05756829169387,37.43480682373047,11434900,,
2019-03-27,37.442857420539596,37.651540802411446,37.18601492201851,37.41075134277344,11543600,,
2019-03-28,37.46693892839721,37.65956928928009,37.30641158645856,37.38667678833008,11121100,,
2019-03-29,37.45889830278762,37.65153166081008,37.30639906313055,37.61140060424805,16045600,,
2019-04-01,37.71575778563855,37.86022903047069,37.39470309048947,37.499046325683594,11522700,,
2019-04-02,37.52310965653307,37.66758390657201,37.37863540649414,37.37863540649414,8495000,,
2019-04-03,37.258235436415205,37.3946846863303,36.95323699411648,37.06560516357422,12854500,,
2019-04-04,37.19403591546179,37.35456322524589,37.00943058084139,37.30640411376953,7814900,,
2019-04-05,37.3144233947146,37.38666051405222,37.08165900331527,37.298370361328125,7677600,,
2019-04-08,37.354558173808094,37.37863619538833,37.13784679417589,37.36258316040039,9421300,,
2019-04-09,37.28231938358179,37.49903075354349,37.13784513694066,37.45889663696289,8641800,,
2019-04-10,37.595334054073845,37.7237552259881,37.37059776867447,37.43480682373047,8059900,,
2019-04-11,37.49903680787848,37.52311483227174,37.354562537911534,37.49100875854492,7352400,,
2019-04-12,37.45890378081507,37.66759020434153,37.378641655953395,37.51509094238281,10690000,,
2019-04-15,37.62744738011896,37.75586857683734,37.482973151085424,37.72376251220703,10261300,,
2019-04-16,37.76390546613783,37.804036528674516,37.48298496657721,37.68364334106445,10804600,,
2019-04-17,37.88429251481022,38.16521294614529,37.84416146201993,37.94850158691406,11849300,,
2019-04-18,37.988642312620634,38.18930067329544,37.940483203809386,38.10903549194336,12167000,,
2019-04-22,38.04482650756836,38.21337879614051,37.73982494124474,38.04482650756836,9834700,,
2019-04-23,38.59864638205103,39.10430636066066,38.16522354324278,38.69496154785156,25327800,,
2019-04-24,38.550476511720056,38.71100378446583,38.462186358619725,38.510345458984375,15997300,,
2019-04-25,38.317721432459706,38.43811461030823,38.101010038168084,38.39798355102539,11444400,,
2019-04-26,38.51838001464057,38.88759066107517,38.51035196565518,38.73508834838867,10154300,,
2019-04-29,38.662836589575626,38.887575949089076,38.61468056109607,38.863494873046875,9731500,,
2019-04-30,38.95178814429295,39.47350094805059,38.839419986388876,39.3771858215332,17912900,,
2019-05-01,39.288910402660754,39.393253614873665,38.967855778222784,38.999961853027344,10551200,,
2019-05-02,38.95178847746873,39.14442179395388,38.74310519126229,38.839420318603516,8724600,,
2019-05-03,39.00798704242253,39.29693559354924,38.94377795428539,39.104305267333984,7076900,,
2019-05-06,38.79126876054576,39.01600510420033,38.73508161282907,38.90363693237305,8657800,,
2019-05-07,38.71099916035594,38.759158254967886,38.34178862040577,38.52639389038086,12487500,,
2019-05-08,38.566536977755014,38.71101124488913,38.38193165015113,38.406009674072266,9281400,,
2019-05-09,38.36587804840051,38.510352313406244,37.77995600112331,38.04482650756836,11450500,,
2019-05-10,38.05284485967305,38.76718801108616,38.04481987381807,38.678897857666016,9653800,,
2019-05-13,38.45416395508285,38.6307442731413,38.30968970609017,38.566532135009766,11911500,,
2019-05-14,38.95179804686005,39.58587916972179,38.807323789453484,39.08021926879883,16844200,,
2019-05-15,39.06416599476761,39.634038034081506,39.007981901875226,39.4735107421875,11422500,,
2019-05-16,39.54574964148526,39.85877619070541,39.497590533219245,39.7945671081543,17771300,,
2019-05-17,39.54574708005069,39.77048344712845,39.46548190480623,39.48956298828125,11257000,,
2019-05-20,39.36114336047226,39.44140547715714,39.13640392250831,39.208641052246094,13850500,,
2019-05-21,39.32903876376176,39.353116787309354,38.88759098183536,39.00798416137695,10587400,,
2019-05-22,39.15245295151234,39.898902195146604,39.10429691115088,39.850746154785156,16050400,,
2019-05-23,39.73035197451338,40.051406548523715,39.69824590475169,40.01127243041992,12199400,,
2019-05-24,39.98718627245022,40.04337035219925,39.75442190674554,39.818634033203125,6887600,,
2019-05-28,39.81060692816512,39.866791009243116,39.35310623264271,39.4092903137207,18614000,,
2019-05-29,39.120345834520236,39.35310714934992,38.855475393151586,39.0160026550293,12534600,,
2019-05-30,39.10429512213698,39.57784888877972,39.06416100793433,39.52968978881836,9087200,,
2019-05-31,39.32902931757451,39.57784672775105,39.152449022494196,39.433372497558594,11368600,,
2019-06-03,39.45746047215505,40.11561965942383,39.34509227849506,40.11561965942383,14167200,,
2019-06-04,40.13166809082031,40.35640445235185,39.82666655602515,40.13166809082031,12010600,,
2019-06-05,40.13969289407092,41.04666944608947,39.88285046440601,40.757720947265625,15837600,,
2019-06-06,40.86206414226132,41.367724015217036,40.605221712589305,41.25535583496094,15190400,,
2019-06-07,41.311541721801994,41.889435682796034,41.2954886865239,41.32759475708008,15293600,,
2019-06-10,41.367732459311426,41.367732459311426,41.00654676204542,41.23931121826172,9737400,,
2019-06-11,41.29549194579692,41.40786013980884,41.078780545143786,41.19917678833008,9915600,,
2019-06-12,41.33562222559074,41.849307138117275,41.31154420212968,41.44799041748047,11088100,,
2019-06-13,41.62593618912421,41.820073280668694,41.07588469640327,41.35900115966797,10353600,0.4,
2019-06-14,41.294300280312726,41.682571495351844,41.294300280312726,41.504615783691406,8694300,,
2019-06-17,41.456067895913584,41.64211426935706,40.93837310273097,41.148685455322266,12322400,,
2019-06-18,41.45607152693053,41.49651585762075,40.87366329073646,40.962642669677734,9221100,,
2019-06-19,40.88175798030433,41.44798792209539,40.82513529469572,41.35091781616211,9414100,,
2019-06-20,41.65830362346767,41.892885102887504,41.53696752426287,41.78772735595703,10656600,,
2019-06-21,41.68256356291417,41.97376769020198,41.58549654905315,41.6987419128418,21264400,,
2019-06-24,41.85244404981699,42.224536924214235,41.820087342728854,41.998043060302734,10780000,,
2019-06-25,42.06274749747081,42.1436361622225,41.77154336723709,41.86861038208008,11519900,,
2019-06-26,41.674478664529836,41.77154568475818,41.326651832531255,41.35091781616211,12405100,,
2019-06-27,41.48842576952283,41.57740514319625,41.22957836558439,41.31855773925781,12374900,,
2019-06-28,41.47224533094339,41.57740304777628,40.86557117996827,41.18912887573242,16339900,,
2019-07-01,41.310473645014675,41.76345821738104,41.07589218330504,41.73918914794922,14976400,,
2019-07-02,41.88479700644566,42.103200147266136,41.698750572199785,42.04657745361328,8569200,,
2019-07-03,42.06274613401288,42.32968427330928,42.06274613401288,42.14363479614258,7253700,,
2019-07-05,41.973763209842204,42.15980958559386,41.64211478598849,42.1517219543457,8916300,,
2019-07-08,42.224524542922154,42.32968226727098,41.97376476507634,42.062744140625,9495100,,
2019-07-09,41.83625208131333,42.03847680624512,41.6016706598234,41.73109436035156,10584900,,
2019-07-10,41.900966425552895,42.038480856321236,41.7877210623935,41.917144775390625,7620900,,
2019-07-11,42.05465226307003,42.1112749353015,41.78771416337519,42.095096588134766,10376500,,
2019-07-12,42.264970656033526,42.29732735499961,41.98994488623115,42.159812927246094,7347400,,
2019-07-15,42.289240719120514,42.29733143749527,41.95759223696945,42.16790771484375,5876100,,
2019-07-16,42.03039660251675,42.44293687256274,41.90906358863073,42.17599868774414,7132500,,
2019-07-17,42.2407002013989,42.27305381123411,42.07082909266855,42.208343505859375,8264200,,
2019-07-18,42.095096331620546,42.20025095900724,41.79580153941605,42.087005615234375,11911800,,
2019-07-19,42.17599882188341,42.18408954092466,41.55314614103091,41.5693244934082,10355500,,
2019-07-22,41.67446988458315,41.67446988458315,41.35899982102533,41.431800842285156,12090700,,
2019-07-23,43.07388189984134,44.19825128107267,42.67751993873331,43.94749450683594,33417900,,
2019-07-24,43.77761598150182,44.343845936999244,43.37316645410438,43.50259017944336,15633400,,
2019-07-25,43.381264535126505,43.51877591664106,42.645166393763986,42.928279876708984,19135000,,
2019-07-26,43.146665925796285,43.93129881851407,43.02532986079924,43.818050384521484,11451900,,
2019-07-29,43.818065285600014,43.923223038644515,43.59966523146157,43.67246627807617,12283900,,
2019-07-30,43.648197483934865,43.923223318933346,43.3327273084936,43.454063415527344,8127100,,
2019-07-31,43.284186108527074,43.284186108527074,42.09510662251623,42.572357177734375,16865500,,
2019-08-01,42.69367974462117,43.03341886164395,42.07082726816623,42.087005615234375,19527200,,
2019-08-02,41.98995360232007,42.65325064028571,41.98995360232007,42.32969284057617,13102300,,
2019-08-05,42.37821220213119,42.596615271936194,41.57740403188389,41.77962875366211,19986500,,
2019-08-06,41.957593771255276,42.67751344768657,41.74728137139531,42.28115463256836,19903100,,
2019-08-07,42.28113333034459,43.18709896558746,41.87668400032679,43.01723098754883,17937000,,
2019-08-08,43.04151552809552,43.50258771636672,42.75031139114427,43.429786682128906,10799000,,
2019-08-09,43.510682517398436,43.59966191045037,42.936364907687896,43.211387634277344,9260900,,
2019-08-12,43.09814232917107,43.227566059546454,42.86356393928796,43.03343200683594,6588600,,
2019-08-13,42.79075440810993,43.365071904845536,42.76648534205742,43.276092529296875,8581200,,
2019-08-14,43.146676980857805,43.65628426443117,42.847385185739206,42.863563537597656,17088900,,
2019-08-15,43.21946783279875,43.68053995210349,43.057687438057485,43.575382232666016,12393200,,
2019-08-16,43.66436497689602,44.07690516963795,43.640098995806945,44.01219177246094,14288700,,
2019-08-19,44.036453261522716,44.31147900006125,43.9312986303935,44.238677978515625,10936200,,
2019-08-20,44.1820605252987,44.230595573965594,43.55112032115241,43.58347702026367,8176700,,
2019-08-21,43.88276872639171,44.01219243699528,43.55920790703046,43.76143264770508,10886500,,
2019-08-22,43.77761704700329,44.198244936018874,43.761438695229025,44.07691192626953,7467900,,
2019-08-23,44.0202862651443,44.254867737915326,43.18712120371526,43.470237731933594,14160400,,
2019-08-26,43.68055666881672,44.11736297607422,43.462153515187964,44.11736297607422,9226900,,
2019-08-27,44.24677636146703,44.449001113497765,44.012194908542206,44.26295471191406,13537000,,
2019-08-28,44.21440982715175,44.61077161069004,44.020272750668795,44.57841491699219,10046400,,
2019-08-29,44.69975236875732,44.76446576263736,44.16587921206482,44.529884338378906,9262800,,
2019-08-30,44.618868009337135,44.66740305942155,44.33575459810656,44.52180099487305,8746700,,
2019-09-03,44.473265458312184,44.756381952150605,44.3842860769831,44.732112884521484,12991400,,
2019-09-04,44.77255409165319,45.23362623026716,44.732109762700205,45.1122932434082,10718100,,
2019-09-05,45.09612077046644,45.11229912129649,44.513712483404355,44.58651351928711,13677000,,
2019-09-06,44.845359382185016,44.845359382185016,44.29530781614995,44.67549133300781,9093500,,
2019-09-09,44.51371822972734,44.554165654876314,43.971757292630514,44.10118103027344,10814900,,
2019-09-10,43.86658638385277,44.03645440998792,43.559203942009844,44.00410079956055,12038200,,
2019-09-11,43.91512698670996,44.32766411464237,43.656279556300454,44.30339813232422,9740400,,
2019-09-12,44.57032420071565,44.74019529977729,44.47325720532625,44.57841491699219,12357900,,
2019-09-13,44.3910175374553,44.64361071869657,44.05694428911184,44.21175765991211,11486100,0.4,
2019-09-16,44.08139283910561,44.276949374575764,43.69843274905283,43.96731948852539,11172000,,
2019-09-17,44.0813848350608,44.57027453083356,43.967311505193365,44.19546127319336,11347400,,
2019-09-18,44.16287349459709,44.23620680266507,43.85324362628056,44.18731689453125,9700400,,
2019-09-19,44.18731414172823,44.48879411910796,44.10583407484678,44.42361068725586,7560300,,
2019-09-20,44.5621279392174,44.5621279392174,43.91842794355479,43.92657470703125,19211500,,
2019-09-23,43.92658030250962,44.29324687096444,43.902136900701215,44.11398696899414,6485300,,
2019-09-24,44.20361040025589,44.49694361175515,44.03250039630308,44.24435043334961,10093000,,
2019-09-25,44.35842382859617,44.391017098420825,43.999907185320914,44.138423919677734,10248400,,
2019-09-26,44.3828668934812,44.47249682441609,44.10583033798474,44.31768035888672,10031200,,
2019-09-27,44.456205724974794,44.5213891594187,43.99990925080569,44.25250244140625,7939900,,
2019-09-30,44.12213549220433,44.55398548836109,44.12213549220433,44.358428955078125,9808700,,
2019-10-01,44.431761197203926,44.63546448984948,44.008057975509296,44.529541015625,14261500,,
2019-10-02,44.171030571184744,44.35843726705369,43.10362708131094,43.25029373168945,14343600,,
2019-10-03,43.59251214747971,43.983622163848345,43.038438847224285,43.86954879760742,13817500,,
2019-10-04,43.999911032364494,44.439910888671875,43.91028108664275,44.439910888671875,9295400,,
2019-10-07,44.26879448405595,44.293237880903156,43.81249805722905,43.893978118896484,5964900,,
2019-10-08,43.902131453420445,44.05694482610769,43.551761565732946,43.65768814086914,13301900,,
2019-10-09,44.04880345572746,44.0569502202283,43.62510021157185,43.86139678955078,7135000,,
2019-10-10,43.63323993666906,43.902129745802505,43.47842657000344,43.722869873046875,8942900,,
2019-10-11,43.714732863604425,43.75547290515748,43.34806627309506,43.42954635620117,8981700,,
2019-10-14,43.58436286567509,43.73917626688307,43.36436291136947,43.42954635620117,7306300,,
2019-10-15,43.53546735090632,43.73917064073528,43.40509736974641,43.600650787353516,9564300,,
2019-10-16,43.55991170639584,43.64954165320882,43.291024974222466,43.58435821533203,10454800,,
2019-10-17,43.74732082884459,44.0976907634355,43.657693985247704,43.82880401611328,13190300,,
2019-10-18,44.8147197736418,45.13249638016882,44.36657319755843,44.635459899902344,18122400,,
2019-10-21,44.366576782756425,44.45620672686901,43.739170282233815,44.18731689453125,12778900,,
2019-10-22,44.187311563136056,44.34212492448265,43.78805490714453,43.877681732177734,9533400,,
2019-10-23,44.048802781803886,44.53768945928371,44.00805963512582,44.521392822265625,8556600,,
2019-10-24,44.46435115711163,44.66805443457989,44.399167724619765,44.496944427490234,11051400,,
2019-10-25,44.44805346401191,44.45620333554526,43.731017074075545,43.79620361328125,9782400,,
2019-10-28,43.78805214491052,43.95916212954152,43.48656909587694,43.649532318115234,8866100,,
2019-10-29,43.50287221827846,43.72287213487796,43.39694564178269,43.519168853759766,7999700,,
2019-10-30,43.608795478128314,44.04064540660981,43.31546227830497,43.95101547241211,8620900,,
2019-10-31,43.96731379826619,44.38287021675923,43.87768386062003,44.350276947021484,13982000,,
2019-11-01,44.51323582621729,44.602865755081865,43.87767956166164,43.91842269897461,9889500,,
2019-11-04,43.967314126339545,43.99990739632049,43.16065089803557,43.29916763305664,17515100,,
2019-11-05,43.095468529255804,43.095468529255804,42.46806200859017,42.71250534057617,19284000,,
2019-11-06,42.80213295426109,43.022132873535156,42.70435624844998,43.022132873535156,13288900,,
2019-11-07,43.08732640792122,43.1851031295983,42.33769658635443,42.60658645629883,11725500,,
2019-11-08,42.745096564965195,42.85916990720683,42.44361657357439,42.5413932800293,7141800,,
2019-11-11,42.6391737527017,42.67176391651259,42.1910240323151,42.23991394042969,8198300,,
2019-11-12,42.29695067913124,42.29695067913124,42.02806395474076,42.13398742675781,12656900,,
2019-11-13,42.51695809127056,42.73695805447913,42.33769817126371,42.70436477661133,12257900,,
2019-11-14,42.802126605417804,42.916199929987826,42.655460014323495,42.883609771728516,8660300,,
2019-11-15,42.891759147915785,42.9243524164262,42.67990911912841,42.916202545166016,8982400,,
2019-11-18,42.924350376158266,43.54360690709603,42.91620050528546,43.20953369140625,13782000,,
2019-11-19,43.3073304170293,43.4377004275584,43.0791805674037,43.25029373168945,12679500,,
2019-11-20,43.26657717832378,43.5110236108211,43.19324387022768,43.364356994628906,11970300,,
2019-11-21,43.27473100941251,43.46213767874373,43.00584115237263,43.15250778198242,7856100,,
2019-11-22,43.15249702835665,43.33990365098604,42.98138703920787,43.20953369140625,9113300,,
2019-11-25,43.413243794515964,43.50287373866291,42.99769045414843,43.364356994628906,10963500,,
2019-11-26,43.437682896372316,43.95101285725402,43.36434960077993,43.91842269897461,13219800,,
2019-11-27,43.94287465871779,44.08139140612931,43.67398481972048,43.959171295166016,9595200,,
2019-11-29,44.08230591779594,44.106931901917676,43.68827451443204,43.836036682128906,7222300,0.4,
2019-12-02,43.77036119967667,44.123348236083984,43.38453743163074,44.123348236083984,13173800,,
2019-12-03,44.09051329521604,44.1972311116344,43.83603644338877,44.16439437866211,14498300,,
2019-12-04,44.16438921397519,44.583049681704814,44.09871888719345,44.56663131713867,13624000,,
2019-12-05,44.50096884469352,44.56664231917072,44.18902923537768,44.48455047607422,14068100,,
2019-12-06,44.583058776229926,44.73902857420042,44.46813020082255,44.67335510253906,7843500,,
2019-12-09,44.574842429282256,44.74723057352137,44.34499157029677,44.38603591918945,13887200,,
2019-12-10,44.36141760261396,44.38604358990877,44.106937585127596,44.139774322509766,8993900,,
2019-12-11,44.279322056995625,44.45171334809668,44.049471177505374,44.287532806396484,8879100,,
2019-12-12,44.33678270196545,44.697980503098975,44.27931998478206,44.44350051879883,11233300,,
2019-12-13,44.27932366702137,44.78007292824703,44.197234958928156,44.67335510253906,13072200,,
2019-12-16,44.89499837217092,45.00992694757829,44.63231074849246,44.67335510253906,9538100,,
2019-12-17,44.65693986610721,44.80470204586178,44.56664040831458,44.67335510253906,9230000,,
2019-12-18,44.76364889263736,44.9442477853563,44.23827371180017,44.25469207763672,15132100,,
2019-12-19,44.361408152939454,44.60767736787926,44.262897961777156,44.59125900268555,13385900,,
2019-12-20,45.10022592244278,45.31366158639293,44.7144052139668,45.124855041503906,23832800,,
2019-12-23,45.14946930134351,45.34648654523819,45.018125515908004,45.07558822631836,9300800,,
2019-12-24,44.9852885453319,45.149469059116164,44.85394476060106,44.911407470703125,3359300,,
2019-12-26,45.08380172091039,45.1658935546875,44.97708703422504,45.1658935546875,6228500,,
2019-12-27,45.15768069279411,45.51887848154764,45.14947307554204,45.43678665161133,6895500,,
2019-12-30,45.297227939491925,45.469616057357705,45.198720890923276,45.37110900878906,6431700,,
2019-12-31,45.31365360393154,45.461415766333786,45.13305470955478,45.43678665161133,7982600,,
2020-01-02,45.41215724409872,45.50245668447813,44.95245242556847,45.14126205444336,11867700,,
2020-01-03,44.59126088815003,45.141265185205114,44.40245437766339,44.89499282836914,11354500,,
2020-01-06,44.86215913696639,45.07559163010993,44.75544132465307,44.87857437133789,14698300,,
2020-01-07,44.697974916573024,44.82110795308353,44.45170571206917,44.53379440307617,9973900,,
2020-01-08,44.55022016551553,44.853952130458126,44.45171309365263,44.61589050292969,10676000,,
2020-01-09,45.149479056698574,45.47784015697707,45.018135242883886,45.428585052490234,15398000,,
2020-01-10,45.54349697832107,45.91290232360362,45.518870999129774,45.58454132080078,13040100,,
2020-01-13,45.584545849209974,46.159176095457916,45.494246407894636,46.07708740234375,14302900,,
2020-01-14,46.16738850096044,46.208432848990924,45.830819836737646,45.97037124633789,16345300,,
2020-01-15,45.97037171095898,46.77485284012279,45.97037171095898,46.54500198364258,17735400,,
2020-01-16,46.6681310771208,46.75022289854295,46.471116968673215,46.64350509643555,10234100,,
2020-01-17,46.684553124835105,46.91440711146991,46.62709041104716,46.74201583862305,14264300,,
2020-01-21,46.6681328893021,46.9964939247758,46.43828204336026,46.93082046508789,11968900,,
2020-01-22,46.99649458062698,47.316644872366034,46.93903186833961,47.29201889038086,12869600,,
2020-01-23,47.10321271328682,47.48903333680872,46.98828728791933,47.472618103027344,12858900,,
2020-01-24,47.48902342429203,47.50544178612933,47.16887319717043,47.34947204589844,8594300,,
2020-01-27,46.96366329107942,47.48903851084766,46.89799295435005,47.185306549072266,14359900,,
2020-01-28,47.16067823257771,47.40694746323293,46.76664683723271,46.79948043823242,15240200,,
2020-01-29,46.79127282085329,47.00470531902563,46.51216685771519,46.79948043823242,13163600,,
2020-01-30,47.55470895567586,48.41665281652605,47.41515441033801,48.318145751953125,20225600,,
2020-01-31,48.40844515497341,48.49874460220062,47.73530780662183,47.94053268432617,17685200,,
2020-02-03,48.22784639703222,48.408445291997836,48.039039884787776,48.088294982910156,12333600,,
2020-02-04,48.22785002262302,48.8024803513169,48.12113220107677,48.30173110961914,15417900,,
2020-02-05,48.350980187555614,48.49874234313865,48.05545587638953,48.309932708740234,11414900,,
2020-02-06,48.41665115949376,48.71217547458153,48.301725732844744,48.424861907958984,9347000,,
2020-02-07,48.334562015509164,48.695756657554114,48.3099329018249,48.58903884887695,8757800,,
2020-02-10,48.69574959829808,49.122617639642144,48.67112361966675,49.048736572265625,7984900,,
2020-02-11,49.02412199282559,49.08979232827311,48.695760921138174,48.91740417480469,7431200,,
2020-02-12,48.82710459389096,49.06516621365817,48.69576079186133,48.7696418762207,9179100,,
2020-02-13,48.74500471135055,49.12261766413773,48.605450192244184,48.93381118774414,8173200,,
2020-02-14,48.95023737149857,49.31143201907094,48.94202662298383,49.21292495727539,9965500,,
2020-02-18,49.098006637851164,49.19651371390758,48.80248227819842,48.8681526184082,10075700,,
2020-02-19,48.85171944247416,49.25396150595848,48.81888584806359,49.065155029296875,6265700,,
2020-02-20,48.99128359845838,49.13904576255996,48.5233711226311,49.02412033081055,7597200,,
2020-02-21,48.851731092287814,49.36069107055664,48.78606075632353,49.36069107055664,10842400,,
2020-02-24,48.5233610879373,49.089780512201656,48.080074687304766,48.145748138427734,14415500,,
2020-02-25,48.186805184615814,48.59725496790644,47.30023214959606,47.464412689208984,15915100,,
2020-02-26,47.59575618666045,47.99799834953544,47.18530640602542,47.2838134765625,15837800,,
2020-02-27,46.91440048118112,47.52186426436897,45.05095852624494,45.092002868652344,23754000,,
2020-02-28,44.18902955907217,44.238281533807225,42.34200535089996,43.9099235534668,40890600,,
2020-03-02,44.27110920665317,45.937534148968616,44.082302702032266,45.90469741821289,25698600,,
2020-03-03,46.594249893923106,47.193509228704706,45.67484341653835,46.019622802734375,27099200,,
2020-03-04,46.306937277447126,48.4330669519532,46.306937277447126,48.367393493652344,20526100,,
2020-03-05,47.44798647553602,47.751718388127024,46.12633789086641,46.57783508300781,17948500,,
2020-03-06,45.10021222097301,45.89648564656145,44.31214954307174,45.36289978027344,22353900,,
2020-03-09,42.72781960525093,43.983798006595464,42.259907127009114,42.57184982299805,27898300,,
2020-03-10,43.68827054207224,44.16439060353949,42.005424133146775,44.04946517944336,27457400,,
2020-03-11,42.974094453713015,43.2203668483343,41.98080665121691,42.859169006347656,22653900,,
2020-03-12,39.84646138790016,40.98751116054476,38.32779547569275,38.713619232177734,31913100,,
2020-03-13,40.9991712709546,41.040578739195155,38.59768658347884,40.1379508972168,33697200,0.41,
2020-03-16,34.97889946494717,39.649376827485874,34.092830722062324,37.47975540161133,28682300,,
2020-03-17,37.99317061653977,39.33468967462201,37.57083849523409,39.069698333740234,32106700,,
2020-03-18,37.04914767171657,37.38866810806611,34.4406347678248,37.140235900878906,35408300,,
2020-03-19,36.734458654291885,36.98288763126418,33.98517123671411,34.63936996459961,41956900,,
2020-03-20,34.738746614778506,34.838117590058005,31.061985781027285,31.716184616088867,51513500,,
2020-03-23,32.097107666831064,32.204761393889655,30.035143451543952,31.103391647338867,44978500,,
2020-03-24,34.13423029360003,34.283288316109314,32.15507485566063,32.668495178222656,49096200,,
2020-03-25,33.64564757515178,35.980885414181756,33.04941556214139,34.457183837890625,42511700,,
2020-03-26,35.47575077246195,37.488030998801186,35.152792763608055,36.67649459838867,37821700,,
2020-03-27,36.15479133552838,36.46118698883608,35.111388299400126,35.45090866088867,23297900,,
2020-03-30,35.641380654523125,37.72819045132136,35.641380654523125,37.26445388793945,23446000,,
2020-03-31,37.32241622481092,37.68677859435991,36.48603774693506,36.643375396728516,25373900,,
2020-04-01,35.177636488364364,36.146513722704306,34.614529054154836,34.879520416259766,21936400,,
2020-04-02,34.96233267877774,36.59368518218155,34.664216602516184,36.39494323730469,17621900,,
2020-04-03,36.08854947529643,36.71790321268542,35.86496240625199,36.29557418823242,14207100,,
2020-04-06,37.58740022415916,38.928919259943726,37.007730491010356,38.64736557006836,22850000,,
2020-04-07,40.16279547193532,40.24560409592771,38.49003536392752,38.51487731933594,21279600,,
2020-04-08,38.622521358878735,39.82326505891937,38.36581279359851,39.59967803955078,18937100,,
2020-04-09,40.11310677293555,41.18135503736059,40.038577750790864,40.57684326171875,19165300,,
2020-04-13,40.03858128580309,40.27873072935506,38.50659955628235,38.8626823425293,19586000,,
2020-04-14,39.69906067491331,40.78387138605767,38.86268216434389,40.510597229003906,21801900,,
2020-04-15,39.508597505280214,40.07998776430985,39.260168468676575,39.42578887939453,12893200,,
2020-04-16,39.25188062972631,39.624522526931734,38.721894794896656,39.003448486328125,17606800,,
2020-04-17,39.99717334911866,39.99717334911866,39.22704117503143,39.798431396484375,19844600,,
2020-04-20,39.574847115943335,39.74874712647448,38.34926112528397,38.53144073486328,18957900,,
2020-04-21,37.99318156438369,38.837842891440665,36.65165896079191,37.579132080078125,26863700,,
2020-04-22,38.13395230730632,38.21676408962122,37.6784985608871,37.82755661010742,15811600,,
2020-04-23,38.05114226057276,38.17535519097898,37.23960577792254,37.32241439819336,17668200,,
2020-04-24,37.678503479914106,37.88552822430923,37.36382498392837,37.62053680419922,15175000,,
2020-04-27,38.09255199502638,38.90408859323811,37.8524025395192,38.738468170166016,19175500,,
2020-04-28,39.66593196194142,39.74874057455998,38.5645590922272,38.70533752441406,17246700,,
2020-04-29,39.14422797693545,39.63280636186613,38.82126997246272,39.02001190185547,15780000,,
2020-04-30,38.92064747940695,38.92064747940695,37.844119563893514,38.00145721435547,20801100,,
2020-05-01,37.77787293534381,38.415509501205754,37.43835249471049,37.76131057739258,14290400,,
2020-05-04,37.52944058736277,37.66193628038736,36.933208389278875,37.3803825378418,22544200,,
2020-05-05,37.562559343773735,38.17535064223252,37.38865936655808,37.59568405151367,13370500,,
2020-05-06,37.59568814095175,37.78615049275475,37.032580683905344,37.05742263793945,11892900,,
2020-05-07,37.38866923454118,37.463198267153466,36.85040364801394,36.93321228027344,16466000,,
2020-05-08,37.33069869833257,38.27473090779739,37.16507829200006,38.18363952636719,13985100,,
2020-05-11,37.83584091069353,38.18364412174433,37.69506560168391,37.71162796020508,10874600,,
2020-05-12,37.76129911753393,37.968323790675996,37.098820795268495,37.11538314819336,13424400,,
2020-05-13,37.02429800905624,37.0822646745625,36.038861536503454,36.386661529541016,15854800,,
2020-05-14,35.9229282429808,36.48603570186902,35.798712154511264,36.18791961669922,18000800,,
2020-05-15,36.40322094517089,37.00773266444636,35.773867273812314,35.823551177978516,31579400,,
2020-05-18,37.115388863360344,37.58740493809139,36.544001814724425,37.23960494995117,26118500,,
2020-05-19,37.27273018419391,37.53772473903004,36.64337640869299,36.88352584838867,17839900,,
2020-05-20,37.43007012262323,38.233323890603934,37.2810120710502,38.00145721435547,22295900,,
2020-05-21,38.15878516408705,38.16706476018572,37.289279103289545,37.40521240234375,13193500,,
2020-05-22,37.44662069764907,37.52114969998678,36.97460473582539,37.28927993774414,13008400,,
2020-05-26,38.854400396864385,38.86268315519961,38.03458422269409,38.16707992553711,22223100,,
2020-05-27,38.92064670425418,38.99517572855636,38.23332312914007,38.697059631347656,18447600,,
2020-05-28,39.169070574083655,39.30156624884505,38.77158354979949,38.99517059326172,16230600,,
2020-05-29,38.6556510925293,39.077980078092246,38.20847699561831,38.6556510925293,51125000,,
2020-06-01,38.63909462060367,39.11111074177924,38.58112795020994,38.91236877441406,17010700,,
2020-06-02,39.053141529695715,39.15251250691095,38.55628348467309,38.83783721923828,15255100,,
2020-06-03,39.14423612958699,39.848118944449965,39.020020028636274,39.66593933105469,15508300,,
2020-06-04,39.69905365686376,39.97232776560778,39.23532037018944,39.682491302490234,13604700,,
2020-06-05,40.195924829120045,40.98261948372409,40.12967539511484,40.6513786315918,20504800,,
2020-06-08,41.024011176670975,41.38009387750868,40.966044519227246,41.28071975708008,19896700,,
2020-06-09,41.06542170490138,41.06542170490138,40.311851884970174,40.57684326171875,16713700,,
2020-06-10,40.70932377698928,40.80041512109765,40.22074551590863,40.262149810791016,15716600,,
2020-06-11,39.59141300657495,39.68250124002106,37.645378526120396,37.71162796020508,26070400,,
2020-06-12,38.61409242534554,38.64751807087407,37.61134537300467,38.10436248779297,21822700,0.41,
2020-06-15,37.2436784355865,38.81464894756463,37.16011749684483,38.68930435180664,15622300,,
2020-06-16,39.74218486229411,39.85081343100203,38.59738038701312,39.0820426940918,18803500,,
2020-06-17,39.09040067787862,39.32437703263903,38.806289037390876,38.92327880859375,12602800,,
2020-06-18,38.68929934403477,39.30766104867975,38.497106659689116,39.2658805847168,9380800,,
2020-06-19,39.91767254766984,39.93438537404964,38.4553337097168,38.4553337097168,30464600,,
2020-06-22,38.46367958055074,38.56395651550024,37.920527193976554,38.221351623535156,20876200,,
2020-06-23,38.43862282405954,38.68095403733318,38.08766301530118,38.13779830932617,14675300,,
2020-06-24,37.912173542068224,37.97066683368262,37.18518321225692,37.31052780151367,17631800,,
2020-06-25,37.16010929529885,37.58627508905579,36.792433595635444,37.54449462890625,13829700,,
2020-06-26,37.53613503696917,37.61134113711595,36.35790825976604,36.40804672241211,21955100,,
2020-06-29,36.76736710561483,37.24367137901689,36.39133657723298,37.06819152832031,17603900,,
2020-06-30,36.976280211710574,37.46094258975313,36.800800324893316,37.33559799194336,23679800,,
2020-07-01,37.54449078439996,38.04586263014416,37.36065295339301,37.452571868896484,14316500,,
2020-07-02,37.84532480477537,37.96231138606508,37.435868582616116,37.50271987915039,15111900,,
2020-07-06,37.71997136259348,37.82860310013705,37.277092783780915,37.7951774597168,15146000,,
2020-07-07,37.6029892343014,38.02080022579363,37.43586420017552,37.77846908569336,13043600,,
2020-07-08,37.719977050381814,37.75340269584232,37.160111833320904,37.66148376464844,13851200,,
2020-07-09,37.6447779488749,37.6447779488749,36.62532107373444,36.692169189453125,16087100,,
2020-07-10,36.667099669624015,37.811901086212835,36.650386844637524,37.72834014892578,15627800,,
2020-07-13,38.04587042878654,38.171215009737956,37.56956612140336,37.81189727783203,16705300,,
2020-07-14,37.527790084930494,38.38847986690597,37.32723936927397,38.329986572265625,17080100,,
2020-07-15,38.68929736940686,39.43300042798352,38.60573644574574,38.77286148071289,23738000,,
2020-07-16,38.65587295825745,39.01519067922567,38.38847416883622,38.56395721435547,13306100,,
2020-07-17,38.83135862371914,39.19903118706886,38.547246992334514,39.12382507324219,13899800,,
2020-07-20,39.04026215311906,39.13218108618675,38.31326869393556,38.53888702392578,16633200,,
2020-07-21,39.70875542779791,40.10149876415909,39.21573835002454,39.44135665893555,25681500,,
2020-07-22,40.05136055812894,40.54437763908433,39.29929952357164,40.51095199584961,29831200,,
2020-07-23,40.50260033254755,40.58616125949594,40.13492460362658,40.34383010864258,15935000,,
2020-07-24,40.444111509342235,40.77835844166644,40.16835468222052,40.519317626953125,16196800,,
2020-07-27,40.260266046878776,40.53601963445326,40.260266046878776,40.51095199584961,17346500,,
2020-07-28,40.39396090595738,41.1794443080898,40.19341025666589,40.26026153564453,13872700,,
2020-07-29,40.22685305827163,40.52767756672841,39.959454203564675,40.12657928466797,13758100,,
2020-07-30,39.834098182552324,40.302047638035425,39.44135802028023,39.85081100463867,17276500,,
2020-07-31,39.64191436336627,39.91767120790924,39.048623391201545,39.47479248046875,14849200,,
2020-08-03,39.39122707523129,39.575064965637544,38.630811057158375,38.68930435180664,14137500,,
2020-08-04,38.680939454293586,39.157243693835426,38.62244617488632,39.01518630981445,11717200,,
2020-08-05,39.190673871928055,39.49985312567406,39.115467762893076,39.458072662353516,10498700,,
2020-08-06,38.990121349071295,39.71711157707557,38.939982882860875,39.675331115722656,10745000,,
2020-08-07,39.66698771960165,40.17671778274755,39.44972415777924,39.94274139404297,11669700,,
2020-08-10,40.15999279071136,40.34382745543695,39.82574272960966,39.87588119506836,11888000,,
2020-08-11,40.49424356278177,40.653013791530974,39.85917221072035,40.05136489868164,16531600,,
2020-08-12,40.360549288532084,40.68644141766333,40.21013704621835,40.469181060791016,9562200,,
2020-08-13,40.327114122599376,40.71985746127038,40.15999228181109,40.427391052246094,9882900,,
2020-08-14,40.39397430424968,40.686440777678456,40.1349302937517,40.48589324951172,10075800,,
2020-08-17,40.37726211688028,40.736579897138476,40.276988351212694,40.285343170166016,9102400,,
2020-08-18,40.27698455592446,40.52767054029414,40.07643385584157,40.460819244384766,9829000,,
2020-08-19,40.210124778262816,40.42738825649442,39.45806698378965,39.58340835571289,17371000,,
2020-08-20,39.49985949651835,39.7756131490256,39.34944725418874,39.566707611083984,11308700,,
2020-08-21,39.55835533779506,39.69205476317571,39.249176014285865,39.508216857910156,14734100,,
2020-08-24,39.63355262077593,40.093144093750205,39.424647116001715,40.08478927612305,9257700,,
2020-08-25,40.10985500089615,40.15163546232644,39.817388583239236,40.03464889526367,7827800,,
2020-08-26,39.90930688810564,40.2602697994935,39.66697892117875,40.24355697631836,10124200,,
2020-08-27,40.31876436789564,40.79506868676383,40.27698390245276,40.30205154418945,10931600,,
2020-08-28,40.73656123082661,41.6557439014902,40.552723421636266,41.639034271240234,16420300,,
2020-08-31,41.61397740558745,41.83959574135068,41.237946845982066,41.38835906982422,18510800,,
2020-09-01,41.204519876341514,41.23794233203509,40.80342171921543,41.04574966430664,12588400,,
2020-09-02,41.24630317701011,42.917547207277,41.24630317701011,42.775489807128906,26332600,,
2020-09-03,42.95097145731933,43.56932994334467,41.86466032282714,42.18219757080078,22289400,,
2020-09-04,42.56658618128526,43.00946803644352,42.01507575447162,42.650150299072266,21019500,,
2020-09-08,42.55822538616908,42.650144309002506,41.246299203797626,41.62232971191406,17776700,,
2020-09-09,41.44685556707927,42.41617709152666,41.405075098920705,41.93987274169922,15252300,,
2020-09-10,42.073567660336266,42.349324458502814,41.73932076310884,41.78110122680664,15439500,,
2020-09-11,42.11534830379658,42.78384523815236,41.864659164223944,42.6668586730957,18272300,,
2020-09-14,42.93642178904324,43.155440767470466,42.599466053903456,42.71739959716797,10911700,0.41,
2020-09-15,42.96168840819966,43.28179600590848,42.826906769182436,43.003807067871094,12838400,,
2020-09-16,42.919583164301486,43.340776319567546,42.74268281031744,42.7848014831543,15353900,,
2020-09-17,42.30463295830857,42.65001114700087,42.0687626540798,42.582618713378906,13287100,,
2020-09-18,42.75109009982106,43.096468236129,42.2962008822113,42.498374938964844,23816600,,
2020-09-21,41.90871603926721,42.136160712933346,40.94839622608703,41.35274124145508,17514800,,
2020-09-22,41.369589206670035,42.15300867539409,41.33589298547903,41.83290100097656,13034600,,
2020-09-23,41.8918661867022,42.05191841109424,40.57774253131236,40.6114387512207,17121200,,
2020-09-24,40.61143742210048,41.36116061655821,40.06388832702772,41.024208068847656,16788100,,
2020-09-25,40.6030201414924,41.0747544110124,40.41769412792458,41.04106140136719,12603400,,
2020-09-28,41.53806826795756,41.87502084900311,41.39486093059053,41.512794494628906,11215700,,
2020-09-29,41.60545625609397,41.74866358918361,41.20111124284733,41.20953369140625,12426600,,
2020-09-30,41.50436664245611,41.79920051416827,41.18425900070564,41.58860397338867,15755900,,
2020-10-01,41.647569703215446,41.83289568275696,40.931542767901966,41.428550720214844,17577300,,
2020-10-02,41.07474750079527,41.76550710421565,40.89784717948612,41.58018112182617,13610100,,
2020-10-05,41.63915312469222,41.74023857621357,41.37801222702611,41.5970344543457,10628700,,
2020-10-06,41.740239351972505,41.89186913879691,41.13372341812349,41.226383209228516,10077400,,
2020-10-07,41.293775497208735,41.91713953983541,41.23480871516158,41.74866485595703,10135600,,
2020-10-08,41.87501579163487,42.57419785606097,41.731811685011635,42.506805419921875,12143900,,
2020-10-09,42.68371041014484,43.15544787433695,42.624743628801895,42.8016471862793,11407800,,
2020-10-12,42.826913373929884,43.40815867930961,42.81849092607579,43.03750991821289,11386500,,
2020-10-13,42.953267951563625,42.953267951563625,42.03506698901836,42.304630279541016,14365300,,
2020-10-14,42.161415931318054,42.53206780395959,41.82446348117262,42.22038269042969,10582100,,
2020-10-15,41.61387765637906,42.228819168555354,41.52963711217452,42.11088562011719,9961700,,
2020-10-16,42.11088402341108,42.414140330704384,42.00979537419859,42.14457702636719,13569800,,
2020-10-19,42.1445801756633,42.52365460491673,41.66442030309174,41.79920196533203,9930400,,
2020-10-20,42.026654492826225,42.641596142792515,41.94241714319481,42.32991409301758,10970700,,
2020-10-21,42.085611850131734,42.4815343742726,41.92555963631539,42.11088562011719,12517400,,
2020-10-22,43.10490231482989,43.130176087149344,42.43941962812255,42.692134857177734,20189200,,
2020-10-23,42.961695139092605,43.11332490842409,42.515231492421165,42.557350158691406,13491300,,
2020-10-26,42.40571783281631,42.54892193219134,41.4453981605779,41.950828552246094,14696400,,
2020-10-27,41.959265056367215,42.3636101168841,41.74024280684835,42.03507995605469,13892100,,
2020-10-28,41.27692316502797,41.403282378463494,40.24921098853403,40.400840759277344,19886200,,
2020-10-29,40.20709273009696,40.838882376792604,39.84486640891559,40.451385498046875,15369900,,
2020-10-30,40.274491764995275,40.53562947179583,39.90383972161563,40.48508834838867,15804000,,
2020-11-02,41.066328736683175,41.23480662547208,40.636713173047504,40.956817626953125,15156100,,
2020-11-03,41.462246571755145,42.08561051180476,41.27692059384673,41.571754455566406,15285100,,
2020-11-04,41.6391539148253,42.296214182355136,41.34432000335644,41.42013168334961,12930800,,
2020-11-05,41.91714256289988,42.29621705586232,41.563341845100844,41.647579193115234,12452400,,
2020-11-06,41.82446845240752,42.1108798364699,41.487512748764345,41.65599060058594,9294900,,
2020-11-09,44.225277757419505,44.865489888181,43.86305141585429,44.284244537353516,33442000,,
2020-11-10,44.28424331028657,45.724722974672225,44.183157863693296,45.472007751464844,29706700,,
2020-11-11,45.42989327539698,45.74157530566618,44.92446278234159,45.13505935668945,17399900,,
2020-11-12,44.68858818769503,44.823369853932995,44.317939408902724,44.65489196777344,15024400,,
2020-11-13,44.85706152910336,45.067658062103845,44.55380200743097,45.02553939819336,12447900,,
2020-11-16,45.910051596527005,46.01113704890054,44.882339321475506,45.36249923706055,14908200,,
2020-11-17,45.202451203870126,45.27826610355823,44.67174690605343,45.21929931640625,14248400,,
2020-11-18,45.278267334213304,45.50571203945951,44.27582871193468,44.31794738769531,15278200,,
2020-11-19,44.21685100176405,44.84021496133016,43.76196170362779,44.755977630615234,17189500,,
2020-11-20,44.80652190255892,44.857066232620205,44.30109145573975,44.36848068237305,15645600,,
2020-11-23,44.60434435038703,44.78966710604874,43.97255477945647,44.37689971923828,13191900,,
2020-11-24,44.764409918019965,45.14348441645828,44.66332445625271,44.83180236816406,13827600,,
2020-11-25,44.705431254153986,44.8823315686125,44.4695641682093,44.58749771118164,10194800,,
2020-11-27,44.73913126264527,44.80652048714978,44.317938165785044,44.39375305175781,8499300,,
2020-11-30,44.22395237042174,44.30885019617892,43.36647267115414,43.807945251464844,43203600,0.41,
2020-12-01,44.26640876539995,44.427719195706224,43.96926308638051,44.18151092529297,18968800,,
2020-12-02,44.062645087801215,44.25791267743438,43.84190555959367,44.24093246459961,14913100,,
2020-12-03,44.06265101401741,44.94559952966661,44.06265101401741,44.80976104736328,17318900,,
2020-12-04,44.80976488926898,45.73516564137907,44.7927846726946,45.71818542480469,18122400,,
2020-12-07,45.64176510732447,45.65874531982055,44.741836515542964,44.98804473876953,16210900,,
2020-12-08,44.94559371094529,45.40404974385847,44.81824697201016,45.14935302734375,12485800,,
2020-12-09,45.310656250404094,45.50592382403327,44.99653043531753,45.27669906616211,11508400,,
2020-12-10,45.33613125374633,45.42951756503432,44.97955326660852,45.03898239135742,12097300,,
2020-12-11,44.82673755649031,45.4549925093561,44.8097573427756,45.29368209838867,10638100,,
2020-12-14,45.54839050070276,45.70969770289853,45.14936350112166,45.225772857666016,22292000,,
2020-12-15,45.66724498938924,46.03231152494875,45.50593456193809,45.709693908691406,16193700,,
2020-12-16,45.505926690738015,45.67572557722136,44.94559263239407,45.0474739074707,15679600,,
2020-12-17,45.2512415636324,45.59932791263552,45.12389479515528,45.225772857666016,12677300,,
2020-12-18,45.06446364427537,45.7096956629074,44.673925151230776,45.62479782104492,35480100,,
2020-12-21,44.724858199725745,44.996535133895435,44.13056369173784,44.835227966308594,14926600,,
2020-12-22,44.83523016958558,45.1493560329101,44.4786521518122,44.79277801513672,9689500,,
2020-12-23,44.954090976135014,45.3276459904778,44.94559924930628,45.06446075439453,7040300,,
2020-12-24,45.013519504775424,45.463483861308994,45.013519504775424,45.370094299316406,3265500,,
2020-12-28,45.718176754833216,46.21908171352796,45.61629871335221,45.98136520385742,9020500,,
2020-12-29,46.227563720078706,46.261524139646966,45.862497306329516,45.95588684082031,8320600,,
2020-12-30,45.88797581368242,46.38039228678164,45.87099560026749,46.21908187866211,8142700,,
2020-12-31,46.22757541012596,46.6350908320662,46.07475672206778,46.55868148803711,8495000,,
2021-01-04,46.07475664747774,46.3803940230993,44.17301477619064,44.79277801513672,25611100,,
2021-01-05,44.42770778469987,44.67391275323177,44.173007852507155,44.300357818603516,20323800,,
2021-01-06,44.1220749087483,44.164523822181984,42.61086832908232,42.89103698730469,38724500,,
2021-01-07,42.525977235711515,42.67030421196742,42.042052420925806,42.41560745239258,53225700,,
2021-01-08,42.47503823007059,43.408930702801555,42.31373103178889,43.36648178100586,29674000,,
2021-01-11,42.97594049851843,43.17969984405324,42.40711785825217,42.61936569213867,19304400,,
2021-01-12,42.48352436079718,42.763689798655626,42.24580460049748,42.54295349121094,18538700,,
2021-01-13,42.43258474942067,42.755202349967945,42.407116046808575,42.58540344238281,18864100,,
2021-01-14,42.585399496609234,42.60237970965892,41.78734891514115,41.79583740234375,34303600,,
2021-01-15,41.736409986592555,41.75339020033818,41.20154458886142,41.34587478637695,24366800,,
2021-01-19,41.37983734661958,41.634534088642056,40.95534169703386,41.184566497802734,29114500,,
2021-01-20,41.21004491586091,41.44776148062347,41.01477727499948,41.32890319824219,23115800,,
2021-01-21,41.4137867350784,41.67697515415037,41.14210982961762,41.5581169128418,19702500,,
2021-01-22,41.439264222124045,41.54963075318269,41.16758728027344,41.16758728027344,15400300,,
2021-01-25,41.108150505324765,41.46472847742365,40.955335075732975,41.413787841796875,16604200,,
2021-01-26,41.52416129258943,41.940168423928064,41.26946456909281,41.846778869628906,12922600,,
2021-01-27,41.50718309382038,41.87224960272095,40.9468489794733,41.20154571533203,21242400,,
2021-01-28,41.3373934393996,42.02507769486428,41.26947580600857,41.72793197631836,17498900,,
2021-01-29,41.62603520650496,41.70244453984144,40.84496490008251,40.87892532348633,18670300,,
2021-02-01,40.98080837740666,41.33738315091365,40.90439903470593,41.159095764160156,12183600,,
2021-02-02,41.43078137301647,41.89772601445565,41.28645438364149,41.566619873046875,13319800,,
2021-02-03,41.55811498273838,41.67697321852676,41.32039527251759,41.405296325683594,12274100,,
2021-02-04,41.56660946674064,41.659999019377224,41.3034242605588,41.60905838012695,20597400,,
2021-02-05,42.02506244501727,42.262778933592614,41.82979486673834,42.15241241455078,12742000,,
2021-02-08,42.4156056327618,42.59389303295116,42.016581914049176,42.38164520263672,17833200,,
2021-02-09,42.3222129259636,42.46654312395332,42.13543705143728,42.19486618041992,14592900,,
2021-02-10,42.7976503821851,42.941980584173514,42.05053714744704,42.10996627807617,22965400,,
2021-02-11,42.28824652345172,42.950458524204336,42.27975479907883,42.70425033569336,21928600,,
2021-02-12,42.93348801336677,43.171204531208275,42.780669326570184,43.03536605834961,13137100,,
2021-02-16,42.975932850548595,43.06083391218122,42.58539768297161,42.67878723144531,15093400,,
2021-02-17,42.44955913347552,42.86556623798709,42.35616958519878,42.55992889404297,12794300,,
2021-02-18,42.58540155536774,43.171204360001724,42.47503178453131,43.10328674316406,12747100,,
2021-02-19,43.12026781978283,43.15422824820347,42.424095230383436,42.54295349121094,15968800,,
2021-02-22,42.32220926467588,43.19667238725369,42.169390592328085,42.98442459106445,14370900,,
2021-02-23,43.298562929445914,43.73154713373645,42.806146345502476,42.90802764892578,16222300,,
2021-02-24,42.78066833644929,43.21365568523339,42.55993203765445,43.052345275878906,14442000,,
2021-02-25,42.84857960727105,43.086296066444014,42.4325725650745,42.59387969970703,14211100,,
2021-02-26,42.61936552674142,42.627854015060166,41.57510657670978,41.59208679199219,23638400,,
2021-03-01,41.97413887521294,42.82313038089913,41.940181676356126,42.36467742919922,13901200,,
2021-03-02,42.31372187166097,42.92499657685389,42.19486362090555,42.53445816040039,11755100,,
2021-03-03,42.21185034712202,42.92500320034108,42.20335862010379,42.432586669921875,15410700,,
2021-03-04,42.71275353346501,43.3749657120995,42.126947462847006,42.398624420166016,22036400,,
2021-03-05,42.492014775694905,43.256108256589044,42.36466802130912,43.120269775390625,21310800,,
2021-03-08,43.69759195011804,44.56356363722113,43.43440342878965,43.8419189453125,25084900,,
2021-03-09,43.909828116426304,44.04566658573608,43.145734702405946,43.17969512939453,23082700,,
2021-03-10,43.4513751971973,43.83342193172086,43.060839974637574,43.67211151123047,21331600,,
2021-03-11,43.6466348044584,43.66361501606166,43.137241410937236,43.19667053222656,17417700,,
2021-03-12,43.30796161581687,43.3850069437856,42.97409961648611,43.11106872558594,17598600,0.42,
2021-03-15,43.23092172895869,43.76167668532202,43.20524103827062,43.68463134765625,13411900,,
2021-03-16,43.830153235049025,44.104091427438014,43.69318413885453,43.84727478027344,14214200,,
2021-03-17,43.87296191206557,44.18970238125748,43.787357438965486,43.864402770996094,17502700,,
2021-03-18,43.71031373487936,43.8215989009339,43.222361035712666,43.29084396362305,18007300,,
2021-03-19,43.19667375381659,43.72743191585579,42.94841621985644,43.49629592895508,67845700,,
2021-03-22,43.076819908836576,43.72742553982386,43.076819908836576,43.658939361572266,17911400,,
2021-03-23,43.65038435408723,44.215382315743376,43.5134152502191,43.99280548095703,16936700,,
2021-03-24,43.804477077351976,44.42083975268027,43.78735879468301,44.10409927368164,14997400,,
2021-03-25,44.25819293542024,44.56637429392478,43.80448003957672,44.53213119506836,17091900,,
2021-03-26,44.634858171884765,45.46523537594041,44.309555257058584,45.405311584472656,17126700,,
2021-03-29,45.13992906420794,46.175758256603494,45.122807515705354,46.09871292114258,17514100,,
2021-03-30,46.01310694774418,46.04735004363566,45.311139809975536,45.499473571777344,14871800,,
2021-03-31,45.396740950186256,45.51658851140354,44.943031392549074,45.122802734375,15826500,,
2021-04-01,45.33682198378773,45.49947506179818,44.908793067931114,44.951595306396484,15834700,,
2021-04-05,44.81461933148076,45.55939188242344,44.76325795941642,45.20840835571289,16368700,,
2021-04-06,45.40530377678638,45.9274995260125,45.2854562144593,45.53371047973633,15614300,,
2021-04-07,45.61075973510742,45.799093501038726,45.47379061413959,45.61075973510742,10062700,,
2021-04-08,45.51658763348536,45.69636223744494,45.34537870110642,45.473785400390625,9695600,,
2021-04-09,45.51658407906406,45.61075094387956,45.208406065487175,45.525146484375,10828200,,
2021-04-12,45.65355890471387,45.841889378914686,45.45666275913873,45.670677185058594,8565300,,
2021-04-13,45.405295002958084,45.61930939878771,45.20840215066689,45.448097229003906,11071700,,
2021-04-14,45.353940755141444,45.53371210504895,45.071443386086976,45.43954849243164,9787600,,
2021-04-15,45.48234843806979,45.93605799325741,45.47378603197129,45.653560638427734,13078100,,
2021-04-16,46.00454686324297,46.055908240425666,45.69636553774163,45.953182220458984,17974100,,
2021-04-19,46.227115631103516,46.53529692447369,45.62787459017272,46.227115631103516,19352900,,
2021-04-20,46.09014518348897,46.73218843738289,46.064464498325485,46.372642517089844,14419200,,
2021-04-21,46.43257290742781,46.86060177422873,46.43257290742781,46.74931335449219,13866500,,
2021-04-22,46.629466606872974,46.97188774692025,46.50105663835453,46.603782653808594,12558900,,
2021-04-23,46.569543228831044,46.73219302684131,46.372647071238106,46.62946701049805,9020500,,
2021-04-26,46.62946598713528,46.663705814764135,45.86757512357478,45.936058044433594,11684600,,
2021-04-27,45.850458865228624,45.97030643975528,45.64500354775331,45.86758041381836,9852400,,
2021-04-28,46.209994950623845,46.26991872927896,45.74772300191206,45.87613296508789,10868100,,
2021-04-29,45.83333618120437,46.5353033279861,45.73916929909439,46.4496955871582,15391000,,
2021-04-30,46.44112741194978,46.4582489567848,45.96173395337144,46.209991455078125,14912600,,
2021-05-03,46.45825964214553,46.91196925502378,46.36409275669498,46.638031005859375,10417900,,
2021-05-04,46.715074726372094,46.75787696402295,46.17575738828736,46.34696960449219,14151000,,
2021-05-05,46.34696318616948,46.43257091521728,45.97885811526632,46.227115631103516,9665900,,
2021-05-06,46.329849909568395,46.749319692769525,46.26992612133988,46.689395904541016,11572700,,
2021-05-07,46.6037839503389,46.88628458269827,46.3640888190773,46.6637077331543,10637500,,
2021-05-10,46.98045715660889,47.511212125443585,46.937654915922515,47.00613784790039,15545800,,
2021-05-11,47.10885302471808,47.20301989189291,46.269916891270974,46.50105285644531,12986700,,
2021-05-12,46.53529837876905,46.70651057661433,46.12439106330102,46.26136016845703,15836500,,
2021-05-13,46.201439017949966,46.89484372355709,46.08159145231917,46.6637077331543,15475800,,
2021-05-14,46.99757850297971,47.16878746498561,46.8178038679109,46.852046966552734,11725300,,
2021-05-17,46.946206095794125,47.10029674861279,46.655146336647874,46.774993896484375,12119800,,
2021-05-18,46.5609869021303,46.706518437753466,46.31272933675066,46.518184661865234,13232500,,
2021-05-19,46.32984028661709,46.38120492254492,45.8932523108336,46.372642517089844,15126100,,
2021-05-20,46.32984128071947,46.91196077132194,46.32984128071947,46.78355407714844,10948400,,
2021-05-21,46.91196419188062,47.18590241147925,46.41545239345855,46.75787353515625,16033200,,
2021-05-24,46.76643616534583,47.02325283924908,46.646588601897726,46.911964416503906,10326100,,
2021-05-25,46.929092556552206,46.929092556552206,46.52674430936402,46.903411865234375,11916500,,
2021-05-26,47.066057778692425,47.125981563860094,46.732195756872166,47.10886001586914,16064300,,
2021-05-27,47.262952797599056,47.571134144027255,46.89484766332109,47.50265121459961,59109600,,
2021-05-28,47.38278989714659,47.6909711754371,47.2543832082594,47.33142852783203,17011600,,
2021-06-01,47.37423680333571,47.6396158858647,47.16878150305501,47.322872161865234,13304000,,
2021-06-02,47.51120376586914,47.562568405016194,47.305748474881995,47.51120376586914,11328500,,
2021-06-03,47.237260566758415,47.7166540180377,47.16877438846107,47.631046295166016,17364300,,
2021-06-04,47.85362789690435,48.35013967683447,47.75089861918001,48.14468765258789,18935100,,
2021-06-07,48.20461622406601,48.230296913249624,47.77658732113181,47.973480224609375,14010800,,
2021-06-08,48.15324358250035,48.15324358250035,47.55400256479796,47.639610290527344,10968300,,
2021-06-09,47.725230887854295,47.87075917240008,47.49409484863281,47.49409484863281,9838800,,
2021-06-10,47.862186431884766,48.04195776722704,47.733776469154,47.862186431884766,12444400,,
2021-06-11,47.93067414473646,48.11900462631973,47.648173523959876,48.076202392578125,11825800,,
2021-06-14,48.03308507527381,48.050335635751395,47.610457859300844,47.91233444213867,9710800,0.42,
2021-06-15,48.110703479243185,48.11933040324595,47.601823539927025,47.79157638549805,11154200,,
2021-06-16,47.81745200157561,47.834702559887546,47.12744612013588,47.1533203125,15211700,,
2021-06-17,47.15332804531933,47.567334932285,47.13608077438653,47.394832611083984,10658400,,
2021-06-18,47.01531794150594,47.11019436470691,46.33393900164048,46.3770637512207,31445600,,
2021-06-21,46.765189944939586,46.94631585516692,46.575437111249656,46.88594055175781,14404300,,
2021-06-22,46.8686959337704,47.308573670089,46.79969369815541,47.058448791503906,13072800,,
2021-06-23,47.058445508325576,47.092943333518534,46.67031618558956,46.67893981933594,12339200,,
2021-06-24,46.799684862013216,46.93768601697981,46.57543421902016,46.91181182861328,11488400,,
2021-06-25,46.78244149156306,46.98081796270593,46.58406173021285,46.8514404296875,18880300,,
2021-06-28,46.79107042686436,46.89457049088221,46.575443374205996,46.7996940612793,10556900,,
2021-06-29,46.68756278507969,46.86868869026467,46.333934607724984,46.45468521118164,12300900,,
2021-06-30,46.402943673463575,46.73069773312275,46.35981891855766,46.67032241821289,14614200,,
2021-07-01,46.86870103487718,46.989451670138,46.454697446750934,46.54094696044922,13214700,,
2021-07-02,46.575438278297156,46.963567588657774,46.575438278297156,46.730690002441406,10604600,,
2021-07-06,46.5668193303801,46.65306883460206,46.18731361530502,46.47194290161133,15278200,,
2021-07-07,46.333936878028496,46.90319210093634,46.333936878028496,46.8514404296875,14377700,,
2021-07-08,46.58405389536925,46.722055038615444,46.351179639434314,46.687557220458984,11943900,,
2021-07-09,46.791072543551365,47.023950165782,46.730697229292446,46.972198486328125,10847000,,
2021-07-12,46.85144736049233,47.092948614964534,46.80832260650913,46.98944854736328,15107600,,
2021-07-13,47.39482869610784,47.69670526561748,47.22232638915611,47.455204010009766,15170800,,
2021-07-14,47.455206976011944,48.602341302053574,47.40345529362954,48.524715423583984,22002700,,
2021-07-15,48.50746314847461,48.70583964182857,48.222833860048695,48.679962158203125,15068200,,
2021-07-16,48.69720278301711,48.88695560325826,48.52470051827125,48.64545440673828,14860500,,
2021-07-19,48.36945717962495,48.602331477753296,47.57594799453204,48.06757736206055,19527000,,
2021-07-20,48.06758250087388,48.58508940479252,47.88645656509584,48.15383529663086,16257900,,
2021-07-21,49.447592252226315,49.645968725616555,48.671333625736345,48.77483367919922,20918200,,
2021-07-22,48.83520385103832,48.93870718382835,48.34357453601029,48.70582962036133,13402700,,
2021-07-23,48.80934083533935,49.447598372812735,48.688590209651686,49.171592712402344,12144000,,
2021-07-26,49.06808596035976,49.266462431275116,48.78345999433592,49.21471405029297,8681100,,
2021-07-27,49.25784041373773,49.628719177243966,49.093961761365364,49.38721466064453,12794400,,
2021-07-28,49.1543362761787,49.30096106853819,48.843832845056035,48.9387092590332,9858000,,
2021-07-29,49.22333957750224,49.3785913068364,49.04221365668154,49.20608901977539,9599100,,
2021-07-30,49.29233848342229,49.378587976031156,49.0767114616929,49.18883514404297,11727000,,
2021-08-02,49.33546584017751,49.369966955129485,48.91283540753439,49.05946350097656,9778000,,
2021-08-03,49.162958216061995,49.162958216061995,48.947331206342426,49.093955993652344,8825500,,
2021-08-04,48.947342794689455,49.11984510134667,48.309085247120116,48.38671112060547,11888400,,
2021-08-05,48.6799644764981,48.80934203016356,48.5505902130405,48.73171615600586,9806800,,
2021-08-06,48.81796546372235,48.938719382075966,48.67996427581178,48.85246658325195,10409300,,
2021-08-09,48.9904620468798,49.05946427787645,48.671334954038926,48.861087799072266,8859900,,
2021-08-10,49.024964373186364,49.30959035755854,48.86971263981698,48.99046325683594,10906900,,
2021-08-11,49.06809686958695,49.318225067302386,48.91284511170897,48.93009567260742,8370700,,
2021-08-12,48.93009457060015,49.145721641662306,48.93009457060015,49.02497100830078,6169200,,
2021-08-13,48.99909152281234,49.42171869395185,48.964590405517136,49.36134338378906,7714200,,
2021-08-16,49.335475504566084,49.58560370165469,49.18884738240074,49.57697677612305,7972000,,
2021-08-17,49.5597241019429,49.645976902541015,49.1715947247712,49.40447235107422,10346400,,
2021-08-18,49.32684566440968,49.36134678408152,48.66271391666218,48.73171615600586,13873700,,
2021-08-19,48.352207584954286,49.145713495637615,48.25733116297966,49.042213439941406,9223700,,
2021-08-20,49.02496889069213,49.18884427314598,48.8007181941654,48.85246658325195,10543600,,
2021-08-23,48.87833865155708,48.94734088761465,48.628213771367655,48.679962158203125,8912800,,
2021-08-24,48.85246696708036,48.85246696708036,48.21421270180722,48.309085845947266,12067200,,
2021-08-25,48.35221620849041,48.44708935717805,48.06758689180337,48.36083984375,11270700,,
2021-08-26,48.25733382273329,48.28320801553156,47.87782811391793,47.90370559692383,10331500,,
2021-08-27,48.0071969358527,48.119323901285476,47.826071038758464,47.998573303222656,8844100,,
2021-08-30,48.033073332492265,48.47295429161186,47.98994858694511,48.45570373535156,10034700,,
2021-08-31,48.43845921849493,48.74896268948009,48.30045804141348,48.56783676147461,14185700,,
2021-09-01,48.62820490131497,48.990456703917374,48.541952121975996,48.89558029174805,9518900,,
2021-09-02,48.96459197998047,49.18884266919483,48.654088494754625,48.96459197998047,11653200,,
2021-09-03,48.69721803579044,48.96459679440432,48.516092081668816,48.93009567260742,13220400,,
2021-09-07,48.81796390089349,48.89558977224611,47.87782981015966,48.015830993652344,20035300,,
2021-09-08,47.964078786146885,48.71445995598663,47.964078786146885,48.6627082824707,12040100,,
2021-09-09,48.455705086234026,48.66270518671411,48.1279510885654,48.17970275878906,12545400,,
2021-09-10,48.30908979553065,48.41259316339476,47.8864625591474,47.964088439941406,10573700,,
2021-09-13,48.076213817271004,48.64546916043703,48.076213817271004,48.36083984375,20274300,,
2021-09-14,48.59547688889411,48.64761915363912,48.27394121056666,48.39560317993164,13918900,0.42,
2021-09-15,48.38689909865534,48.664984458931826,48.16095267153133,48.56070327758789,15746000,,
2021-09-16,48.421663268154255,48.656298425398695,47.63954607733946,48.10012435913086,17430400,,
2021-09-17,47.8133465033203,47.961077897160465,47.24848376384444,47.3093147277832,33370200,,
2021-09-20,47.022541860349676,47.27455775456712,46.692314251204024,46.97909164428711,27542500,,
2021-09-21,47.26586788773228,47.63954573005987,46.87480929517559,46.970401763916016,16418200,,
2021-09-22,47.37014508833493,47.41359861777104,46.97908984372085,47.039920806884766,12719700,,
2021-09-23,47.1528973314799,47.46574422319166,46.92695419582103,46.96171569824219,13836200,,
2021-09-24,46.92695233362639,47.13551802483754,46.80529039501956,46.83135986328125,9682200,,
2021-09-27,46.796605621415154,47.144214055675654,46.55328170645663,46.588043212890625,12429500,,
2021-09-28,46.45768084818891,46.45768084818891,45.562593766593785,45.745086669921875,19926100,,
2021-09-29,45.74509269270031,46.19698230927435,45.675572998248676,46.02317810058594,13941500,,
2021-09-30,46.20566456163551,46.34471056115892,45.562593389035165,45.597354888916016,17672000,,
2021-10-01,45.866747885415165,46.23173700138052,45.68425498495201,46.075313568115234,16277400,,
2021-10-04,46.11007489359326,46.51851090998646,45.536523412133036,46.04924392700195,18973400,,
2021-10-05,46.07531822503143,46.46637684771966,45.997106500493786,46.12746047973633,17173100,,
2021-10-06,45.858059038601965,46.72707663649466,45.63211260672799,46.67493438720703,21284500,,
2021-10-07,46.91826627336699,47.170278882595646,46.7618428248585,46.82267379760742,13774400,,
2021-10-08,46.92694974418197,47.26586607303926,46.84004931141205,47.03123092651367,13786800,,
2021-10-11,47.1094503022995,47.26587375875195,46.935646093459056,47.1268310546875,12378500,,
2021-10-12,47.29194322981417,47.64824368120885,47.11814233601328,47.1268310546875,19474400,,
2021-10-13,47.07467902741213,47.300625446522545,46.74445474569517,47.13551330566406,12143300,,
2021-10-14,47.26586919541332,47.63085833024391,47.19634950761274,47.457054138183594,13704000,,
2021-10-15,47.48312839802993,47.69169411255556,47.17897351751295,47.344085693359375,17867000,,
2021-10-18,47.23111020069981,47.26587170396463,46.80529338834377,46.874813079833984,15861800,,
2021-10-19,46.96171952978098,47.100762235770574,46.72708434185361,47.05731201171875,11068500,,
2021-10-20,47.08337908697915,47.587407627400616,47.02254811339448,47.47443771362305,12474800,,
2021-10-21,47.44835637482319,47.50918733744167,47.10944006450913,47.231101989746094,14388300,,
2021-10-22,47.26587379504206,47.38753574681191,46.987788386699656,47.318016052246094,12828600,,
2021-10-25,47.25718504007772,47.33539676830395,46.944338127172834,47.1268310546875,11855000,,
2021-10-26,47.205041830228836,47.43098829167327,47.12683010358107,47.33539581298828,12086700,,
2021-10-27,48.638918557335046,48.734511028506326,48.03060554400442,48.247859954833984,24019800,,
2021-10-28,48.44774067342611,48.76058760100616,48.3347674351245,48.69975662231445,15928000,,
2021-10-29,48.552025203920536,49.073437890622664,48.47381346666722,48.986534118652344,24463700,,
2021-11-01,49.003902372268094,49.012594404767775,48.57808560087813,48.81271743774414,11651100,,
2021-11-02,49.07343102861278,49.09950049903858,48.638922174638985,48.75189208984375,11498900,,
2021-11-03,48.66499531108723,48.951772767532354,48.473810340123826,48.91701126098633,10788300,,
2021-11-04,48.760584543050086,49.21247415287719,48.69106153459692,49.1864013671875,10820200,,
2021-11-05,49.39496994018555,49.673055360035626,49.17771549873769,49.39496994018555,12886700,,
2021-11-08,49.31675664128411,49.438418594221915,48.7779665718283,48.9517707824707,12828000,,
2021-11-09,49.021293483267385,49.11688597073359,48.74320805520558,49.090816497802734,10155800,,
2021-11-10,49.13426790431122,49.464492286164976,48.91701345123065,49.29069137573242,8813600,,
2021-11-11,49.38627522911347,49.429725449123296,49.160328780999535,49.30806350708008,7257700,,
2021-11-12,49.316753191987154,49.525318893178515,49.142948993500916,49.195091247558594,10162500,,
2021-11-15,49.12555797661458,49.25591192699965,48.899614886324265,49.20376968383789,10289200,,
2021-11-16,49.203783389814426,49.48186880072868,48.83010549732848,48.856178283691406,13756500,,
2021-11-17,48.69975377980329,48.70844249837794,48.36083739972004,48.5867805480957,13288700,,
2021-11-18,48.517252746247216,48.60415317762914,47.917628498579475,48.15226364135742,15380100,,
2021-11-19,48.178336521666,48.22179005547502,47.70906951789695,47.90894317626953,15813700,,
2021-11-22,47.88286784341884,48.68236574937851,47.865490408867544,48.20440673828125,16905600,,
2021-11-23,48.369518349258186,48.760576923096686,48.23047566911994,48.56070327758789,13835900,,
2021-11-24,48.41296725700664,48.525940467515866,47.822035053627644,48.16964340209961,12598900,,
2021-11-26,47.43968142397851,47.578724138173406,46.561974912193186,46.692325592041016,14754300,,
2021-11-29,46.970402892530316,47.56133515436187,46.866121703689224,47.43098449707031,22712500,,
2021-11-30,46.94055939728101,46.96683437089195,45.92468172399012,45.933441162109375,30485200,0.42,
2021-12-01,46.39759698020027,46.8705064755581,45.784566524078706,45.80208206176758,18719600,,
2021-12-02,46.064803175380476,46.71286463273575,45.985984935171686,46.476409912109375,17074200,,
2021-12-03,46.704115236505615,46.94932608978459,46.39759832915958,46.888023376464844,21064400,,
2021-12-06,47.562353947607996,48.38556415315561,47.4134735514867,48.087806701660156,26624100,,
2021-12-07,48.184136139442245,48.53443683029442,48.035255756751276,48.350528717041016,23832700,,
2021-12-08,48.27170439240528,48.473128015924225,47.60613082515774,48.1666145324707,18026300,,
2021-12-09,47.94768401081411,48.28047252474581,47.80756305875028,48.04401779174805,13846400,,
2021-12-10,48.38555413155853,49.322613464674696,48.22791766984306,49.28758239746094,23153600,,
2021-12-13,49.90061297682352,50.73258245348154,49.88309744312323,50.583702087402344,31362800,,
2021-12-14,50.26843938208345,50.942769147718394,50.26843938208345,50.61874008178711,24806600,,
2021-12-15,50.732582433543854,51.012824291145364,50.48737164332915,50.846431732177734,24923800,,
2021-12-16,50.77637751390648,51.56455994926213,50.70631870895653,51.363136291503906,24696900,,
2021-12-17,51.22301491229287,51.599587249648835,50.53116626268546,50.557437896728516,51874400,,
2021-12-20,50.09329097774452,50.60122819824071,49.91813894487623,50.391048431396484,20879500,,
2021-12-21,50.45234351007179,50.76761645339526,50.38228137122362,50.592464447021484,15864900,,
2021-12-22,50.5399199111351,50.960282739186724,50.34725570291152,50.9515266418457,12447400,,
2021-12-23,51.24927951878377,51.32809775085195,50.74133905862295,50.98655319213867,11027300,,
2021-12-27,50.793893050330716,51.398164023605396,50.793893050330716,51.363136291503906,9860000,,
2021-12-28,51.144197084686596,51.61710320503618,51.05661940258706,51.56455993652344,8979900,,
2021-12-29,51.625858306884766,51.75721980787882,51.37188806125088,51.625858306884766,9996000,,
2021-12-30,51.72219628517488,51.87107333322531,51.45946658032617,51.47698211669922,7703900,,
2021-12-31,51.450710273963686,51.976163000037296,51.406923103582045,51.85355758666992,10021300,,
2022-01-03,51.51201400421121,51.94113630027082,51.12668222015033,51.932376861572266,20187300,,
2022-01-04,52.30894865920418,53.01831280743933,52.18634325251467,52.799373626708984,26141600,,
2022-01-05,52.62422091567856,53.59631139974163,52.58918984544733,53.23725128173828,22507300,,
2022-01-06,52.957000732421875,53.52624049713572,52.93072576367624,52.957000732421875,17902300,,
2022-01-07,52.79061348354063,53.17594857455708,52.59794927877914,52.83440399169922,12307900,,
2022-01-10,53.02707168838157,53.26352641687258,52.70304261929994,52.92198181152344,20954300,,
2022-01-11,52.92198336458566,52.97452997493025,52.40528672214521,52.93949890136719,19369600,,
2022-01-12,53.00955110920108,53.149672045264225,52.71179370247354,53.018310546875,15753800,,
2022-01-13,53.018310888427315,53.45618923403888,52.88694604844518,53.33358383178711,14318000,,
2022-01-14,53.368611761212435,53.81524954623437,52.8606746155807,53.76270294189453,19729600,,
2022-01-18,53.47370476875294,53.587550733274355,52.93949265258737,53.33358383178711,21976700,,
2022-01-19,53.123404223529846,53.578798133580754,53.035829884989894,53.42116165161133,18654700,,
2022-01-20,53.421163927871014,53.80649571091132,53.17595309691327,53.20222473144531,23002400,,
2022-01-21,53.49122661737069,53.68389084047342,52.89571172978689,52.93949890136719,26643200,,
2022-01-24,52.457836518471055,52.85192442737538,51.29307830736164,52.510379791259766,30185100,,
2022-01-25,51.98491670874667,52.58918761120284,51.39815799991538,52.38776397705078,19027100,,
2022-01-26,52.361502444595395,52.85192413859572,51.85356187209822,52.195106506347656,19190200,,
2022-01-27,52.44031908307156,53.359863071820016,52.10753055754693,52.238895416259766,18893800,,
2022-01-28,52.01118480302329,53.324819724833596,51.61709365833093,53.28103256225586,19101500,,
2022-01-31,52.80812613786855,53.54376186879617,52.67676464279902,53.42991256713867,22045300,,
2022-02-01,53.34234114936189,53.54376479206263,52.6855236159151,53.03582763671875,20841700,,
2022-02-02,53.08837520072278,53.65761844544266,53.03583193186969,53.578800201416016,20225600,,
2022-02-03,53.36860934603096,54.10424506976433,53.06209585311977,53.95536804199219,19440500,,
2022-02-04,53.8502923368451,54.01668494235158,53.044594265332776,53.386138916015625,17403700,,
2022-02-07,53.75394530151595,54.05170270273259,53.29855143255247,53.94660949707031,17846400,,
2022-02-08,54.1480437261841,54.585922119541905,54.06922548174982,54.29692077636719,18771700,,
2022-02-09,54.44580249449101,54.577167360059796,53.33359421986379,53.456199645996094,23595600,,
2022-02-10,52.860679710965044,54.55964665942775,52.72055875996551,53.75395202636719,23561500,,
2022-02-11,54.09549317574301,54.27940128577727,52.676768220019476,52.799373626708984,22781400,,
2022-02-14,52.68552861245248,53.23725632828107,51.91486169804476,53.14092254638672,23641300,,
2022-02-15,53.38613336295889,54.104253666812724,53.097135358113825,53.34234619140625,13408700,,
2022-02-16,53.29855276235898,53.77146217739867,53.03582642314138,53.33358383178711,15484700,,
2022-02-17,53.027070234436145,54.54212900219182,52.9044648246722,54.402008056640625,21468700,,
2022-02-18,54.4020092184926,55.01503962115151,54.28816324456434,54.76982879638672,21975000,,
2022-02-22,54.673490541986546,54.85739864550436,54.05170409252345,54.5421257019043,21731400,,
2022-02-23,54.50710180761512,54.58592004905977,53.718919393168584,53.93785858154297,19248500,,
2022-02-24,52.51913262742955,53.08837250247042,51.86231507417303,52.99203872680664,27207400,,
2022-02-25,53.36861412956185,55.085099865955954,53.35109859400462,55.04130935668945,21487800,,
2022-02-28,53.99040633713141,54.59467730722122,53.78022324189537,54.507102966308594,25879100,,
2022-03-01,54.419526005973026,54.95373817856304,53.867798296818926,54.27064895629883,15871100,,
2022-03-02,54.49834422153599,55.067587466955416,54.10425300091846,54.67349624633789,17319100,,
2022-03-03,54.831132024878414,55.190192167738665,54.550890125121484,54.708526611328125,21262800,,
2022-03-04,53.824006324028986,54.8136123367593,53.59631105050309,54.79609680175781,17163000,,
2022-03-07,54.30567306258365,54.358219668767255,53.1759494259837,53.4912223815918,29151400,,
2022-03-08,53.81524517327164,53.894063403003386,51.3105806959589,51.371883392333984,30242100,,
2022-03-09,52.387768186565005,52.40528372234391,51.37189049661687,51.63461685180664,23022700,,
2022-03-10,51.21424966279305,51.371886130659185,50.35600852704774,50.68879699707031,20887300,,
2022-03-11,50.75886224979422,51.53828525074572,50.67128790795021,50.72383117675781,19855600,,
2022-03-14,51.15624226265879,52.10047483910819,51.15624226265879,51.659244537353516,17799400,0.44,
2022-03-15,52.13577091942092,52.850561810607665,52.047522844612786,52.61229705810547,18607200,,
2022-03-16,52.75348694061198,52.894680484160155,51.72100978460086,52.471099853515625,17347300,,
2022-03-17,52.471095202407746,53.071168550876095,52.268129711943345,53.02704620361328,15586200,,
2022-03-18,53.21237000944754,53.21237000944754,52.69171815501365,53.0358772277832,30197800,,
2022-03-21,53.38886275301492,53.91833773131029,53.16824761767189,53.4594612121582,17440100,,
2022-03-22,53.768323418087256,53.78597303364874,53.00058365592289,53.653602600097656,17559500,,
2022-03-23,53.60947321937326,53.812438722253695,52.94762787098593,53.30061340332031,15529200,,
2022-03-24,53.5124022709028,53.84773819150023,53.353559117268205,53.81243896484375,13151300,,
2022-03-25,53.93598945527985,54.368396618642336,53.87421748427377,54.29779815673828,12259800,,
2022-03-28,54.29780103978675,54.65960976045612,54.01541390981651,54.64196014404297,11485200,,
2022-03-29,54.89786304077536,55.18025011163347,54.48310892400719,54.85374069213867,14720600,,
2022-03-30,54.72137632972877,54.89786911010742,54.32427178177655,54.89786911010742,13641000,,
2022-03-31,54.90669733281398,55.27732915361412,54.712554931640625,54.712554931640625,16822900,,
2022-04-01,55.00375957629114,55.55088409394126,54.79196759438047,55.48028564453125,12644900,,
2022-04-04,55.24202857743553,55.40969823484432,54.46546572429941,55.189083099365234,11505800,,
2022-04-05,55.065539737269205,55.80680673487428,55.039063631637696,55.12731170654297,15721200,,
2022-04-06,55.39205162718252,55.824455431056855,54.97729407274305,55.68326187133789,19267400,,
2022-04-07,55.70973862380006,56.18626478942446,55.339103421292144,55.983299255371094,13960800,,
2022-04-08,56.01859801546728,56.51277715920887,55.736210895134946,56.32746124267578,12703500,,
2022-04-11,56.398051528937195,56.742213958410744,56.159786785295374,56.30980682373047,12720100,,
2022-04-12,56.812806006589256,57.19226430051499,56.3804022357658,56.971649169921875,18089900,,
2022-04-13,56.86575542245478,57.24521369773869,56.68043952977741,57.12166976928711,11883000,,
2022-04-14,57.32462944863025,57.86293085633762,57.20108552548155,57.3775749206543,16388400,,
2022-04-18,57.15696383781581,57.51877587584479,56.63631537252261,56.86575698852539,11679400,,
2022-04-19,56.918704914082845,57.58055032006055,56.86575943604931,57.42170715332031,11993800,,
2022-04-20,57.74821579923976,58.45418014162198,57.71291657222478,58.20709228515625,14827100,,
2022-04-21,58.22474173020632,59.12484840020663,57.995300134857715,58.427703857421875,15120400,,
2022-04-22,58.31298729665827,58.54242216279352,57.518771556777864,57.580543518066406,14902200,,
2022-04-25,59.124866942623804,59.3013563896947,57.16580310998896,58.18946075439453,25082000,,
2022-04-26,57.81880347433777,58.56890021379416,57.39522624507917,57.404052734375,21982600,,
2022-04-27,57.35993118881705,58.48947952577457,57.35993118881705,57.85410690307617,16971000,,
2022-04-28,57.05989370911288,58.48947527361515,56.91869681093856,58.410057067871094,22010600,,
2022-04-29,58.12767589475977,58.26886607460348,56.90987608883106,57.01577377319336,20137100,,
2022-05-02,57.60702689411805,57.63349963489718,55.22438596703592,55.983299255371094,24970300,,
2022-05-03,56.230389315183054,56.42452835396293,55.30380301180287,55.66561508178711,21686300,,
2022-05-04,55.595012184975104,57.46583089177524,55.542063342447655,57.38640594482422,19780200,,
2022-05-05,57.086371539652106,57.38640487609424,56.48629813412855,56.927528381347656,20155200,,
2022-05-06,56.653963667134796,57.63349539982403,56.53924622130834,57.1304931640625,18984000,,
2022-05-09,56.892229841090355,57.67761915201919,56.5127715545913,57.01577377319336,20055300,,
2022-05-10,56.918701360525645,57.64231868991203,56.3451006979615,56.486297607421875,21322200,,
2022-05-11,56.76869439537253,57.53643084069067,56.44218153592436,56.751041412353516,19648400,,
2022-05-12,56.618668554822136,56.94517462887514,55.78032704552228,56.927528381347656,22574700,,
2022-05-13,57.19226559713146,58.065906381587105,56.58337240108498,57.99530792236328,16167000,,
2022-05-16,57.74821579923976,58.57772406985485,57.74821579923976,58.20709228515625,13223200,,
2022-05-17,58.33063153716078,58.33063153716078,57.368752925510805,58.04824447631836,21300600,,
2022-05-18,57.730557094569726,57.81880178703684,53.79478456331794,54.00657653808594,31437300,,
2022-05-19,53.79479701312812,53.79479701312812,52.6475989139617,52.947635650634766,31493900,,
2022-05-20,53.380035220420325,54.041880571791296,52.647591415736414,53.81243896484375,29133800,,
2022-05-23,54.403693437591286,55.683258522832965,54.35074459351075,55.47146987915039,19406900,,
2022-05-24,55.48911614130855,56.64514058649067,55.3743953358918,56.4951171875,16154200,,
2022-05-25,56.4774774485123,56.892235000747206,56.124491867931106,56.539249420166016,15360500,,
2022-05-26,56.53924151960346,57.44817471805745,56.44217033019196,56.742210388183594,16159800,,
2022-05-27,56.70691337342886,57.20991558697927,56.60101569013009,57.077545166015625,17709000,,
2022-05-31,56.548066609173254,56.759855229627405,55.63913006690594,55.93034362792969,43159000,,
2022-06-01,55.96564005350771,56.19508165536103,54.827268632827405,55.65678024291992,15408300,,
2022-06-02,55.7538480478594,56.24802708113335,54.80961569413466,56.239200592041016,14586000,,
2022-06-03,56.09801361832461,56.15096246010778,55.42734512066934,55.568538665771484,13539900,,
2022-06-06,55.88621999600007,56.27450136879703,55.29496976430902,55.48028564453125,15112800,,
2022-06-07,55.04788081524958,55.92151472802603,54.90668728559282,55.81562042236328,17886300,,
2022-06-08,55.58618813288209,55.78032715293499,55.206729850237394,55.49794006347656,10211500,,
2022-06-09,55.48028507392922,55.903865667074754,54.518403091686444,54.53605270385742,13382200,,
2022-06-10,53.83891280478924,54.615478975545145,53.35356021043664,54.191898345947266,14967600,,
2022-06-13,53.60947134788602,54.96846122371617,53.53887289735591,54.130123138427734,23064200,,
2022-06-14,53.97902932167798,54.121242997291716,52.13913841001955,52.645774841308594,24620000,0.44,
2022-06-15,53.330171360272374,53.89902597894606,52.41467117025948,53.0368537902832,19684700,,
2022-06-16,52.12135545160935,52.9035322753889,51.774709867957355,52.50355529785156,15053800,,
2022-06-17,53.06351443729111,53.44571422138055,52.55687814501266,52.82352828979492,34781900,,
2022-06-21,52.87686725306404,54.112349033776184,52.450222891499166,53.95235824584961,17705000,,
2022-06-22,53.86347802435391,54.61899090813674,53.61460494720451,54.35234069824219,15207100,,
2022-06-23,54.485648397717135,55.02783892286668,54.423430146369526,55.00117492675781,17190900,,
2022-06-24,55.20562002294616,56.05001513846647,55.20562002294616,56.0322380065918,18147100,,
2022-06-27,55.97890527647627,56.254445728003226,55.66781395268868,55.91668701171875,12142100,,
2022-06-28,56.06779940297838,56.67220501040037,55.20562704590257,55.356727600097656,13150100,,
2022-06-29,55.587817135197405,56.09445350134975,55.490044610038,55.75669479370117,11795500,,
2022-06-30,55.392273501161725,56.09445493558643,55.25005984019581,55.91668701171875,15514200,,
2022-07-01,56.103338329383206,57.28548867716175,55.83668815542602,57.223270416259766,15143200,,
2022-07-05,57.045502107707314,57.045502107707314,55.48114864721337,56.245548248291016,15921200,,
2022-07-06,56.52997688835849,56.96550469620124,56.16555420825626,56.36109924316406,13450500,,
2022-07-07,56.227778335506336,56.5122090480793,55.730032217446194,55.91668701171875,14828400,,
2022-07-08,56.02334792258143,56.36999351863125,55.89002451906139,56.12112045288086,11311500,,
2022-07-11,55.9877962701348,56.4055469974529,55.63226041774718,55.94335174560547,12702100,,
2022-07-12,55.996686746327924,56.39666375835854,55.525604593625964,55.703369140625,14731100,,
2022-07-13,55.40116509731183,55.99668375738256,55.09007037538609,55.44560623168945,13145300,,
2022-07-14,54.51232807872154,55.33005578979386,54.48566068595793,55.26783752441406,14433000,,
2022-07-15,55.77447422790527,55.97001928629912,55.170065311634445,55.55226516723633,21968400,,
2022-07-18,55.570051077688255,55.605605346765884,54.6723244320076,54.7967643737793,10780800,,
2022-07-19,55.18784695768324,55.68559651492799,55.0456332828478,55.57893371582031,10998200,,
2022-07-20,55.46338711035337,55.623377917433814,54.35234172265111,54.66343307495117,11010500,,
2022-07-21,54.450104365966006,55.00118525371573,54.03235365571572,54.53899002075195,11959600,,
2022-07-22,54.55677246932926,54.99230035298742,54.50344107125951,54.74342727661133,11644700,,
2022-07-25,54.70786732990848,55.37449447866604,54.494548541065036,55.2767219543457,14941700,,
2022-07-26,55.77447051989116,56.70774783452609,55.578925474497595,56.18333435058594,20118000,,
2022-07-27,55.89001938234101,56.165556425343205,54.92118782031703,56.00556564331055,12142900,,
2022-07-28,55.925581324474734,57.10773529346611,55.89891731907064,56.9388542175293,10837000,,
2022-07-29,56.62775722849847,57.143283886056594,56.556652090935316,57.03662109375,13734200,,
2022-08-01,56.965506022468546,57.809904440022244,56.912178023081765,57.34770584106445,12831500,,
2022-08-02,57.4099281955214,57.41881845648053,56.37888170657491,56.56553649902344,15241900,,
2022-08-03,56.485550287231206,56.97440960958986,56.2722314585053,56.81441879272461,11317000,,
2022-08-04,56.56553723096994,56.645532627431734,55.92557405927558,56.592201232910156,11795600,,
2022-08-05,56.55664737010349,56.55664737010349,55.70336205608144,56.33443832397461,10445400,,
2022-08-08,56.44109857948116,56.71663902152356,55.77447143090461,55.97001647949219,9165200,,
2022-08-09,56.15667591591851,56.272225580616315,55.86335831875668,56.0411262512207,7910900,,
2022-08-10,56.55664761300877,56.69886126751641,56.08556212755641,56.574424743652344,8857300,,
2022-08-11,56.60998481004689,56.876638422374896,56.06779749522906,56.19223403930664,8507800,,
2022-08-12,56.378879788680706,56.67219396817315,56.07667534853156,56.618865966796875,9489300,,
2022-08-15,56.56553351511464,57.49881420940767,56.50331525424723,57.329933166503906,9863300,,
2022-08-16,57.39215391760668,57.978789072337854,57.17883512555995,57.80101776123047,9569600,,
2022-08-17,57.62325634757851,57.969901946381285,57.56103808064679,57.667694091796875,8144000,,
2022-08-18,57.73879891242085,58.08544448896398,57.51658986175053,57.96989822387695,6532000,,
2022-08-19,57.96100744758003,58.192106756980714,57.73879839888607,57.925453186035156,8921100,,
2022-08-22,57.632140497995415,57.7032490271109,56.8766344153118,57.06328582763672,9087900,,
2022-08-23,56.725529934896684,57.21439259121071,56.601093400795385,57.12550354003906,8443800,,
2022-08-24,57.09884257278669,57.40105044401526,56.929968285404094,57.20550537109375,6844700,,
2022-08-25,57.205492486866795,57.51658376859262,56.79662869070123,57.48102951049805,7913900,,
2022-08-26,57.534365045617655,57.596583302781816,55.97889844459158,56.09444808959961,10089500,,
2022-08-29,55.721140531708464,56.023344977364346,55.47226747904165,55.75669479370117,9115900,,
2022-08-30,55.91667524622772,55.91667524622772,55.09894771539296,55.24116134643555,8456800,,
2022-08-31,55.44560057269431,55.578923962219655,54.841191713051664,54.85007858276367,14633600,,
2022-09-01,54.734539512619975,55.14340338589353,54.476776178783524,55.10784912109375,14939700,,
2022-09-02,55.454495803310685,55.79225454418585,54.130131624889835,54.35234069824219,11809800,,
2022-09-06,54.476770325107196,55.081179199192874,54.21012014904374,54.378997802734375,12181800,,
2022-09-07,54.50343913098914,55.54337931715947,54.50343913098914,55.38338851928711,13290700,,
2022-09-08,55.178953370542516,55.37449503049081,54.52121308533175,55.21450424194336,17193500,,
2022-09-09,55.258949965501664,55.890026301936075,54.98341288838596,55.392276763916016,11855900,,
2022-09-12,55.490046901500314,55.827805623096644,55.34783323829784,55.55226516723633,13026900,,
2022-09-13,55.28561491061394,55.303392042324475,53.57904756345524,53.747928619384766,18532800,,
2022-09-14,53.89902566363266,54.290115754663645,53.72125774867685,54.032352447509766,12881600,,
2022-09-15,54.07712663893441,54.07712663893441,53.14599650991474,53.29819869995117,11451900,0.44,
2022-09-16,53.41459265374875,53.53993644169663,52.922169165941185,53.30715560913086,20493500,,
2022-09-19,53.17285284638107,53.80852681889689,53.029602325597764,53.710044860839844,12596200,,
2022-09-20,53.43249626079164,53.745855712268316,53.11018173049455,53.62946701049805,11984600,,
2022-09-21,53.84433313191081,54.34571159555939,53.172845764787816,53.181800842285156,14165300,,
2022-09-22,53.31610014003586,53.477257393082745,53.00274071209003,53.05645751953125,11657600,,
2022-09-23,52.78786014149461,52.91320390532453,51.92835711920825,52.465545654296875,14824000,,
2022-09-26,52.36706849819161,52.43869204891978,51.65081249873953,51.81196975708008,18670100,,
2022-09-27,51.99998209903022,52.259621279066735,50.41527154088121,50.477943420410156,23829300,,
2022-09-28,50.728631902089525,51.25686876483944,50.057144538358,51.015132904052734,21480100,,
2022-09-29,51.113624887330715,51.29268889060177,50.13772965563338,50.6480598449707,14570700,,
2022-09-30,50.91665356988601,51.14943779613038,50.137729092078224,50.155635833740234,16124600,,
2022-10-03,50.460045773345854,50.89874900909619,50.191451467630685,50.719688415527344,16277600,,
2022-10-04,50.98827659909682,51.75824935429532,50.54957000065994,50.8360710144043,18861400,,
2022-10-05,50.58538854325167,50.719687401104146,49.69902359522133,50.35260772705078,14324900,,
2022-10-06,50.1377261714164,50.22725645914931,49.12601752629909,49.26926803588867,17192800,,
2022-10-07,49.23346210300965,49.32299239825835,48.57092630593901,48.803707122802734,11479800,,
2022-10-10,48.88428182845501,49.20659633004209,48.36500001006816,48.696266174316406,10239100,,
2022-10-11,48.758937284258835,49.43937975798869,48.561969970588834,48.7768440246582,14303900,,
2022-10-12,49.448330698134555,50.17353830458777,49.27822178986791,49.36775207519531,18377400,,
2022-10-13,48.77684984092496,50.209358505436334,48.57987908840619,50.021339416503906,16220700,,
2022-10-14,50.39736845097414,50.55852570010698,49.188689082477815,49.22450256347656,15997900,,
2022-10-17,49.80646690189045,50.334703869493566,49.75274667259857,49.86018371582031,13721400,,
2022-10-18,50.4152809132862,50.836077409013875,50.22726182438457,50.53166961669922,11823100,,
2022-10-19,50.41528013325879,50.62120254614415,49.895994853960346,50.1019172668457,10182300,,
2022-10-20,49.93179678937162,50.0660922021763,49.206589264926485,49.314029693603516,16905100,,
2022-10-21,49.24241413079504,50.23621612607444,49.23346246734866,50.1019172668457,15034100,,
2022-10-24,50.71072844968106,51.68662361817744,50.64805656489923,51.543373107910156,17416700,,
2022-10-25,52.859494037646996,52.92216592778623,51.70453477874659,52.77891540527344,28829900,,
2022-10-26,52.83261893222584,53.522012965775964,52.698323522278784,53.1728401184082,15831400,,
2022-10-27,53.51307619717185,53.57574808899413,53.16390325262996,53.29819869995117,16026100,,
2022-10-28,53.33400391025602,54.53372816313487,53.2444736259331,54.39942932128906,12888900,,
2022-10-31,54.175606549165046,54.229326775276284,53.42354046041677,53.58469772338867,14016400,,
2022-11-01,53.74585183540814,53.97863605288095,53.154943044274916,53.39667892456055,10659500,,
2022-11-02,53.39668310721119,53.924920053947474,52.61775859773967,52.65357208251953,14549200,,
2022-11-03,52.02684095556366,52.82367207257348,52.01788587820326,52.62670135498047,9194000,,
2022-11-04,53.0922710013998,53.351913621904416,52.42973866363958,53.05645751953125,9725900,,
2022-11-07,53.05645669745153,53.513070045796624,53.038553372156265,53.26238250732422,8849700,,
2022-11-08,53.495169223431304,53.53098270870708,52.769961515725626,53.360870361328125,10081600,,
2022-11-09,53.35191134536589,53.39667648811064,52.599845335025115,52.61775207519531,10115200,,
2022-11-10,53.94281991026313,54.65012077524628,53.432489771063004,54.50687026977539,16804800,,
2022-11-11,54.94557920366465,55.01720617158317,53.907012076378834,54.900814056396484,18972100,,
2022-11-14,54.900810755410824,55.25893874274686,54.354667111636104,54.37257385253906,16361000,,
2022-11-15,54.73070117879693,55.01720219906054,53.71899252985018,54.283042907714844,13295800,,
2022-11-16,54.42629475055518,54.641168813333614,53.97863646851152,54.1845588684082,14199500,,
2022-11-17,53.88910264145449,54.38152948288223,53.83538583356175,54.35466766357422,11212600,,
2022-11-18,54.60535910473833,54.94557694226347,54.43524677061409,54.739654541015625,10415600,,
2022-11-21,54.981389187395145,55.69764174417314,54.79337353162122,55.58125305175781,15399400,,
2022-11-22,55.93042322787604,55.95728163014285,55.554388519333536,55.82298278808594,12319600,,
2022-11-23,55.948329484979105,56.216923751413404,55.77821716446031,56.073673248291016,8990400,,
2022-11-25,56.163212930193964,56.23483990142173,55.84985346947739,56.12739944458008,5165500,,
2022-11-28,56.1273936462059,56.494473297421266,56.011004953027545,56.136348724365234,12267500,,
2022-11-29,55.97519412936682,56.01995927620451,55.49172234665148,55.93938064575195,10969600,,
2022-11-30,55.91233125639732,57.418115914285956,55.67789950872505,57.35499954223633,30433900,0.44,
2022-12-01,57.354995623340145,57.80582878693869,57.192695409277945,57.517295837402344,12001400,,
2022-12-02,57.35498952653976,58.175502219901674,57.16564044345624,58.022220611572266,13643500,,
2022-12-05,57.17466998396765,57.526319352375715,57.039418639387044,57.2287712097168,9185100,,
2022-12-06,57.27384470346682,57.59844512698443,57.012360646790526,57.20170974731445,10099500,,
2022-12-07,57.21073526027636,57.45418560737696,57.03040128765542,57.29188537597656,12307600,,
2022-12-08,57.34597537406235,57.5713919493371,57.1205587987876,57.53532791137695,9946200,,
2022-12-09,57.35499382537371,57.562376661377904,56.88612693717919,56.931209564208984,13914900,,
2022-12-12,57.0754739458079,57.715659608705906,56.813989903186446,57.67959213256836,11647900,,
2022-12-13,58.23862298554911,58.337806828832385,57.52630922299313,57.697628021240234,17521600,,
2022-12-14,57.87796196906584,58.292727641355945,57.31892638684808,57.697628021240234,12826700,,
2022-12-15,57.336962791751894,57.6074620062765,56.34513119196697,56.9041633605957,12212300,,
2022-12-16,56.579559326171875,56.93120862663059,56.20086113785754,56.579559326171875,33631500,,
2022-12-19,56.65169041759697,57.174655038127355,56.327090027123916,56.66070556640625,10919700,,
2022-12-20,56.64268380994565,56.940235377343605,56.579567436179616,56.61563491821289,10286500,,
2022-12-21,56.86809020156104,57.75172615478122,56.86809020156104,57.52630615234375,10411300,,
2022-12-22,57.1836770806652,57.33696214557158,56.48939703239067,57.11154556274414,9666700,,
2022-12-23,57.25580530937482,57.58942084966885,56.98530612968821,57.54433822631836,6463300,,
2022-12-27,57.64353061386267,57.96813105348021,57.4451629141888,57.89599609375,7320700,,
2022-12-28,58.12141797665477,58.292736801823935,57.24680386757207,57.31893539428711,7159400,,
2022-12-29,57.52630493321708,57.84189017827446,57.436139685819946,57.661556243896484,7169300,,
2022-12-30,57.634513921432,57.634513921432,56.95826412982806,57.35499954223633,7650200,,
2023-01-03,57.30991232823256,57.30991232823256,56.06561184809152,56.75989532470703,12180500,,
2023-01-04,56.940231594517925,57.102531813300864,56.36316223907628,56.732845306396484,13387900,,
2023-01-05,56.44430932524459,56.62464327418719,55.975445873411395,56.08364486694336,9814700,,
2023-01-06,56.72382002230903,57.409084815068034,56.426271967421414,57.1656379699707,9990000,,
2023-01-09,57.07547953987561,57.45418119726938,56.42628210368999,56.453330993652344,9442600,,
2023-01-10,56.444311541819054,56.56152912917249,55.83117815508677,56.020530700683594,10134600,,
2023-01-11,56.2459419891294,56.40824219030906,55.37132462050387,55.912322998046875,10823000,,
2023-01-12,56.002491450463616,56.06560781292385,54.97459247372975,55.19099044799805,13907300,,
2023-01-13,54.73113879535742,55.41640359102887,54.63195496344549,55.38935470581055,13986400,,
2023-01-17,55.65986305535147,56.24594755534301,55.506581427725955,55.61478042602539,18327800,,
2023-01-18,55.46149126796548,55.533626221233845,53.8114437671664,53.92866134643555,19679400,,
2023-01-19,53.85653025621442,54.67704649078504,53.8384965166038,53.84751510620117,14894500,,
2023-01-20,53.847511101548136,54.181126660573256,53.5589781684047,54.17211151123047,14237700,,
2023-01-23,54.35244041263874,54.613924450462314,54.145057588028806,54.30735778808594,12613400,,
2023-01-24,54.17210546696371,55.76805157052729,53.91963659894457,54.59588623046875,10103300,,
2023-01-25,54.280306419654295,54.94753748753208,54.00078865687199,54.93852233886719,11265800,,
2023-01-26,54.83032989501953,55.09181051248415,54.6139284658383,54.83032989501953,11884800,,
2023-01-27,54.85737947658066,54.965578472745634,54.4335952021904,54.54179763793945,14087000,,
2023-01-30,54.58687866057387,55.154925953417596,54.51474370552987,54.67704391479492,15632000,,
2023-01-31,54.98361351027289,55.30821394601613,54.55982922587653,55.29018020629883,14344400,,
2023-02-01,55.12787554223242,55.524610904847236,54.65900866615009,55.2991943359375,12535400,,
2023-02-02,54.82131828102636,55.01968599638364,54.01883570829475,54.35245132446289,16947200,,
2023-02-03,54.415560691705466,54.478677058539205,53.40569538278164,53.94669723510742,15404400,,
2023-02-06,53.91063083637178,54.40654663124438,53.847514468274404,54.25326156616211,11330900,,
2023-02-07,53.80242188708552,54.31637479872404,53.685207754570335,54.163089752197266,14922700,,
2023-02-08,54.027845623139136,54.027845623139136,53.73029751852419,53.84751510620117,11012000,,
2023-02-09,54.23522876525806,54.38851038368757,53.739309553670985,53.75734329223633,12515300,,
2023-02-10,53.84751198506304,54.00981219256718,53.090112163238345,53.75734329223633,14420700,,
2023-02-13,54.009812299036916,54.785242421371635,53.856527240721306,54.64097595214844,16191800,,
2023-02-14,54.28932925374296,54.9114812267871,53.7032481992156,53.73029708862305,20505700,,
2023-02-15,54.00981489097506,54.036863780382504,53.40569665739726,53.73029708862305,13171400,,
2023-02-16,53.40569025872427,53.93767347069846,53.15322481561235,53.39667510986328,16538300,,
2023-02-17,53.64914353001761,54.307359500072806,53.54094453976325,54.20817565917969,16814700,,
2023-02-21,54.09096219836815,54.30736018159253,53.84751188755279,53.91964340209961,14278300,,
2023-02-22,53.96472593150339,54.42457766429932,53.874560678586185,54.08194351196289,12409600,,
2023-02-23,54.10899449876745,54.47867755340198,53.92866398593816,54.181129455566406,12222800,,
2023-02-24,53.81144869926774,54.01883154954618,53.549964629079376,53.95571517944336,9736200,,
2023-02-27,54.262279718131644,54.37047871405701,53.86554777334926,53.937679290771484,8849800,,
2023-02-28,53.82947613850265,53.82947613850265,53.32454179719841,53.65815734863281,16082200,,
2023-03-01,53.31553284957125,53.36061547967106,52.63026448955105,53.07208251953125,13275800,,
2023-03-02,53.05404776125442,53.901612885448905,53.01798028203317,53.84751510620117,11758300,,
2023-03-03,53.69422702487116,53.811444605967466,53.3876603478697,53.59504318237305,13101800,,
2023-03-06,53.432752095061396,54.44262099143225,53.39668805129314,54.42458724975586,16282700,,
2023-03-07,54.54179253894239,54.61392404978093,53.874558005871236,54.10898971557617,13961200,,
2023-03-08,54.136043548583984,54.39752759176722,53.85652576729323,54.136043548583984,10851600,,
2023-03-09,54.586880356896756,54.586880356896756,53.450778856736285,53.61307907104492,13900900,,
2023-03-10,53.829478982153724,54.22621091726135,53.189296732462786,53.38766098022461,13745800,,
2023-03-13,53.45979446894285,54.884425400154136,53.42372699230867,53.92866134643555,21956000,,
2023-03-14,54.09997671655661,54.51474237921674,53.51389225962703,54.12702560424805,19496900,,
2023-03-15,53.58603500627131,54.53278404858597,53.41471962667027,54.487701416015625,21089900,,
2023-03-16,54.59671987852061,54.82386549234937,54.24237327550246,54.78752136230469,15658300,0.46,
2023-03-17,54.796612777781824,54.83295344428014,54.18786068986914,54.53312301635742,27351200,,
2023-03-20,54.66031791143911,55.06009292602539,54.48768850045189,55.06009292602539,12904100,,
2023-03-21,55.03284785969957,55.19639300514036,54.40592711282161,54.805702209472656,13716500,,
2023-03-22,54.878384986377405,55.3054164091885,54.542206962205576,54.56037902832031,10494200,,
2023-03-23,54.59671391562962,54.86928792926101,54.26053941434979,54.44225311279297,15479000,,
2023-03-24,54.742099693258254,55.441708686167026,54.433181481661755,55.332679748535156,12975600,,
2023-03-27,55.5507374945611,55.85965570543891,55.378108054881636,55.741539001464844,12777400,,
2023-03-28,55.777885080171835,56.09589106873028,55.66885613899318,55.80514144897461,10925700,,
2023-03-29,56.0777169034361,56.286690477032245,55.959600199762654,56.204917907714844,9441000,,
2023-03-30,56.223083500045,56.41388498448975,56.023194250074106,56.195823669433594,9870700,,
2023-03-31,56.386631017073064,56.55926044377174,56.213998124407226,56.359371185302734,14440900,,
2023-04-03,56.604688682251386,56.80457794003821,56.204913632644896,56.69554901123047,12300700,,
2023-04-04,56.68646383483795,57.004469801840806,56.40480546705428,56.522918701171875,11433400,,
2023-04-05,56.81366894557115,57.25887594519777,56.78641257664398,57.05898666381836,12789600,,
2023-04-06,57.113497536215014,57.27704266644656,56.677378344253306,57.0953254699707,9644200,,
2023-04-10,56.77732404682473,56.95903778076172,56.35028914694474,56.95903778076172,7952600,,
2023-04-11,56.92269702707439,56.97720976078575,56.69555139403095,56.85909652709961,9913000,,
2023-04-12,56.7682362805475,57.26795598080882,56.6137789135076,56.95903778076172,9593700,,
2023-04-13,57.022637363477365,57.386071757439176,56.768235367284454,57.37698745727539,9871400,,
2023-04-14,57.286128997802734,57.376989332245955,57.04081129375709,57.286128997802734,8946000,,
2023-04-17,57.53144463220561,57.722246128721416,57.36789950205857,57.65864562988281,9452400,,
2023-04-18,57.70407600395325,57.785848571778025,57.413329866346785,57.749507904052734,9035700,,
2023-04-19,57.903960382199124,57.99482070875585,57.63138633446307,57.8585319519043,9769500,,
2023-04-20,57.81311128894088,58.149285877448975,57.64047837827299,58.11294174194336,10706400,,
2023-04-21,58.14928550515166,58.39459975332511,57.96756829475456,58.19471740722656,12931100,,
2023-04-24,58.83072048445879,59.04877835689574,57.80402122599659,58.10385513305664,15532300,,
2023-04-25,58.30373898972974,58.30373898972974,57.81310706016169,58.01299285888672,12818900,,
2023-04-26,57.749505246457375,57.94030674061217,57.5950444183555,57.74041748046875,13179600,,
2023-04-27,57.72224319505274,57.93121674718261,57.34064022141568,57.8585319519043,13795800,,
2023-04-28,57.794940425056105,58.29466363374869,57.67682371518626,58.28557586669922,13687600,,
2023-05-01,58.28556716885062,58.776202537277115,58.20379114147912,58.42185592651367,9091500,,
2023-05-02,58.27648038524932,58.27648038524932,57.486014588996866,58.15836715698242,10948400,,
2023-05-03,58.167443182496704,58.31281969628549,57.76767163344498,57.83127212524414,11084600,,
2023-05-04,57.913046637591364,58.085676054596746,57.7040696249441,57.894874572753906,11938300,,
2023-05-05,57.82219108864793,58.34008284840112,57.813106788462456,58.167449951171875,9039000,,
2023-05-08,57.976654136665374,58.20379630966099,57.79493693230149,58.076595306396484,7240700,,
2023-05-09,57.82219263341526,57.922137267961816,57.49510236252376,57.59504699707031,9067700,,
2023-05-10,57.53144692875423,57.82219306818451,57.23161648882747,57.69499206542969,10134000,,
2023-05-11,57.767677474851915,58.085679966003816,57.249782257027505,58.02207946777344,9581500,,
2023-05-12,58.022083787428286,58.32191770080843,57.876710714083586,58.249229431152344,8740800,,
2023-05-15,58.34917017030319,58.376426536619334,57.88579114712534,58.094764709472656,8150000,,
2023-05-16,58.05842631589771,58.05842631589771,57.38607370405145,57.440589904785156,9129600,,
2023-05-17,57.60413308700971,57.62230168733727,56.99538099701877,57.37698745727539,11583000,,
2023-05-18,57.24978817824367,57.277048013138405,56.85001308145242,57.05898666381836,13595100,,
2023-05-19,57.2770480048763,57.33156074272277,56.886357209127944,57.086246490478516,14251400,,
2023-05-22,57.04990136566037,57.12258617018489,55.82331279586378,55.88691329956055,15055400,,
2023-05-23,55.88690557566673,56.032278630591875,55.57798740070493,55.786964416503906,13932700,,
2023-05-24,55.768793959047315,55.814222390152175,55.16912965694862,55.31450271606445,11090100,,
2023-05-25,54.94198644465797,55.178216376342185,54.651240313677114,54.88747024536133,14463600,,
2023-05-26,54.923823111117905,55.09645257072111,54.61490486458681,54.751190185546875,12570300,,
2023-05-30,54.59672531349707,54.696669948085706,54.07883353968993,54.3150634765625,15634200,,
2023-05-31,54.44226172423836,54.76935197872042,53.94254204254283,54.206031799316406,59432200,,
2023-06-01,54.460437411919706,54.66941098485453,54.30598004034643,54.51495361328125,13402700,,
2023-06-02,54.760270775412636,55.714281760956034,54.587641338437074,55.56890869140625,15259800,,
2023-06-05,55.42353770566085,55.823312795461575,55.01467484906493,55.19639205932617,12915600,,
2023-06-06,55.37810403094278,55.41444816275045,54.6239788927858,54.79661178588867,10943500,,
2023-06-07,54.524042576598454,54.84204857945134,54.35141312314188,54.714847564697266,16817900,,
2023-06-08,54.633073552780914,54.88747557560287,54.496784774287654,54.851131439208984,15585900,,
2023-06-09,54.76026888682243,55.12369981517907,54.66940855525783,54.941986083984375,12581500,,
2023-06-12,55.05101565845694,55.105531858032016,54.533123893379205,54.705753326416016,14208900,,
2023-06-13,54.70575154099474,55.12369865952801,54.55129417952395,54.92381286621094,13397800,,
2023-06-14,55.178216613654534,55.496222578635034,55.06009991432079,55.29633331298828,14099700,,
2023-06-15,55.48858774579374,56.12028299339418,55.24140173785522,56.05619812011719,15271400,0.46,
2023-06-16,56.39493764336142,56.91677365054658,56.285078350365595,56.459022521972656,26738000,,
2023-06-20,56.38577751131575,56.72451232867233,56.06535315602757,56.08366012573242,13971800,,
2023-06-21,56.129440489303875,56.504796247262924,55.82732309046763,56.23929977416992,13948700,,
2023-06-22,56.58719619278851,56.85268919514108,56.38578457716023,56.62381362915039,15193400,,
2023-06-23,56.70619807451648,56.733665511964034,56.01041802426349,56.02872848510742,25112100,,
2023-06-26,56.03788586943876,56.11112771791195,55.2871743844064,56.04704284667969,12856100,,
2023-06-27,56.04704819032112,56.175217945005606,55.827326116316364,55.92803192138672,9068500,,
2023-06-28,55.735774125658345,55.8822543358923,55.296333494956464,55.406192779541016,11173200,,
2023-06-29,55.13153785645284,55.25055061554896,54.719561210911024,54.94843673706055,17142300,,
2023-06-30,54.930134410114285,55.250558797227725,54.81111814103048,55.13154602050781,19739200,,
2023-07-03,55.11323260964231,55.50689883125404,54.957595421106554,55.461124420166016,9694500,,
2023-07-05,55.18647360455758,55.93718515781833,55.0766143142268,55.87310028076172,14716600,,
2023-07-06,55.59843991841633,55.863936355099476,55.38787486281483,55.442806243896484,12603900,,
2023-07-07,55.21393623632143,55.38788038855527,54.682943309980935,54.71040725708008,14574000,,
2023-07-10,54.90267036362988,55.06746104595868,54.14280182929553,54.298439025878906,15480600,,
2023-07-11,54.435764559490785,54.52731688262138,53.868154125537245,54.49069595336914,15967700,,
2023-07-12,54.70125791936952,54.975907888274335,54.42660795046469,54.783653259277344,14241300,,
2023-07-13,55.03999565686073,55.351266569273285,54.91182589746098,55.25056076049805,11269800,,
2023-07-14,55.058301911003326,55.8822552903699,55.01252749934157,55.754085540771484,11634200,,
2023-07-17,55.62591017755419,55.93718105429327,55.3787276655341,55.671688079833984,10014300,,
2023-07-18,55.809006774978535,56.07450322022927,55.305481322085875,55.451961517333984,11152900,,
2023-07-19,55.63506698134328,56.56887960864651,55.552671646805834,56.43155288696289,12936000,,
2023-07-20,56.468177395803224,57.13649359953056,56.459020417849196,57.11818313598633,11563000,,
2023-07-21,57.18225851958662,57.38367009277375,56.98085043876272,57.16394805908203,12815100,,
2023-07-24,57.14564530940103,57.502694098873086,57.12733833878949,57.18226623535156,10251100,,
2023-07-25,57.03579517055012,57.1181905209704,56.8069195852009,56.990020751953125,13422700,,
2023-07-26,56.63296576565307,57.83227139379615,56.20267862082169,57.722412109375,17145500,,
2023-07-27,57.72240488120037,57.923816454387506,57.10902016993154,57.16394805908203,11517100,,
2023-07-28,57.30128640396968,57.4660770896149,56.962551546749594,57.20058059692383,9721800,,
2023-07-31,57.17311741576598,57.17311741576598,56.513954664319165,56.69705581665039,15577900,,
2023-08-01,56.843528032468015,57.09071402943936,56.41324090895898,56.550567626953125,9281600,,
2023-08-02,56.358315232452426,57.30128135652142,56.358315232452426,56.72451400756836,11059400,,
2023-08-03,56.64211796581113,56.87099350704142,56.330847090043385,56.43155288696289,8037400,,
2023-08-04,56.46817355901464,56.66042817462042,55.49774001129028,55.580135345458984,9359300,,
2023-08-07,55.65338204026892,56.14775408832497,55.60760762671497,56.01958084106445,6982600,,
2023-08-08,56.019578285701726,56.16605849781094,55.49774231178991,55.77239227294922,7956100,,
2023-08-09,55.76323937287136,56.42240208046302,55.61675915922475,55.90056610107422,7904100,,
2023-08-10,56.16605849781094,56.51395031120673,55.65337950161055,55.77239227294922,7870300,,
2023-08-11,55.69915257717205,56.028733919603944,55.56182585370421,56.00126647949219,8483900,,
2023-08-14,56.13859854749124,56.285078770032506,55.61676253641523,55.73577880859375,7176300,,
2023-08-15,55.56183216873183,55.75409030191115,55.26887171824264,55.36042404174805,7187400,,
2023-08-16,55.42451071106191,55.6808502404233,55.29634094638122,55.36957931518555,8372300,,
2023-08-17,55.46112247856264,55.86394217134444,55.34210622000936,55.48858642578125,12873500,,
2023-08-18,55.42450613139613,55.92803166204915,55.2688689354553,55.799861907958984,11083800,,
2023-08-21,55.71746536515028,55.78155024081288,55.223093330869915,55.32379913330078,8648500,,
2023-08-22,55.24140880078476,55.461130888944055,54.911827414727874,54.985069274902344,9411500,,
2023-08-23,55.11323750800358,55.33295609769979,55.07661657893288,55.17732238769531,7749500,,
2023-08-24,55.17731822556484,55.73577512849359,55.012527549541154,55.03083801269531,8955100,,
2023-08-25,55.305492318840265,55.451972543214,54.93929001172393,55.28718185424805,7629200,,
2023-08-28,55.4336492675346,55.59843991841633,55.26885861665287,55.442806243896484,6254300,,
2023-08-29,55.442805984095735,55.50689084887575,55.0674502793714,55.387874603271484,8189600,,
2023-08-30,55.51605775316116,55.60761007666655,55.19563335180237,55.36042404174805,9447900,,
2023-08-31,55.20478548721007,55.36042268717906,54.756191336284054,54.77450180053711,14663500,,
2023-09-01,54.93013431323005,55.049150582103934,54.12449136544079,54.298439025878906,11262300,,
2023-09-05,54.24350447588122,54.307589349459406,53.71251153210343,53.84983825683594,12474600,,
2023-09-06,53.66673314928513,53.858991248153814,53.48363202731484,53.81321334838867,13923500,,
2023-09-07,53.968859359790734,54.16111399777056,53.37378148905622,53.401248931884766,17628600,,
2023-09-08,53.37378148905622,53.47448729724489,53.10828499335227,53.401248931884766,14312300,,
2023-09-11,53.46533304916881,54.005479518911514,53.309695849905346,53.9047737121582,14767400,,
2023-09-12,54.00547421068064,54.01462769568399,53.27306968532286,53.373775482177734,12292700,,
2023-09-13,53.46533187513065,53.72167138315455,53.41040048382673,53.501949310302734,12641400,,
2023-09-14,53.74187158054057,54.06483814145252,53.695730483206134,53.94487762451172,12311600,0.46,
2023-09-15,53.898739263684305,54.11097493206553,53.28971410048166,53.46503829956055,55727500,,
2023-09-18,53.50194887221595,53.84337115736193,53.17898232141183,53.79723358154297,13617400,,
2023-09-19,53.760323783603866,53.88028430051837,53.446583330184666,53.68650436401367,11998900,,
2023-09-20,53.797227883108455,54.286295991185135,53.594221866994026,53.926414489746094,14766600,,
2023-09-21,53.861829473033325,53.90796705106343,52.98520141017507,53.0959358215332,15941800,,
2023-09-22,53.381993760153755,53.49272817740891,53.059027176672274,53.151302337646484,14644100,,
2023-09-25,52.96675249327662,53.04980154693093,52.357727273168976,52.5976448059082,12358800,,
2023-09-26,52.348490433249715,52.505362410795236,52.043979625182175,52.163936614990234,11194700,,
2023-09-27,52.06243586165866,52.163940645547925,51.379591257429816,51.62873840332031,13766300,,
2023-09-28,51.887109731568906,51.97015877711759,51.39804508559966,51.499549865722656,12484800,,
2023-09-29,51.80406785302335,51.92402838431699,51.3242292479207,51.65642547607422,12271600,,
2023-10-02,51.59183119718295,51.68410636103398,50.82593748101813,51.19504165649414,11792500,,
2023-10-03,50.89974206546427,51.148889159295756,50.54909020895282,50.6413688659668,13604200,,
2023-10-04,50.65060428738675,51.01048231575362,50.48450619428335,50.78902053833008,12100500,,
2023-10-05,50.51219647883832,50.705976432985295,48.20528220545474,48.334468841552734,29878100,,
2023-10-06,48.02071831228302,49.17417520763914,47.56856166047214,49.03575897216797,30298900,,
2023-10-09,48.86966444796702,49.044992161644046,48.08531511017104,48.79584503173828,15704700,,
2023-10-10,49.94930764195984,50.133861483444505,49.42333148177519,49.85702896118164,20909700,,
2023-10-11,50.03234561340735,50.08770928954052,48.925026329821385,49.56173324584961,21138900,,
2023-10-12,49.60787911709719,49.672475950180115,48.380602649809596,48.73125457763672,19330400,,
2023-10-13,48.66666385817964,49.29414128657668,48.574385177480266,48.805076599121094,14494600,,
2023-10-16,48.92503384938037,49.4233281315903,48.75893575531039,49.303367614746094,12816800,,
2023-10-17,49.19263584377739,49.92161799905162,49.100357170908126,49.89393615722656,16457200,,
2023-10-18,49.92162204669248,50.31841157202336,49.75552394213203,49.875484466552734,12809500,,
2023-10-19,49.976977616598695,50.53063548948689,49.70014868015459,50.15230178833008,16202200,,
2023-10-20,50.318408506914594,50.770565212913404,50.235359459693235,50.35531997680664,15686400,,
2023-10-23,50.17998904211917,50.650597899849416,49.87547473647468,49.903160095214844,21212700,,
2023-10-24,51.35191151280809,51.83174656886439,51.02894141268468,51.342681884765625,25290800,,
2023-10-25,51.45341398311782,51.87788888119694,51.26886365881676,51.78561019897461,16701000,,
2023-10-26,52.01629847961109,52.25621951881215,51.4165029217516,51.471866607666016,16228400,,
2023-10-27,51.259630688098085,51.80406255745804,50.84438544535379,50.973575592041016,13626500,,
2023-10-30,51.148901052330814,51.93325045893531,51.13967142444794,51.81329345703125,15014300,,
2023-10-31,52.200852655370056,52.33926891120755,51.813292771139665,52.12703323364258,16639400,,
2023-11-01,52.41308300500437,52.486905939299156,51.914788758728285,52.08088684082031,14110800,,
2023-11-02,52.13625889452893,52.73605797125568,52.00707226755925,52.68069076538086,13087200,,
2023-11-03,52.96675226830208,53.14207648301792,52.32081557818683,52.35772705078125,13958700,,
2023-11-06,52.39462621308407,52.85600898289304,52.357718266753444,52.56995391845703,12673200,,
2023-11-07,52.523819497533026,52.96675011047787,52.348495289959764,52.76374053955078,10449300,,
2023-11-08,52.89292644112699,53.031342695778264,52.523818775437974,52.68069076538086,13744000,,
2023-11-09,52.62532351703991,52.72682830102605,52.0162983331946,52.28390121459961,12021100,,
2023-11-10,52.47768811292761,52.53305532609891,51.730250095511295,52.33927536010742,11678900,,
2023-11-13,52.24698432072645,52.68991136117637,52.22852858736547,52.533042907714844,12798200,,
2023-11-14,52.61609147596115,52.81910102104022,52.422311557515414,52.689910888671875,12697100,,
2023-11-15,52.87446902905291,52.91138049846557,52.366948644878946,52.791419982910156,10201900,,
2023-11-16,52.82833243667369,53.08670568723366,52.422316825783525,52.73605728149414,16010400,,
2023-11-17,52.77296543345074,52.91138168682123,52.32081224324071,52.83755874633789,14475800,,
2023-11-20,52.64377720923471,53.13284537490822,52.56072816374838,52.96674728393555,13051000,,
2023-11-21,53.02211572649625,53.55732151657208,52.902158721193814,53.548091888427734,13891600,,
2023-11-22,53.760320448978284,54.01869720169622,53.64036345957594,53.907962799072266,11320600,,
2023-11-24,53.94488573616274,54.21248865262704,53.8341548300669,54.046390533447266,4816000,,
2023-11-27,54.0187005641896,54.15711329597836,53.769553422884016,53.94487762451172,16246500,,
2023-11-28,53.88950876379085,54.28629822626945,53.85259729749722,54.055606842041016,13739600,,
2023-11-29,54.055609377857586,54.13865490080727,53.61267880169793,53.73263931274414,11263600,,
2023-11-30,53.909361962793916,54.374418577824436,53.57452063227588,54.35581588745117,22727500,0.46,
2023-12-01,54.19769490507755,54.58834073384648,54.169792645336955,54.54183578491211,15371200,,
2023-12-04,54.49533303662469,54.839473930356455,54.35581463608733,54.47673034667969,14942200,,
2023-12-05,54.458130851524274,54.71856497793238,54.337215133838384,54.56044387817383,11891500,,
2023-12-06,54.46743302385257,54.62555057276079,54.14189125852905,54.504634857177734,14868500,,
2023-12-07,54.569749792186464,54.7743758692689,54.309319183609496,54.63486099243164,11587900,,
2023-12-08,54.63485462144829,54.64415419291264,54.29071015955842,54.513938903808594,11178700,,
2023-12-11,54.7185602922239,54.96038815878673,54.411621238559306,54.913883209228516,14524800,,
2023-12-12,55.06270005676879,55.2673225402832,54.78366681699448,55.2673225402832,12899000,,
2023-12-13,55.29523762122395,55.82540193013643,55.11851381951929,55.74169158935547,16196800,,
2023-12-14,55.778888753792096,55.843996392793635,54.66275222389391,54.913883209228516,22478300,,
2023-12-15,54.71856402632485,55.03479912414127,53.76054496916755,54.504634857177734,65177400,,
2023-12-18,54.69065670128894,55.33243709475221,54.523236037611596,54.89528274536133,16717700,,
2023-12-19,54.876680626007165,55.0627039818171,54.54183929516936,54.718563079833984,14612200,,
2023-12-20,54.411628244677765,54.56974580315517,53.546622588734834,53.58382797241211,17701000,,
2023-12-21,53.807044666498484,54.01167069625288,53.4536042217774,53.93726348876953,11725100,,
2023-12-22,54.05817831012465,54.37441694074828,53.965168409159,54.24420166015625,9029400,,
2023-12-26,54.00237729819227,54.60694878995837,54.00237729819227,54.46743392944336,6422500,,
2023-12-27,54.54184120793734,54.662756925669335,54.31861601161729,54.60694885253906,8560100,,
2023-12-28,54.55114749714713,54.75577001431313,54.43953134440124,54.64415740966797,8400100,,
2023-12-29,54.63485659425369,54.85808179846376,54.532543563948806,54.81157684326172,9244300,,
2024-01-02,54.69065784793459,55.695181851059516,54.56974213316575,55.639373779296875,16322600,,
2024-01-03,55.74169002171421,55.99282103699445,55.58356891664119,55.76959228515625,14830600,,
2024-01-04,55.85330227827223,56.048625217360176,55.49055866336587,55.58356857299805,12912900,,
2024-01-05,55.62077840156492,55.760296825264774,54.96039876533419,55.49986267089844,10412800,,
2024-01-08,55.50915444533936,55.97421103181298,55.26732303343698,55.90910339355469,11554600,,
2024-01-09,55.79749364185263,55.937008496024646,55.453349195740884,55.806793212890625,10493700,,
2024-01-10,56.01141961534427,56.18813985100042,55.788190879899325,55.99281692504883,12258000,,
2024-01-11,56.03932209112757,56.048621662260686,55.51845740516361,55.63007354736328,13754200,,
2024-01-12,55.88119996905893,56.2346404127802,55.68587351025495,56.169532775878906,13218000,,
2024-01-16,56.16953997590875,56.20674535836436,55.66727795705965,55.7974967956543,11826900,,
2024-01-17,55.676581076723835,56.002119302959045,55.63937569426822,55.7974967956543,8982100,,
2024-01-18,55.518454041044706,56.0207160062077,55.36963607522977,55.95560836791992,10397700,,
2024-01-19,56.04861941975947,56.06722210938179,55.471950233868554,55.64867401123047,14392600,,
2024-01-22,55.58356533000418,55.87190171000209,55.28592937882588,55.40684509277344,14314300,,
2024-01-23,55.36963473596962,55.80678905227111,55.30452709925664,55.66727066040039,14481600,,
2024-01-24,55.62076506220411,55.63006818054011,54.77436224673078,54.792964935302734,16370500,,
2024-01-25,54.885982840618546,55.034800822813914,54.560444613347606,55.0255012512207,14899700,,
2024-01-26,55.10920878666731,55.33243752266355,54.99759619271938,55.220821380615234,13025100,,
2024-01-29,55.192924252056315,55.611475953411535,55.03480314349958,55.555667877197266,14547100,,
2024-01-30,55.667274764707486,55.82539585702579,55.2952316057886,55.713783264160156,22061500,,
2024-01-31,55.89979782342494,56.22533954854008,55.14640845716139,55.33243179321289,22837000,,
2024-02-01,55.4068404567938,56.74620212502962,55.21151754544485,56.718299865722656,15870900,,
2024-02-02,56.569482062875075,56.61598701121848,56.020715156982526,56.309051513671875,17544900,,
2024-02-05,56.16023658850685,56.16023658850685,55.69517998371189,55.843997955322266,12759600,,
2024-02-06,55.769586881753725,55.85329721206994,55.509156319925616,55.75098419189453,12775200,,
2024-02-07,55.87190401246496,56.002119302959045,55.7509882935345,55.7974967956543,10259900,,
2024-02-08,55.704478531997175,55.77888929048646,55.258024625362246,55.64867401123047,12874800,,
2024-02-09,55.313834528813125,55.416147551079156,54.90458243974899,55.397544860839844,15235300,,
2024-02-12,55.49055417192026,55.58356407402415,54.839474212892036,55.52775955200195,13516800,,
2024-02-13,55.341731677208344,56.42066277470555,54.681352201175585,55.202213287353516,24195700,,
2024-02-14,55.03479956527767,55.4254489771771,54.913887396825906,55.14641571044922,15872500,,
2024-02-15,55.26732503291696,55.425446123050634,54.99759489956,55.24872589111328,13695800,,
2024-02-16,55.20221646529925,55.45334745263531,54.8394728885139,55.23942184448242,13947100,,
2024-02-20,55.43474386110906,56.58808576032067,55.35103353335902,56.45787048339844,18339300,,
2024-02-21,56.72760810343212,56.99733824664063,56.57879012686519,56.96013641357422,14373000,,
2024-02-22,56.727608718596606,56.96943660260263,56.271851664611575,56.876426696777344,12982800,,
2024-02-23,56.82061864583592,57.31357753347656,56.73690831132143,56.92293167114258,13612900,,
2024-02-26,56.96012926901159,56.988031527336695,56.42066195405959,56.467166900634766,10336100,,
2024-02-27,56.30905879644143,56.53228399660083,55.9184093740116,56.1230354309082,9931100,,
2024-02-28,56.15093101473381,56.26254714963732,55.862598203150135,56.178836822509766,8076500,,
2024-02-29,56.13232918217597,56.402062856825424,55.713781088251224,55.82539367675781,18152700,,
2024-03-01,55.713788644098905,55.713788644098905,55.19292391359533,55.36964416503906,10927600,,
2024-03-04,55.090606171032704,55.76028883182918,55.08130659989959,55.63007354736328,10150200,,
2024-03-05,55.72307987231189,55.90910321593037,55.26732285785162,55.36033630371094,12310000,,
2024-03-06,55.360342366143,55.8067963108578,55.23012707578042,55.38824462890625,12378800,,
2024-03-07,55.51845128595333,55.59286203921827,55.09990321718804,55.28592300415039,13686900,,
2024-03-08,55.15571027092059,55.61146728538087,54.84877476983523,55.36033630371094,13239000,,
2024-03-11,55.60216689175911,56.076526618639214,55.41614708712412,56.03002166748047,14114300,,
2024-03-12,56.10443372352863,56.50438272460433,56.00212069328592,56.271854400634766,12684600,,
2024-03-13,56.62529698795482,56.93223252267612,56.550886223112954,56.8485221862793,13909500,,
2024-03-14,56.796960299565214,57.00321951972451,56.62820047985623,56.721954345703125,13996600,0.485,
2024-03-15,56.271927615093766,56.6750756634572,55.915656498206886,56.14067077636719,36849900,,
2024-03-18,56.15004294944234,56.628196934172514,56.06566304487116,56.375057220458984,15856700,,
2024-03-19,56.47818475170394,56.58131256003665,56.30942495409732,56.468807220458984,15030600,,
2024-03-20,56.42193590307085,57.012595253416634,56.403184415196954,56.95634078979492,15258800,,
2024-03-21,56.77820467176931,57.181352703185325,56.553190403068086,56.693824768066406,13067100,,
2024-03-22,56.74070326300766,56.9938429811003,56.65632335697678,56.71257781982422,11502800,,
2024-03-25,56.70319908870525,56.91883582700631,56.36567947171907,56.628196716308594,13144700,,
2024-03-26,56.72194984586834,56.918835094416046,56.60944450048114,56.75945281982422,13277400,,
2024-03-27,56.99384230108224,57.59387559170676,56.90946239605813,57.21885299682617,12551200,,
2024-03-28,57.32198265257276,57.43448799703618,57.19072582128536,57.3594856262207,13683500,,
2024-04-01,57.35949305460168,57.47199841363519,56.84383961784383,56.890716552734375,11668700,,
2024-04-02,56.67507927015316,56.937592964312216,56.35631110875396,56.39381408691406,13017300,,
2024-04-03,56.300051168538175,56.61881929894966,56.046911455286654,56.09379196166992,13672900,,
2024-04-04,56.337553322866746,56.39380778381938,55.47500280399518,55.596885681152344,14320700,,
2024-04-05,55.550007663368696,55.953155684428026,55.23123954384458,55.79376983642578,10157800,,
2024-04-08,55.69063897160232,55.75626738292281,55.38124482410844,55.568756103515625,10284500,,
2024-04-09,55.765643546896825,56.009409292728144,55.43750147729349,55.990657806396484,10779100,,
2024-04-10,55.61563844002643,55.68126685773183,55.02497910419733,55.24061584472656,11861900,,
2024-04-11,55.45625285383599,55.662512050115325,55.11873325349487,55.36249542236328,11109000,,
2024-04-12,55.26874535455979,55.32499624081759,54.49995224620502,54.64058303833008,12250900,,
2024-04-15,54.94997795765623,55.137489259491915,54.415573072136915,54.50932693481445,12425000,,
2024-04-16,54.61245994682946,54.73434283310394,54.31244328560052,54.434326171875,11236800,,
2024-04-17,54.64058350109219,54.90310075294728,54.471823687928406,54.85622024536133,13805100,,
2024-04-18,54.9593443328145,55.29686391426869,54.884341968313635,55.23123550415039,11125900,,
2024-04-19,55.40937438804302,56.59069303269069,55.31562052960198,56.41255569458008,21207900,,
2024-04-22,56.38443278645005,56.84383529701134,55.99066227152375,56.768829345703125,15624500,,
2024-04-23,56.750079052239755,56.89071342566214,56.37506001724785,56.85321044921875,13689100,,
2024-04-24,56.55319680271278,57.80014401226421,56.103171790865304,57.70638656616211,19548300,,
2024-04-25,58.006400794446456,58.681440071989954,57.537624313148086,57.884521484375,19048500,,
2024-04-26,57.706384132533955,58.06265525973532,57.518872824718464,57.884521484375,10994300,,
2024-04-29,58.05327400510276,58.17515688384022,57.68762894537085,58.1657829284668,13409300,,
2024-04-30,58.25953700642157,58.90645080050707,57.63137827611416,57.91264343261719,19349200,,
2024-05-01,57.94076590025748,58.6626820299849,57.387609571062725,58.06264877319336,16729800,,
2024-05-02,58.29704169832069,58.50330448818986,57.86576820721298,58.1189079284668,10991300,,
2024-05-03,58.11890627322115,58.43767440463097,57.79076060991311,58.287662506103516,11628700,,
2024-05-06,58.40954396952426,58.48454991696978,58.03452496173791,58.4564208984375,9310700,,
2024-05-07,58.84081722536226,58.89707168574321,58.36266682980559,58.70956039428711,9807000,,
2024-05-08,58.925201416015625,59.03771034496545,58.578307826288686,58.925201416015625,10484400,,
2024-05-09,58.88769876226773,59.20646689038362,58.83144430090123,58.95332717895508,9113700,,
2024-05-10,58.99082887484659,59.40335445464424,58.86894956852512,59.30959701538086,8371700,,
2024-05-13,59.29084719565345,59.647114723945506,59.23459273390605,59.609615325927734,10137600,,
2024-05-14,59.60961640930471,59.77837264465298,58.878322699219545,59.15958786010742,10852200,,
2024-05-15,59.12208901880092,59.431479625750306,59.065834555500764,59.18771743774414,9838900,,
2024-05-16,59.29085378979673,59.75025276081169,59.13146791869294,59.3658561706543,10228000,,
2024-05-17,59.38460633653477,59.41273178166944,59.00958371116206,59.093963623046875,11539000,,
2024-05-20,59.00020501470916,59.07520738786933,58.559554001771424,58.66268539428711,11000900,,
2024-05-21,58.897073037626505,59.04708135893849,58.54080193333035,58.98145294189453,9796200,,
2024-05-22,58.793942839861664,59.08458553301494,58.74706590908999,59.065834045410156,7419400,,
2024-05-23,58.58768050762012,58.9533255552304,58.175154955255394,58.2126579284668,9834300,,
2024-05-24,58.33454342510161,58.52205114662572,58.10015519671593,58.12828063964844,8203100,,
2024-05-28,57.93139680369374,58.25016494515748,57.565751730701926,57.95952224731445,12347000,,
2024-05-29,57.63137864029507,58.01577519112371,57.256356044934215,57.847015380859375,11861800,,
2024-05-30,57.987642145327314,58.20328244739894,57.7532539336219,58.10015106201172,9433800,,
2024-05-31,58.11890752963471,59.09395985577826,57.837638790295784,59.000205993652344,19816600,,
2024-06-03,58.793943205198616,59.15021431894216,58.550181017782876,59.000205993652344,9369000,,
2024-06-04,59.253348726722585,59.97526494654582,59.00958295042863,59.94713592529297,11895600,,
2024-06-05,59.99401487042612,60.06901724668902,59.39397797791957,59.928382873535156,9632500,,
2024-06-06,59.9283759648313,60.340901504402545,59.853373597214876,60.14401626586914,8658500,,
2024-06-07,60.087766406570694,60.20965287055124,59.82525629595722,59.919010162353516,9523100,,
2024-06-10,59.9471262802266,59.99400678261169,59.412721456654324,59.61898422241211,15685300,,
2024-06-11,59.61898872243773,59.67524318365779,59.13146078797187,59.581485748291016,8396000,,
2024-06-12,59.71274273676025,59.71274273676025,58.775189839534725,58.95332717895508,9569600,,
2024-06-13,58.934578450469516,59.10333826598794,58.55018188767326,59.056461334228516,9668900,,
2024-06-14,58.93835334048331,59.23124762278919,58.66435244058351,59.09897232055664,8179200,0.485,
2024-06-17,58.928900809387756,59.42966192571082,58.7493848494872,59.16510772705078,10532700,,
2024-06-18,59.080079421845845,59.35408034070459,58.995044778208026,59.174564361572266,10651700,,
2024-06-20,58.95725673450857,59.278498333798964,58.532083499531275,58.749393463134766,13306300,,
2024-06-21,58.74938290842718,59.6186226066766,58.74938290842718,59.30683135986328,28278100,,
2024-06-24,59.51470111092414,60.52566290325324,59.439113161461144,60.44063186645508,13212500,,
2024-06-25,60.41228376050938,60.535112374598,60.006007548258516,60.31780242919922,10235300,,
2024-06-26,59.90207683940385,60.572903632627614,59.74145425830103,60.51621627807617,9402500,,
2024-06-27,60.516220563585165,60.72407661448102,60.109940736549724,60.383941650390625,8494100,,
2024-06-28,60.374493523603995,60.52566221234076,60.015457976216815,60.13828659057617,17358800,,
2024-07-01,60.497313211103375,60.752420713068325,59.637520194697025,59.788692474365234,10033400,,
2024-07-02,59.7697948645549,59.88317677629532,59.39186597144774,59.66586685180664,8878200,,
2024-07-03,59.70365479364397,60.15717160949451,59.45800120331165,59.835933685302734,9154200,,
2024-07-05,59.8359378077648,60.270557669036265,59.52414294800602,60.242210388183594,11735500,,
2024-07-08,60.08159347222972,60.08159347222972,59.37297269858535,59.486351013183594,11235100,,
2024-07-09,59.580835790711724,59.74145476895587,59.13676562036112,59.23124694824219,11657500,,
2024-07-10,59.25958996020808,59.39186525140351,58.853313791975644,59.363521575927734,11930400,,
2024-07-11,59.18400955651328,59.95876802151471,58.95725291536896,59.618629455566406,11431600,,
2024-07-12,59.958763757566246,60.57290319176877,59.892626108249864,60.185523986816406,9201500,,
2024-07-15,60.27055743241607,60.41227941919697,59.85483095436983,59.911521911621094,8207500,,
2024-07-16,59.930423480559526,60.761869291773955,59.89262950616838,60.72407531738281,9025100,,
2024-07-17,60.91305397296027,61.78229388390965,60.856366607431056,61.61222457885742,12508200,,
2024-07-18,61.22483671964927,62.179107489040774,61.14924877500544,61.593318939208984,11128200,,
2024-07-19,62.01848577904673,62.01848577904673,61.2437274017592,61.68779754638672,13775700,,
2024-07-22,61.650000212025795,61.68779418061954,60.77131026549291,61.19647979736328,11794200,,
2024-07-23,61.820081098731535,62.39642661342392,61.27207926370209,61.37601089477539,11810300,,
2024-07-24,61.498830579211266,62.330283555733565,61.253180571114385,62.179107666015625,13244600,,
2024-07-25,62.39642667553346,63.199528836792545,62.22635738892275,62.42477035522461,16328600,,
2024-07-26,62.424762298682666,63.40738391578694,62.36807494661644,63.3506965637207,13530100,,
2024-07-29,63.190078402338514,63.331804008947664,62.727114815314856,63.14284133911133,12140200,,
2024-07-30,62.81214402288132,64.08765988186661,62.698762112218915,63.9459342956543,13258000,,
2024-07-31,63.775871381710374,63.87980300804654,62.93497528387305,63.05780029296875,15576800,,
2024-08-01,63.303446149058566,64.35220531119009,63.01999499933463,64.21047973632812,16495900,,
2024-08-02,64.74904820408413,65.82615132312392,63.955396309408115,65.50491333007812,22514800,,
2024-08-05,65.18365416682335,65.71276252507458,63.99317657979878,64.34275817871094,25484300,,
2024-08-06,64.39001356127412,65.04193981670895,64.03097439752068,64.2955322265625,12969100,,
2024-08-07,64.29552389046523,65.3631765303635,64.08766065597146,64.68289947509766,13365300,,
2024-08-08,64.24829132319314,65.06084381954595,64.10656570946387,64.93801879882812,15240900,,
2024-08-09,64.90965571009802,64.99469394573904,64.48448615728128,64.89076232910156,12080400,,
2024-08-12,64.67346330273834,64.75850155744737,64.08767465048139,64.4089126586914,11012300,,
2024-08-13,64.3238675663575,64.82462506302186,64.25772991978792,64.68289947509766,9877600,,
2024-08-14,64.46560686284711,65.08918949046998,64.37111831182949,64.79629516601562,14328000,,
2024-08-15,64.83408307854494,65.11752707968428,64.72070115301098,64.8624267578125,11285100,,
2024-08-16,65.0419368941298,65.47656398950862,64.85297423319737,65.3631820678711,12651200,,
2024-08-19,65.52379118566715,65.58992882788257,65.0513773959962,65.17420959472656,9843900,,
2024-08-20,65.18366466460836,65.56159720752144,64.97580140558298,65.5521469116211,11957400,,
2024-08-21,65.6466279076092,66.26076010972672,65.5049023192502,65.73165893554688,8792400,,
2024-08-22,66.06235827393903,66.06235827393903,64.9947054513018,65.50491333007812,12509200,,
2024-08-23,65.571047173785,65.996216777135,65.13642727458216,65.93952941894531,11834700,,
2024-08-26,65.97731648349739,67.00717516121664,65.8828351602559,66.93158721923828,12912200,,
2024-08-27,67.38512173929199,67.58353472208617,67.1300213924036,67.55519104003906,16988400,,
2024-08-28,67.6591217746335,67.84808445806236,67.36622745277951,67.79139709472656,13272600,,
2024-08-29,67.93311875180875,68.23546335275027,67.30008586990994,68.07484436035156,17201700,,
2024-08-30,68.21656451447608,68.5661533967421,67.81973856712376,68.47167205810547,18624200,,
2024-09-03,68.44331348682724,69.24641550321178,68.26379393654906,68.98186492919922,14755800,,
2024-09-04,69.25587941000055,69.4731857634534,67.94256936768728,68.55670166015625,18140800,,
2024-09-05,68.61339758243717,68.67008494385375,67.0638805636954,67.24339294433594,23866100,,
2024-09-06,67.07330890401938,67.71579195651093,66.9788275862776,67.21503448486328,17485700,,
2024-09-09,67.30007573645217,68.32048410569567,67.0638688272681,67.8858642578125,12939300,,
2024-09-10,67.99924285021656,68.42441238261021,67.57406610936046,67.6024169921875,10277600,,
2024-09-11,67.42290631973908,67.43235661525893,66.67649155986614,67.15835571289062,11418200,,
2024-09-12,67.08277341063481,67.44180537750384,66.76153542056211,67.30008697509766,12337800,,
2024-09-13,67.39045023279252,67.989777094684,67.04798707184564,67.93270111083984,11073800,0.485,
2024-09-16,68.27516364530973,68.72227820233822,68.13247368700864,68.58909606933594,10786500,,
2024-09-17,68.39883999850623,68.82692440197533,68.22760478554217,68.3037109375,12974400,,
2024-09-18,68.38931615312522,68.85545357285255,67.7995044378408,68.25613403320312,10719700,,
2024-09-19,68.07538171462899,68.43688225031167,67.16212980922387,67.18115997314453,13635600,,
2024-09-20,66.98138817843356,68.30370154078794,66.95284293196482,68.1514892578125,48578500,,
2024-09-23,68.06588636476849,68.68422890577293,67.71390084653886,68.23712158203125,11613000,,
2024-09-24,67.75195375355459,68.3227353903715,67.16214194937714,67.85659790039062,13330600,,
2024-09-25,68.21809026834222,68.41786347547823,67.83756676327653,67.97074890136719,12329100,,
2024-09-26,67.40947404663338,68.12295280897465,67.39044388189075,67.92317962646484,10815200,,
2024-09-27,68.05636319395876,68.68422074405929,67.98025704913401,68.294189453125,11175700,,
2024-09-30,68.49396857402944,68.68422669469336,68.19906630963574,68.36078643798828,18015300,,
2024-10-01,68.5890946423034,69.20744439431002,68.14198009457736,68.21808624267578,13294500,,
2024-10-02,67.91366308545625,67.9517161562429,66.98138825376708,67.55216979980469,11155500,,
2024-10-03,67.40946887823354,67.53313590805367,66.78160413172968,67.08602142333984,9374800,,
2024-10-04,66.55330145336121,66.85771878374031,66.3249902700473,66.7530746459961,12684800,,
2024-10-07,66.63891707594908,66.68647797045158,65.51637690377945,65.6495590209961,14512000,,
2024-10-08,65.67809717931354,66.05862062572388,65.50686199132295,65.811279296875,13549700,,
2024-10-09,65.8208034210147,66.34401688105886,65.70664419404478,66.18229675292969,9037700,,
2024-10-10,66.42963496577298,66.50574111347743,65.63053493063967,65.87787628173828,8635200,,
2024-10-11,66.07765260934444,66.20131966181698,65.64005312611619,66.18229675292969,8786300,,
2024-10-14,66.18230075970811,67.03847686911156,66.08717169374829,66.91480255126953,7659300,,
2024-10-15,67.02896178515083,67.74244066667329,66.74357458727135,66.91480255126953,10358700,,
2024-10-16,66.67697627923921,67.25727301703122,66.56282430320307,67.13360595703125,7937300,,
2024-10-17,67.19067977045421,67.2477630145073,66.19181372305336,66.49623107910156,14674600,,
2024-10-18,66.46769742341999,67.11458525447088,66.22035603740215,67.00994110107422,15087500,,
2024-10-21,66.59135884520951,66.90529127880008,65.93495598549875,66.0681381225586,11981200,,
2024-10-22,65.64005371884939,66.35353256361948,65.33563636872942,66.0681381225586,18603300,,
2024-10-23,63.727929761389404,65.35466069171312,63.337898425242265,64.6982650756836,24655200,,
2024-10-24,64.3557901042072,64.72679850472265,63.689872193575084,64.02283477783203,17568800,,
2024-10-25,63.80403220677924,64.40335180168248,63.5376679423778,63.66133499145508,11138100,,
2024-10-28,63.69938703348249,64.11796358954629,63.356916625408786,63.42350769042969,10761400,,
2024-10-29,63.06201727135176,63.109578172619194,62.32950826458884,62.36756134033203,16525900,,
2024-10-30,62.31999449945259,63.29983751833602,62.13924422136992,62.710025787353516,14177800,,
2024-10-31,62.605390435358416,62.776625654961336,62.0821769505979,62.129737854003906,13383700,,
2024-11-01,62.28194839897095,62.46269869728621,61.730189678342825,61.8443489074707,12163100,,
2024-11-04,61.910938021273516,62.234378273430394,61.50187653550442,61.939476013183594,10984500,,
2024-11-05,61.492365022927785,62.28195004840485,61.492365022927785,62.18682098388672,8780200,,
2024-11-06,61.28307412093801,61.701650696481785,60.103457803720765,60.59813690185547,22899300,,
2024-11-07,61.15940470075567,61.25453375754734,60.50300187049405,60.560081481933594,14856100,,
2024-11-08,60.7979073691994,61.11183615778366,60.63618724788588,60.80741882324219,14719300,,
2024-11-11,60.87401192001749,60.997682592973966,60.17004458427386,60.274688720703125,13980900,,
2024-11-12,60.5791121503357,60.6457032204193,60.04637996072575,60.12248611450195,15021000,,
2024-11-13,59.97978880525348,60.17956201521987,59.44706024534308,59.93222427368164,13177600,,
2024-11-14,60.03686346199125,60.03686346199125,59.38997572500627,59.50413131713867,15910800,,
2024-11-15,59.447056544252256,59.580238675938126,58.400618770115905,58.733577728271484,26284300,,
2024-11-18,58.83821746098457,59.11409680379203,58.56234174711799,58.84773254394531,16062100,,
2024-11-19,58.88578752025813,59.57072472898296,58.62893470613345,59.54218673706055,16254800,,
2024-11-20,59.64683106611744,59.941733327415015,58.999943301616774,59.92271041870117,18904900,,
2024-11-21,60.07491933177971,60.70278056114201,59.88465758340971,60.65521240234375,17292300,,
2024-11-22,61.11183615778366,61.34015460210108,60.55056964573729,60.80741882324219,19562200,,
2024-11-25,61.18794583463827,61.55895425569818,60.731319806492145,61.24502182006836,36805300,,
2024-11-26,61.17842366490832,61.492356064175866,60.94059740932043,61.406742095947266,14473300,,
2024-11-27,61.796781663128556,61.92996380347658,61.121355877682916,61.2925910949707,13263400,,
2024-11-29,61.36447324370041,61.584936155018625,61.12484679839508,61.42198944091797,10648400,0.485,
2024-12-02,61.39323629366188,61.527428568449274,60.722267606794404,61.00982666015625,16500100,,
2024-12-03,61.07692056903542,61.42198849530694,60.415539158193305,60.885215759277344,24874500,,
2024-12-04,60.65517131054153,60.722267447759506,59.33241575698851,59.629554748535156,28137700,,
2024-12-05,59.87876930958537,60.50180536271587,59.524114136325096,60.31010055541992,21040400,,
2024-12-06,60.22383450835196,60.731849116720596,59.91710463666846,59.936275482177734,15581100,,
2024-12-09,60.08964298995642,60.319689496448376,59.33241464744764,60.00337600708008,22348300,,
2024-12-10,60.09923343201082,60.42513053390331,59.22697996171994,60.30052185058594,14949400,,
2024-12-11,60.38678545981596,60.99065433822437,59.81167467992759,60.041717529296875,32819000,,
2024-12-12,60.91397232131266,61.26862385500773,60.59766248219686,61.19194412231445,17542100,,
2024-12-13,60.933139246899195,61.19194018395472,60.49222075701125,60.50180435180664,13429000,,
2024-12-16,60.607242291908335,61.211111146184,59.763743346178124,59.955448150634766,24559700,,
2024-12-17,59.8595961357261,60.91396705015976,59.73498746735905,60.77019119262695,21902400,,
2024-12-18,60.20466962156398,61.000239678383004,60.18549877415728,60.24300765991211,20946100,,
2024-12-19,60.099230168563196,60.549732272844984,59.8116747781468,59.85960006713867,21300600,,
2024-12-20,59.87876842273112,60.444295584822456,59.696647213088056,59.955448150634766,42458100,,
2024-12-23,59.9075247807023,60.156738474945364,58.97775882603696,59.792503356933594,13010800,,
2024-12-24,59.61996886242342,60.233421325683594,59.437847648573296,60.233421325683594,5019100,,
2024-12-26,60.0225499252915,60.137575012655795,59.81167791138769,59.97462463378906,7943800,,
2024-12-27,59.85960006713867,60.33886026998772,59.62955356092646,59.85960006713867,8542800,,
2024-12-30,59.75415861529258,59.75415861529258,59.12153533213888,59.45701599121094,8972200,,
2024-12-31,59.44743214077354,59.84042533533757,59.23655649514141,59.67747497558594,9256700,,
2025-01-02,59.763746144360695,60.1471557712255,59.06402668332784,59.27490234375,12991000,,
2025-01-03,59.33241630742337,59.50495027800313,59.064028099596385,59.188636779785156,10403200,,
2025-01-06,58.94900980661348,59.01610594802247,58.14385245324014,58.28763198852539,17924200,,
2025-01-07,58.57518431782104,59.159882367705755,58.10550769622775,58.316383361816406,17799600,,
2025-01-08,58.460159259510334,59.20780398167826,58.40264672070317,59.150291442871094,14412400,,
2025-01-10,59.025689812933315,59.092785950491574,58.21094525385189,58.536842346191406,22425000,,
2025-01-13,58.59435761093535,59.284489865954356,58.19177711041427,59.09278869628906,18016200,,
2025-01-14,59.10237494915492,59.49536821498062,58.757306977900036,59.46661376953125,16658300,,
2025-01-15,59.74458222393999,60.02255037934304,59.12154246029907,59.20780944824219,16187200,,
2025-01-16,58.872322565371945,59.71582156055991,58.77647198575603,59.66789627075195,12585500,,
2025-01-17,59.72540826806738,60.16632678062648,59.59121233877683,60.10881423950195,17948900,,
2025-01-21,60.29093406992499,60.60724389766363,59.71581964131772,59.830841064453125,19817100,,
2025-01-22,59.54328522989271,59.706235596533524,59.10236673080712,59.21738815307617,18191900,,
2025-01-23,59.23656126730334,59.40909523554462,58.82439719388973,58.977760314941406,16528400,,
2025-01-24,59.15988041813976,59.43784855597835,58.891492219017266,59.35158157348633,19244600,,
2025-01-27,60.262178872943835,61.5178419622115,59.87877289187945,61.220699310302734,20742900,,
2025-01-28,60.87562691696699,61.38364519802043,59.69664730399113,59.77333068847656,14956000,,
2025-01-29,59.96503405970117,60.731849603898894,59.95544680863717,60.22383499145508,11325600,,
2025-01-30,61.201525786084076,61.62327710021416,60.6072441647232,61.39323425292969,13201000,,
2025-01-31,61.05774989403367,61.27820914611234,60.760607255250186,60.84687423706055,12096800,,
2025-02-03,60.55932043456487,60.990655354903836,59.84043011948833,60.722267150878906,12067900,,
2025-02-04,60.971488120402746,60.990658968716524,59.76375027189287,60.07047653198242,15678000,,
2025-02-05,60.11839840008605,60.664754715048275,59.993789728955974,60.50180435180664,10686800,,
2025-02-06,60.98105952102208,61.09608458790145,60.30051099607706,60.73184585571289,13423400,,
2025-02-07,60.79895089404012,61.26862385500773,60.645587772188314,61.19194412231445,13184700,,
2025-02-10,61.44115139501517,61.96834049915243,61.01940376817022,61.87248992919922,16154300,,
2025-02-11,64.70013939445855,64.86308613857062,63.655355468518216,64.79598999023438,30589100,,
2025-02-12,64.09625802339224,65.96536976865454,64.09625802339224,65.85993194580078,26033800,,
2025-02-13,66.13790443475298,66.72260243580476,65.90786159738292,66.6171646118164,24393100,,
2025-02-14,66.48297863437992,67.12518557727341,65.9078678301032,66.0133056640625,20779100,,
2025-02-18,65.70657659020493,66.49256302861882,65.58196425746483,66.18583679199219,15569100,,
2025-02-19,66.33919272473233,67.2210296940057,66.30085103307741,67.16352081298828,16032300,,
2025-02-20,66.81845215706619,67.16352006518855,66.5404803803604,67.134765625,13398000,,
2025-02-21,67.40315182905867,68.63005672718693,67.22103061942306,68.39042663574219,21662300,,
2025-02-24,67.90157924932811,68.75466910336696,67.41273912774668,67.66194915771484,21418400,,
2025-02-25,67.92076241035623,68.79301225229827,67.79615737948765,68.52462768554688,21555600,,
2025-02-26,68.31374152066898,68.32332877170428,67.60443851558294,67.86324310302734,14531200,,
2025-02-27,67.78655649157389,68.57254284164203,67.49899747765136,67.93033599853516,16789500,,
2025-02-28,68.48628370671622,68.60130879417642,67.63320108527928,68.25624084472656,22167400,,
2025-03-03,67.32647378501676,69.35853975430605,66.83763362500441,69.32019805908203,21717600,,
2025-03-04,69.08056491309708,69.6365085000202,66.98140289763963,67.27854919433594,25411900,,
2025-03-05,67.00057699848895,67.80573061918598,66.9430608020604,67.17311096191406,23933600,,
2025-03-06,67.48943187840977,67.60444965807118,66.56924576353215,67.537353515625,21694000,,
2025-03-07,66.76094460762899,68.84093203593918,66.76094460762899,68.46710968017578,28393300,,
2025-03-10,68.97513750333367,70.1828754370011,68.36168493990006,68.48628997802734,25251200,,
2025-03-11,68.89844588745835,69.05181266649109,67.68112815884083,68.09329223632812,28076400,,
2025-03-12,67.45108927264111,67.79615723284107,66.84721668582571,67.03892517089844,18923300,,
2025-03-13,67.33605051509369,67.33605051509369,66.40628466175608,66.73218536376953,15746600,,
2025-03-14,66.15283434843828,66.87702970990786,66.02730243763668,66.78047180175781,14205100,0.51,
2025-03-17,66.85771593670952,67.75571850954078,66.70322475189904,67.70744323730469,15634800,,
2025-03-18,67.69778376850448,67.77503304268328,66.91565512640886,66.9928970336914,12657600,,
2025-03-19,66.1914600455094,66.99289732620088,66.18180204447081,66.8963394165039,14780000,,
2025-03-20,66.92530731272771,67.40810423719846,66.71287548725715,67.3115463256836,16295300,,
2025-03-21,67.31154574882845,67.56260221013271,65.83418835131225,66.30732727050781,47479500,,
2025-03-24,66.43285694680758,66.70322203438347,65.97902667827829,66.57769012451172,12575400,,
2025-03-25,66.57769506602847,66.70322698521743,66.23973868147488,66.44251251220703,12513900,,
2025-03-26,66.54872623137739,67.92952572859517,66.52941759585319,67.61087799072266,14478200,,
2025-03-27,67.76537637131406,68.54750502875585,67.65916045895821,68.30610656738281,11663400,,
2025-03-28,68.37370889024105,68.8661638937477,67.13774974699875,67.9488525390625,17412900,,
2025-03-31,68.29645249344576,69.46482010362061,68.06470467803386,69.15583038330078,24016900,,
2025-04-01,69.2137592591079,69.43584905971912,68.74062039141774,69.39722442626953,15309100,,
2025-04-02,69.48413016828124,69.8703691683548,68.60544362583768,68.87580871582031,14606500,,
2025-04-03,69.98624243264759,71.40565914195875,69.83174388728531,70.66215515136719,24959600,,
2025-04-04,69.9282979439744,70.49800209000591,67.38878902131731,67.52397155761719,26517300,,
2025-04-07,63.95128416171101,66.99289890686018,63.77747697339708,66.01765441894531,34258400,,
2025-04-08,66.58735482038897,67.5722647291822,65.42864508087597,66.06593322753906,22774400,,
2025-04-09,65.5831273723505,68.04539444319651,64.96514794624488,67.54328155517578,27918700,,
2025-04-10,67.77502841605788,68.75993081046681,66.60666084972253,68.3254165649414,22450200,,
2025-04-11,68.47026079185872,69.3779139662701,68.11298842909176,68.97236633300781,19988200,,
2025-04-14,68.84684829466019,70.16005659331273,68.4895758981352,69.957275390625,13930200,,
2025-04-15,70.12142661602554,70.13107725016427,69.25239069528264,69.3875732421875,14965500,,
2025-04-16,69.8703721231953,70.16970386163544,68.9337449026479,69.2137680053711,15276200,,
2025-04-17,69.42619065560834,70.90354788370354,69.25238348954446,70.48834228515625,20754500,,
2025-04-21,70.8552633592413,70.94217062340135,69.34893953815688,70.26625061035156,16037200,,
2025-04-22,70.48834782935471,71.82086462938868,70.41109855682912,71.35738372802734,15613500,,
2025-04-23,70.768364766163,71.40565279186814,69.88967094307345,70.77802276611328,16353900,,
2025-04-24,70.50766113167953,70.90355815440967,69.81243973361352,70.02486419677734,16893900,,
2025-04-25,70.15039709104516,70.41110419808646,68.68269026305236,69.43585968017578,16316000,,
2025-04-28,69.59999988063271,69.77380705183828,68.85648856112718,69.31997680664062,15997500,,
2025-04-29,68.74062516382395,70.20832450232723,67.8619312673565,69.86071014404297,16244100,,
2025-04-30,70.82631133977546,70.95184326202924,69.22342929094577,70.05384063720703,21074700,,
2025-05-01,69.52275949278493,69.5613841320863,68.77925544519941,68.83718872070312,18034200,,
2025-05-02,69.03995864687234,69.34894837690976,68.65371964260149,69.18479919433594,12629600,,
2025-05-05,69.20410373913376,69.32963564406757,68.56681568161564,69.23307037353516,11932700,,
2025-05-06,69.21377098988688,69.42620282641609,68.71166540373346,69.25239562988281,12705500,,
2025-05-07,69.25239246589291,70.18901968403547,69.20410982637972,69.90899658203125,15018200,,
2025-05-08,69.71586623715483,69.9765806767391,68.68268121290009,68.72130584716797,14371100,,
2025-05-09,68.54749630498772,68.7019948367143,68.03573281071041,68.09366607666016,11228900,,
2025-05-12,67.73639654983533,67.9102037028684,66.33628132626484,67.13772583007812,21539000,,
2025-05-13,67.19567809155261,67.29224337812623,66.500456649743,66.58735656738281,14389100,,
2025-05-14,66.51009934528305,66.95427161629019,66.22042562083293,66.78047180175781,16286800,,
2025-05-15,67.30187647748635,69.2620378339884,67.20531858296833,69.14616394042969,19817100,,
2025-05-16,69.38756831718234,69.77380729530867,68.97236270490329,69.52275085449219,18441200,,
2025-05-19,69.5517199545709,69.6869024966736,69.17513896344255,69.45516204833984,13282800,,
2025-05-20,69.32964273377839,69.64828311167398,68.97237035020261,69.22342681884766,12137800,,
2025-05-21,69.2234232484415,69.60000424853749,69.11720733898919,69.37791442871094,12094400,,
2025-05-22,69.36826510609093,69.5131056704549,68.51854509106452,68.69235229492188,11101800,,
2025-05-23,69.07858435085139,69.50344799880062,68.25783105841015,69.30066680908203,12822100,,
2025-05-27,69.27169335924978,69.7351815993255,69.09788619008334,69.31031799316406,10666100,,
2025-05-28,69.23306798473453,69.42619115224005,68.6054379493044,68.70199584960938,8710900,,
2025-05-29,68.5571650197853,69.19446051241763,68.03574344405793,69.03030395507812,10291100,,
2025-05-30,69.14617717058081,69.97658848273461,69.14617717058081,69.61931610107422,28019500,,
2025-06-02,69.55171748864491,69.5613754889944,68.90477143624837,69.52275085449219,10202700,,
2025-06-03,69.24272680449768,69.31031807220083,68.04539261937222,68.71165466308594,20139800,,
2025-06-04,68.80822042653436,69.37791726699777,68.24817422049146,68.91443634033203,13565900,,
2025-06-05,68.92409120269888,69.00134048418063,68.39301896802996,68.47026824951172,13531400,,
2025-06-06,68.6344116191381,69.02065062685098,68.49922907147304,68.8951187133789,9524000,,
2025-06-09,68.89511916343761,69.35860744910008,68.64406270174976,69.30066680908203,12281300,,
2025-06-10,69.42619587963567,70.1890158677097,69.2910133366247,69.86071014404297,12265000,,
2025-06-11,69.78345545942628,69.87036272570492,69.29100796246418,69.59033966064453,12718500,,
2025-06-12,69.7641517140633,69.90899225674505,69.13651427370635,69.7544937133789,12806900,,
2025-06-13,69.79339316336805,69.90036426836417,68.78204212949082,69.06404876708984,17467200,0.51,
2025-06-16,69.23908467696567,69.6475231359899,68.30552483499082,68.57781219482422,15045900,,
2025-06-17,68.44166978608237,68.51946829584377,67.66370694629117,67.70260620117188,15437000,,
2025-06-18,68.07213762938471,68.07213762938471,67.18719627895109,67.30389404296875,16227600,,
2025-06-20,67.18719895440934,67.64425594091952,66.88573899278538,66.94408416748047,40859400,,
2025-06-23,67.23582379516291,67.88736963299863,67.0705075233433,67.81929779052734,21822800,,
2025-06-24,68.01379883852329,68.41250325259621,67.77068403846482,68.27635955810547,15216100,,
2025-06-25,68.00407441662121,68.09159218628271,67.51784480043466,67.71233367919922,12540400,,
2025-06-26,67.78040126170043,67.99434346643818,67.24555316913073,67.5567398071289,14454100,,
2025-06-27,67.67342606249437,68.61671258849236,67.55673571735596,68.39305114746094,23470700,,
2025-06-30,68.19855582532753,68.84038240964402,68.15965656998037,68.80148315429688,15429000,,
2025-07-01,69.03487915548418,70.4546687511552,68.94736138540848,69.69615173339844,21729300,,
2025-07-02,69.71560163612547,69.85174532904846,68.79176095497682,68.95708465576172,13050200,,
2025-07-03,69.08349640843115,69.4335822833149,68.5097416726539,69.38495635986328,9440500,,
2025-07-07,69.40441481917803,69.40441481917803,68.85011337958225,69.05432891845703,16984700,,
2025-07-08,68.73341112175684,68.73341112175684,67.9554408555187,68.30552673339844,17115500,,
2025-07-09,68.22773982622861,68.31525759142838,67.07051102453329,67.56646728515625,33704100,,
2025-07-10,67.3817039282819,67.92627874708911,67.25528689370893,67.84848022460938,14608400,,
2025-07-11,67.65398377027596,68.22773853529256,67.34279713444015,67.94572448730469,12916700,,
2025-07-14,67.87765311423554,68.14994049507462,67.36224352133337,67.5567398071289,13983200,,
2025-07-15,67.59564607044796,67.63454533163889,67.24556013900492,67.44977569580078,12639800,,
2025-07-16,67.44004216681327,67.58591252662495,66.895467404076,67.36224365234375,13178300,,
2025-07-17,67.8873723163439,68.7431411346933,67.5956390167677,68.64588928222656,20464700,,
2025-07-18,68.50003197643797,68.75286603967888,67.90683124011649,67.92627716064453,14928000,,
2025-07-21,68.25691842524054,68.67507620743629,68.00407693805174,68.14022064208984,17811700,,
2025-07-22,67.53729313821027,68.3249901897365,66.79822943702882,67.74151611328125,22339900,,
2025-07-23,67.74150912444364,67.8193002191434,66.71069736246947,67.25527954101562,21030000,,
2025-07-24,67.35252696650302,67.63454102773488,67.08995882499147,67.19692993164062,12511400,,
2025-07-25,67.22610775729738,67.3233596212991,66.85657589962774,67.26500701904297,12574800,,
2025-07-28,66.8468368409659,67.00243385911216,66.18556435239269,66.21473693847656,13668800,,
2025-07-29,66.45785695322093,67.50811465066909,66.27309475370163,67.4692153930664,16223400,,
2025-07-30,67.2066609439948,67.42060317111795,66.6426327850839,66.85657501220703,10448200,,
2025-07-31,66.273097517806,66.75932712920695,65.87438567520516,66.02025604248047,17193400,,
2025-08-01,66.71069006103446,67.13857442178738,66.38977679046977,66.96353149414062,16107500,,
2025-08-04,66.82740286597131,67.17748880008959,66.4286910001739,67.060791015625,10701500,,
2025-08-05,67.00244505561813,67.57619246254212,66.85657468154875,67.1483154296875,11993400,,
2025-08-06,67.21638358966032,67.87765615241412,66.73987323258883,67.59564208984375,10783000,,
2025-08-07,67.54702393506281,68.77232476397133,67.4206068935446,68.49031066894531,15790800,,
2025-08-08,68.42223196486772,68.91818824919164,68.14994456775658,68.40277862548828,9232700,,
2025-08-11,68.36387951537151,68.90845425168295,68.03323955455788,68.80148315429688,10909400,,
2025-08-12,68.8695672467851,69.10295540110852,68.2860931513387,68.7625961303711,11061100,,
2025-08-13,68.7431390818534,68.82093017451922,68.29580876710854,68.51947021484375,10356500,,
2025-08-14,68.44167219773797,68.51947071024072,67.47893971815856,67.63453674316406,10722400,,
2025-08-15,67.81929605320511,68.45139595668844,67.65397978562038,67.99433898925781,12381100,,
2025-08-18,68.05269330434054,68.12076514679205,67.14830601504212,67.2260971069336,14094900,,
2025-08-19,67.39142710581851,68.28608781014285,67.33307450734513,68.19856262207031,13862200,,
2025-08-20,68.79176028044219,69.73504687164127,68.47085438985596,68.75286102294922,17530800,,
2025-08-21,68.65562139905826,68.95708881093178,68.39306066667838,68.71397399902344,8840400,,
2025-08-22,69.0057055575972,69.0640507367955,67.99434707560117,68.19856262207031,12999600,,
2025-08-25,68.17911841948447,68.29581620009569,66.8274006593243,67.0316162109375,13634600,,
2025-08-26,67.13858001583317,67.177479271804,66.69124970108037,66.83712005615234,17964200,,
2025-08-27,66.92464527834655,66.97327120854948,66.58428602475186,66.93437194824219,11562700,,
2025-08-28,66.98298569010511,67.00243902851135,66.39951166558859,66.47731018066406,16209900,,
2025-08-29,66.7787715434092,67.23582855490409,66.54538341259635,67.08995819091797,14601100,,
2025-09-02,67.06078321615301,67.43031502839942,66.38006476746892,67.15802764892578,24770100,,
2025-09-03,66.76905229327839,67.19692929655614,65.51457903383762,67.08995819091797,33581500,,
2025-09-04,67.20666164631577,67.54702091153418,66.23420236324857,66.37034606933594,16736000,,
2025-09-05,66.13695142757932,66.69125286775295,66.00080773485419,66.08832550048828,23978000,,
2025-09-08,65.99107181234983,66.01051772889467,65.3103534441742,65.57291412353516,21671700,,
2025-09-09,65.42705312687427,66.23419603533294,65.42705312687427,65.99108123779297,14120600,,
2025-09-10,65.92301399381509,66.21474731966617,65.3589858435175,65.95218658447266,16041900,,
2025-09-11,66.04943138652364,66.29254620236269,65.71879879823474,65.75769805908203,15128700,,
2025-09-12,65.73823708358144,65.85493485256897,65.09641790233633,65.16448974609375,18712400,,
2025-09-15,65.34087997366443,65.43887019959712,64.77252619660982,64.88031768798828,15986100,0.51,
2025-09-16,65.01749759399466,65.1742879173627,64.73332074002066,64.90970611572266,18555900,,
2025-09-17,65.07630415392892,65.78183825049771,65.07630415392892,65.69364929199219,17372300,,
2025-09-18,65.45846562038378,65.69364363231217,65.01749843732205,65.12528991699219,17722900,,
2025-09-19,65.15467885775134,65.38986431922842,64.72352046405675,65.09588623046875,31192900,,
2025-09-22,64.83132631310944,65.2526835370025,64.75293114189328,64.88031768798828,13298700,,
2025-09-23,65.01750660449217,65.41927625667174,64.57654684221352,65.37027740478516,15072800,,
2025-09-24,65.07630366615524,65.43886823886022,64.63533644840827,65.11549377441406,14759300,,
2025-09-25,65.40947067059923,65.57605479413007,64.62553394924579,64.65493774414062,14395000,,
2025-09-26,64.74312650156337,64.99790705664735,64.18457401907035,64.35115814208984,17821600,,
2025-09-29,64.35115781937314,64.7725224953635,64.03758462860179,64.71372985839844,14818500,,
2025-09-30,64.74312648384371,65.30167896618386,64.63533499811362,64.98810577392578,13815000,,
2025-10-01,65.17429132233272,65.48786450927703,64.95870835452578,65.4388656616211,14877500,,
2025-10-02,65.19388664524624,65.31147939440201,64.53734395051924,64.77252197265625,14350700,,
2025-10-03,64.77252025369017,65.64464589397056,64.71372761875983,65.31147766113281,12249200,,
2025-10-06,65.15468906219432,65.16449032700093,64.51774142090602,64.77252197265625,14333300,,
2025-10-07,64.89010937503801,65.90922402189203,64.54713989681164,65.44866180419922,13328300,,
2025-10-08,65.33107181102581,65.52705971837518,64.7333217769151,64.79212188720703,12606700,,
2025-10-09,64.95870658196498,65.45846640495527,64.79212246635964,65.03710174560547,12705200,,
2025-10-10,65.18408816671072,66.04642007836401,65.04690035825222,65.69364929199219,17991700,,
2025-10-13,64.89991312561031,65.45846557617188,64.67452890204109,65.45846557617188,13690000,,
2025-10-14,65.52706653524768,66.21300559189413,65.40947377860472,66.15421295166016,14245600,,
2025-10-15,65.91902065868352,66.35998784361045,65.57605116563428,65.73284149169922,11193700,,
2025-10-16,65.83083520250732,66.74215846166473,65.81124014879597,66.23259735107422,15707200,,
2025-10-17,66.6343629522679,67.12432150338752,66.43838252228973,67.0655288696289,15541800,,
2025-10-20,67.05572760527774,67.26150929960708,66.55596778980696,67.0655288696289,17786800,,
2025-10-21,69.15274814154425,69.95627984931726,68.81957992240194,69.7896957397461,33651300,,
2025-10-22,69.92688156445087,70.18166209179373,69.09395356387,69.38792419433594,18293000,,
2025-10-23,69.38793888201415,69.50553164479624,68.3198326557346,68.53541564941406,13989400,,
2025-10-24,68.50601600463493,68.64320381647156,68.25123543572047,68.31002807617188,15688200,,
2025-10-27,68.3786242451756,68.7117999965022,67.85926930086605,68.65299987792969,13800000,,
2025-10-28,68.64320033514493,69.47612842938857,68.54520263779597,68.75099182128906,12730500,,
2025-10-29,68.51580263469621,68.62359411504399,66.79115390148044,66.97733306884766,19789600,,
2025-10-30,67.07531847435207,67.89845267650514,67.01652584426033,67.59468078613281,14751700,,
2025-10-31,67.17331927227266,67.68287286775298,66.53637167079172,67.51628875732422,16742700,,
2025-11-03,67.41830590425431,67.50649486310667,66.30120090174199,66.60497283935547,15660400,,
2025-11-04,67.09492602676555,67.34970656986725,66.79115411364286,67.28111267089844,12743800,,
2025-11-05,67.28111382078306,67.44769793881517,66.81075030826216,67.13412475585938,12850100,,
2025-11-06,66.92834119869096,67.7514679775491,66.55596791439153,67.6730728149414,15906700,,
2025-11-07,68.40801177093759,69.44672900218079,68.01605090378472,69.1331558227539,25108300,,
2025-11-10,68.60399221276452,69.24093976681417,68.04543981408145,69.10374450683594,15318000,,
2025-11-11,69.5545222605106,70.30905517284877,69.2409490730724,70.17186737060547,16160200,,
2025-11-12,70.05427289816534,70.4462412418629,69.90728383475697,70.0738754272461,13612600,,
2025-11-13,69.98568498058603,70.23066428181421,69.57412154880467,69.64271545410156,14002800,,
2025-11-14,69.97588289768096,70.20125964144074,69.1821449719783,69.73090362548828,13172000,,
2025-11-17,69.77009744703302,70.09347189783703,69.20175118715945,69.26054382324219,14772300,,
2025-11-18,69.56431152148734,69.90728100477325,69.15274814154425,69.7896957397461,12838900,,
2025-11-19,69.77009660687074,70.01507588916476,69.387929524586,69.6819076538086,12401500,,
2025-11-20,69.52511904395256,70.04448141524637,69.19195080035703,69.77989959716797,15396500,,
2025-11-21,70.24046331284934,71.72014033852818,70.05427665746251,71.48495483398438,26492500,,
2025-11-24,71.69073918877703,71.69073918877703,70.13266709990427,71.1321792602539,39818600,,
2025-11-25,71.33797346016362,71.46536000172232,70.69122453492395,71.15178680419922,17451200,,
2025-11-26,71.14198334291316,71.62214065138447,70.9362016392826,71.4163589477539,11795100,,
2025-11-28,71.53394991749256,71.75933414510548,71.2987719015036,71.65154266357422,7423000,,
2025-12-01,71.64167322861248,71.94758632563475,70.98051908409195,71.00025177001953,14388100,0.51,
2025-12-02,70.85224088449384,70.85224088449384,69.50032221475122,69.73715209960938,19871300,,
2025-12-03,69.94437323728688,70.45751339427578,69.67794058058216,69.87529754638672,17001700,,
2025-12-04,69.89503882975501,70.39830135886356,69.44111177850974,69.52005004882812,17710000,,
2025-12-05,69.39176441704456,69.77661575217998,68.94770750071454,69.07598876953125,13978200,,
2025-12-08,68.91810129893102,69.4509741475746,68.57272284018585,69.32269287109375,17775100,,
2025-12-09,69.44110519218218,69.69766772158269,68.90823239247449,69.164794921875,13010600,,
2025-12-10,69.46085031155356,69.59900170709838,68.85890171867125,69.2832260131836,29789400,,
2025-12-11,69.61873284921789,69.756884226757,67.88196299470222,68.19773864746094,23124200,,
2025-12-12,68.1977426238054,69.68781260121206,68.12866693100831,69.58912658691406,18444500,,
2025-12-15,69.5003226051665,70.37857398144007,69.39177400552045,70.03319549560547,18660100,,
2025-12-16,70.35883287251339,70.35883287251339,69.39176569924918,69.44110870361328,17370000,,
2025-12-17,69.638473608309,69.98385209220345,69.38190350797899,69.73715209960938,13672700,,
2025-12-18,69.34242036795195,69.86543059913025,69.24374189122055,69.43123626708984,15524800,,
2025-12-19,69.13520050048828,69.83582754545967,69.10559770725773,69.13520050048828,36911100,,
2025-12-22,69.00692322209395,69.29309612106148,68.7404905388822,69.2832260131836,12828500,,
2025-12-23,69.27334635810989,69.33255946853012,68.77008385599288,68.94770812988281,9471000,,
2025-12-24,68.97732033128716,69.23389043495087,68.82929882807016,69.1845474243164,4515300,,
2025-12-26,69.0266463959675,69.23388098941024,68.8095567533779,68.94770812988281,5711400,,
2025-12-29,69.07599511614383,69.49044927995605,68.92797362087204,69.23388671875,9686900,,
2025-12-30,69.07598961914546,69.31281947552205,68.8786326602792,69.14506530761719,8610900,,
2025-12-31,69.14506668168093,69.2338825850155,68.95757229695229,68.9871826171875,8127800,,
2026-01-02,68.92797078737598,68.94771100123326,68.0694597017261,68.20761108398438,12151300,,
2026-01-05,68.01024198336809,68.01024198336809,67.02344216052634,67.04318237304688,21186600,,
2026-01-06,67.11225784593513,67.34908769463168,66.69779619985977,66.94449615478516,21019900,,
2026-01-07,67.0925249735506,67.17147077464801,66.38202782104587,66.64846801757812,20223400,,
2026-01-08,66.64846947164689,68.54312356720452,66.55965356130312,68.45431518554688,19237000,,
2026-01-09,68.51351610046417,69.72728326780512,68.20761054625903,69.57926177978516,19638600,,
2026-01-12,69.96411846121707,70.03319415706375,69.31282687578879,69.56939697265625,20582500,,
2026-01-13,69.49045352040655,70.29962921142578,69.34243201610218,70.29962921142578,18324800,,
2026-01-14,70.230546203407,70.76341904622764,69.87529764152659,70.49698638916016,16739100,,
2026-01-15,70.64500068317753,70.65487079013353,69.441111138545,69.5496597290039,15464100,,
2026-01-16,69.362163755484,69.80622068544412,69.11546378802049,69.51018524169922,20027500,,
2026-01-20,69.07599472418063,70.83249738543434,68.86876764345041,70.80289459228516,22152200,,
2026-01-21,71.02986070831885,71.28642326380957,69.89503930809639,71.05946350097656,21660600,,
2026-01-22,70.88183752597381,71.08906459832171,70.49698617322974,70.92131042480469,13962800,,
2026-01-23,71.06932783504202,72.0956006684145,70.83249795924407,71.91797637939453,18307100,,
2026-01-26,71.89824637142958,72.33244076713704,71.58247068237496,71.60220336914062,14017400,,
2026-01-27,71.48378364275746,72.58899465793839,71.31602194622288,72.57913208007812,13239200,,
2026-01-28,72.24361780016629,72.64820936187252,71.61206648372996,72.09559631347656,14633700,,
2026-01-29,72.21401627497787,73.11200026025516,72.17454337592267,72.4607162475586,20862100,,
2026-01-30,72.7370236927637,73.91131804699124,72.56926950749867,73.82250213623047,26420500,,
2026-02-02,74.01986427962527,74.70075110650464,73.41791572472846,74.33563995361328,19301500,,
2026-02-03,74.27642718447655,76.47699433406568,74.13827579700666,75.87504577636719,27007100,,
2026-02-04,76.25002606276702,77.07894190566772,76.06253919856275,76.32897186279297,28607300,,
2026-02-05,76.79276898046798,77.81904179412463,76.56580168770265,77.47366333007812,21633500,,
2026-02-06,77.46379836310241,78.15455533703133,77.22696847613912,77.98680114746094,18512400,,
2026-02-09,77.63154517734705,78.06573953610142,76.51646401717456,76.94078826904297,23415600,,
2026-02-10,75.61847252120707,76.48686123887099,75.00666141051002,75.79609680175781,28848200,,
2026-02-11,75.86517247503785,78.00653394803875,75.56913702664558,77.56246948242188,22649700,,
2026-02-12,77.93745878206704,79.34858292876153,77.74996439340934,77.95719146728516,26043500,,
2026-02-13,77.41445116149315,78.35191560814155,77.09867548640923,77.64141845703125,16711900,,
2026-02-17,77.94732051141658,78.58874193996218,77.70062054110562,78.50979614257812,16260200,,
2026-02-18,78.45058971122995,78.78609805345862,77.87824397940815,78.44071960449219,16304900,,
2026-02-19,78.41111307125654,78.6183401307477,77.55259451449156,77.86837768554688,14924700,,
2026-02-20,78.28283975448566,78.78610229492188,77.8486453788755,78.78610229492188,17175100,,
2026-02-23,78.47032449375682,79.78277016360019,78.45059180843931,79.49659729003906,17157700,,
2026-02-24,79.47687094249291,80.01960641188997,78.79597655011308,79.65449523925781,16448500,,
2026-02-25,79.33871544412028,79.62488832569855,78.50979959253391,79.40779113769531,18086900,,
2026-02-26,79.68409316732277,79.82224455318176,78.96372591647007,79.43739318847656,12843200,,
2026-02-27,79.8715797388387,80.9175851375349,79.753161050262,80.48339080810547,28483500,,
2026-03-02,80.17748970098327,80.32551118770682,79.09201134615323,79.16108703613281,18137200,,
2026-03-03,78.80584189357235,79.02293907968077,77.52299899130585,78.2927017211914,20549300,,
2026-03-04,78.24337091745954,78.42099521409853,76.72369805258968,77.06907653808594,21011800,,
2026-03-05,76.6546126312317,76.69408552866471,75.49018850735642,76.01319122314453,23165700,,
2026-03-06,75.78623379649675,76.17108514740708,75.34216933327939,76.02306365966797,15516000,,
2026-03-09,75.6086089906323,77.03946579521713,75.51979308713285,76.77303314208984,18554100,,
2026-03-10,76.45726054519106,77.37498476510837,76.08227176002292,76.85197448730469,17243900,,
2026-03-11,76.6842238186469,76.6842238186469,75.58887526317328,76.60527801513672,11546800,,
2026-03-12,76.39804638147584,77.12828372746395,75.88491374656532,76.58554077148438,16842200,,
2026-03-13,76.97304299165201,77.5493241995201,76.69484036177172,76.8438720703125,11974500,0.53,
2026-03-16,77.49963877532433,77.92688067691923,77.24130452354646,77.32079315185547,11761200,,
2026-03-17,77.49964036226936,77.79771893430544,76.95316550702088,77.08233642578125,14900100,,
2026-03-18,76.58553841167979,76.63521311651704,75.36342544980671,75.48265838623047,13134600,,
2026-03-19,75.51247130772158,75.95958159249396,75.04548507491977,75.06536102294922,13023300,,
2026-03-20,75.08522438882993,75.56214856387686,73.91279368814436,74.2704849243164,33298700,,
2026-03-23,74.85670179768411,74.96599677096391,74.07177619751555,74.62818145751953,15054900,,
2026-03-24,74.37978549776209,75.20446299780555,74.151257576135,74.19100189208984,15653700,,
2026-03-25,74.11151075817682,75.16471614429118,73.59484982911259,74.76728057861328,14787900,,
2026-03-26,74.70766903439187,75.2640742865408,74.17113214962554,74.21087646484375,11202100,,
2026-03-27,74.34003695394449,75.56214996357933,74.22080401286095,75.22432708740234,17461000,,
2026-03-30,75.4429159104272,76.50605164961281,75.23426395194622,75.78073120117188,18502800,,
2026-03-31,76.03906564550054,76.5259202165659,75.02561219015698,75.56214904785156,18301800,,
2026-04-01,75.6615077468629,75.87015971059611,74.77721760418045,75.59195709228516,15834300,,
2026-04-02,76.08875055685873,76.46631017472605,75.6317023098237,76.22785186767578,14573400,,
2026-04-06,76.14835873586692,76.78425257070258,75.73105482809088,76.72463989257812,8259900,,
2026-04-07,76.70476805785233,77.10220362104153,75.14483972620837,75.42304992675781,12769200,,
2026-04-08,75.32368772647273,76.87368571375517,74.83683312594741,76.79419708251953,12331300,,
2026-04-09,76.15829809226068,77.78777702117893,75.88009548202379,77.67848205566406,14311000,,
2026-04-10,77.47976823541833,77.66854424679165,76.81406046756733,76.97303771972656,11081400,,
2026-04-13,76.82400413323315,76.95316747484344,75.34356436995671,75.91984558105469,12696200,,
2026-04-14,75.48265947782349,76.12849129366677,75.31375183411984,75.4131088256836,12397600,,
2026-04-15,75.25413092050265,75.25413092050265,74.24067748663992,74.82688903808594,16212100,,
2026-04-16,74.54869173119597,75.35349326766206,74.41952839214989,74.6977310180664,11501900,,
2026-04-17,74.46920197461165,75.57208206813982,74.32017027044805,75.25413513183594,15033900,,
2026-04-20,75.33361911555104,75.73105465653612,74.87657089657657,74.99580383300781,10141800,,
2026-04-21,74.99580503568177,75.04547974131874,74.14132126201923,74.2208023071289,11806900,,
2026-04-22,74.4195249666911,74.89644156618083,74.0717717003022,74.15125274658203,9352300,,
2026-04-23,74.95606443388003,76.16823950213326,74.67786181109135,75.7906723022461,12060300,,
2026-04-24,76.21791636612102,76.515994944942,75.68137947251515,76.138427734375,12008700,,
2026-04-27,76.21791205760562,76.21791205760562,74.91631800326823,74.95606231689453,15812200,,
2026-04-28,79.00988194129084,79.80475303460555,77.5791245859579,77.8473892211914,30710700,,
2026-04-29,77.86726689898849,78.77142539679481,77.68842127803904,78.36405944824219,18294700,,
2026-04-30,78.29451268715263,78.61245963126434,77.82752645476445,78.25476837158203,15142200,,
2026-05-01,78.78136462651507,79.12911790044723,77.5393832335768,78.07592010498047,12610400,,
2026-05-04,77.5592522393189,78.26469676666424,77.23137491002663,77.68842315673828,12672400,,
2026-05-05,77.68842190943671,78.2746334837031,77.24130406320289,77.9765625,11637500,,
2026-05-06,78.27463052273052,78.82110534286001,78.0659785678954,78.72174835205078,14060300,,
2026-05-07,78.2845711261052,78.64226236939791,77.59899497971874,77.9268798828125,16531400,,
2026-05-08,78.06597805720338,78.69193391761387,77.61886781126051,77.91693878173828,12447200,,
2026-05-11,77.6586181965025,78.22496142319731,77.3406636744042,78.15541076660156,10967900,,
2026-05-12,78.49322534922855,79.80475741893426,77.777842842034,79.51661682128906,19883100,,
2026-05-13,79.3576425036781,80.51019724643862,79.32782858391015,79.7451400756836,12357000,,
2026-05-14,80.2121320219049,80.40090804458362,79.39739250692739,79.93392181396484,10642000,,
2026-05-15,80.83808871150025,80.83808871150025,79.93392258301539,80.30155181884766,17527200,,
2026-05-18,80.35123034180992,80.86789126211345,79.8743061549928,80.67910766601562,12375500,,
2026-05-19,80.88777013797514,82.1297515668438,80.73873085042028,81.39449310302734,16595200,,
2026-05-20,81.64288865926339,81.8714165755325,80.99705680593205,81.02687072753906,16999700,,
2026-05-21,81.26532510394343,81.27526307733143,80.20218936500615,80.64929962158203,15708400,,
2026-05-22,80.65924259051201,81.15603516434358,80.40090832959272,80.95732116699219,8240200,,
2026-05-26,80.32141489019156,81.07654167973828,79.72526535337158,79.94385528564453,13004200,,
2026-05-27,80.57975178021998,81.98071043915546,80.28168079225381,81.09642028808594,13209600,,
2026-05-28,80.7983387830763,81.23551864608098,79.82462206468935,79.89418029785156,14691400,,
2026-05-29,79.52654997942535,79.8146905596223,78.40380157834277,78.50315856933594,32477000,,
2026-06-01,78.07592351013162,78.69194145640577,77.92688422038836,78.13553619384766,12776300,,
2026-06-02,78.37399157852226,78.69193851387408,77.74803568155077,77.90701293945312,12533200,,
2026-06-03,77.78778213919385,78.52303302611722,77.60893650935269,78.25476837158203,14964300,,
2026-06-04,79.26822055124178,79.52655480787077,76.31727149881779,76.32720947265625,19361600,,
2026-06-05,77.01278234173839,80.222057932939,76.98297600195211,78.97014617919922,25708100,,
2026-06-08,78.80123435242527,79.41725986290979,78.59258238446752,79.0297622680664,12828900,,
2026-06-09,79.03969616429994,81.235518281949,78.87078093951726,80.81820678710938,20591600,,
2026-06-10,82.14961350503755,83.3121062121698,81.59320829419526,83.05377197265625,20880500,,
2026-06-11,83.38166256276116,83.50089550771385,81.96083551900014,82.00057983398438,14264500,,
2026-06-12,82.17942298796885,82.35826860978896,81.34481513977678,82.09000396728516,11757700,,
2026-06-15,81.08000183105469,81.19999694824219,80.25,80.91000366210938,20055200,0.53,
2026-06-16,81.1500015258789,81.38999938964844,79.83999633789062,80.27999877929688,17565100,,
2026-06-17,79.94999694824219,80.33000183105469,78.98999786376953,79.93000030517578,17055400,,
2026-06-18,79.87000274658203,80.01000213623047,78.73999786376953,79.38999938964844,46857900,,
2026-06-22,79.25,80.05999755859375,79.05999755859375,79.52999877929688,21205900,,
2026-06-23,81.33000183105469,81.33000183105469,79.83000183105469,80.30999755859375,16854000,,
2026-06-24,80.88999938964844,81.58000183105469,80.55999755859375,80.5999984741211,20632600,,
2026-06-25,80.52999877929688,81.37999725341797,79.97000122070312,80.41999816894531,16021400,,
2026-06-26,80.95999908447266,82.80999755859375,80.69999694824219,82.62999725341797,53357500,,
2026-06-29,82.83000183105469,83.62000274658203,82.20999908447266,82.6500015258789,15015800,,
2026-06-30,82.5,82.54000091552734,81.01000213623047,81.2699966430664,16422100,,
2026-07-01,81.69999694824219,81.9800033569336,80.95999908447266,81.29000091552734,21734800,,
2026-07-02,81.62999725341797,84.13999938964844,81.4000015258789,84.13999938964844,18308400,,
2026-07-06,84.0999984741211,84.55999755859375,82.31999969482422,82.95999908447266,18992600,,
2026-07-07,84.5999984741211,85.68000030517578,83.63999938964844,84.05000305175781,17835200,,
2026-07-08,84.16999816894531,84.83000183105469,83.2699966430664,83.4000015258789,14160000,,
2026-07-09,82.08999633789062,82.81999969482422,81.70999908447266,82.62999725341797,15782500,,
2026-07-10,82.7300033569336,83.73999786376953,82.41000366210938,83.48999786376953,10694600,,
2026-07-13,83.9000015258789,84.68000030517578,83.66999816894531,84.25,12085800,,
2026-07-14,84.16999816894531,84.62999725341797,83.08000183105469,83.08000183105469,13775400,,
2026-07-15,82.93000030517578,83.23999786376953,82.2300033569336,82.44999694824219,18383800,,
2026-07-16,83.5,84.94999694824219,83.27999877929688,84.91999816894531,17889900,,
2026-07-17,85.37000274658203,85.55999755859375,80.83000183105469,81.55999755859375,32903000,,
2026-07-20,81.55000305175781,82.37000274658203,81.30000305175781,82.12000274658203,14967200,,
2026-07-21,81.97000122070312,82.4000015258789,81.31999969482422,81.97000122070312,12949400,,
2026-07-22,82.8499984741211,82.91999816894531,81.95999908447266,82.19999694824219,11701300,,
2026-07-23,81.66999816894531,81.87000274658203,80.87999725341797,81.16999816894531,13755600,,
2026-07-24,81.56999969482422,82.33000183105469,80.9000015258789,82.25,11980400,,
2026-07-27,83.08000183105469,84.13999938964844,82.5,84.06999969482422,19937600,,
2026-07-28,88.30000305175781,90.22000122070312,86.25,88.2699966430664,34982900,,
2026-07-29,88.6500015258789,90.91999816894531,88.63999938964844,89.08000183105469,21711700,,
2026-07-30,87.62999725341797,88.63999938964844,87.20999908447266,88.48999786376953,17616100,,
2026-07-31,87.66000366210938,88.0,86.81999969482422,87.58999633789062,14725900,,
2026-08-03,88.4800033569336,88.4800033569336,86.62999725341797,86.86000061035156,23197100,,
2026-08-04,85.79000091552734,86.68000030517578,85.16000366210938,86.55999755859375,17085700,,
2026-08-05,87.05000305175781,87.1500015258789,86.19000244140625,86.83000183105469,15868600,,
2026-08-06,87.86000061035156,87.97000122070312,86.41999816894531,86.8499984741211,13568500,,
2026-08-07,86.51000213623047,87.16999816894531,86.19000244140625,87.05000305175781,11221700,,
2026-08-10,87.11000061035156,87.52999877929688,86.43000030517578,86.87000274658203,13710800,,
2026-08-11,86.62000274658203,87.05000305175781,86.11000061035156,86.4800033569336,16018000,,
2026-08-12,85.77999877929688,87.29000091552734,85.66000366210938,86.70999908447266,12651900,,
2026-08-13,87.13999938964844,87.75,86.91000366210938,87.41999816894531,10140600,,
2026-08-14,87.30000305175781,87.97000122070312,87.19999694824219,87.70999908447266,9166400,,
2026-08-17,87.30000305175781,88.0199966430664,86.8499984741211,86.9800033569336,12056400,,
2026-08-18,88.4000015258789,88.95999908447266,87.87999725341797,88.81999969482422,12524500,,
2026-08-19,88.58999633789062,90.76000213623047,88.58999633789062,90.3499984741211,15993900,,
2026-08-20,90.18000030517578,91.87000274658203,89.7300033569336,90.5,14928000,,
2026-08-21,90.8499984741211,91.19999694824219,90.31999969482422,91.0999984741211,15595800,,
2026-08-24,92.12000274658203,92.48999786376953,91.44999694824219,91.98999786376953,14787700,,
2026-08-25,91.56999969482422,92.08000183105469,91.30000305175781,91.63999938964844,11940100,,
2026-08-26,92.20999908447266,92.20999908447266,90.0,90.08000183105469,17133900,,
2026-08-27,89.41000366210938,90.02999877929688,88.95999908447266,89.05999755859375,13452600,,
2026-08-28,89.20999908447266,90.04000091552734,89.06999969482422,89.66000366210938,9887200,,
2026-08-31,89.51000213623047,89.52999877929688,88.5999984741211,88.66999816894531,23764800,,
2026-09-01,89.58999633789062,89.77999877929688,87.80999755859375,88.0,14824100,,
2026-09-02,87.9000015258789,88.94999694824219,87.7300033569336,88.23999786376953,18492800,,
2026-09-03,88.11000061035156,89.2300033569336,88.01000213623047,88.80999755859375,13763000,,
2026-09-04,88.58999633789062,88.91000366210938,87.8499984741211,88.06999969482422,17290700,,
2026-09-08,87.55000305175781,88.55000305175781,87.55000305175781,88.36000061035156,19426900,,
2026-09-09,88.30999755859375,88.4000015258789,87.41000366210938,87.55000305175781,12337500,,
2026-09-10,88.58000183105469,88.95999908447266,87.80000305175781,87.83000183105469,12019900,,
2026-09-11,88.44000244140625,88.6500015258789,87.80999755859375,88.29000091552734,9988700,,
