date,open,high,low,close,volume,div,split
2016-09-12,43.53199971859554,44.578172725516396,43.468809134267985,44.36753463745117,11139716,,
2016-09-13,44.11291068796467,44.40289359737504,43.40563129920056,43.716835021972656,10714123,0.438931,
2016-09-14,43.79464220040483,44.09169970396103,43.35613049316681,43.39149475097656,10922046,,
2016-09-15,43.313688879148515,44.282658672343025,43.22881410593697,44.1199836730957,9429694,,
2016-09-16,44.1694915627968,44.28972775449984,43.893652100731586,44.04925537109375,13029050,,
2016-09-19,44.23315530586959,44.23315530586959,43.37027813275301,43.377349853515625,11829510,,
2016-09-20,43.78048432569833,44.1411957011543,43.631958440851186,43.80877685546875,9653757,,
2016-09-21,44.03511256648976,44.431188251391255,43.752201362988686,44.3463134765625,7565512,,
2016-09-22,44.50192140713205,44.890922585351966,44.438264612472665,44.57264709472656,8853294,,
2016-09-23,44.466554624159386,44.73531957340316,44.34631558971884,44.530208587646484,8048430,,
2016-09-26,44.22608231938431,44.26144657729984,43.76635262159682,43.95731735229492,7319022,,
2016-09-27,44.070473864398046,44.34631050208713,43.73098044296787,44.254364013671875,7693158,,
2016-09-28,44.558481602197055,44.89797208628893,44.20484202900848,44.77066421508789,12361160,,
2016-09-29,44.57262845608178,44.57262845608178,43.54000500792415,43.78755187988281,11454640,,
2016-09-30,43.77341409794292,44.36752614023612,43.75219611367065,44.141197204589844,14258354,,
2016-10-03,44.006812468499106,44.254359375569734,43.61781139776943,44.218997955322266,7881065,,
2016-10-04,44.190701897048044,44.52312353781248,43.80877257535693,44.17655563354492,8276475,,
2016-10-05,44.34630565388193,44.586780841327275,44.190705226293446,44.41703414916992,8249122,,
2016-10-06,44.19777606768258,44.33923021884545,43.66731522504243,44.31801223754883,11979164,,
2016-10-07,44.39582824707031,44.55142871700074,43.87244176360564,44.39582824707031,11292410,,
2016-10-10,45.41429887319567,45.87402846331063,44.86969451845038,45.19504165649414,21322503,,
2016-10-11,44.933349100616184,44.9474953661788,43.674396499344454,43.80170440673828,14625259,,
2016-10-12,44.134127050752376,44.29680203935055,43.55415842570303,43.610740661621094,10607751,,
2016-10-13,44.028032540310605,44.52312920549508,43.80877815210444,44.2119255065918,15239492,,
2016-10-14,44.360451520699904,44.45946971668144,43.94315792633255,43.95022964477539,12790002,,
2016-10-17,43.88658023203846,43.88658023203846,43.002482440158474,43.511722564697266,13681221,,
2016-10-18,43.780488754707264,44.28972889408359,43.730981063935296,43.91487121582031,10467424,,
2016-10-19,43.943158858637084,44.06339504005444,43.71682993298813,43.7592658996582,5850670,,
2016-10-20,43.815842309129025,44.04217120470499,43.63195220214058,43.79462432861328,6626923,,
2016-10-21,43.53293968563393,43.780486610037386,43.16515657232372,43.28539276123047,7762222,,
2016-10-24,43.426849735368165,43.483431970269706,42.88931709002527,42.96711730957031,10420264,,
2016-10-25,42.62762983522412,43.985603661932274,42.11838965020856,43.81585693359375,15917548,,
2016-10-26,43.66731278553328,43.74511581601589,42.82565398837721,43.05198287963867,10435774,,
2016-10-27,43.25003040591349,43.89365300307357,43.14394047798182,43.34904861450195,10847534,,
2016-10-28,43.158082360201135,43.19344661075521,41.34037910910673,41.61621856689453,21335603,,
2016-10-31,41.79303089189458,41.83546968289897,41.28379084784776,41.53133773803711,14939030,,
2016-11-01,41.72938378770348,42.14667742765155,41.38281865013486,41.941566467285156,15036075,,
2016-11-02,41.771819007287164,42.090094434717216,41.552561784874555,41.61621856689453,11239486,,
2016-11-03,41.85669484157941,41.88498454621016,41.22721568975418,41.326236724853516,11866504,,
2016-11-04,41.51013479301274,41.920356795094555,41.45355254539998,41.602081298828125,11861893,,
2016-11-07,42.09715779250799,42.58517982913315,42.06886809421757,42.472015380859375,10981258,,
2016-11-08,42.3093440628476,42.98832793791966,42.09715859760922,42.79736328125,8323321,,
2016-11-09,45.23747079524077,45.973039724905085,44.388737414858866,45.39307403564453,29187953,,
2016-11-10,45.64770191846699,46.29839622863412,45.633555652361615,45.944759368896484,18719690,,
2016-11-11,45.32236184695882,45.626491064195974,44.968722104393024,45.23041534423828,14734566,,
2016-11-14,45.265775145218,45.32942910503966,44.728242450126686,44.933353424072266,10610476,,
2016-11-15,45.03944079290506,45.07480504220252,44.6150754564486,45.01822280883789,7640339,,
2016-11-16,45.05358570106668,45.23040411467147,44.1694879779299,44.29679870605469,11297650,,
2016-11-17,44.211931008344095,44.40997026457329,43.9360943521536,44.3463134765625,8762642,,
2016-11-18,44.2543597176262,44.2897239657034,43.660247701575884,43.7592658996582,8066351,,
2016-11-21,43.808781610765124,44.12705705366964,43.65318116280724,44.06340026855469,7164862,,
2016-11-22,44.2048605085552,44.31095044557292,43.29247291241802,43.6390380859375,10052626,,
2016-11-23,42.67006203545685,43.63903173278924,42.30935064699653,43.596595764160156,9588152,,
2016-11-25,43.723893583621134,44.1341153925546,43.674385907493374,43.999732971191406,3669362,,
2016-11-28,43.6956048667013,43.89364123076472,43.58244042222051,43.70975112915039,7806971,,
2016-11-29,43.81585660545227,44.17656804702559,43.79463861801348,43.98560333251953,10516575,,
2016-11-30,44.07046770373742,44.07753942202823,43.13685951153625,43.278316497802734,13132174,,
2016-12-01,43.356126815552614,43.40563451024111,42.89639433057906,42.97419738769531,8802047,,
2016-12-02,43.17929195534927,43.51171073459904,42.88223458991069,43.23587417602539,8376769,,
2016-12-05,43.511724703331794,43.518796422853114,42.32349768767234,42.61348342895508,13608490,,
2016-12-06,42.56397607913664,42.712504820598774,42.1608286577087,42.63470458984375,11171261,,
2016-12-07,42.22446923037,42.479087829589844,41.460610605154365,42.479087829589844,14723981,,
2016-12-08,42.24568693075407,42.691273010874426,42.08301480186397,42.52152633666992,8998757,,
2016-12-09,42.783234099830324,43.50465700484234,42.719577308027645,43.306617736816406,11021187,,
2016-12-12,43.455139930527636,43.92194408063411,43.356121725219175,43.65317916870117,8641808,,
2016-12-13,44.045165179136575,44.15919516056259,43.653176255205,44.03803634643555,8218626,0.448473,
2016-12-14,44.08079399647865,44.729352415534485,43.895489962889414,44.04515838623047,11612574,,
2016-12-15,44.187699511251765,44.643830779450695,44.073666694202025,44.45140075683594,8917851,,
2016-12-16,44.65808760054845,44.921788857981696,44.223337109854725,44.50129318237305,18406758,,
2016-12-19,44.04516179856468,44.380131432193004,43.382345664954975,43.57477569580078,12512072,,
2016-12-20,43.61041547677078,43.95963995882969,43.02599649622504,43.118648529052734,10875201,,
2016-12-21,43.1827734180031,43.33957063649606,42.291891916656006,42.35603713989258,12630706,,
2016-12-22,42.49146988912957,42.76229716714634,42.1636261920959,42.46296310424805,10584800,,
2016-12-23,42.5983683778563,42.66251076818393,42.227760302399,42.448699951171875,7955892,,
2016-12-27,42.66964056573703,42.86206774107534,42.44870091196337,42.61262130737305,6094749,,
2016-12-28,42.56275271254873,42.66253076067852,42.1992732985187,42.242034912109375,6470981,,
2016-12-29,42.25628021038192,42.47009107940653,42.03534050786229,42.078102111816406,6833065,,
2016-12-30,41.89279348795254,42.01395229420025,41.735999068278204,41.95693588256836,11289685,,
2017-01-03,42.15649788632577,43.03312492427157,42.08522665416661,42.86920166015625,12564158,,
2017-01-04,43.118651249878084,43.32533612857359,42.790807547130065,42.854949951171875,9863671,,
2017-01-05,42.919091647555575,43.17566695800019,42.76229720742489,42.840694427490234,10581446,,
2017-01-06,42.82643856385558,43.090139834225624,42.42732366666782,42.9547233581543,10730053,,
2017-01-09,42.97611093611151,43.817102405485265,42.81931364665316,43.54627227783203,10201861,,
2017-01-10,43.61755858348162,43.646068227507094,42.683914754352465,42.70529556274414,16036706,,
2017-01-11,44.43002149802432,45.01444041795092,43.296819270889564,43.92399978637695,34281862,,
2017-01-12,44.56542597730369,45.07144473592305,44.273218001893255,44.33736038208008,26079899,,
2017-01-13,44.422898175076796,44.672344645787945,44.25897775534724,44.43002700805664,10447617,,
2017-01-17,44.1306932338506,44.23760009284743,43.61754543932299,43.81710433959961,11101150,,
2017-01-18,43.7458293386963,44.03091142225385,43.532018488341585,43.596160888671875,8522022,,
2017-01-19,43.51063767949982,43.532018479605625,42.81218586261056,42.99748992919922,11944999,,
2017-01-20,44.47277767557026,44.84338572328922,44.29460248293805,44.5654296875,26451834,,
2017-01-23,44.05229187011719,44.472787583845516,43.92400422122866,44.05229187011719,10691382,,
2017-01-24,43.89550305026141,43.966774292007166,43.28257720945768,43.62467575073242,10990900,,
2017-01-25,43.70305450841203,43.74581609568717,43.303939712254014,43.532005310058594,15255736,,
2017-01-26,43.489254615231175,43.731575101779995,43.147158959682066,43.6175422668457,13317460,,
2017-01-27,43.74582783936013,44.18057835804155,43.68881142460279,44.00952911376953,6972554,,
2017-01-30,43.84559074028126,43.98100432249922,43.425095182537966,43.78144836425781,8230573,,
2017-01-31,43.517763934728265,44.358755373989766,43.41798591719383,44.180580139160156,10292513,,
2017-02-01,44.23046635039611,44.38013479667896,43.87411589179792,44.258975982666016,11547702,,
2017-02-02,44.64383126920832,45.762778654940725,44.565434062783254,45.741397857666016,19901730,,
2017-02-03,45.51333465644409,45.848304297343006,45.092836123363,45.81979751586914,12209724,,
2017-02-06,45.55609957031985,46.29018415007785,45.541844753918234,46.283058166503906,9598422,,
2017-02-07,46.1547567325229,46.27591836186915,45.648737969306666,45.75564193725586,8840194,,
2017-02-08,45.541845803675066,45.95521554407422,45.49195821900007,45.841182708740234,6190326,,
2017-02-09,45.84117707708314,46.197530356036765,45.82692226210416,45.89106750488281,7391439,,
2017-02-10,45.841189610150906,46.01936487371445,45.58461426739501,45.720027923583984,8940907,,
2017-02-13,45.79128764992194,46.204657348571025,45.76990685161299,46.161895751953125,7494353,,
2017-02-14,46.06925256370809,46.83897284749646,45.91958409758167,46.79621124267578,10629550,,
2017-02-15,46.254560046693335,46.94588315598891,46.218924423641404,46.43986129760742,18662050,,
2017-02-16,46.42559664996261,46.61802668249115,45.94095572790639,46.5111198425293,12938922,,
2017-02-17,46.468357590561276,46.724930013894515,46.22603713295239,46.6037712097168,9482618,,
2017-02-21,46.25455605030462,46.88173669347093,46.25455605030462,46.66792297363281,7740633,,
2017-02-22,46.68218879364878,46.86036408625266,46.389980629957286,46.53252029418945,9096221,,
2017-02-23,46.69642609689977,47.11692179513148,46.575264436038246,46.931617736816406,7184669,,
2017-02-24,46.78908565983815,47.152565002441406,46.7748308416909,47.152565002441406,8849626,,
2017-02-27,46.881730155214846,46.99576013426995,46.72493287935014,46.931617736816406,7476222,,
2017-02-28,46.90310785032837,47.14542545750766,46.78907502956631,46.94586944580078,8112044,,
2017-03-01,47.08841341054933,47.60868998427075,46.960125762990955,47.188194274902344,11193374,,
2017-03-02,47.309346093127935,47.45188568658193,47.03851887108806,47.09553527832031,9062790,,
2017-03-03,47.09554617675537,47.48040630232068,46.903116113972715,47.45189666748047,8716111,,
2017-03-06,47.0955437547762,47.59443669553796,46.96725610310056,47.373497009277344,9104500,,
2017-03-07,46.6322681392631,47.259448524005506,46.461218943424264,47.01000213623047,8728478,,
2017-03-08,47.01001366014053,47.12404648532013,46.51824674539683,46.89598083496094,8821645,,
2017-03-09,47.01714805276615,47.05990965495212,46.696430337863625,46.96012878417969,8106280,,
2017-03-10,47.08841433948388,47.18106637292307,46.682173438330906,46.75344467163086,9247447,,
2017-03-13,46.83240465535094,46.868297429244215,45.94945160098382,46.049949645996094,14880133,0.448473,
2017-03-14,46.03558692420672,46.30836851515886,45.978159069805514,46.08583450317383,8271759,,
2017-03-15,46.229417023103565,46.63858951086604,46.10020360124672,46.44477081298828,9458200,,
2017-03-16,46.35145030820908,46.50937622994878,45.93509754197257,46.07149124145508,10074634,,
2017-03-17,46.12174525949729,46.44477742522122,45.86332124880742,45.87049865722656,15142762,,
2017-03-20,46.04277150970957,46.15762723642251,45.942273466289436,46.021236419677734,13593818,,
2017-03-21,46.171993752422736,46.38017015564097,45.6695005693803,45.8776741027832,11057134,,
2017-03-22,45.92792217806805,46.02124282774327,45.40389392815432,45.58335494995117,10007352,,
2017-03-23,45.482846712258684,45.81305618117385,45.360813589128924,45.425418853759766,9915128,,
2017-03-24,45.339286695151564,45.604888077623876,45.123930034498,45.353641510009766,9575052,,
2017-03-27,45.167002075872915,45.51874668868354,45.088036246848,45.36082077026367,8400663,,
2017-03-28,45.36800398099258,45.51157223342632,45.13829248124633,45.468502044677734,10673880,,
2017-03-29,45.70538729583088,46.02123912797159,45.55463878692193,45.6838493347168,8525794,,
2017-03-30,45.58334378882113,45.71255718518072,45.45413039246154,45.54745101928711,5577456,,
2017-03-31,45.41107299896326,45.67667727242404,45.403895590961994,45.6120719909668,7979472,,
2017-04-03,45.53310085782112,45.734096943962896,45.3823523583074,45.56181335449219,6962493,,
2017-04-04,45.647963058873266,45.77717361694254,45.49003426042999,45.70539093017578,6650189,,
2017-04-05,45.719746330178765,46.049955876936224,45.5905357704575,45.63360595703125,8083538,,
2017-04-06,45.56900069857432,45.92074823075121,45.360827160321435,45.3967170715332,7915125,,
2017-04-07,45.42543117821509,45.46132395824187,45.188542273816736,45.317752838134766,8091713,,
2017-04-10,45.41823792492971,45.461310970545625,44.887032393811616,44.901390075683594,7595590,,
2017-04-11,44.85832639808169,45.05214221726437,44.635792341180434,44.92293167114258,6858950,,
2017-04-12,44.77217955473067,45.37517066413164,44.707574286878135,45.26031494140625,9965642,,
2017-04-13,45.073675224245164,45.224423714634035,44.90856905148245,44.944461822509766,6217260,,
2017-04-17,45.01625486122018,45.109572637654104,44.786543384242705,45.08086013793945,5590242,,
2017-04-18,44.83678831408559,44.83678831408559,44.499401395941135,44.70039749145508,7749436,,
2017-04-19,44.693214179354236,44.96599578857422,44.506572922597606,44.96599578857422,10845857,,
2017-04-20,44.980353021257706,45.04495828495985,44.68603345704747,44.901390075683594,9392490,,
2017-04-21,44.76500590941876,44.95882459907577,44.41325843538409,44.427616119384766,11002323,,
2017-04-24,44.865505393267085,44.879863077727144,44.52093818511577,44.607078552246094,9270922,,
2017-04-25,44.858332799196994,45.17418467231878,44.68604630682017,44.72193908691406,11205006,,
2017-04-26,44.958823761753465,45.13828476406747,44.81525266405037,45.009071350097656,9284546,,
2017-04-27,45.066499901216204,45.15982054218077,44.82961103017802,44.92293167114258,6920258,,
2017-04-28,44.92294077892136,44.973188378217735,44.60708601701843,44.74347686767578,9915862,,
2017-05-01,44.686041081484845,44.86550496096882,44.57836562360943,44.779361724853516,10707521,,
2017-05-02,44.87268052916863,45.39670872219224,44.7291123012804,45.009071350097656,13647580,,
2017-05-03,44.86549881895349,45.705381624477965,44.779355594631056,45.676666259765625,11978430,,
2017-05-04,45.705391666548586,45.86331759772109,45.3823595265406,45.497215270996094,9023280,,
2017-05-05,45.58334844796151,46.00687858004946,45.53310086132957,45.920738220214844,9795237,,
2017-05-08,45.87767351646329,46.308384003434675,45.82024851267008,45.949459075927734,11684676,,
2017-05-09,46.0714964645435,46.13610174808443,45.33929177181813,45.43260955810547,10712970,,
2017-05-10,45.31774533177004,45.90638166104077,45.2890328343937,45.89920425415039,10094126,,
2017-05-11,46.480661322911324,46.839586201759076,46.164809495792014,46.25094985961914,19404663,,
2017-05-12,46.22224236286165,46.423238480082645,45.418249284532074,45.63360595703125,10838521,,
2017-05-15,45.525933681322954,45.65514712806068,45.46850580164125,45.59054183959961,8710347,,
2017-05-16,45.54027265341113,45.848947021120146,45.324918910560676,45.79151916503906,8248494,,
2017-05-17,45.79153234734679,45.79153234734679,45.13829065509833,45.22443389892578,8296911,,
2017-05-18,45.15982346094636,46.301203447496064,45.15982346094636,45.86331558227539,12528316,,
2017-05-19,45.97098593762388,45.97098593762388,45.58334857763587,45.78434753417969,9739798,,
2017-05-22,45.72692673750524,46.258132402990256,45.63360608645396,45.97099304199219,6525372,,
2017-05-23,45.942270978316365,46.36580108890752,45.942270978316365,46.33708572387695,6009861,,
2017-05-24,46.49503040961939,46.803704905393104,46.32992417870563,46.609886169433594,7289259,,
2017-05-25,46.63141109136308,46.74626682611739,46.416057306152474,46.688838958740234,7436503,,
2017-05-26,46.66012715154558,46.81087567364359,46.53091659244602,46.602699279785156,3862614,,
2017-05-30,46.459126506444846,46.760623521250864,46.32273568303615,46.57398223876953,5120109,,
2017-05-31,46.71755581715315,47.01187545856103,46.681663037966075,46.73909378051758,8162138,,
2017-06-01,46.724738081661556,46.846771240234375,46.5596318643436,46.846771240234375,7923404,,
2017-06-02,46.99033254041336,47.07647577534222,46.78933644193761,46.99751281738281,6600933,,
2017-06-05,46.91137285198633,46.9400882222356,46.44477247886429,46.71037673950195,6254988,,
2017-06-06,46.66013340288686,46.68884877752184,46.27249593402365,46.42324447631836,8218206,,
2017-06-07,46.37298129572517,46.40887406927362,45.94227375277323,45.98534393310547,7971717,,
2017-06-08,45.98535664808753,46.121747503394964,45.10240335806557,45.36800765991211,19411056,,
2017-06-09,45.36799232226525,46.2581227201274,45.3249221445849,46.222232818603516,11266419,,
2017-06-12,46.222232818603516,46.43040630066343,46.08583913959138,46.222232818603516,9851514,,
2017-06-13,46.08484148633186,46.16438505140307,45.57865358628792,45.752201080322266,12631544,0.448473,
2017-06-14,45.57142612986948,46.01976395685183,45.57142612986948,45.824520111083984,10834853,,
2017-06-15,45.77389857809088,45.875135582504264,45.47018467393425,45.69435501098633,8244406,,
2017-06-16,45.7449624700044,46.07036974319631,45.332781465783114,45.535255432128906,15617296,,
2017-06-19,45.62203884661717,46.142689983059405,45.57141890203612,46.048683166503906,8831391,,
2017-06-20,46.0486910928132,46.9742932724778,45.9763776997977,46.66334915161133,10755624,,
2017-06-21,46.68503419985774,47.437085835656525,46.68503419985774,47.335845947265625,11679960,,
2017-06-22,47.372004742996104,47.99389579150662,47.277997922978045,47.74079895019531,14087111,,
2017-06-23,47.75526437362297,48.008358335511026,47.61064049150832,47.842041015625,14769988,,
2017-06-26,47.83480485798985,48.01558831262176,47.60340434879409,47.668487548828125,7940067,,
2017-06-27,47.92158868207587,47.92158868207587,47.393707275390625,47.393707275390625,8511437,,
2017-06-28,47.55278531056785,47.6540223063888,47.104447565432544,47.1189079284668,7056498,,
2017-06-29,47.01044972725763,47.061066789374756,46.34517171858615,46.52595520019531,8751114,,
2017-06-30,46.63441589198826,46.80796627556989,46.28008494293608,46.34516525268555,8762223,,
2017-07-03,46.17161644839776,46.7356544916018,46.17161644839776,46.4753303527832,4895627,,
2017-07-05,46.61995278707573,46.85858346637595,46.222232097325815,46.395782470703125,6820174,,
2017-07-06,46.113774653947395,46.21501167673635,45.54973650878949,45.62928009033203,11887150,,
2017-07-07,45.708814628616565,45.802821449363606,45.41956398436275,45.67266082763672,7591083,,
2017-07-10,45.83898338849604,45.846213571336364,45.27494529036419,45.43403244018555,7036062,,
2017-07-11,45.42679743123527,45.54249768988921,45.007383270885605,45.07969665527344,7207620,,
2017-07-12,45.31109155763093,45.650959218487706,45.31109155763093,45.397865295410156,8610368,,
2017-07-13,45.40510649473372,45.549730380557904,45.03631226132793,45.4774169921875,7125562,,
2017-07-14,45.5063349877694,45.84620264585696,45.45571504719989,45.600341796875,6309903,,
2017-07-17,45.66542429344145,45.781124542373334,45.21708655155945,45.27493667602539,7741890,,
2017-07-18,45.19539707583981,45.289403897697476,45.02907686933525,45.130313873291016,6408415,,
2017-07-19,45.19538798126469,45.43401863348051,45.15200111557379,45.282161712646484,5972657,,
2017-07-20,45.49187925501683,45.730509962330224,45.45572256162089,45.513572692871094,6974545,,
2017-07-21,45.40510226229764,45.55695920735349,45.253245317241785,45.28940200805664,7237907,,
2017-07-24,45.22432020438206,45.48464722991927,45.195396585387066,45.24601364135742,8157318,,
2017-07-25,45.44849680633023,45.55696689708387,45.01461933423251,45.09416580200195,6241783,,
2017-07-26,45.05800319729931,45.079696634422326,44.63135885507478,44.689208984375,9816302,,
2017-07-27,46.04145165485936,46.67780013454642,45.41233046573752,46.055912017822266,22894922,,
2017-07-28,46.14269331824808,46.54041115828798,45.71604896752354,46.3596305847168,13982521,,
2017-07-31,46.460874668802205,46.50426444143979,45.92576304877491,46.19331741333008,12277215,,
2017-08-01,46.30900656118813,46.47532675569698,46.11376274945649,46.222232818603516,6802463,,
2017-08-02,46.24393155922574,46.2511617416318,45.67989349497209,45.87513732910156,7372575,,
2017-08-03,45.70880927659784,46.0848365155572,45.68711584218343,45.932979583740234,7355702,,
2017-08-04,46.012537631158445,46.05592451365128,45.513579809739795,45.62928009033203,5597368,,
2017-08-07,45.52080011225044,45.622037106635155,45.31109305115026,45.441253662109375,7018246,,
2017-08-08,45.224318448830225,45.35448195654604,44.9784575787092,45.06523132324219,8048745,,
2017-08-09,45.1592448736173,45.35448871884346,44.992924650575816,45.18817138671875,6866810,,
2017-08-10,45.101394410846694,45.25325137623479,44.956767628223076,44.9640007019043,8137825,,
2017-08-11,45.137542382544794,45.528029994690286,45.02184213517456,45.10861587524414,6341448,,
2017-08-14,45.491875421851795,45.55695862084719,45.260474916348876,45.31832504272461,5771860,,
2017-08-15,45.36170990779155,45.57865004028946,45.18816242725912,45.19539260864258,6619168,,
2017-08-16,45.14477540770253,45.50633942623945,45.07246202581188,45.34001922607422,6352138,,
2017-08-17,45.376180740698885,45.57142457982581,44.696442395050205,44.718135833740234,9589305,,
2017-08-18,44.667519028045156,44.70367283212323,44.22641139639239,44.46504211425781,8825942,,
2017-08-21,44.45780666029057,44.86275754893379,44.42164996958289,44.812137603759766,7542666,,
2017-08-22,44.81213920224624,45.19539666831923,44.77598251024882,45.13754653930664,5779930,,
2017-08-23,45.014613196917495,45.267707149918856,44.94230270385742,44.94230270385742,6743775,,
2017-08-24,45.01461149474285,45.49187576365765,44.97122462236415,45.347251892089844,8122105,,
2017-08-25,45.46295563485001,45.766666655726176,45.390642248058114,45.513572692871094,5528095,,
2017-08-28,45.63650652905807,45.889600494688615,45.54249970338102,45.788360595703125,7858114,,
2017-08-29,45.65095652962733,45.708806648378115,45.35447575512301,45.64372634887695,6879806,,
2017-08-30,45.658189601293635,45.679883034460694,45.48463924504127,45.64372634887695,5263580,,
2017-08-31,45.810061628726636,46.22224277663559,45.52081093960187,46.178855895996094,13522344,,
2017-09-01,46.128227574128005,46.35239790163138,45.99083388308013,46.15715408325195,6481985,,
2017-09-05,46.099301613305876,46.35962572761083,45.889594551021105,46.00529479980469,7583538,,
2017-09-06,46.200550566465864,46.51872488751646,46.11377391195945,46.280094146728516,7491838,,
2017-09-07,46.3451620485755,46.58379561632486,46.1282248068257,46.51148223876953,7185507,,
2017-09-08,46.27285345288741,46.663343997490045,46.236699651289776,46.4753303527832,7719358,,
2017-09-11,46.95983147276655,47.22738872249225,46.771817801459264,47.097225189208984,10785597,,
2017-09-12,47.08998508067247,47.45154908984327,47.08998508067247,47.335845947265625,7707202,,
2017-09-13,47.2635329772003,47.40092665747153,47.2201432169177,47.32861328125,5898878,,
2017-09-14,47.335893405970474,48.19535375301426,47.27762485851283,48.158935546875,10437137,0.448473,
2017-09-15,48.1953661270489,48.34832146737433,47.88945544639803,48.18808364868164,15390718,,
2017-09-18,48.086105104773424,48.37016540083192,47.933152696554785,48.06425476074219,11049274,,
2017-09-19,48.08610508316583,48.18807723770074,47.83846590970564,48.03512191772461,7345746,,
2017-09-20,48.1225099008272,48.29731551617457,47.48155597788683,47.91857147216797,9903600,,
2017-09-21,47.96228528414468,48.020553838552615,47.72192858914675,47.78019714355469,6255198,,
2017-09-22,47.802060763878806,47.8530468550813,47.39418076973986,47.43788146972656,7824263,,
2017-09-25,47.459728700177195,47.634534400461,47.372327305948716,47.47429656982422,5840923,,
2017-09-26,47.4160228470683,47.576260660280894,47.139247913005356,47.16838073730469,7311058,,
2017-09-27,47.11010623170057,47.16109230757323,46.84789919879044,47.02998733520508,7013111,,
2017-09-28,46.81148193816767,47.09554223208647,46.73864551739471,46.8260498046875,7359894,,
2017-09-29,46.826050319692065,47.00085598437399,46.12682766096435,46.63667678833008,11999181,,
2017-10-02,46.767772252889735,47.11009812337616,46.534698080717845,47.015411376953125,7067083,,
2017-10-03,47.01542137126642,47.03727171557417,46.45458907310621,46.88431930541992,6819441,,
2017-10-04,46.92073585992486,47.06640578744216,46.85518191748984,47.05183792114258,6722606,,
2017-10-05,46.92073585992486,47.19751076048604,46.85518191748984,47.05183792114258,9589200,,
2017-10-06,47.124665987093316,47.27033880061357,46.884309338975676,47.015411376953125,7847843,,
2017-10-09,47.1028208964937,47.15380696927272,46.70222352649671,46.85517883300781,5712962,,
2017-10-10,46.84062314582738,46.9571602679542,46.75321884831898,46.94987487792969,5157208,,
2017-10-11,46.86246589033134,46.86246589033134,46.454586029052734,46.454586029052734,10586477,,
2017-10-12,46.46187302399313,46.60026048354825,46.29434982988621,46.49100875854492,6454108,,
2017-10-13,46.57840829667685,46.731363617459486,46.16324593442844,46.170528411865234,7693787,,
2017-10-16,46.24337942283746,46.41818514290608,46.075856182503166,46.134124755859375,7806762,,
2017-10-17,46.039414136134255,46.112250543095605,45.79905748735257,46.04669952392578,7365868,,
2017-10-18,46.68037942707593,46.6949472943647,46.18509814569501,46.2579345703125,8265471,,
2017-10-19,46.35262886968072,46.63668924258155,46.316213560995294,46.4327507019043,10554618,,
2017-10-20,46.50558495245339,46.60755422437367,46.30164640861284,46.527435302734375,10798802,,
2017-10-23,46.63668433431089,46.99357819884835,46.104984776807335,46.177818298339844,12137936,,
2017-10-24,46.11226846946916,46.11226846946916,45.42761354861613,45.96659851074219,10711713,,
2017-10-25,45.95930509904575,45.981155443450014,45.398469886582056,45.48587417602539,11545502,,
2017-10-26,45.36933566431018,45.660678433751755,45.01972434098029,45.15082931518555,11260026,,
2017-10-27,44.10198454348841,44.10198454348841,42.113571720997804,42.41947937011719,30980242,,
2017-10-30,40.60587982985219,40.8243861666968,39.62988233503039,39.848388671875,40860891,,
2017-10-31,40.18344021952766,40.63502081723904,40.081468058894124,40.12517166137695,19313802,,
2017-11-01,40.45292854105596,40.64230207732826,40.26355791660998,40.30725860595703,17206483,,
2017-11-02,40.40922809345219,40.47478203969125,40.08875248722155,40.32910919189453,12909788,,
2017-11-03,40.27812664143309,40.99191428872345,40.198004826822135,40.8316764831543,10281718,,
2017-11-06,40.817117738260905,40.91908700897408,40.49664205549747,40.70058059692383,9136988,,
2017-11-07,40.70057325980875,40.92636502238086,40.33639403082444,40.489349365234375,15008513,,
2017-11-08,40.4237909242216,41.31238412013223,40.394655193561725,41.21041488647461,15859279,,
2017-11-09,41.188571518075406,41.26869042321612,40.51119915154533,40.9409294128418,14818825,,
2017-11-10,40.99919347066919,40.99919347066919,40.16886877483515,40.40922546386719,17547607,,
2017-11-13,40.28540924673959,40.43836457502214,40.10332109545513,40.13245391845703,14135738,,
2017-11-14,40.03777359142303,40.19072894432123,39.87753575955897,40.05234146118164,13315678,,
2017-11-15,39.88480851197278,40.1324505901701,39.622601479395605,39.913944244384766,12290315,,
2017-11-16,39.957641815519324,40.32910344793789,39.87752292537276,40.183433532714844,12572122,,
2017-11-17,40.059618892469935,40.37281203776857,39.87753073482526,40.205291748046875,10358537,,
2017-11-20,39.36039019604242,39.61531474275772,39.06176496402187,39.404090881347656,18003278,,
2017-11-21,39.59346316580693,39.9503598495432,39.46236111397822,39.52791213989258,14369442,,
2017-11-22,39.498777820870394,39.74641989177294,39.45507713536584,39.60074996948242,7730258,,
2017-11-24,39.695432439708846,39.79011918928733,39.411372190973395,39.586177825927734,4549682,,
2017-11-27,39.629884244576736,39.76827169497399,39.47692892786763,39.73185348510742,10584905,,
2017-11-28,40.008636474609375,40.1543064210983,39.629889372450386,40.008636474609375,13446783,,
2017-11-29,40.08874891387877,40.53304698349902,40.008630019462565,40.32182312011719,10980525,,
2017-11-30,40.1979989984102,40.70785098775533,40.08146190001577,40.25626754760742,16139619,,
2017-12-01,40.35096182814784,40.77340961655667,40.21985975187737,40.69329071044922,12672835,,
2017-12-04,40.7369915894456,41.305109324703714,40.693290897154945,40.94821548461914,14085120,,
2017-12-05,40.897231644338675,41.15944163610973,40.58403847937584,40.62045669555664,12405386,,
2017-12-06,39.651728847100955,40.7369808614207,39.46964073595817,39.586177825927734,21217703,,
2017-12-07,39.95037367189848,40.671446853742985,39.82655114211786,39.89210510253906,17250604,,
2017-12-08,40.285407503666065,40.47478103637695,39.8119765837151,40.47478103637695,10923723,,
2017-12-11,41.03561782836914,41.25412711858291,40.467500079831815,41.03561782836914,10239170,,
2017-12-12,41.421645110603066,41.64015147684178,41.246839435246805,41.567317962646484,14454750,,
2017-12-13,41.47262930562945,41.78582242909177,41.26140542686563,41.45077896118164,13982940,,
2017-12-14,41.42874186526371,41.67848748598092,41.105537331696496,41.14226531982422,10623890,0.458015,
2017-12-15,41.30387090128565,41.40671045458988,40.951285698343746,41.31121826171875,23664574,,
2017-12-18,41.414044790810145,41.641754176872944,41.281824637764345,41.29651641845703,12151560,,
2017-12-19,41.29652291688292,41.590343894001414,41.142266536821374,41.30386734008789,9921521,,
2017-12-20,41.34060159273724,41.49485799616987,41.12023656065994,41.215728759765625,13766423,,
2017-12-21,41.193691044998545,41.722568864615894,41.193691044998545,41.57565689086914,10439966,,
2017-12-22,41.575649416888325,41.74459756900659,41.230408689922754,41.399356842041016,11890608,,
2017-12-26,41.494858056762716,41.575658470755876,41.3332572287764,41.384674072265625,4616754,,
2017-12-27,41.421402067097986,41.597694680336275,41.325909867852864,41.384674072265625,5931994,,
2017-12-28,41.38467249963635,41.722568864615894,41.35529186684399,41.57565689086914,6061108,,
2017-12-29,41.74460133151094,41.8621297253355,41.333251953125,41.333251953125,8841557,,
2018-01-02,41.56830114659788,41.685829518951,41.17164068746048,41.29651641845703,10556504,,
2018-01-03,41.303867254967045,41.32590346113118,41.10553846289511,41.23775863647461,11090460,,
2018-01-04,41.458130606720324,42.17799285438494,41.41405818698038,41.90620803833008,15751650,,
2018-01-05,42.15594635090837,42.15594635090837,41.56830444254866,41.862125396728516,9955057,,
2018-01-08,42.02371766083816,42.05310121859148,41.5021844717642,41.619712829589844,11642546,,
2018-01-09,41.729905305212625,41.94292586443493,41.55361273240049,41.72256088256836,11142022,,
2018-01-10,41.53892971085158,42.14126352913726,41.472821083327986,42.08984375,9497395,,
2018-01-11,42.089842345954004,42.31755472748647,41.98700572770497,42.31020736694336,7447402,,
2018-01-12,42.56731372007624,43.19902830503536,42.52323835583126,43.088844299316406,12935569,,
2018-01-16,45.358605435642616,46.84974681053746,44.99132841036838,45.59366226196289,50399682,,
2018-01-17,45.75525821940782,45.97562323644823,45.461437217822315,45.564273834228516,22940615,,
2018-01-18,45.542226410302284,45.63037415736685,44.535890828929645,44.903167724609375,20861278,,
2018-01-19,45.160274863602616,45.160274863602616,44.54324925001399,45.013362884521484,12745671,,
2018-01-22,44.77095655672875,45.13088616603543,44.602008387297886,44.9913215637207,12835380,,
2018-01-23,44.82971912621875,45.63772608024017,44.7121907352122,45.321868896484375,11718212,,
2018-01-24,45.54957075329859,45.62302671962595,44.77829191664379,44.93989562988281,14129241,,
2018-01-25,45.02804946899414,45.08681366652029,44.77095647189157,45.02804946899414,9853610,,
2018-01-26,45.167619745885034,45.60100539001645,45.057435760457,45.571624755859375,11060278,,
2018-01-29,45.505507381675585,45.645071983446776,45.21903375468016,45.270450592041016,9198191,,
2018-01-30,44.65343006783894,44.99132348453156,44.39633705927315,44.55059051513672,13666654,,
2018-01-31,44.638728731334595,44.66076493459954,43.26511621393045,43.52220916748047,15582712,,
2018-02-01,43.463453369680224,44.322880145879886,43.39000032348315,43.97029495239258,14009664,,
2018-02-02,43.63973632123318,44.051085622719214,42.8096932962431,43.0153694152832,12852777,,
2018-02-05,42.80235016062339,43.3018442877142,41.00269654546023,41.42873764038086,20546774,,
2018-02-06,40.50321212072832,41.70052942811038,39.90822274244137,40.73826599121094,32494498,,
2018-02-07,40.52524916646338,41.65645787144581,40.46648496348008,41.04677963256836,14349740,,
2018-02-08,41.164305012005215,41.47281778913351,40.18734984216217,40.20204162597656,21871760,,
2018-02-09,40.51055823262051,40.70153969388216,39.195709530320826,40.30488204956055,19472364,,
2018-02-12,40.657460476019025,41.05412099060511,40.37098686373388,40.716224670410156,13259506,,
2018-02-13,40.5693122283464,40.672148825701974,40.23141887326702,40.326908111572266,17857291,,
2018-02-14,39.893522581593295,40.473820053446815,39.827413969706356,40.326908111572266,11996142,,
2018-02-15,40.71623310410666,41.12758255004883,40.2755030231805,41.12758255004883,10584695,,
2018-02-16,41.11289228542711,41.86213515916389,41.076164290515194,41.34794616699219,12294402,,
2018-02-20,41.22307566320891,41.23776744932297,40.36364875616756,40.385684967041016,14113416,,
2018-02-21,40.422394042079816,40.72356230176087,40.06980895996094,40.06980895996094,11244935,,
2018-02-22,40.10654319251911,40.4517839071409,39.97432596855678,40.08450698852539,11334958,,
2018-02-23,40.268154054850015,40.400374248488916,40.08451701789243,40.30488204956055,9499177,,
2018-02-26,40.400374411318914,41.27449305380543,40.400374411318914,41.17900085449219,12725026,,
2018-02-27,41.068810080425706,41.1055380692124,40.18000273620937,40.19469451904297,9734453,,
2018-02-28,40.444452568205996,40.525252987852866,39.82008248555805,39.82742691040039,11807606,,
2018-03-01,39.8568030265152,40.260805049168496,39.23977748414326,39.44545364379883,13648523,,
2018-03-02,39.28384221409713,39.98166802450275,39.0194048452302,39.93024826049805,9355706,,
2018-03-05,39.8421006948914,40.18733842861299,39.7245723309449,39.95962905883789,13743577,,
2018-03-06,40.025753126112484,40.187353954824204,39.53360327902082,39.88618850708008,9716951,,
2018-03-07,39.54829633079529,40.09186597560885,39.48218769964034,40.01106262207031,12817564,,
2018-03-08,40.04779412635664,40.26815918610524,39.930265702944666,40.22408676147461,7705001,,
2018-03-09,40.42240482134768,40.53993321339476,40.18000361397358,40.50320816040039,9240006,,
2018-03-12,40.936602642855966,41.230420750285475,40.57667002855349,40.664817810058594,11269039,,
2018-03-13,40.94393440695861,40.95127882956493,40.40036490944764,40.672149658203125,12272080,,
2018-03-14,40.95372176054068,41.07227790578645,40.242384889066095,40.605464935302734,11692222,0.458015,
2018-03-15,40.716608818111446,41.29457223863623,40.67215100492472,40.93890380859375,10560277,,
2018-03-16,40.89445354881272,41.38349850644369,40.81294654958674,41.2501220703125,22010620,,
2018-03-19,41.24271091760593,41.25753117900454,40.190525679253355,40.47950744628906,12391762,,
2018-03-20,40.56841111450655,40.70919615054688,40.27942943277703,40.48690414428711,8153440,,
2018-03-21,40.575822758831,40.961131696262804,40.323893182190176,40.523956298828125,10489746,,
2018-03-22,40.19051923884044,40.73883919997305,40.03491392477765,40.101600646972656,13387990,,
2018-03-23,40.24979969164967,40.53877846718272,39.52364250386153,39.57551193237305,12408634,,
2018-03-26,40.04973949249087,40.13124648451353,39.24948390870282,40.042327880859375,10448770,,
2018-03-27,40.00528788593824,40.42764317264535,39.61997881404378,39.82745361328125,16956535,,
2018-03-28,40.04974688697218,41.00560501965644,40.02751797252317,40.82036209106445,13302788,,
2018-03-29,41.020424910520866,41.05747112608222,40.36095428466797,40.36095428466797,10218524,,
2018-04-02,40.30907676543517,40.494319641607994,39.24207140016673,39.47177505493164,14041104,,
2018-04-03,39.52364458678711,40.12383404047046,39.14574719421521,40.079376220703125,9688341,,
2018-04-04,39.61997489186761,40.523966428952214,39.56810545662423,40.412818908691406,9330030,,
2018-04-05,40.79811304796499,41.03522233919643,40.33870583509292,40.4053955078125,13074638,,
2018-04-06,40.220156134439726,40.44245112932321,39.19761159952818,39.53845977783203,13100838,,
2018-04-09,40.753659950073,42.54682244531526,40.42763202126958,41.61319351196289,24352376,,
2018-04-10,41.99849683975891,42.0800038167673,41.52427227369237,41.85771179199219,13481891,,
2018-04-11,41.539086397685665,41.89475476971241,41.41312162677889,41.642822265625,9445834,,
2018-04-12,41.939225221387126,42.37640069020526,41.59837700265558,42.04296112060547,12511967,,
2018-04-13,42.29488554946699,42.480128402533126,41.96885765410672,42.361572265625,10536278,,
2018-04-16,42.806162631201786,43.90280550282677,42.36157560164748,43.458221435546875,23627998,,
2018-04-17,44.33998443555638,44.42890303342339,43.68792557953867,43.91762924194336,16070451,,
2018-04-18,44.02136800245931,44.17697333714735,43.413769886970094,43.65829086303711,11779730,,
2018-04-19,43.65827654834736,43.954666859554784,43.28778791876962,43.450801849365234,11041204,,
2018-04-20,43.6138265653629,43.917625577991046,43.46562990203982,43.59159469604492,10109951,,
2018-04-23,44.49558690316449,44.91794206965912,44.036182570126996,44.64378356933594,20767587,,
2018-04-24,44.76234655468511,45.1995220470291,44.28812189013911,44.52523422241211,13974975,,
2018-04-25,44.384441852411626,44.39925914903782,43.66569336188792,44.18437576293945,14057034,,
2018-04-26,44.325164285385256,44.52522741486822,43.79907026773692,44.0213623046875,14148105,,
2018-04-27,43.96949916170918,44.19920284215338,43.94727025106537,44.065826416015625,8034073,,
2018-04-30,44.199199224757855,44.443720184102354,43.621238708496094,43.621238708496094,13730267,,
2018-05-01,43.7175715797743,43.89540583552598,42.14670380177201,42.96177673339844,13756782,,
2018-05-02,42.73948173780341,42.97659110035066,42.25043682728919,42.457908630371094,10921837,,
2018-05-03,42.33934471222146,42.82838953315225,41.768795877122194,42.628326416015625,11864932,,
2018-05-04,42.324523154020326,42.9098921883249,42.10963980036838,42.79133605957031,9149983,,
2018-05-07,42.806170798338755,43.050691785768265,42.294896949827084,42.517189025878906,10513955,,
2018-05-08,42.509776947101436,42.546826117167306,41.68729248109843,42.05778121948242,10749546,,
2018-05-09,42.2133874460146,43.28039290239985,42.109651544990285,42.939544677734375,8684042,,
2018-05-10,43.07291596627129,43.51750303181908,42.924722252605115,43.02104949951172,8624097,,
2018-05-11,43.0951410680559,44.43630783282921,43.07291216108347,44.22883605957031,13344498,,
2018-05-14,44.288113785452644,44.51781446388528,44.0361812379473,44.2214241027832,9942062,,
2018-05-15,44.043591210534196,44.31034402468463,43.643464951583,43.86575698852539,7148932,,
2018-05-16,43.95467328069451,44.46594701250122,43.7990679742947,44.273292541503906,8941222,,
2018-05-17,44.117688896105555,44.295523115504345,43.62864405219028,43.769432067871094,8222398,,
2018-05-18,43.68791648928603,44.0584051391399,42.598682406271315,43.821292877197266,10151242,,
2018-05-21,43.85094825697421,43.95468416617309,43.26557605100371,43.39895248413086,8882219,,
2018-05-22,43.554559670349335,43.821309585605526,43.27298653022732,43.310035705566406,9357068,,
2018-05-23,43.31002230514323,44.080637211847154,43.295205009412285,43.84352493286133,10375619,,
2018-05-24,43.90280035322424,44.02135648556269,43.57677247043051,43.81388473510742,7261382,,
2018-05-25,43.821289881336156,44.05840212706851,43.59899789153053,43.78424072265625,6985339,,
2018-05-29,43.40635232769861,43.636055973577825,42.99881446115388,43.27297592163086,9228269,,
2018-05-30,43.45821671424816,44.31033855252216,43.36188948560514,44.251060485839844,11572016,,
2018-05-31,44.1843744510061,44.3696202760773,43.94726216473443,44.11027908325195,12786019,,
2018-06-01,44.377028278613224,45.05872757286468,44.17696516026613,44.87348175048828,11556925,,
2018-06-04,45.607047232668684,46.33320433504174,45.332888749283505,45.95530700683594,20410534,,
2018-06-05,45.940482862127254,46.185003770787475,45.24396633499212,45.488487243652344,13098218,,
2018-06-06,45.57740323619434,45.89602244901145,45.36251989126037,45.88861083984375,7912190,,
2018-06-07,45.940487413917495,45.97012793065953,45.57741033861058,45.93307876586914,7910933,,
2018-06-08,45.9478964046605,46.422120977875494,45.91825884997172,46.37025451660156,10142754,,
2018-06-11,46.511047563358616,46.57773429457988,45.99977373717114,46.18501663208008,7542666,,
2018-06-12,46.21464440630411,46.39247860278189,45.94789163045042,46.26651382446289,8308230,,
2018-06-13,46.3628385868933,46.65182027012648,46.1998246456062,46.37765884399414,9873732,,
2018-06-14,46.347801649910394,46.579277530545255,45.71310423028049,45.966983795166016,12528211,0.458015,
2018-06-15,45.989376986375376,46.37019477895036,45.71309676751038,46.31792449951172,17246517,,
2018-06-18,45.81018096611008,45.81764687157142,45.24268558117333,45.54136657714844,9990270,,
2018-06-19,45.28748268393244,45.78030702678646,45.272550874427644,45.571231842041016,10501589,,
2018-06-20,45.59363027500504,45.907246021701184,45.392021005033996,45.757904052734375,12757094,,
2018-06-21,45.75042962147195,45.75042962147195,45.40694733610065,45.6832275390625,9336527,,
2018-06-22,45.75791098721645,46.23580058406475,45.71310958380395,45.899784088134766,12885998,,
2018-06-25,45.85497695733933,46.011784834865566,45.280015734799065,45.60856628417969,11057238,,
2018-06-26,45.42188526720063,45.56375833930797,45.25761149793609,45.33974838256836,12571913,,
2018-06-27,45.32481815853062,45.60856731651712,44.652788220565526,44.7125244140625,10948770,,
2018-06-28,44.884254634626416,45.362144081773586,44.79465185586992,45.02613067626953,10691591,,
2018-06-29,45.197886975158234,45.89978661284502,45.063479772359564,45.324825286865234,14956951,,
2018-07-02,45.21282054571293,45.22028645143377,44.74239684126265,45.1456184387207,9546337,,
2018-07-03,45.354687534026574,45.772840886533906,45.21281444828613,45.3322868347168,5106590,,
2018-07-05,45.84750576916906,46.26565608082657,45.61602693184605,46.02671432495117,9517098,,
2018-07-06,46.14618905355102,46.67634585910123,46.138720164282134,46.44486999511719,8543191,,
2018-07-09,46.63901049569689,46.81075315700454,46.29552815824915,46.310462951660156,8724600,,
2018-07-10,46.58675159867561,46.7659601964262,46.377673408715864,46.51954650878906,11266524,,
2018-07-11,46.40006810213349,46.44487248464569,45.98938365119632,46.22085952758789,6055344,,
2018-07-12,46.62407539120685,46.922753327305514,46.4000624613818,46.78834915161133,8424453,,
2018-07-13,46.49714349175873,47.07210475405604,46.48220869639787,46.96009826660156,7705106,,
2018-07-16,46.989959706100635,47.00489449887079,46.541936819168015,46.736080169677734,4729938,,
2018-07-17,46.69127655029297,46.90035169843668,46.639006270673384,46.69127655029297,5292086,,
2018-07-18,46.74354933987917,47.02729848167055,46.5718096591074,46.99742889404297,6645578,,
2018-07-19,46.848092314642145,46.997431304937926,46.48220626585704,46.67634963989258,7631641,,
2018-07-20,46.340325892265376,46.6987429948079,46.30299040427128,46.68381118774414,7204686,,
2018-07-23,46.72113947911559,46.87794732048917,46.67633809162802,46.81074523925781,7266413,,
2018-07-24,46.96755887558736,47.3707773830596,46.90782268984453,47.35584259033203,9931058,,
2018-07-25,47.3633171711893,48.214555681447045,47.31104688294492,48.15481948852539,11023598,,
2018-07-26,48.24442876417684,48.68498284573139,47.781470996632436,47.79640579223633,11677235,,
2018-07-27,46.63154493111448,47.803868011646976,46.57927464637915,47.40811538696289,8815357,,
2018-07-30,47.63212877868191,48.46096957894358,47.43798540444926,48.39376449584961,10129130,,
2018-07-31,48.46096819945364,49.37194288113693,48.44603340528369,49.18526840209961,16184683,,
2018-08-01,49.06579354748192,49.386875187539474,48.87165018855534,48.901519775390625,7949604,,
2018-08-02,48.759660678278266,48.856732391511045,48.438578926522176,48.69992446899414,7226379,,
2018-08-03,48.684972823852085,49.29726648072165,48.51323017268091,49.230064392089844,7333066,,
2018-08-06,49.34954162850415,49.64075667829443,49.050860674296565,49.44661331176758,8600202,,
2018-08-07,49.349548115814855,50.021581097416835,49.30474671308621,49.715431213378906,8471298,,
2018-08-08,49.66315365037755,50.02157076853382,49.39433931917661,49.79755783081055,6821746,,
2018-08-09,49.931970232469155,49.931970232469155,49.13299902927521,49.28234100341797,7495086,,
2018-08-10,49.20767930090812,49.65569933753375,49.043405486489945,49.334617614746094,7796806,,
2018-08-13,49.37941510821478,49.94690747335073,49.33461072267673,49.819969177246094,9973606,,
2018-08-14,49.73782747142517,49.991707039487345,49.476481998631215,49.625823974609375,6912608,,
2018-08-15,49.82742661235712,50.45465506642336,49.63328326353075,50.30531311035156,11413873,,
2018-08-16,50.47706393130354,51.522451822642246,50.305321251062026,51.41044235229492,19378358,,
2018-08-17,51.35817195276914,51.70165731252045,51.2984387430022,51.56725311279297,8223761,,
2018-08-20,51.522440960511936,52.43341251911118,51.470170681414416,52.396080017089844,10919426,,
2018-08-21,52.42595701195553,52.45582062966036,51.58965033917681,51.649383544921875,10285701,,
2018-08-22,51.6568553371481,51.82112912509693,51.41044167005699,51.55231475830078,6176178,,
2018-08-23,51.42538075567863,51.664319568486626,51.328309064380434,51.50004577636719,5806654,,
2018-08-24,51.5224511389179,51.70912562657176,51.350708460955474,51.55231475830078,5194098,,
2018-08-27,51.776318115039565,51.84352020168071,51.171487394599986,51.51497268676758,5327822,,
2018-08-28,51.4104400118985,51.42537779144389,51.059491747615056,51.24616622924805,6219251,,
2018-08-29,51.059494579369876,51.44778134371559,50.9773546983214,51.38057327270508,5753206,,
2018-08-30,51.268565500955205,51.477640675750244,51.037089627801244,51.17896270751953,4972341,,
2018-08-31,51.03709155601634,51.33576953553131,50.895218470938,51.2162971496582,6018978,,
2018-09-04,51.05200753820226,51.08187711799426,50.72346007149159,50.7383918762207,6045178,,
2018-09-05,50.73840303963388,51.290963520857694,50.708539423605075,51.23869323730469,6664337,,
2018-09-06,51.500033892371285,51.92565904002824,51.388030416848146,51.80618667602539,10099995,,
2018-09-07,51.64190801571018,52.10486567463726,51.41043217141395,52.02273178100586,9971930,,
2018-09-10,52.26914892373244,52.70970596709354,51.918200649242976,51.94060134887695,7616759,,
2018-09-11,52.11980274137379,52.11980274137379,51.574711133805984,51.58218002319336,6094644,,
2018-09-12,51.82112861947126,52.28408635941773,51.61205343415234,52.164608001708984,6382320,,
2018-09-13,52.38861816401827,52.971048260176666,51.95553003667003,52.88890838623047,10750594,,
2018-09-14,53.18210108122338,53.18210108122338,52.370161799737694,52.61073684692383,7792928,0.458015,
2018-09-17,52.51300890990217,52.97160552214121,52.362647985315746,52.941532135009766,7018770,,
2018-09-18,52.93401228545921,53.30239474737471,52.55059613551338,52.941532135009766,7126819,,
2018-09-19,52.73853820813078,53.05429370894634,52.355122102369755,52.61073684692383,8325522,,
2018-09-20,52.88890570155214,53.24976831726893,52.66337032364842,53.212181091308594,6435454,,
2018-09-21,53.30991770569685,53.81362142247118,53.30991770569685,53.4527587890625,17850689,,
2018-09-24,53.31742893064005,53.60311108336532,53.099407391285894,53.212181091308594,6747862,,
2018-09-25,53.26482095395917,53.66327089241548,53.01672596693465,53.11445999145508,6770499,,
2018-09-26,53.32494760655929,53.4903422170719,52.761103163139566,52.873870849609375,7260963,,
2018-09-27,52.87387789060044,53.51290288045319,52.6859297177656,53.16707992553711,6315458,,
2018-09-28,53.16706391336764,53.52792646051635,53.11443699816622,53.33245849609375,7135622,,
2018-10-01,53.43021232958636,54.04668382252268,53.08438333926291,53.77603530883789,7994668,,
2018-10-02,54.10682377986146,54.25718473086745,53.445245213150024,53.941429138183594,10894589,,
2018-10-03,54.197035767969616,54.4451246874644,53.64070514216612,53.655738830566406,10037325,,
2018-10-04,53.467792098553396,53.64822641951291,52.971608235289146,53.542972564697266,10837054,,
2018-10-05,53.550492157150714,53.896315086464426,53.06182213510072,53.40013122558594,7790308,,
2018-10-08,53.32495026320892,53.90383443437843,53.29487687496181,53.7234001159668,9279830,,
2018-10-09,53.7234099002645,54.62556963448517,53.35503336866369,54.38499450683594,8249122,,
2018-10-10,54.490233269914576,54.79847498474348,52.91898136242281,52.964088439941406,13259191,,
2018-10-11,52.9039419893644,53.02422952018011,50.986855334378106,51.40034484863281,13491952,,
2018-10-12,51.648458941418234,52.670900327546924,51.4379571870789,52.48295211791992,10648938,,
2018-10-15,52.016822622642245,52.78366098611113,51.821360620581295,52.219810485839844,6896783,,
2018-10-16,52.51301159956129,53.610633180905424,52.43783113341741,53.542972564697266,10719992,,
2018-10-17,53.44524206034511,54.0842670478159,53.22722049756934,53.99405288696289,9793036,,
2018-10-18,54.24214725355758,54.430095423658514,53.693336432877146,54.287254333496094,12812848,,
2018-10-19,54.35492003097167,54.6255685469568,54.08427151498654,54.392513275146484,15210043,,
2018-10-22,54.858630669478536,55.24956679571336,54.01661763431962,54.55791473388672,12486186,,
2018-10-23,54.24966478585963,54.445126786884096,53.54297320451935,54.204551696777344,12116871,,
2018-10-24,53.994042319567605,54.61051965724333,52.79868688899869,53.031742095947266,15348170,,
2018-10-25,50.32527231610199,53.05429204057466,49.693761334329665,52.59569549560547,21553692,,
2018-10-26,52.4528696631686,53.212188233550556,51.7837712671285,52.92650604248047,17764229,,
2018-10-29,53.65574600795937,54.903728655321174,53.03927453501999,53.71589279174805,19743901,,
2018-10-30,53.89631968206947,54.851106268954126,53.753478588224546,54.78343963623047,19845976,,
2018-10-31,55.189406519454835,56.00135197045127,54.70825633119233,55.33976745605469,16624529,,
2018-11-01,55.48260954282436,55.66304387221157,54.633082858968365,54.97138595581055,14507988,,
2018-11-02,55.30970113399973,55.40743515417097,53.84370285357521,54.332366943359375,13517838,,
2018-11-05,54.09930573216507,55.30969506372411,52.71599591043441,54.97138595581055,12922364,,
2018-11-06,54.836066576054236,55.48261142372324,54.693225482188,55.114234924316406,10737913,,
2018-11-07,55.70814918060575,56.632856304717,55.51268116793073,56.444908142089844,19566684,,
2018-11-08,56.302065416321355,56.9035031258382,56.099083570586856,56.745628356933594,13634690,,
2018-11-09,57.03132458189866,57.129058609488986,56.23441866888232,56.27952575683594,15359802,,
2018-11-12,56.4825096314499,56.587757492137264,55.655530381811175,56.15171432495117,14679022,,
2018-11-13,56.550141581979055,56.58772879650577,55.640468475314826,56.09154510498047,16587430,,
2018-11-14,56.347171144159,56.354690993807615,55.392390681618835,55.700626373291016,9936193,,
2018-11-15,55.257073135764955,56.287034130197895,54.9789048020131,56.26448059082031,12549171,,
2018-11-16,56.18930117289733,57.32451604636066,56.046460083812065,57.18167495727539,14384010,,
2018-11-19,57.301956917123064,57.595152905913025,56.828320605397714,57.39968490600586,17210675,,
2018-11-20,57.14408278148797,57.40721142476139,56.121641599043876,56.21937561035156,14240014,,
2018-11-21,56.324624577209335,56.43739228054083,55.76829388898798,56.226890563964844,9489116,,
2018-11-23,55.730703255356076,56.61030330977713,55.640489098199296,56.13667297363281,3690846,,
2018-11-26,56.37725558227491,56.948620001863304,56.226894626255216,56.7155647277832,11407061,,
2018-11-27,56.437383509007454,57.52749117535866,56.437383509007454,57.39216995239258,15325533,,
2018-11-28,57.73799247420349,58.159001850186094,57.33954264630213,58.0612678527832,12625675,,
2018-11-29,58.031201346957495,59.00102158661402,57.97106057815539,58.5724983215332,11429174,,
2018-11-30,58.519861478516184,59.76032398425209,58.4296413239895,59.64755630493164,22380669,,
2018-12-03,59.78289703504562,59.828004121498104,58.850669889192275,59.5573616027832,13183106,,
2018-12-04,59.61747851079876,60.28657671039766,58.71532512081751,58.79801940917969,15482942,,
2018-12-06,57.85830406223219,58.918338775634766,57.00125727738464,58.918338775634766,17329518,,
2018-12-07,58.805543643027356,58.86568440167849,57.211732389322755,57.67784881591797,13228799,,
2018-12-10,58.226674177535145,58.474769145644025,57.03131844223207,58.20412063598633,16163618,,
2018-12-11,58.58002486525969,58.87322695582047,57.54254378154528,57.971073150634766,13867660,,
2018-12-12,58.46722722278352,59.211505835065395,58.429633993679424,58.64765548706055,11219678,,
2018-12-13,58.82809937523049,59.452090576267956,58.640151232207,59.39946365356445,11272498,,
2018-12-14,58.922531919184166,59.073946910572324,57.71122409449864,57.900489807128906,13896375,0.524809,
2018-12-17,57.514370182758896,58.210876532535856,56.67402749943364,56.954139709472656,15831822,,
2018-12-18,57.23425475081379,57.37052456642522,55.68983929438607,56.27278137207031,16163828,,
2018-12-19,56.537772776458226,56.96930005198155,55.31889239201389,55.848838806152344,19765594,,
2018-12-20,55.60657568587037,56.1213830078156,54.99335528127453,55.63685989379883,20321454,,
2018-12-21,55.228034684120644,56.36363477877953,54.67537673812642,55.19017791748047,37919994,,
2018-12-24,54.91007195746183,55.190184217816245,53.66848003832461,53.865318298339844,11565833,,
2018-12-26,53.72905954344964,56.04568375291598,53.72905954344964,56.022972106933594,14074011,,
2018-12-27,55.47788435458195,57.06772994995117,55.08421377910997,57.06772994995117,13577154,,
2018-12-28,57.446231116217135,57.97617735048633,56.651311764813336,57.06012725830078,13180696,,
2018-12-31,57.40081830552141,58.06703447462517,57.27968754266538,57.84748458862305,9687502,,
2019-01-02,56.999575800620114,57.529522136101505,56.47719597630233,57.22669219970703,15120125,,
2019-01-03,57.20396150350314,57.51435784765921,55.90938030034336,56.05322265625,13910628,,
2019-01-04,56.58319650788778,57.915635119206335,56.50748901195708,57.74150848388672,14753115,,
2019-01-07,57.65065175614545,57.892913279170635,57.09042122749861,57.105560302734375,15795142,,
2019-01-08,57.438650286236474,57.696056856604436,56.999556710657465,57.529502868652344,11896686,,
2019-01-09,57.45380436658587,57.771773321593486,57.022277232364054,57.09041213989258,11916284,,
2019-01-10,57.294818663659896,57.294818663659896,55.62170590887743,56.3863410949707,19134070,,
2019-01-11,56.55289642149836,56.734595571361496,56.136508337386516,56.70431137084961,9878029,,
2019-01-14,56.242501748346065,56.35605993726008,55.341590641072585,55.54600143432617,15669486,,
2019-01-15,55.341592829450704,56.696742799175425,55.341592829450704,56.401485443115234,13102096,,
2019-01-16,56.58318321538944,57.36296358175908,56.378772419075666,56.484764099121094,15272504,,
2019-01-17,56.2576494543437,57.362971524465586,56.2576494543437,57.23426818847656,16969321,,
2019-01-18,57.643081930101886,57.78692433790538,57.13584722049864,57.43867111206055,14980741,,
2019-01-22,57.211544198466044,57.68849461534738,57.05255669070028,57.408382415771484,10568766,,
2019-01-23,57.19642016357591,57.31754488723257,56.583193714062546,57.11314010620117,14369233,,
2019-01-24,56.90115731319285,56.90115731319285,54.796511023257764,55.39459228515625,21986621,,
2019-01-25,55.88668846551917,55.901827541374985,54.59967331508511,55.2280387878418,14054099,,
2019-01-28,54.88736844600078,55.31889574770088,54.54668772293013,55.20533752441406,13376672,,
2019-01-29,55.190176000562374,55.780690692686456,54.993343823062744,55.44001007080078,11966693,,
2019-01-30,55.61413634767458,55.879109490612855,55.281028291387905,55.54600143432617,13941230,,
2019-01-31,55.379455376518486,56.643752870277346,55.34917117071339,56.34849548339844,16797658,,
2019-02-01,57.514369595900014,58.66511473141838,57.02984660267294,57.87776184082031,15941757,,
2019-02-04,57.499228042577656,58.210873428142236,57.29481726534693,58.19572830200195,11824165,,
2019-02-05,58.58184144949826,59.33891022702486,58.33957992494646,58.40771484375,12955690,,
2019-02-06,58.17301699314909,58.839233057247334,58.01403554023726,58.58940505981445,8375721,,
2019-02-07,58.24873688371443,58.39257929427699,57.62037139479181,58.15789031982422,9661407,,
2019-02-08,58.1048783889588,58.702959506624914,57.968608580844766,58.68782043457031,9266940,,
2019-02-11,58.89980769201396,58.93009189446342,57.696072690035486,58.07460403442383,13803942,,
2019-02-12,58.51370735481692,59.75529919893402,58.377437515290595,59.44489669799805,13676086,,
2019-02-13,59.475172127944994,59.936983475820824,59.39189814492281,59.82342529296875,10980106,,
2019-02-14,59.9067093808217,60.22467839964934,59.57360128612954,59.76286697387695,8577042,,
2019-02-15,60.3079658319448,60.663785610592534,60.012708417377404,60.42152404785156,10886100,,
2019-02-19,60.40637838492024,60.66377899731826,59.86885946620961,59.989990234375,9653547,,
2019-02-20,59.80828565116555,60.21710725334007,59.66444325529251,60.133827209472656,8993517,,
2019-02-21,59.9445560135246,60.588060453689415,59.92184437696386,60.4366455078125,7740633,,
2019-02-22,60.391231380074736,61.21643509089869,60.391231380074736,61.14830017089844,8337469,,
2019-02-25,61.216431057106746,61.31485017502487,60.55778748729597,60.8530387878418,9741265,,
2019-02-26,60.95902581327799,61.39812552841669,60.56534937167665,61.125579833984375,8927912,,
2019-02-27,60.9741682297914,61.54197128655603,60.89089424147654,61.03473663330078,7852978,,
2019-02-28,60.96659975059858,61.897788985516925,60.96659975059858,61.541969299316406,11588365,,
2019-03-01,61.89780184568754,62.026505185822714,61.45113551756344,61.81452178955078,10624205,,
2019-03-04,62.10221109487006,62.17034601913198,60.96661086420996,61.602542877197266,8522755,,
2019-03-05,61.68583239423769,62.10222062177202,61.488994102922916,61.852386474609375,8698190,,
2019-03-06,61.77665831855683,61.89778906861837,60.79247324425983,61.14072036743164,8167169,,
2019-03-07,61.34513613823627,61.40569849158115,60.59563993968987,60.906036376953125,10925505,,
2019-03-08,60.724339084097444,61.019590372796,59.846139621976995,60.413936614990234,11716326,,
2019-03-11,60.83789893530343,61.34513359300751,60.61834906377105,61.224002838134766,9126613,,
2019-03-12,61.45111298753808,61.746364225278846,61.15585569659004,61.49653625488281,9261281,,
2019-03-13,61.78422966784979,62.08705351044831,61.466260698536075,61.77665710449219,8059749,,
2019-03-14,61.97482939651184,62.3178218370473,61.68519241904363,62.112030029296875,8530406,0.524809,
2019-03-15,62.11965249805863,62.432155255149034,61.586110016336434,62.17300796508789,17341046,,
2019-03-18,61.94434589797033,62.371183551001565,61.67757465018282,62.00532531738281,14357914,,
2019-03-19,62.15015774921949,62.50077425370514,61.708078189402535,62.43217086791992,10224393,,
2019-03-20,62.386425033808436,63.04954422146747,62.02819075305324,62.56173324584961,11894590,,
2019-03-21,62.57695956514769,63.39251483069057,62.386403516912374,63.224830627441406,9473291,,
2019-03-22,63.194355613840564,63.60594531642371,62.515994694874195,62.72178649902344,10639191,,
2019-03-25,62.5541028686166,63.07240350053613,62.4397740874155,62.76752471923828,7878654,,
2019-03-26,63.080043088001695,63.62120961031446,62.93522456448546,63.201995849609375,9242731,,
2019-03-27,63.20197956394098,63.30868439392348,62.355934402758116,62.72178649902344,10020766,,
2019-03-28,63.102902150515895,63.1867412371843,62.63795691535517,62.98094940185547,7161298,,
2019-03-29,63.2629670833531,63.4916307891347,63.041927329383356,63.39254379272461,10147994,,
2019-04-01,63.81937516089216,63.91084429943795,63.217235327133835,63.49163055419922,8820282,,
2019-04-02,63.61357706015256,63.811751032765365,63.186739405074505,63.42302703857422,5875088,,
2019-04-03,63.468759020119414,63.76601998121137,63.0724110719968,63.40016174316406,6550734,,
2019-04-04,63.27057232868876,63.41539080458117,61.898602688205536,62.38641357421875,10257719,,
2019-04-05,62.477913271339006,62.62273181812552,61.82241173986749,61.852901458740234,10324162,,
2019-04-08,61.708063404004804,61.93672708183144,61.243118191757,61.700439453125,10586267,,
2019-04-09,61.41081236692373,61.72331517774594,61.17453079435093,61.58612060546875,10785282,,
2019-04-10,61.63185157003346,61.98246804394042,61.47179123716319,61.60136795043945,6894268,,
2019-04-11,61.68520802951664,61.68520802951664,60.51141192212744,60.85440444946289,10410518,,
2019-04-12,60.98397247065802,61.31171704694235,60.442806018521075,60.541893005371094,10164762,,
2019-04-15,60.450421650069664,60.58761618484877,59.81016829919798,59.855899810791016,13822491,,
2019-04-16,60.38945015810138,60.43518167569181,59.00986239650565,59.116573333740234,12531250,,
2019-04-17,59.154685113564014,59.16230906513389,56.21257721617545,56.34214782714844,34181463,,
2019-04-18,56.00677198746763,56.441227473251224,55.05401584240367,55.78573226928711,32768445,,
2019-04-22,55.762852501972766,56.25828727933273,55.44272588385429,55.99151611328125,14548441,,
2019-04-23,56.174465716913105,57.35588573004278,55.94580810386521,56.860450744628906,19281523,,
2019-04-24,56.95952606201172,57.249163042005605,56.38787605232425,56.95952606201172,12779102,,
2019-04-25,56.84520716890151,58.55254573327722,56.753744126524275,58.18668746948242,13994154,,
2019-04-26,58.41534796025612,58.68211924322141,57.99614029722937,58.40773010253906,8888193,,
2019-04-29,58.37723806301513,58.826935421852326,58.29339287717853,58.522056579589844,7395317,,
2019-04-30,59.11657188963738,60.13792534230152,57.92752808419084,59.993106842041016,11269039,,
2019-05-01,59.97783234150342,60.77052786025799,59.779658461814776,60.00069808959961,15288643,,
2019-05-02,59.91687855176366,60.846762767554445,59.91687855176366,60.61048126220703,11579142,,
2019-05-03,60.62573853967049,61.08305981550484,60.404698805731556,60.976348876953125,7942582,,
2019-05-06,59.855918347285744,60.81629867100888,59.68061010236567,60.58001708984375,9906534,,
2019-05-07,60.13030321099656,60.43518202813917,59.009862740640806,59.3757209777832,10523387,,
2019-05-08,59.7034515400239,59.99309457560855,59.37570704088221,59.5891227722168,10567508,,
2019-05-09,59.20805080926162,59.84068044736445,58.87268220228137,59.7034797668457,8105861,,
2019-05-10,59.51291842783078,59.70346845960461,58.54492036607687,59.596763610839844,9027158,,
2019-05-13,58.55254939224945,59.09371591727557,58.55254939224945,58.81932067871094,9641705,,
2019-05-14,59.16230344362945,59.5129137682421,58.96412947592935,59.00986099243164,8113826,,
2019-05-15,58.59065085960261,59.36048101893797,58.5372953890122,59.108951568603516,7284543,,
2019-05-16,59.27664457475946,60.892520267555405,59.24615485931567,60.31324005126953,9910831,,
2019-05-17,59.76441666117817,60.26746921357681,59.33757920624512,60.00069808959961,8259707,,
2019-05-20,59.72632891811413,60.419937797803556,59.64248983683267,60.122676849365234,8281191,,
2019-05-21,60.27511865828077,60.77055356707849,59.85590497347386,60.595245361328125,10873734,,
2019-05-22,60.48092514310728,61.85288908650462,60.4504354303333,61.72331237792969,13491847,,
2019-05-23,61.43367270381365,61.88337614148638,61.288854192214444,61.75379943847656,9831498,,
2019-05-24,61.967220535205186,62.45502544099566,61.8223959311648,61.868133544921875,6071588,,
2019-05-28,62.02819935501348,62.455030970728686,61.15166426753664,61.174530029296875,13779733,,
2019-05-29,61.067814698173564,61.258370824889596,60.023595401255584,60.48854064941406,11278890,,
2019-05-30,60.64098934270134,60.83916334695863,60.358976240819125,60.732452392578125,7483768,,
2019-05-31,60.465681036840415,60.915384522068706,60.06171517078843,60.37421798706055,7142749,,
2019-06-03,60.70958474779048,61.67758288230827,60.61049774873406,61.174530029296875,9218103,,
2019-06-04,61.54801047195397,61.99008997883015,61.06019944288868,61.79953384399414,9368806,,
2019-06-05,62.028180021363056,62.7065408992878,61.799516380746994,62.264461517333984,9821961,,
2019-06-06,62.622696195205414,62.83611191733866,62.066281995871115,62.07390594482422,11393961,,
2019-06-07,62.36356834794605,63.17150615563857,62.36356834794605,62.85137939453125,8797436,,
2019-06-10,63.019047823701385,63.019047823701385,62.233975975457646,62.86661148071289,7536273,,
2019-06-11,63.17911772403619,63.5754656452705,62.8437431245306,63.24771499633789,7789679,,
2019-06-12,63.36965228639413,64.23093909692264,63.36965228639413,63.804107666015625,11057762,,
2019-06-13,64.07089982153907,64.16236285893909,62.904727811832245,63.18674087524414,10194001,,
2019-06-14,63.46295841368956,63.96937707110994,63.27113576738855,63.51667022705078,7989952,0.524809,
2019-06-17,63.45528909894463,63.93868314479755,63.32484700125924,63.91566467285156,6427279,,
2019-06-18,63.86194129987575,64.966846158238,63.86194129987575,64.8287353515625,11425086,,
2019-06-19,64.64462646132577,65.64978328048346,64.6139331045982,65.49632263183594,9825419,,
2019-06-20,65.97202285512446,66.37101793439616,64.69831345743833,64.91315460205078,12490483,,
2019-06-21,64.79038794802258,65.04359730986727,64.17655171854156,64.89013671875,15034294,,
2019-06-24,65.19705051904359,66.01038419788968,65.02057147273939,65.61138916015625,7891440,,
2019-06-25,65.64208784685621,66.18686868442308,65.07429466768964,65.40422821044922,9348894,,
2019-06-26,65.35817327481097,65.37351687665199,63.75452455044741,64.09980773925781,12604401,,
2019-06-27,64.19955943483399,64.98219972939009,63.99239319303285,64.32232666015625,11721670,,
2019-06-28,64.4297738090018,64.80575049101988,63.670151708386385,64.33769989013672,46684837,,
2019-07-01,64.70600205396129,65.16637778579016,64.36838745796344,65.02826690673828,10260863,,
2019-07-02,64.80573035049345,65.61138916015625,64.52950254475589,65.61138916015625,10381593,,
2019-07-03,66.03340930773633,66.80837485354824,65.97969748802922,66.67793273925781,6533232,,
2019-07-05,66.50913552128632,66.6012094304487,65.5960528954564,65.68045806884766,8767358,,
2019-07-08,65.22774696301646,65.60372358143123,64.06913603165616,64.48347473144531,13693273,,
2019-07-09,64.63691509265549,65.38119329686516,64.52182273864926,65.11264038085938,8490791,,
2019-07-10,65.06661135198355,65.30447095751808,64.72132811298822,65.08195495605469,5996132,,
2019-07-11,64.06912525134035,64.19956121405657,61.214785649745785,62.15088653564453,22146126,,
2019-07-12,62.03580817290005,62.074170256475156,60.332410189391645,61.17643737792969,18910636,,
2019-07-15,61.843977074996836,62.358064558925165,61.47567531927258,62.12020492553711,10922570,,
2019-07-16,62.39644466629026,62.74939674841653,62.06650492985685,62.60361099243164,8448662,,
2019-07-17,62.887516321348755,63.17908784515919,62.59594479753833,62.8568229675293,9848999,,
2019-07-18,63.232752642027485,63.65475986940918,62.61124183072404,63.447593688964844,8472661,,
2019-07-19,63.4552983549645,63.547372256178974,62.265987969321245,62.45014190673828,12053782,,
2019-07-22,62.67264081030959,62.780058287397374,62.18924069096211,62.312007904052734,7261697,,
2019-07-23,62.5191943453564,63.24812292012144,62.06648746103634,62.94120788574219,7420469,,
2019-07-24,62.9181929448631,63.156052569988695,62.24297001532948,62.72636413574219,7720197,,
2019-07-25,62.49617938077811,63.73152059238703,62.18925819417515,62.72636413574219,9670106,,
2019-07-26,62.59593730493323,62.63429939137336,62.08184976369905,62.480838775634766,7638977,,
2019-07-29,62.99492257197132,63.532028507829715,62.618945962875216,63.29416275024414,11123682,,
2019-07-30,64.4450962563314,65.35050380951857,63.54736357219267,63.89264678955078,14286965,,
2019-07-31,63.60874911206347,64.95152001161797,63.56271216413407,63.67781066894531,12443428,,
2019-08-01,63.731519794595684,64.83642500955646,63.409261141680005,64.21492004394531,10550006,,
2019-08-02,64.3606919671257,65.04358347688078,64.10748265913169,64.81339263916016,10913767,,
2019-08-05,64.33768943113348,64.71365991704296,63.0409615012876,63.777565002441406,11885578,,
2019-08-06,63.77757407496452,64.82109278254815,63.762224332139276,64.72134399414062,11025274,,
2019-08-07,64.61391419619973,64.98221596418098,63.53203350430657,64.64460754394531,11509660,,
2019-08-08,65.02826630802093,65.2584511043214,64.69832658667127,65.0129165649414,8699762,,
2019-08-09,65.2967980916423,66.07176354547352,64.99755181878132,65.61905670166016,8968260,,
2019-08-12,65.39656333706702,65.93366933582847,64.85178246732679,65.23542785644531,8761909,,
2019-08-13,65.57303404086649,66.5935403115064,65.57303404086649,66.04875946044922,8413658,,
2019-08-14,65.50397789769492,65.86460479258014,63.95404053426897,63.992408752441406,11411148,,
2019-08-15,64.08446620224706,64.33767551819633,63.601072176332025,64.0384292602539,9543612,,
2019-08-16,64.79807034783937,65.49630568908067,64.56787943441448,65.26612091064453,9156271,,
2019-08-19,65.67278773951188,66.39404772613409,65.56537021639046,66.13316345214844,7655221,,
2019-08-20,65.99503885930949,66.54749450761597,65.66509921726704,65.71881103515625,6176598,,
2019-08-21,66.20989011055556,66.94649366416762,66.08712285162021,66.68561553955078,6486072,,
2019-08-22,66.56282865148958,66.90811184885932,66.17918338107293,66.53981018066406,6588776,,
2019-08-23,66.1561581264936,66.70861369086224,64.82106842674526,65.17402648925781,10608694,,
2019-08-26,65.51164125568496,65.9106362986255,65.28145039206832,65.8952865600586,6041825,,
2019-08-27,66.30962313595865,66.6932745633396,65.56535102331534,65.61905670166016,6527049,,
2019-08-28,65.41957225618724,66.42472867299831,65.25076192925258,66.35566711425781,6159934,,
2019-08-29,66.80836309695309,67.02320420298695,66.12547157081774,66.53981018066406,6321012,,
2019-08-30,66.84673728770734,66.92346758269741,66.11780868778371,66.3479995727539,6795127,,
2019-09-03,66.171524567684,66.76234235386754,66.0180639682884,66.48611450195312,6695882,,
2019-09-04,66.86210162909357,66.88512010911859,65.54235499102836,66.02574920654297,7868070,,
2019-09-05,66.47844856832396,66.49379831132003,65.60373407715839,66.0641098022461,7524954,,
2019-09-06,66.40170229231664,66.70094242628231,66.22522325152495,66.42472076416016,7047695,,
2019-09-09,66.37101472904448,66.38635833328007,63.624098526697175,64.04611206054688,12040786,,
2019-09-10,63.21742662608608,63.21742662608608,60.501203851884235,62.680320739746094,18087432,,
2019-09-11,62.810758459939244,63.7698778000247,62.626604552769145,63.62409210205078,10602197,,
2019-09-12,64.0537681621019,64.5141498182229,63.5243372330452,63.92333221435547,8416698,,
2019-09-13,64.08554487192933,64.54898002124916,63.42901225837283,63.80748748779297,7521496,0.524809,
2019-09-16,63.68391268440772,63.68391268440772,63.096894283315706,63.35951232910156,6191270,,
2019-09-17,63.436730768477894,64.49490993728291,63.436730768477894,63.73023986816406,7375405,,
2019-09-18,63.853815515079205,64.32497642948904,63.62982077951526,64.12415313720703,6943734,,
2019-09-19,64.12417538511544,65.11284044351672,64.01603782844282,64.85794830322266,6922774,,
2019-09-20,65.45268552038242,66.32548705316648,65.12827906078437,65.77709197998047,23631247,,
2019-09-23,65.58399166312384,65.82343821434554,65.14372793698013,65.1591796875,8909572,,
2019-09-24,65.30591475881054,65.56080063290948,64.40993582359366,64.57213592529297,9377085,,
2019-09-25,64.47174830734635,64.90428614881553,64.07010161472535,64.18595886230469,7290936,,
2019-09-26,64.58760591283057,64.9506294077638,64.13961631869535,64.7884292602539,8104918,,
2019-09-27,64.7884552626461,64.87341522018667,63.78433812253401,64.03923034667969,7827093,,
2019-09-30,64.27093826984917,65.73076459467819,64.27093826984917,65.02015686035156,9806974,,
2019-10-01,65.02014347785473,65.34454994724278,64.52581098655094,64.57987976074219,7050001,,
2019-10-02,64.16279018971298,64.27092774264013,62.208631591916216,63.042816162109375,8762433,,
2019-10-03,63.282251278462844,64.01602403850525,63.0505306394059,63.90788650512695,5790095,,
2019-10-04,64.43312538973336,65.74619684583253,64.23230204254367,65.65351104736328,7504518,,
2019-10-07,65.67668265271222,65.73847112658505,64.84249811299198,65.1823501586914,5086154,,
2019-10-08,64.71891136528983,65.19779208220594,64.17051012749054,64.33271026611328,6416694,,
2019-10-09,65.01243715942071,65.25960345594456,64.51810456637301,65.02015686035156,4660875,,
2019-10-10,64.98924741500714,65.53764246327752,64.56442930445934,64.69573211669922,8580290,,
2019-10-11,65.11284663877449,65.99337422428223,65.08194930881969,65.14373779296875,6229626,,
2019-10-14,65.16690386170076,65.73847662771261,65.10511538265733,65.41407012939453,5513214,,
2019-10-15,65.57624824191127,65.73072863667034,65.33680795306488,65.68437957763672,5205102,,
2019-10-16,65.69986750029382,65.72303895469133,65.20553490546577,65.22870635986328,5686134,,
2019-10-17,65.20552574380962,65.38317765307023,64.68029589166166,64.72663879394531,7178486,,
2019-10-18,64.65711697554373,65.58398726572504,64.6184999533525,65.40634155273438,7883056,,
2019-10-21,65.63033853450546,65.69985288223123,64.94290858072937,65.28276062011719,5352136,,
2019-10-22,63.336337389706905,63.86156110085387,61.98464255535317,62.79566192626953,18629038,,
2019-10-23,62.78794387442971,64.0083236694336,62.68753217507054,64.0083236694336,8511961,,
2019-10-24,64.1936742587011,64.60304058383124,63.36720955885172,63.7843017578125,5232769,,
2019-10-25,63.54487721241982,63.992866842233965,63.35950560050223,63.53715133666992,7868384,,
2019-10-28,63.90017533092625,64.47174804290572,62.05414819776354,63.49080276489258,15557665,,
2019-10-29,64.91973177659729,66.24825497822334,63.87700419600727,65.73075103759766,17371019,,
2019-10-30,65.6535168309922,66.80438206539411,65.12828696713146,66.59583282470703,10026845,,
2019-10-31,66.50314777137005,67.19057780462741,66.0474384330831,66.9356918334961,12419429,,
2019-11-01,67.25236777991859,67.38367678217288,65.49130667767858,65.60717010498047,9281298,,
2019-11-04,66.10923222929861,66.1941983436819,64.7884408363048,64.80388641357422,8947195,,
2019-11-05,64.62621310510305,64.68800774525967,63.90016622569341,64.04692077636719,9937974,,
2019-11-06,64.54126540386108,64.85022013581347,64.20913304564651,64.30181884765625,9735606,,
2019-11-07,64.28635937644773,64.87337756329937,63.85382161005971,64.01602172851562,9251325,,
2019-11-08,64.0392080203248,64.65712366967325,63.88472756404774,64.56443786621094,6653123,,
2019-11-11,64.23227449618676,64.60302370682545,64.07779411448142,64.32496643066406,3725221,,
2019-11-12,64.55670839109582,65.51447605024245,64.55670839109582,64.97380065917969,8616656,,
2019-11-13,65.3059299250958,65.7384677472493,64.96607789686672,65.51447296142578,6516883,,
2019-11-14,65.59171435293212,65.79253769386077,64.6493922958481,65.3059310913086,7911247,,
2019-11-15,65.41405712294723,66.1169387588406,65.3754401031934,65.57626342773438,9675870,,
2019-11-18,65.39089564583172,65.51447877394848,64.76526030557545,64.98152923583984,10701757,,
2019-11-19,65.1900826541465,65.61490088253751,64.8579564183984,65.38318634033203,9691380,,
2019-11-20,65.29048777404792,66.02426688584814,65.22869929426774,65.862060546875,8160147,,
2019-11-21,66.19418208178335,66.24825085258415,65.08965374495277,66.00880432128906,7195568,,
2019-11-22,66.1555423386259,66.70394343257485,65.90065647336323,66.00106811523438,7800159,,
2019-11-25,66.45678749860453,66.88160557380783,65.91611219407615,66.19417572021484,9021289,,
2019-11-26,66.42590806936518,67.53815629772346,66.35639371304782,67.46092224121094,19233420,,
2019-11-27,67.50725633835388,67.87027982449091,67.19056957462315,67.6694564819336,6037318,,
2019-11-29,67.32959109335842,67.79302615887447,67.22145356857615,67.33731079101562,4880222,,
2019-12-02,67.6153742406185,67.96295208338658,66.85070422168032,67.22917938232422,5597997,,
2019-12-03,66.95113820738722,67.56132801625947,66.81210949420422,67.49181365966797,7466162,,
2019-12-04,67.60764864719161,68.53452495699767,67.33731101011446,68.4881820678711,7293766,,
2019-12-05,68.53454221795585,68.58088511875425,67.94752390682983,68.54998779296875,8267462,,
2019-12-06,68.74309267707467,68.92847047599828,68.54999517769285,68.62723541259766,7245872,,
2019-12-09,68.66585220191898,68.74308625384681,68.12517060810563,68.52681732177734,8054823,,
2019-12-10,68.43411002919993,69.1524371277902,68.36459569883787,68.82030487060547,8663711,,
2019-12-11,68.85122901251384,69.12156674197658,68.62723418801497,68.72764587402344,6821746,,
2019-12-12,68.77399222752229,69.48459994129429,68.67358053647887,69.18336486816406,6863876,,
2019-12-13,69.3699933974382,69.67329398416028,68.7789499267633,69.36222076416016,7571800,0.582061,
2019-12-16,69.71994212417857,69.9921334745426,69.35442944639956,69.43997192382812,10355183,,
2019-12-17,69.4711085087366,69.56442987296246,68.84118308210418,69.23002624511719,11690545,,
2019-12-18,69.4866517301208,69.99214649304403,69.31555430722864,69.69662475585938,11578199,,
2019-12-19,69.90659751780366,70.06213100530118,69.59551810659644,69.98436737060547,7602716,,
2019-12-20,71.12758916365635,72.04526999246049,70.64542462579178,71.22091674804688,17849641,,
2019-12-23,71.41533556545568,71.56309646237767,71.11203491868702,71.34534454345703,7895946,,
2019-12-24,71.26756212236731,71.33755313204452,70.82427950963823,71.11202239990234,2343223,,
2019-12-26,71.23646403794011,71.32978539872246,70.82429054907954,71.03426361083984,3062675,,
2019-12-27,71.29867966010488,71.31423114692987,70.97982754438638,71.15869140625,3758966,,
2019-12-30,71.18200251339681,71.30643302870024,70.55984993687967,70.79315948486328,3932934,,
2019-12-31,70.70760381237933,70.7620433233509,70.33431230328098,70.7309341430664,4710760,,
2020-01-02,70.83206050459252,71.6564136692411,70.2799049954431,71.57864379882812,8251428,,
2020-01-03,70.5209737066388,71.60196039626864,70.38876433049965,70.9642562866211,5903698,,
2020-01-06,70.94871837976503,71.34534036597515,70.7620694472563,71.26757049560547,7522963,,
2020-01-07,70.61429269800409,70.86315374004631,69.30777533633545,69.36998748779297,11132275,,
2020-01-08,69.28445179882317,69.60330387432307,68.75562047808052,68.90338134765625,15200506,,
2020-01-09,69.17556948536105,70.03103169271071,69.04336010688903,69.50997924804688,9714750,,
2020-01-10,69.77439355677919,70.07769414079338,69.56441431612119,69.62663269042969,5945304,,
2020-01-13,69.61884757620135,69.70439627865295,69.2300045351265,69.61106872558594,10261492,,
2020-01-14,69.4244475332602,69.9377212524414,69.11337424778588,69.9377212524414,8625669,,
2020-01-15,70.06993659149484,71.24425124608648,70.06215773781479,71.18981170654297,9614038,,
2020-01-16,71.43865187136097,71.59419159065048,70.8087203609131,70.90982055664062,7252474,,
2020-01-17,70.98758794112284,71.25977933133552,70.66095702924635,70.74650573730469,10131226,,
2020-01-21,70.55208952649805,70.74651107444485,69.76661826489192,69.96881866455078,10022129,,
2020-01-22,70.12436390485098,70.34989465927532,69.6966327348664,69.71996307373047,7800474,,
2020-01-23,69.72773860538149,69.72773860538149,68.63897292862227,68.87227630615234,13198093,,
2020-01-24,68.92671679053292,69.08225652311708,66.55475763199966,66.86583709716797,14954960,,
2020-01-27,66.18148114887332,67.27801962259585,65.87818049485925,66.95916748046875,10847534,,
2020-01-28,67.2235588748265,67.43353186015969,66.80360668605462,67.07579803466797,9496347,,
2020-01-29,67.34801144571077,68.56120774604807,67.2158020440093,67.84573364257812,8511227,,
2020-01-30,67.62019441879279,67.76017643734846,67.03692357193069,67.27023315429688,11016471,,
2020-01-31,67.1769179674941,67.4024487399023,66.10370985795396,66.44589233398438,9621583,,
2020-02-03,66.91250552954858,68.60787264415731,66.91250552954858,67.92350769042969,9729318,,
2020-02-04,68.7711767791256,69.3699991508503,68.48343387130798,68.71674346923828,15091305,,
2020-02-05,65.8548395430613,67.45687884868566,65.32600819701997,66.74918365478516,29290133,,
2020-02-06,66.89693369284656,67.06024602863863,66.30589028202911,66.63251495361328,16110170,,
2020-02-07,66.79585572751151,66.83473755721808,65.97150248751672,66.16592407226562,11419427,,
2020-02-10,66.16590482004544,66.86582729597231,66.05703199768085,66.6169662475586,10590983,,
2020-02-11,66.77250270094898,66.881375518004,66.06480140861451,66.29811096191406,10252689,,
2020-02-12,66.13480307393154,66.28257016752403,64.47054540271674,64.74273681640625,19630926,,
2020-02-13,64.49388007027713,64.49388007027713,63.34290217819107,63.7473030090332,19388734,,
2020-02-14,63.949507292169706,64.39279623641028,63.51400341958279,64.27613830566406,8743464,,
2020-02-18,64.45499551111422,64.6338655801007,63.972824831860294,64.12836456298828,10017308,,
2020-02-19,64.61054606673709,64.63387640850421,63.436231470764646,63.7706413269043,11740220,,
2020-02-20,63.94172220959086,64.41611403944901,63.55287287964565,64.15169525146484,10941330,,
2020-02-21,63.918382506848275,64.2605648925808,63.54509093565654,64.0350341796875,9295970,,
2020-02-24,62.68962847584575,64.22945542293535,62.6585192905242,63.249568939208984,13734145,,
2020-02-25,63.4051147937023,63.723966905632885,62.09859715459208,62.425228118896484,13171683,,
2020-02-26,62.728542686755716,63.48289877335671,62.03639256054211,62.168601989746094,11940283,,
2020-02-27,62.7673926784261,63.576187897218055,60.65985282498858,60.72206497192383,15734253,,
2020-02-28,59.63330317717817,60.26323462556597,57.68907553192209,59.539981842041016,29246117,,
2020-03-02,59.98327173333137,63.42066603333156,59.94438991164068,63.280677795410156,18840525,,
2020-03-03,63.30400441768743,64.08169676883124,60.58986936696818,61.53864669799805,17394599,,
2020-03-04,63.381766073821275,64.60274085516338,62.121909478100676,64.52497100830078,20224199,,
2020-03-05,63.40511220196848,64.36945356882326,62.94627807470867,63.444000244140625,15017840,,
2020-03-06,62.19191032154137,64.25278982632464,61.77195805647781,63.9261589050293,14208574,,
2020-03-09,60.659850067549755,62.775168674986915,59.87437899872155,61.40643310546875,18942810,,
2020-03-10,62.58854889053474,63.910624411797336,60.271028856143424,63.78619384765625,17527486,,
2020-03-11,62.08302463793168,62.33966452396414,60.68318597674194,61.6319694519043,14274179,,
2020-03-12,57.86016744542434,60.70651794768894,56.97360231427934,57.89905548095703,22664782,,
2020-03-13,59.76525729711488,60.55721112281198,56.660155553794574,60.18083572387695,25857094,0.582061,
2020-03-16,55.491828021310866,59.663323720746995,52.62980627946007,54.82533264160156,20808354,,
2020-03-17,56.18186207646045,59.647647404056904,55.97014813003178,58.40090560913086,24745795,,
2020-03-18,56.02502597566036,58.54203212768254,53.9706443882575,56.16616439819336,18558508,,
2020-03-19,55.946606879118015,57.13062217863316,54.0333639458339,55.460453033447266,19268738,,
2020-03-20,54.53520764179081,56.84834941302632,53.71188758833634,55.95446014404297,23075912,,
2020-03-23,55.09976891612713,56.150482748580075,51.16351046622251,52.065242767333984,18375003,,
2020-03-24,54.09610418758544,54.69203034560826,52.68469484955225,54.143150329589844,19901939,,
2020-03-25,53.64131399115721,55.18601857074349,52.33968322391802,53.492332458496094,18311494,,
2020-03-26,53.429598398727116,58.16565364965108,53.39823848614248,57.655982971191406,18052848,,
2020-03-27,56.299464753438876,57.577572450185116,55.868200112437705,56.24457550048828,12467218,,
2020-03-30,57.72654966273213,60.839487926948195,57.14630353255999,60.33765411376953,15803316,,
2020-03-31,59.788793160837194,60.84734410289376,59.21638369186201,60.329830169677734,15079672,,
2020-04-01,58.542025618254364,59.177160987980756,57.23255812508977,57.8676872253418,11665288,,
2020-04-02,59.57706372072235,60.47095290099633,58.04803912476828,60.274925231933594,12843345,,
2020-04-03,59.812322363923016,60.721891830379434,59.05957132786986,59.78879928588867,10039211,,
2020-04-06,61.41973093946292,63.39570638235899,61.08256485551086,62.9722785949707,14314108,,
2020-04-07,64.04652961197985,64.27392348999973,61.4746277370257,61.6000862121582,10657950,,
2020-04-08,62.08623663651809,65.08155364216854,61.42757811202341,63.999473571777344,11481888,,
2020-04-09,63.646620705920704,65.30894052747315,62.870346909828065,64.68164825439453,13876568,,
2020-04-13,64.15627820989494,64.66595503645385,62.595887825101656,63.152610778808594,7706678,,
2020-04-14,64.55619437389248,65.23837594472776,63.301609738841954,64.95609283447266,12155333,,
2020-04-15,63.693665637890966,65.05017927513137,63.168308760967406,64.3523178100586,10809072,,
2020-04-16,64.80711060402051,65.34031063555214,64.50130442698878,65.08155059814453,9145058,,
2020-04-17,65.82646397976521,65.99112546707964,64.64244857749298,65.44224548339844,15433162,,
2020-04-20,64.94039955761475,65.96759012503239,63.3251198202453,65.15995025634766,11675768,,
2020-04-21,63.99947719801405,64.53267728469609,61.32564618964807,61.6000862121582,17876574,,
2020-04-22,62.10192286441316,63.238892304891515,61.81180287070963,62.71353530883789,11933890,,
2020-04-23,62.87819582817718,64.20334983401335,62.862515869391956,63.41923904418945,8152497,,
2020-04-24,63.98377685785592,64.37583838617732,63.52898924668723,63.8504753112793,7686451,,
2020-04-27,63.69366643235891,66.3910200544815,63.38001716310308,65.84998321533203,12786753,,
2020-04-28,63.65445709228515,64.47777701926621,62.86250334610157,63.654457092285156,20273560,,
2020-04-29,64.4464118884295,64.4464118884295,61.968602926121555,63.33296585083008,13687194,,
2020-04-30,62.588087389128376,63.042875242059665,62.054887188849264,62.21171188354492,11638878,,
2020-05-01,61.83530085325047,61.83530085325047,60.32195658476318,60.90220260620117,9518565,,
2020-05-04,61.176670619311935,61.184513733985106,59.76526733828194,60.2671012878418,8850255,,
2020-05-05,60.57291214611343,61.78829420408909,60.19653661628241,61.16883850097656,7401395,,
2020-05-06,61.43541958509705,61.66281344416106,60.43959498095727,60.47095489501953,12414922,,
2020-05-07,60.37687397461957,60.47096627346115,59.145812166521544,59.27911376953125,12602410,,
2020-05-08,59.984814922008425,60.345504135579304,59.56923017813168,59.906402587890625,8791672,,
2020-05-11,59.61626671262172,61.21586678566063,59.530017547631395,61.09040832519531,10622528,,
2020-05-12,61.27859150516649,61.709856128858654,60.47095150852976,60.525840759277344,9544660,,
2020-05-13,60.1102676532358,61.78827388832533,60.0475352841515,61.07472610473633,10935146,,
2020-05-14,60.59640676898934,62.83113581978111,60.580726813663624,62.768409729003906,11407585,,
2020-05-15,62.81546169864696,63.1604709036513,61.81179399719803,62.55670166015625,9367234,,
2020-05-18,63.513330443747655,63.513330443747655,62.12544408331333,62.50966262817383,12552630,,
2020-05-19,62.313633869280686,62.517504674521874,60.65130751075679,60.80813217163086,10591822,,
2020-05-20,61.18450431578974,61.34916581224673,60.12594731585492,60.29061508178711,11027685,,
2020-05-21,60.18868893993504,60.40039661079149,59.80447036315327,60.02402114868164,9000329,,
2020-05-22,59.726048882579974,60.110267400549304,59.64763655629183,59.88287353515625,6357482,,
2020-05-26,61.36485509958909,61.63145200649748,60.30629804686153,60.58073806762695,19146017,,
2020-05-27,60.376867488964926,60.87870138818153,59.59275045407009,60.80813217163086,12828987,,
2020-05-28,61.63145406927165,62.95660807325985,61.56088485062299,61.976463317871094,13180906,,
2020-05-29,62.30579715362163,63.46628973210074,61.40406466520945,63.293785095214844,13517104,,
2020-06-01,62.87035113043272,63.089901873380455,62.04702487279754,62.38419723510742,6269241,,
2020-06-02,62.368523033382615,63.40355074684774,61.81179987675296,63.38787078857422,11352984,,
2020-06-03,63.51334949666184,64.57190688897558,63.403570945348406,64.34451293945312,13675457,,
2020-06-04,63.72503829945308,64.42290617363516,63.3878721681677,63.94459533691406,9292930,,
2020-06-05,64.38369689252345,65.18349390215909,63.89754921108449,64.50131225585938,10413347,,
2020-06-08,63.63092829696074,65.2383649823547,63.63092829696074,65.00312805175781,9956838,,
2020-06-09,65.23054004749346,65.48145700226056,64.39154000657105,64.50131225585938,8846168,,
2020-06-10,64.64247597215376,64.90907296394438,63.505506227280875,64.11711883544922,9080920,,
2020-06-11,63.36434240756833,64.03083775522269,60.651302337646484,60.651302337646484,14303838,,
2020-06-12,61.56019861359942,61.59181412255568,59.647558271053704,60.30354690551758,17000656,0.582061,
2020-06-15,59.20497923566079,59.56853554975057,58.14590685125501,58.501564025878906,17684162,,
2020-06-16,59.576443517575285,61.18084728102901,59.141750694804486,60.83309555053711,21437050,,
2020-06-17,61.14132597777134,61.212456144097274,59.77402294314307,60.295650482177734,13983045,,
2020-06-18,59.774021464754014,60.28774985214276,59.560624651743005,60.24032974243164,7750903,,
2020-06-19,60.95954659334299,61.631339944441415,59.91628516310078,61.568115234375,17691393,,
2020-06-22,61.1492054533355,61.354690406750386,60.40627595343632,60.65918731689453,7474231,,
2020-06-23,61.25196117329191,62.137151182444164,60.769854681946185,60.951629638671875,11428650,,
2020-06-24,60.64340826039707,60.76986399537051,59.63176238060953,59.96370315551758,8084901,,
2020-06-25,59.78983106806006,60.82518706827768,59.52111498409245,60.5169563293457,7583328,,
2020-06-26,60.34305722668974,60.64339506127996,59.276092329517965,59.4262580871582,12328882,,
2020-06-29,59.98741847892374,60.46953140580578,59.68708687190079,60.16130065917969,7230990,,
2020-06-30,60.659196779613175,61.378410027032345,60.22450412098781,61.11759948730469,9940804,,
2020-07-01,61.19664019830379,62.390060845962296,60.95162791175809,61.74197769165039,9948769,,
2020-07-02,62.097640467318584,62.682498978877234,61.82101896690294,62.26361083984375,6827825,,
2020-07-06,62.627158046473184,63.24363191747893,62.35844206950886,62.8958740234375,8058282,,
2020-07-07,62.437490101464945,62.97492853612564,62.113448476804095,62.21619415283203,6956414,,
2020-07-08,62.145060352091186,62.405877255868134,61.236160236923055,61.58391189575195,8211394,,
2020-07-09,61.59971772445051,61.92375930339012,60.09805376632035,60.61178207397461,7966058,,
2020-07-10,60.65920669513379,61.13341407328149,60.38258519793842,60.643402099609375,5161400,,
2020-07-13,60.856805112082654,62.10555799505851,60.64341459164923,61.133426666259766,8114245,,
2020-07-14,61.283574346373875,62.12924967687102,61.141314041494695,61.844722747802734,8397100,,
2020-07-15,62.62717656046879,63.20412964349623,62.31104039524848,62.785247802734375,7709717,,
2020-07-16,63.05395549126352,63.07766554252572,62.23989565287136,62.753623962402344,5850774,,
2020-07-17,63.00654509286181,63.425426942549194,62.6825034628303,63.12509536743164,8191378,,
2020-07-20,63.12508806958798,63.385904962799756,62.492809479461165,62.761531829833984,5434194,,
2020-07-21,63.006547982846065,63.32268416930312,62.271523608177056,62.35055923461914,8967526,,
2020-07-22,62.69039811707616,63.038156096456,61.6629477325767,62.26361083984375,12362103,,
2020-07-23,62.55604485331736,62.59555950325307,61.25987207348951,61.69456481933594,11558916,,
2020-07-24,61.528598370308046,61.63924951945317,60.350981982787104,60.93584060668945,9068763,,
2020-07-27,60.3905001891359,62.548153489113034,60.311470871457395,62.38218307495117,10958307,,
2020-07-28,62.587662074907584,63.39381656555664,62.413779916369535,62.98283386230469,8494564,,
2020-07-29,62.63509095450527,63.02235733820301,62.232013652738715,62.71412658691406,6398040,,
2020-07-30,62.22409697452129,62.65878971473737,61.354711494089116,62.429588317871094,7152600,,
2020-07-31,63.93125214743294,64.55563169410485,62.55604995556824,63.41753005981445,12291154,,
2020-08-03,64.92708404539836,66.23115588115438,64.6978826600586,65.23532104492188,10601463,,
2020-08-04,65.24321749870576,65.24321749870576,64.07350688711524,64.54771423339844,7218729,,
2020-08-05,64.86386357902268,65.18000608719086,64.13674465727176,64.52401733398438,6492465,,
2020-08-06,64.38177204141168,65.11679027410545,63.68626215250409,64.05772399902344,7256562,,
2020-08-07,63.85222159786731,64.03399658203125,63.251552118648306,64.03399658203125,6977584,,
2020-08-10,64.02609907214546,64.18416400503523,63.46495055034961,63.94706344604492,5782445,,
2020-08-11,64.61095133052905,64.70579787343644,63.72576116523894,63.94706344604492,7636671,,
2020-08-12,64.31060677411524,65.5277437958563,64.28689672299755,65.34596252441406,7295652,,
2020-08-13,64.9112801729437,66.09680176027769,64.81643364328109,66.02566528320312,7455262,,
2020-08-14,65.89920535677787,66.72907610232238,65.73323499925496,65.97824096679688,7390496,,
2020-08-17,66.61054664945749,67.32186110994444,66.39715610289893,66.98991394042969,8764319,,
2020-08-18,67.09262685743468,67.18746705400436,66.2074369443956,66.8318099975586,6551572,,
2020-08-19,66.83183238290383,67.74073264952179,66.83183238290383,67.20330047607422,6896050,,
2020-08-20,67.02151915888831,67.42459644862979,66.69747749919773,67.20330047607422,6380434,,
2020-08-21,67.25859620038037,67.32182088477568,66.48405116120348,67.16374969482422,6890495,,
2020-08-24,67.33764586196345,67.55104266493292,66.76859825289603,67.51152801513672,7582280,,
2020-08-25,67.89878413289122,68.19911564802078,67.33763574649242,67.71700286865234,10245982,,
2020-08-26,67.42459533376905,67.7170214727417,66.91086690658845,67.60637664794922,7844175,,
2020-08-27,67.53524112055256,68.09638329729246,67.24280868546599,67.82766723632812,6464902,,
2020-08-28,67.87509491867402,67.87509491867402,67.10845498251888,67.69331359863281,6134049,,
2020-08-31,67.65379177722527,67.91460870093489,67.29022917564886,67.39297485351562,7929273,,
2020-09-01,67.45618358493125,67.81184061087556,66.32598782124388,66.72906494140625,6797433,,
2020-09-02,66.76859789027066,68.92625068474405,66.60262119568235,68.70494842529297,11571597,,
2020-09-03,69.3056056255337,69.39254669422553,67.13215473995952,67.56684112548828,12983672,,
2020-09-04,67.61426103806136,68.6733268574484,66.58681072713767,67.36925506591797,9359688,,
2020-09-08,67.92250162255401,67.92250162255401,65.59887853473404,65.85969543457031,9095592,,
2020-09-09,66.20744745944549,67.82766179184055,66.12051270521948,67.08473205566406,8862307,,
2020-09-10,66.96617528690417,67.08472553992998,65.82017476259847,66.04936981201172,6907578,,
2020-09-11,66.2627851131821,67.08474429615566,66.2153649987136,66.76860809326172,7171254,,
2020-09-14,67.03132666447802,67.74781457986201,66.6571567924962,66.99948120117188,8575994,0.582061,
2020-09-15,67.45321730013148,67.80349810395231,66.59343483065497,67.03924560546875,10826678,,
2020-09-16,67.27012225489446,68.54387657637051,67.27012225489446,68.1219482421875,10380230,,
2020-09-17,67.97067986935782,68.28115863099492,67.23030988594233,68.17766571044922,8090455,,
2020-09-18,68.12195880362067,68.70310810940559,67.62041995092943,68.31301879882812,12308446,,
2020-09-21,67.60450176888432,67.93886316398924,65.35155178641722,66.17948913574219,10445311,,
2020-09-22,66.15560422157708,66.52976765150068,65.43911645322862,66.02822875976562,8143170,,
2020-09-23,66.14763353709314,66.72878918548685,65.74162469783845,65.78143310546875,7085842,,
2020-09-24,65.35950388644568,66.45811153254026,65.16047458138243,66.19540405273438,7844280,,
2020-09-25,65.39931229389529,66.26705799728815,65.12067887801179,66.020263671875,6932101,,
2020-09-28,66.23522206880834,66.6332680443905,65.7257201647322,65.88494110107422,6123674,,
2020-09-29,65.82123821969519,66.19540798863383,65.04106595782524,65.20028686523438,6742413,,
2020-09-30,65.4868911363217,66.33075449122536,65.29583109799724,66.03620147705078,11593605,,
2020-10-01,66.21929870263976,66.3466741713135,64.6828301226153,64.9933090209961,8410305,,
2020-10-02,64.32457733154297,65.07291049358261,64.04594393014695,64.32457733154297,5255406,,
2020-10-05,64.66688624679888,64.91367413535912,64.18126705735217,64.67484283447266,8807182,,
2020-10-06,64.58730222112891,64.59525881205593,63.30558453660529,63.393157958984375,10273230,,
2020-10-07,63.75934549939066,63.966331396311055,63.297615073881445,63.71954345703125,9845226,,
2020-10-08,63.99819196520671,65.14457125834325,63.81508852350872,64.06983947753906,9217160,,
2020-10-09,64.38826837802353,64.54748291825493,63.72750862198463,63.97429656982422,5956098,,
2020-10-12,64.09370906631568,64.26089292667541,63.616052715078155,63.97429656982422,8276370,,
2020-10-13,63.92653887899117,64.42807778686043,63.719552951229915,64.25293731689453,9125774,,
2020-10-14,64.36438867720557,64.42807322301272,63.74343093790817,64.09371185302734,9166122,,
2020-10-15,63.52847890550228,63.63993481170354,62.71646120395491,62.93937301635742,9151974,,
2020-10-16,63.13043593470047,63.92653412879435,62.97917797800254,63.552364349365234,7903492,,
2020-10-19,63.78322269217264,64.0777819691614,62.358210396008225,62.62888717651367,8614455,,
2020-10-20,62.86772984690955,62.86772984690955,62.15920497624312,62.310462951660156,11144746,,
2020-10-21,62.302506908631905,62.77220038606199,62.119403472234644,62.151248931884766,9689808,,
2020-10-22,62.17511930026931,63.249844474928345,62.17511930026931,63.05878448486328,6075990,,
2020-10-23,63.09859047927145,64.18128504168264,63.09859047927145,63.552364349365234,7309381,,
2020-10-26,63.1543270922991,63.52849055774751,62.302507191024844,62.764244079589844,9122840,,
2020-10-27,62.835884326608806,63.87080754547748,62.08755111694336,62.08755111694336,12241374,,
2020-10-28,61.40291926185255,61.88057572369488,60.519253852653264,60.646629333496094,8989954,,
2020-10-29,60.63865405103905,60.973015415946435,59.444509956525145,60.415748596191406,9314310,,
2020-10-30,60.009750972005534,60.415759912885825,58.86337166270712,59.874412536621094,11096748,,
2020-11-02,60.861556580462306,61.18796133987035,60.216722746888486,61.06854248046875,8145475,,
2020-11-03,61.67358869760869,62.27862699503014,61.10836518299653,61.235740661621094,7693578,,
2020-11-04,63.63994991762682,65.988436537936,63.32151439832163,64.1812973022461,14731422,,
2020-11-05,65.32767942278228,65.99639595150082,64.03799864647306,64.05392456054688,9277210,,
2020-11-06,63.24984590547544,64.5952479168515,63.24984590547544,63.97429656982422,6945515,,
2020-11-09,67.49304622874055,67.80351872890942,63.96633552919444,64.08575439453125,11184046,,
2020-11-10,65.10474196821505,65.30377125902515,64.49175364905183,64.57135772705078,8593914,,
2020-11-11,65.17640301109084,65.17640301109084,64.15739940928512,64.53156280517578,5741678,,
2020-11-12,64.12556353942651,64.48380744455787,62.91549339879292,63.57625961303711,7464799,,
2020-11-13,63.87877109110755,65.16048228483581,63.46479925362588,64.55545043945312,7694206,,
2020-11-16,64.66691307785224,65.19233451948175,63.448886305025134,63.83101272583008,9503474,,
2020-11-17,64.531562670821,65.24805037250788,64.01409791620902,64.88184356689453,9509133,,
2020-11-18,64.82612345552222,65.25602122075276,63.870810647897926,63.8867301940918,8678174,,
2020-11-19,64.30070779512542,64.30070779512542,63.154328504348165,63.998191833496094,7037110,,
2020-11-20,64.06186375834515,64.33254057137236,63.47275786412851,64.04594421386719,8415440,,
2020-11-23,64.17332024480126,64.61117455725054,63.19412503195422,63.910606384277344,9498548,,
2020-11-24,63.70363761862415,64.3962365885325,63.424997801074696,63.79916763305664,12790840,,
2020-11-25,63.79914545699127,64.05389631711044,63.36925417619898,63.73545455932617,6023590,,
2020-11-27,63.926540562191875,64.22905650603212,63.337428221192006,63.57625961303711,5644528,,
2020-11-30,63.68771291542191,64.11760435380427,63.21801942536115,63.998191833496094,14501910,,
2020-12-01,64.44399102321478,65.64609805851804,64.34050443473923,64.9216537475586,10166543,,
2020-12-02,65.23212881480258,65.8690061070932,64.71467039094095,65.14456176757812,7165805,,
2020-12-03,65.23211627665684,65.25600513796863,64.34049460409896,64.84203338623047,7085109,,
2020-12-04,64.59525463502929,65.24805786937748,64.57137213324712,65.23213195800781,8651554,,
2020-12-07,65.327669189223,66.45016588355878,65.31970623343348,65.6859130859375,8829190,,
2020-12-08,65.51076809355756,66.66511027826012,65.48688559078941,66.21929931640625,8664969,,
2020-12-09,66.72879056360817,66.77655556153384,65.70978696713622,66.45015716552734,7168320,,
2020-12-10,66.60140792123504,66.82431334257207,65.85307484891754,66.06802368164062,7349205,,
2020-12-11,65.95656901408644,66.41034281907832,65.69385518371386,66.04413604736328,7979158,,
2020-12-14,66.30090963639176,66.6619825333454,64.22273722715252,64.44740295410156,13139300,0.620229,
2020-12-15,64.59184971428488,65.02513599977145,64.1906539569533,64.57579803466797,10087838,,
2020-12-16,64.41531028660775,64.79243488475612,63.90981076358401,64.05423736572266,9487649,,
2020-12-17,64.50356851714193,64.63997568191768,63.93387517573835,64.04621124267578,11710038,,
2020-12-18,63.957952755231,64.33507735214663,62.94695371248828,63.81352615356445,33161759,,
2020-12-21,63.22778157058241,63.65304191268347,62.37725447084242,63.62094497680664,11140764,,
2020-12-22,63.38023285487502,64.18261774411492,62.77844258406066,63.72525405883789,9052414,,
2020-12-23,63.86166259688134,64.53566617497287,63.84561733665549,63.998069763183594,6056078,,
2020-12-24,64.19065005668443,64.53567774547152,64.08633980767013,64.30298614501953,2957456,,
2020-12-28,64.71220559875978,65.10536910296133,64.29496457499702,64.55172729492188,4804242,,
2020-12-29,64.83254466977553,65.46642546890786,64.80044773404359,65.33002471923828,5708037,,
2020-12-30,65.52260149349149,65.57876953398802,64.62393209216283,64.66405487060547,5933357,,
2020-12-31,64.70416718888634,65.74726313011247,64.49554671753347,65.63493347167969,5511118,,
2021-01-04,65.79539630136492,65.86760958245199,64.09434240769811,64.9609146118164,10502637,,
2021-01-05,64.72826020238656,65.3139990388161,64.11845025846213,65.07328796386719,10956526,,
2021-01-06,64.65603469834356,66.38917977360308,64.43938835616653,66.10032653808594,10521396,,
2021-01-07,66.2367259801944,67.69706305393846,65.8515819250683,67.41622924804688,10447931,,
2021-01-08,67.69703398763893,67.69703398763893,66.23669754090278,66.62184143066406,9563105,,
2021-01-11,66.99898620645745,68.68398882903594,66.7983851571177,68.20256042480469,13488179,,
2021-01-12,68.29883903176572,68.31488429151568,66.23671200031991,66.66999816894531,10128606,,
2021-01-13,66.8946858474994,66.8946858474994,65.97194526333782,66.06822967529297,10093812,,
2021-01-14,66.13241074508218,66.43732204599903,65.69912451767418,65.93181610107422,11366398,,
2021-01-15,65.66703746282636,66.99899315480596,65.44236529075162,66.90270233154297,10203538,,
2021-01-19,67.05514135164587,67.3199298353909,66.32497618526624,66.75023651123047,8467316,,
2021-01-20,66.7983935531143,67.03911099325519,66.01206018018316,66.16451263427734,11097901,,
2021-01-21,65.64297244917823,66.03613595569654,64.96094286161798,65.13746643066406,9043716,,
2021-01-22,64.90476118997142,65.33804738950919,64.80045095531065,64.97697448730469,9436926,,
2021-01-25,64.76034855084991,65.14549263516221,64.23879726515425,65.11339569091797,9957677,,
2021-01-26,65.11338115032676,65.11338115032676,64.29495095587076,64.3912353515625,7748283,,
2021-01-27,64.07829948906242,64.24679715108188,61.655099865012566,61.83964920043945,16230376,,
2021-01-28,61.84768178738372,62.99508786208413,61.83965594980404,62.52167892456055,12972039,,
2021-01-29,62.577840126610056,62.88274493490798,61.29402703086251,61.83964920043945,10671470,,
2021-02-01,62.57785671331593,62.85066466264562,62.05630550007234,62.072357177734375,8224599,,
2021-02-02,62.417374301589504,63.324069485672936,62.345161003502476,62.401329040527344,9866710,,
2021-02-03,62.29701534149644,62.70623042344494,61.90384551971809,62.040252685546875,10034810,,
2021-02-04,61.75942311768859,61.79152005574231,60.61201692599721,61.00518035888672,18867563,,
2021-02-05,61.32614009856962,61.76745216926617,60.50770983662336,60.820640563964844,13901825,,
2021-02-08,60.86076716813019,61.13357516283869,59.905929563340884,60.21083450317383,16718534,,
2021-02-09,60.25897671309064,60.315144763173485,59.66521851375683,60.21083450317383,13484616,,
2021-02-10,60.43550470345116,60.48364691177475,59.80964316416548,60.090476989746094,11721566,,
2021-02-11,60.026272249595635,60.25895738437738,59.56088914895686,59.9701042175293,8780982,,
2021-02-12,59.95406166323854,60.26699239046819,59.809635057842684,60.178733825683594,6738116,,
2021-02-16,60.475619575979,60.52376178311177,59.41647177244007,59.57695007324219,9734453,,
2021-02-17,59.74543486232569,61.02924802183962,59.673215159479014,60.61200714111328,13876463,,
2021-02-18,60.39536961491516,60.884823853872675,60.21082024358066,60.50770568847656,10004627,,
2021-02-19,60.53176752057882,60.587935548760434,59.584956125139584,59.62507247924805,12388198,,
2021-02-22,59.777530968077514,60.226868823683226,59.15969542633081,60.12255859375,8612464,,
2021-02-23,60.41142166388522,60.94901810467244,59.745443887752714,59.80963134765625,10900458,,
2021-02-24,60.01825911169169,60.39537732523223,59.68928310281258,59.833709716796875,9838834,,
2021-02-25,59.54485786456671,60.1787452784756,59.44054760230524,59.87384033203125,10906955,,
2021-02-26,59.72939127762887,59.9460375844361,58.20486695394143,58.2690544128418,17644862,,
2021-03-01,58.74245085979169,58.88687742317285,57.915994999747085,58.076473236083984,12594864,,
2021-03-02,58.44559507010344,58.96714639447433,58.092547903855454,58.45362091064453,16047290,,
2021-03-03,58.42953418224238,59.159699425597154,58.10857763289298,58.81467819213867,13939972,,
2021-03-04,58.71840425729781,58.830733937156864,57.54692034205747,57.90799331665039,15975188,,
2021-03-05,58.18079856714685,58.90293798724622,57.779602872048955,58.67827224731445,12241164,,
2021-03-08,59.673220566087345,60.62805789290076,58.894913178296434,59.51274871826172,15391347,,
2021-03-09,59.82569253339018,60.54783853887338,59.480671211550835,59.48869705200195,14189920,,
2021-03-10,59.986148834228516,60.3632669639299,59.45657828514544,59.986148834228516,12827310,,
2021-03-11,60.090460207026695,60.46757834392883,59.849742817099425,59.881839752197266,13205324,,
2021-03-12,59.92231418949002,60.618425902874655,59.88993524489158,60.383689880371094,11493940,0.620229,
2021-03-15,61.11217898251787,61.970178925145355,60.77221625265372,61.70306396484375,17999295,,
2021-03-16,61.63833041259246,62.463951650718954,61.630234056326124,62.17255401611328,15697887,,
2021-03-17,62.1077772076792,62.73103458786901,61.49260323663828,62.56915283203125,17533878,,
2021-03-18,62.53679118752686,63.28956453562464,62.49631588344478,62.54488754272461,14274179,,
2021-03-19,62.528678522496136,63.338113202033824,61.53307949722209,62.739131927490234,58225203,,
2021-03-22,61.35500503266669,63.13575615012564,61.14455162767259,62.739131927490234,11352879,,
2021-03-23,62.39917586934419,62.585346706786396,61.541175923845145,61.735443115234375,11651245,,
2021-03-24,61.57356071120552,62.06731538262568,61.4440513952905,61.71116638183594,9135416,,
2021-03-25,61.85686002268344,62.0106519260832,60.95839119377402,61.57355880737305,10700918,,
2021-03-26,61.63829921174794,62.7067458779499,61.395466893845196,62.64199447631836,10389767,,
2021-03-29,62.58534002765344,63.58094552447237,62.463927090933424,63.37858200073242,11448562,,
2021-03-30,63.135751237580976,63.200502641515165,62.15633852278116,62.29393768310547,10123366,,
2021-03-31,62.40725864466589,62.884820457425185,62.03491705079588,62.39916229248047,13598219,,
2021-04-01,62.455823813969936,62.698656132394404,62.18061903061225,62.39916229248047,9121373,,
2021-04-05,62.74723513354562,63.06291527551392,62.148253793584,62.32632827758789,9828144,,
2021-04-06,62.25348520986453,62.277767801703526,61.225507054232764,61.346920013427734,13394698,,
2021-04-07,61.581661425508315,61.84068007567522,61.29026382609387,61.61404037475586,8970566,,
2021-04-08,61.58167163526039,61.84069032837054,60.934124902485024,61.104103088378906,12007984,,
2021-04-09,61.12026442122166,61.82446587313809,61.05550654523828,61.7678108215332,8177439,,
2021-04-12,61.81639358347629,62.002564440026035,61.500713410010164,61.69498062133789,9970672,,
2021-04-13,61.49260662277479,62.13206321599877,61.41166250444624,61.86494827270508,8627346,,
2021-04-14,61.75973503272283,62.156359357444735,61.53309533512743,61.84067916870117,8415545,,
2021-04-15,61.557369937716935,62.59344438869212,61.557369937716935,62.051124572753906,14541734,,
2021-04-16,62.52868972473333,62.93341037296179,62.18063708635357,62.706764221191406,12512806,,
2021-04-19,62.89294031979071,62.96578810097821,62.302055243172134,62.86056137084961,8536903,,
2021-04-20,62.87675449010327,64.05852465102438,62.87675449010327,63.59714889526367,11009345,,
2021-04-21,63.8885446127127,64.3418239998627,63.678091157283596,64.1313705444336,11817248,,
2021-04-22,63.94519318963171,63.99376484295076,62.77961589190295,63.10338592529297,13330560,,
2021-04-23,63.022446359023576,63.29765770281943,62.698676302206835,63.038639068603516,8598840,,
2021-04-26,63.022460597711195,63.06293590889933,62.56918112137689,62.75535202026367,7834219,,
2021-04-27,62.66629818728122,63.08720509144911,62.50440992076951,62.617733001708984,9095802,,
2021-04-28,62.82006905565453,63.16003171268709,62.212997967449695,62.39916229248047,11628398,,
2021-04-29,61.11218280469879,61.30644353568202,58.96718604992688,59.639015197753906,30602753,,
2021-04-30,59.558087761917186,60.772237086577455,59.47714361068546,60.302764892578125,18052114,,
2021-05-03,60.108486082567026,61.53308847885627,60.07610713740217,61.500709533691406,12543302,,
2021-05-04,61.581640634479534,61.89732072127389,61.136451266326304,61.508792877197266,10418587,,
2021-05-05,61.59783980622447,62.917215482706986,61.30644224398323,62.8929328918457,16795143,,
2021-05-06,62.68247986519661,63.022442611377315,62.07540861780001,62.95769119262695,12871641,,
2021-05-07,63.14384439741029,63.66997789628141,63.04671405051248,63.467620849609375,12237496,,
2021-05-10,63.799503627422006,64.09090121512942,63.265280109880464,63.27337646484375,10939758,,
2021-05-11,62.99816453097539,63.669993717130716,62.447748308611274,62.69867706298828,12148102,,
2021-05-12,62.90103285066626,63.56476566811787,62.56916644194046,63.13576889038086,13379711,,
2021-05-13,63.04672832325645,63.93710729646633,62.844371230774094,63.69427490234375,10830451,,
2021-05-14,63.993777992059975,64.06662577914818,63.31385236875575,63.370513916015625,8273122,,
2021-05-17,63.67808978336602,64.8922388314935,63.613331888366666,64.64940643310547,12532508,,
2021-05-18,64.22039815790302,64.59273333585789,63.85615286144586,64.25277709960938,7943106,,
2021-05-19,63.88854250585093,64.2689741009391,63.09529389663776,64.2365951538086,9132796,,
2021-05-20,63.88853095679118,64.7465308332594,63.8642483688094,64.47941589355469,7345222,,
2021-05-21,64.69796785928348,65.02983425413039,64.00995247835236,64.09089660644531,10863987,,
2021-05-24,64.37420309551436,64.4713334684252,63.91282735228135,63.969482421875,8737910,,
2021-05-25,63.945182065016304,64.14754558157372,62.698660857822276,62.73103332519531,14331714,,
2021-05-26,62.7715270387605,62.94960154919041,62.302054933124104,62.512508392333984,9686454,,
2021-05-27,62.73104500744093,62.811989134756985,61.41976567749513,61.452144622802734,17675149,,
2021-05-28,61.53308697529494,61.84067076708062,61.35501248909828,61.427860260009766,13969735,,
2021-06-01,61.5654691266483,61.63022054686288,60.731751715007945,60.85316467285156,15798914,,
2021-06-02,60.958402687704535,61.589763129279,60.926023735645195,61.41168212890625,11830453,,
2021-06-03,62.111484797313565,62.77314665902523,61.84003361117784,62.69680404663086,15974400,,1.048
2021-06-04,62.94279768622918,63.18032312366827,62.68831585397549,62.866455078125,12728500,,
2021-06-07,62.89189523998997,62.9427903060919,61.73822628103803,61.75519561767578,16794400,,
2021-06-08,61.882446864128454,62.069070776667665,61.14444235605967,61.4158935546875,13657700,,
2021-06-09,61.92486885819064,63.02764308415434,61.88245197568911,62.80708694458008,12258700,,
2021-06-10,63.816518787501444,64.86839095869173,63.4008542472233,64.58845520019531,17236700,,
2021-06-11,65.07200116978215,65.19924533069933,64.13888810956762,64.6987533569336,13928400,,
2021-06-14,64.80140946978067,64.85274853588591,64.06561262178113,64.55329132080078,7841400,0.65,
2021-06-15,64.59607620324223,64.82707916655531,63.928727056409166,64.7671890258789,14185700,,
2021-06-16,65.21210174803103,66.35002110440395,65.18643547387079,65.5457763671875,17576900,,
2021-06-17,65.31476316361018,66.28156961940232,65.01531243605626,66.07623291015625,14233200,,
2021-06-18,65.6569990643941,66.06767903356796,65.16076919971054,65.5457763671875,19351900,,
2021-06-21,65.78533051797137,66.12756270416618,65.4944374026042,65.6655502319336,10880800,,
2021-06-22,65.52863454976297,65.65697239597282,65.03240488663701,65.18640899658203,10957500,,
2021-06-23,64.89552321384006,65.24631296608055,64.63885399449046,64.66452026367188,9539100,,
2021-06-24,64.7928749165003,65.57144690261663,64.7928749165003,65.3318862915039,8601900,,
2021-06-25,65.07519495414589,66.70935041910167,65.0666438826011,66.05055236816406,50285200,,
2021-06-28,66.09334870859148,66.51257977236604,65.69978392029783,65.75967407226562,8796200,,
2021-06-29,65.87944212633333,66.16178415919764,65.72543797454696,66.05911254882812,7696600,,
2021-06-30,66.22167153376796,66.81201531800893,66.07622498747203,66.5382308959961,13811900,,
2021-07-01,66.43557020606337,66.86335880168834,66.31578992149126,66.7264633178711,9212000,,
2021-07-02,66.76924616142965,67.393813868465,66.52968558735932,67.24836730957031,7668000,,
2021-07-06,66.85479071799038,67.0344611166729,66.35855445827589,66.8291244506836,6720500,,
2021-07-07,67.08581810427329,67.25693095039689,66.84625098114893,67.21414947509766,8275100,,
2021-07-08,66.53822742777187,66.99168876867357,66.14466274961346,66.83768463134766,8400400,,
2021-07-09,67.09436177121,67.3253712682676,66.68368837483017,66.7264633178711,6006500,,
2021-07-12,66.35001373291016,67.10291931062157,66.21311824921575,66.35001373291016,11087900,,
2021-07-13,66.2216890954682,66.5382485416465,66.08479358438993,66.40135955810547,6465800,,
2021-07-14,66.39278928059481,66.49546089430072,65.77677265343141,66.40990447998047,7163200,,
2021-07-15,66.40989168451866,66.76923247194966,66.05910196759689,66.64945220947266,7041300,,
2021-07-16,66.74357752911418,67.06013690756764,66.418454023629,66.75212860107422,7638200,,
2021-07-19,66.57248303906749,67.02593806865926,65.15222778652607,65.92224884033203,9830600,,
2021-07-20,66.04200389294245,66.84624199464929,64.98108350148405,65.1693115234375,11627600,,
2021-07-21,65.29765380043507,65.41743409018993,64.7158610241103,65.3575439453125,7429300,,
2021-07-22,65.53720031268635,65.69976203997604,65.09230312159723,65.47731018066406,8708900,,
2021-07-23,65.70834339679921,66.4612491183896,65.64845324312199,66.34146881103516,6560800,,
2021-07-26,66.27301350225328,66.4013513962299,65.84522487402221,66.08478546142578,5071800,,
2021-07-27,66.0248815203907,66.84623473168955,65.65698311587333,66.60667419433594,8136000,,
2021-07-28,66.61521941754278,67.30823463293467,66.28154494142564,67.01734161376953,11037900,,
2021-07-29,66.35000204572665,66.66656137282192,65.71687033646657,65.81954193115234,11583000,,
2021-07-30,65.98211328529526,66.52968214844827,65.68265605565017,65.76821899414062,13004500,,
2021-08-02,65.81956231202453,66.10190438918588,65.1436554580035,65.1778793334961,9083400,,
2021-08-03,65.3318675820314,65.71687466427194,65.18642104229922,65.37464904785156,9952400,,
2021-08-04,65.44309242937175,65.44309242937175,64.56184903548753,64.57896423339844,10893400,,
2021-08-05,64.61317505397312,64.75862811139632,64.10838773464225,64.67306518554688,8701600,,
2021-08-06,64.6987505568435,64.73297442832923,64.15973274036344,64.54474639892578,8670700,,
2021-08-09,64.89554021386645,65.21210618094749,64.1683007772319,64.44208526611328,7867000,,
2021-08-10,64.29662482417282,64.47629524431392,64.01428279500723,64.33084869384766,11243100,,
2021-08-11,64.66453501152753,64.82709026259519,64.28807890424837,64.34796905517578,6952200,,
2021-08-12,64.27096830007834,65.07520651301945,64.219629224013,65.05809783935547,6077100,,
2021-08-13,65.33187662927058,65.68265989293893,65.21209634142907,65.63988494873047,6810400,,
2021-08-16,65.64845021446223,66.74358813262903,65.57144486183716,66.67514038085938,9368400,,
2021-08-17,66.64945768575383,67.64192373175752,66.58956754959442,67.44514465332031,10311600,,
2021-08-18,67.48791180071647,67.65047352046844,66.52111213503294,66.55533599853516,7459100,,
2021-08-19,66.48688780740586,67.71036317704818,66.48688780740586,67.12857055664062,8865400,,
2021-08-20,67.18848034439998,67.76171553483313,66.92325348592358,67.31681823730469,6284200,,
2021-08-23,67.68471678181766,67.78738840174913,67.02591864377935,67.06014251708984,6492600,,
2021-08-24,66.96602405006553,66.96602405006553,66.34145635435252,66.4954605102539,8698100,,
2021-08-25,66.57245632148489,66.57245632148489,65.36609592762046,65.9393310546875,7045800,,
2021-08-26,65.97354804320754,66.15321844365916,65.4602031094122,65.51153564453125,6640400,,
2021-08-27,65.71688012174104,65.85377560170586,65.16931125695322,65.2805404663086,6010000,,
2021-08-30,65.2805473158757,65.74255329039362,65.20354196843174,65.45166015625,7339700,,
2021-08-31,65.69977653171055,65.96500338523526,65.04953600665974,65.27198791503906,10949500,,
2021-09-01,65.2121032089887,65.70833961232618,64.87842858235685,65.1778793334961,9187200,,
2021-09-02,65.43454024165433,65.99921773990782,65.16930689884353,65.98210906982422,6559400,,
2021-09-03,66.10189056396484,66.20455564143342,65.61421186338279,66.10189056396484,6629800,,
2021-09-07,65.52866342982254,65.76823056117982,64.31374520899809,65.00676727294922,13979500,,
2021-09-08,64.99818268008042,64.99818268008042,63.997159203727726,64.47628021240234,8243000,,
2021-09-09,64.33084585675248,64.33084585675248,62.97047483919924,63.1587028503418,14628700,,
2021-09-10,63.29561310529009,63.49239223377897,62.559816086729604,62.8421516418457,11084500,,
2021-09-13,63.11592478583634,63.167263854619996,62.337352957588365,62.61113739013672,11245200,,
2021-09-14,63.060040853332104,63.13772973090836,62.20542368377886,62.24858856201172,15202800,0.65,
2021-09-15,62.22268685098113,63.146358524821295,62.05003393912048,62.85285186767578,12555900,,
2021-09-16,63.034134440996404,63.034134440996404,61.8860238251744,62.12773132324219,14818900,,
2021-09-17,61.454384734863034,62.1536107482501,61.19540872233189,61.87737274169922,43406600,,
2021-09-20,61.42850506450899,62.68020742952791,61.39397448109693,62.09320068359375,15989400,,
2021-09-21,62.567988029600166,62.740634360781335,61.95507840602565,62.12773132324219,11995900,,
2021-09-22,62.43849024992786,62.507551406043305,62.03276419029258,62.188148498535156,9028700,,
2021-09-23,62.740625165658756,63.91463848652907,62.64566772161525,63.060028076171875,12813500,,
2021-09-24,63.52616556326527,64.42394071795326,63.31898870788604,63.543434143066406,14714700,,
2021-09-27,63.457105638693776,64.11316672294922,63.3103490669221,63.32761764526367,8630600,,
2021-09-28,63.491647620121014,63.72472078135698,62.723360396666834,63.29309844970703,11836200,,
2021-09-29,63.54343142584057,65.34760936193388,63.51753514327972,64.82102966308594,16054500,,
2021-09-30,65.24403630632831,66.16770787612955,64.82967595056994,64.83831024169922,16248600,,
2021-10-01,70.40623553910638,72.80605474843127,69.60341770563836,70.26811981201172,102497300,,
2021-10-04,72.6593054233472,72.99597033226769,71.14862718576859,71.73563385009766,53553300,,
2021-10-05,71.45938663869335,71.98596636939821,70.18178832415606,70.44075775146484,28977800,,
2021-10-06,70.35445601643848,70.50984035451744,69.1890767738641,69.62933349609375,17608000,,
2021-10-07,70.38896142175552,71.36442539262214,69.94870485701341,70.73426055908203,14190500,,
2021-10-08,70.50120715942259,70.61343320791522,69.51710853161363,69.60343170166016,12121100,,
2021-10-11,70.4753008695169,70.4753008695169,68.94736055973345,68.99915313720703,11279700,,
2021-10-12,69.21496049933049,69.21496049933049,68.4121426626866,68.70564270019531,10945000,,
2021-10-13,68.70563612497511,68.76606957095036,68.00641009050467,68.15316009521484,9462600,,
2021-10-14,68.17043414291534,68.77470279079117,67.31582374490975,67.61795806884766,14607900,,
2021-10-15,67.50573204421764,68.24812300362753,67.31582374490975,67.61795806884766,12866800,,
2021-10-18,67.97189851394272,67.97189851394272,66.56481176142566,66.5993423461914,13075500,,
2021-10-19,67.96325490216677,68.64521238707924,67.42804084260472,68.61931610107422,15577100,,
2021-10-20,68.47256766165034,70.13863015524082,68.46393337077242,69.98324584960938,11465500,,
2021-10-21,70.01775700171687,70.14724498482428,69.30126253641723,70.06954956054688,9893600,,
2021-10-22,70.05230712890625,70.33717945407524,69.81922737702826,70.05230712890625,7543600,,
2021-10-25,69.94872813637497,70.54436918184531,69.01642213112629,70.4925765991211,9365900,,
2021-10-26,70.6997576960303,71.09684955447595,70.53573905965908,71.00189208984375,9352500,,
2021-10-27,71.2004137810726,71.2004137810726,70.18178494291986,70.38896179199219,8465400,,
2021-10-28,71.97735312318717,74.98144809491755,71.79607249526038,74.7138442993164,28854700,,
2021-10-29,74.66203131626457,76.36262440755924,74.38579327919359,76.00869750976562,18678600,,
2021-11-01,76.0087026590114,76.50937960722257,75.35263480675934,75.8274154663086,10943900,,
2021-11-02,76.16408887587274,78.05459044170604,75.51665529904498,76.8460464477539,14671400,,
2021-11-03,76.63024014240827,77.19135059531627,76.14682514841262,76.55255126953125,10883900,,
2021-11-04,78.01143782544459,78.90057894848655,77.06186324157898,78.15818786621094,19519800,,
2021-11-05,71.03640083329023,72.51254834863482,70.22494877995327,70.44939422607422,37623900,,
2021-11-08,69.41352209493878,71.54573135891432,68.95599678857575,71.37308502197266,18655700,,
2021-11-09,72.1845296381257,72.26221850569816,70.70838187993479,71.40760803222656,10512000,,
2021-11-10,71.91691917166789,72.52982216370154,71.39033933881569,72.52119445800781,9855900,,
2021-11-11,72.44348490205654,72.73699148937884,72.1068200365625,72.5298080444336,5761500,,
2021-11-12,72.37442804917616,72.68519664900461,71.6924705736996,72.5125503540039,8206700,,
2021-11-15,72.64204110309882,72.66793738972046,71.99460759342064,72.24494934082031,7108200,,
2021-11-16,72.22767605652723,73.10818926054122,71.86511489536092,72.60750579833984,10565200,,
2021-11-17,72.83194744635018,73.09091686823507,71.29536656461931,71.30400085449219,10286300,,
2021-11-18,71.04503328519482,71.77015558862111,70.80331926468575,71.69246673583984,9833600,,
2021-11-19,71.105464831419,71.43349543039902,69.59478668032295,69.6638412475586,17581100,,
2021-11-22,69.92282751493872,70.84649917052181,69.5257357045608,70.47530364990234,10880200,,
2021-11-23,70.34580668004465,72.15861917926537,70.21631866166442,71.4766616821289,12130800,,
2021-11-24,71.47666959409094,71.5629927538884,70.75154056251547,71.02777862548828,8537000,,
2021-11-26,67.96326948041519,68.99916065902107,66.56481046186529,68.33446502685547,18022000,,
2021-11-29,65.96915499278482,66.90146080137474,63.88010450711911,64.64839172363281,34192400,,
2021-11-30,64.52754997044386,64.76925746506248,63.74199402689805,64.6656723022461,30179900,,
2021-12-01,65.20087471440088,66.39215668082113,64.21677622929226,64.25994110107422,21435900,,
2021-12-02,64.20813666800689,64.55343585581862,63.275837422759686,63.78514862060547,15345300,,
2021-12-03,63.95781271583345,64.09593506380021,62.72337880756968,63.31037902832031,14508900,,
2021-12-06,63.27583989865541,63.75062053769411,62.84421754351052,63.379425048828125,13506800,,
2021-12-07,62.17950593302063,62.77514679969173,61.72198736019989,62.39531707763672,17635100,,
2021-12-08,62.61977064334598,63.370795895103136,62.222678876013774,63.198143005371094,14331400,,
2021-12-09,63.39669872004236,63.500283878529814,62.74926513535577,62.89601516723633,11938000,,
2021-12-10,63.12044598946493,63.21540342004064,62.36942083473893,62.68882369995117,11398800,,
2021-12-13,62.47302205464453,63.4053213363713,62.127722853321714,63.379425048828125,17486100,,
2021-12-14,63.057005446072495,64.52101577635597,62.882721193057975,64.24215698242188,18949700,0.69,
2021-12-15,64.2334376493605,65.69744790839938,64.2334376493605,65.61030578613281,14263400,,
2021-12-16,65.7933052794885,66.69088175794916,65.59287241752772,66.15059661865234,16601700,,
2021-12-17,66.7170213019421,67.74531424874449,65.79330288564275,65.95887756347656,28040600,,
2021-12-20,65.96760213018649,66.66475252845372,65.31402612500558,66.5863265991211,11818800,,
2021-12-21,66.4468885473134,66.47303052166744,65.26173695412903,65.82817077636719,14947800,,
2021-12-22,65.74102008264762,66.7170224568347,65.47087086963438,66.36845397949219,9256000,,
2021-12-23,66.49046134285776,66.49046134285776,65.66259449988996,65.99374389648438,9894900,,
2021-12-27,66.22902113283506,66.76059670275632,66.02858827511166,66.72573852539062,6334700,,
2021-12-28,66.8215837909773,67.22244277956011,66.41200859762723,66.93486785888672,5727100,,
2021-12-29,66.92616728975052,67.25730998169492,66.6385923304604,67.05687713623047,5926100,,
2021-12-30,67.205032120808,67.63203317113171,67.07431561398955,67.22245788574219,5859100,,
2021-12-31,67.22245275848418,67.57974407330174,66.7693097710629,66.78673553466797,6019500,,
2022-01-03,66.73445817524005,67.04817513920106,65.66259077362028,66.98717498779297,9441200,,
2022-01-04,66.57759345877604,67.33573717692256,66.13316002669609,67.10916900634766,11981700,,
2022-01-05,67.32701962420461,69.54917322368756,67.32701962420461,68.73873901367188,17447900,,
2022-01-06,68.66032462268923,69.34875867119855,67.92831619004585,68.69518280029297,11359200,,
2022-01-07,68.72130594498873,70.17659955654618,68.37273091296193,69.9761734008789,15212000,,
2022-01-10,70.18533313588549,71.84976951930334,69.42718275217692,71.78005981445312,19636800,,
2022-01-11,71.82361972779955,71.94562000864913,70.28118380647744,71.1700439453125,11585100,,
2022-01-12,70.65591489715594,70.95219945281494,70.29862354043046,70.76048278808594,13057000,,
2022-01-13,70.5251923560261,71.21362638937478,70.0023330005195,70.86505126953125,9678100,,
2022-01-14,71.1090674594434,71.32692612607681,70.38577509057592,70.91735076904297,9478000,,
2022-01-18,70.67333701503973,71.59706211119115,70.42062021080609,71.05677032470703,14493100,,
2022-01-19,70.56876278975845,71.44019721633799,70.13304557646869,70.83890533447266,11448200,,
2022-01-20,70.35091377301474,71.33563241581562,70.16790666779137,70.36833953857422,12069600,,
2022-01-21,70.82146343983224,71.03932201730603,69.05245285450766,69.69731903076172,18461700,,
2022-01-24,69.51432670416935,69.81061788954234,66.7954553362534,68.69518280029297,17289000,,
2022-01-25,68.337893699604,69.52304518279296,67.78017613675246,69.24418640136719,13662400,,
2022-01-26,69.18318302244474,70.01104312127694,68.60803972131816,68.96532440185547,13046600,,
2022-01-27,68.33787543874297,71.10903674739401,68.33787543874297,70.22017669677734,20187200,,
2022-01-28,69.31389497557561,70.57747223266041,69.00017805063426,70.4990463256836,13915300,,
2022-01-31,70.6036127764103,71.2136208508232,70.41190279149791,71.00447845458984,13035000,,
2022-02-01,71.42275184531819,71.56218451955971,70.65589208253739,71.38789367675781,10803300,,
2022-02-02,71.28335389947469,71.71907120534307,70.81277841131461,71.46635437011719,13988200,,
2022-02-03,71.15262974826558,71.28334625571297,68.32046756381578,68.85204315185547,19181400,,
2022-02-04,68.41633216154777,69.32262494143546,68.14618291513193,68.45989990234375,10716200,,
2022-02-07,68.66031553836655,68.77359961420211,67.48388045609202,67.60588073730469,23615300,,
2022-02-08,67.18758643660136,67.38801926060293,66.07215154263545,67.02201843261719,17486500,,
2022-02-09,67.24859735819264,67.38803006655519,66.58631193902289,66.69087982177734,15183100,,
2022-02-10,66.54272629061545,66.90001091040477,66.16800926097318,66.71701049804688,12437600,,
2022-02-11,66.57759312882101,67.88474480026964,66.37716028051797,66.78673553466797,9342300,,
2022-02-14,66.77802164027347,66.83902178777869,65.45344415936661,66.63859558105469,9881100,,
2022-02-15,67.54488621462862,68.1374619077409,67.37931154127575,67.80631256103516,11425600,,
2022-02-16,67.27473525182661,67.79760122798146,67.0394508813706,67.29216766357422,9981300,,
2022-02-17,66.96973323910693,67.03944958771788,66.22901531853721,66.54273223876953,8889300,,
2022-02-18,66.50787825396282,66.97845366395403,66.13316116722078,66.55145263671875,8780500,,
2022-02-22,66.62986578872354,66.97844083847146,65.88914796333175,66.18543243408203,9052500,,
2022-02-23,66.39459938621492,66.61245802008646,65.89788196692854,66.08959197998047,9659100,,
2022-02-24,65.444728332242,65.63644498223154,63.51014271655485,64.05915069580078,21135600,,
2022-02-25,64.66043762023745,67.3531736982766,64.63429564884677,66.50788116455078,13665900,,
2022-02-28,66.08086790649803,66.8913021124241,65.1658591858176,66.73444366455078,14126100,,
2022-03-01,66.66473176790488,67.7627409762551,66.18544018729098,66.52529907226562,9807300,,
2022-03-02,66.49914173736505,67.29215005140237,66.28128318715902,66.81285858154297,9697500,,
2022-03-03,66.90001370900691,67.57102189757225,66.5863034522103,67.23116302490234,8191100,,
2022-03-04,66.82160228387288,67.84989532995392,66.24645228335318,67.8237533569336,12216300,,
2022-03-07,67.10916891489057,68.22460394810524,66.29873460973972,67.73660278320312,14008400,,
2022-03-08,67.31831012622459,68.05031186058076,66.71701823834837,67.05687713623047,10184100,,
2022-03-09,67.64075998772518,68.16361944849496,67.14404250271609,67.78890228271484,9746000,,
2022-03-10,67.6494475417787,68.14616486521184,67.38802122069191,67.87602233886719,8972200,,
2022-03-11,68.25074738058223,69.39232440802277,68.1461728507832,68.1984634399414,9424500,,
2022-03-14,68.48859189473608,69.11281316032783,67.96986865802029,68.38308715820312,10085400,0.69,
2022-03-15,68.29517286783623,69.4644919282066,68.04900184621242,69.13919067382812,11403000,,
2022-03-16,69.42051979283433,69.55239902303913,68.26878837820206,68.6820068359375,10944000,,
2022-03-17,68.70836605325313,69.78097371570759,68.62923584967372,69.40292358398438,10279400,,
2022-03-18,69.61395670003726,70.10629877689784,69.13040165479367,69.55241394042969,21064800,,
2022-03-21,70.04474975739306,70.73051379106438,69.3765732006994,69.5084457397461,10478300,,
2022-03-22,69.69306306357647,70.14144974893125,69.25347011533032,69.71944427490234,10016600,,
2022-03-23,69.7194458205358,70.84480271976938,69.65790307472321,70.09749603271484,8470400,,
2022-03-24,70.37004940684493,70.923934181234,70.08871015050582,70.69535064697266,7605000,,
2022-03-25,70.85361085487864,71.54816874031505,70.73052532658949,71.51300048828125,7125600,,
2022-03-28,71.53936223987303,71.80311399686374,70.97668377577183,71.39868927001953,7071900,,
2022-03-29,71.79434783578988,71.88226511367544,70.98549143933099,71.71521759033203,7398700,,
2022-03-30,71.9525747091721,72.70867516048169,71.80311470796488,72.4449234008789,9326600,,
2022-03-31,72.88452142613258,73.30652695380861,72.04050366312357,72.13721466064453,12466800,,
2022-04-01,72.26030644073458,73.48237456173307,71.77675141113481,73.42961883544922,10086700,,
2022-04-04,73.41203012719953,73.75491212651043,72.73505986661709,73.40323638916016,9039600,,
2022-04-05,73.55270447730425,75.10886075646359,73.42082523488064,73.60545349121094,12040900,,
2022-04-06,74.16813324659286,75.22315378842308,73.95713047975822,74.70443725585938,13924300,,
2022-04-07,75.39020642433671,76.5859000307697,74.69564861562509,76.3133544921875,13104300,,
2022-04-08,76.17268933920346,77.22771006162242,75.83860100889103,77.08704376220703,11409300,,
2022-04-11,77.6497058542412,78.66956481556221,75.76824838471411,76.16387939453125,14381000,,
2022-04-12,75.61000739952395,76.09356245549104,74.92424328935819,75.28470611572266,12543000,,
2022-04-13,75.43416265374636,75.82099993854312,74.58135114728623,75.72428894042969,12743800,,
2022-04-14,75.72429392703177,76.93757499865849,75.0912855899548,76.41006469726562,22096100,,
2022-04-18,75.97926838820392,76.88482908422164,75.32867249038722,75.67155456542969,7995100,,
2022-04-19,75.58363065958825,75.68912869948208,74.8363238104904,75.42537689208984,8494700,,
2022-04-20,75.18798258225405,76.3309270472825,75.1528210455469,76.01441955566406,8719400,,
2022-04-21,75.97046382787322,76.69139606389194,75.07369037108364,75.81221008300781,8562400,,
2022-04-22,75.48690838499512,75.7330793848838,74.29121492183005,74.3703384399414,7914000,,
2022-04-25,74.37033943781853,75.44294741543115,73.43840443783361,75.1176528930664,10573400,,
2022-04-26,75.39899286547043,75.78583014235174,74.19450563666736,74.27363586425781,9009600,,
2022-04-27,74.1153785470976,74.84509779052597,73.49994435518668,74.21208953857422,10781300,,
2022-04-28,75.39021273073578,78.57286902403803,74.73082311501506,77.87831115722656,21092300,,
2022-04-29,77.9486239707328,79.13552357679835,77.44748157573108,77.9749984741211,15914200,,
2022-05-02,78.0013978765047,78.10689592373416,76.1638952979132,77.0606689453125,12124900,,
2022-05-03,76.48039166022296,77.57937420905569,75.98804962479619,76.57710266113281,8425600,,
2022-05-04,76.11115853265132,78.04536573017106,75.92653021260564,77.82556915283203,10763500,,
2022-05-05,77.73761421353164,77.9486236550956,76.51554637201153,77.37715148925781,9548300,,
2022-05-06,77.13977048813555,78.1772101386188,76.91118697920226,77.71124267578125,12227400,,
2022-05-09,76.92877911405353,77.42112115393316,76.41006256598851,77.05186462402344,11901500,,
2022-05-10,77.47386904171067,78.50251500283925,76.72655561120833,77.2013168334961,12370800,,
2022-05-11,76.85843367914362,79.83887349519235,76.85843367914362,78.41459655761719,16338600,,
2022-05-12,78.99486294546082,79.8740489698013,77.68487764733747,79.8564682006836,14210200,,
2022-05-13,79.74217118375142,80.04989166402694,78.47614784674207,79.48721313476562,10308100,,
2022-05-16,79.82129700616294,81.65000547907566,79.72458601044546,81.16645050048828,13999000,,
2022-05-17,81.15766457550889,83.13583324763984,80.45431973890123,81.7643051147461,17582800,,
2022-05-18,81.37746251706801,81.90497953831625,80.68290469957154,80.97303771972656,12717600,,
2022-05-19,80.22572039746753,81.42141386274369,79.90041917123646,80.9642333984375,11121600,,
2022-05-20,81.28075367657326,82.71383133741588,81.28075367657326,82.24786376953125,11757100,,
2022-05-23,82.28302431883597,83.45234344791967,82.11598352015092,82.49403381347656,9067000,,
2022-05-24,82.86330229363915,83.34685740388034,82.26545538809488,83.20618438720703,9021000,,
2022-05-25,82.96000249299283,83.31167828113895,81.88739435759311,82.42369842529297,11177700,,
2022-05-26,82.854490768346,82.86328450691514,80.00592986874565,81.15766143798828,17249500,,
2022-05-27,81.13128896818567,81.86101501164255,80.66532142717215,81.83464050292969,9802000,,
2022-05-31,80.8059857411242,81.43020697505024,79.89163152719325,80.91148376464844,22860800,,
2022-06-01,80.59498057735924,80.82357081994817,79.16190978424915,80.12901306152344,10492500,,
2022-06-02,80.12020181057225,80.12899554696503,78.01894822561623,79.12672424316406,11066200,,
2022-06-03,78.89815595111975,79.72459300240082,78.84540693343197,79.04762268066406,7051600,,
2022-06-06,79.2762170365253,79.70702309856358,78.85421142217787,78.986083984375,8336900,,
2022-06-07,79.25861124110874,79.84766419181166,78.75747554000003,79.54874420166016,10243300,,
2022-06-08,79.63668196217813,79.6982247235104,78.48494356059135,78.6695785522461,10266000,,
2022-06-09,78.46733710982582,78.94209827372833,77.2980183195283,77.36835479736328,7381100,,
2022-06-10,76.63863668238928,77.40353086397175,76.23421195542295,76.64743041992188,8861600,,
2022-06-13,75.35503334514866,76.05838484771975,74.4055108289748,74.7308120727539,12016100,,
2022-06-14,75.13855096799757,75.37787774151754,74.34081308974075,74.89923095703125,11226900,0.69,
2022-06-15,74.95239602710544,75.67036943518222,74.2344293815809,75.01444244384766,11357100,,
2022-06-16,74.252169190137,75.51083595645629,73.61398024301968,75.24491882324219,12925200,,
2022-06-17,75.02330936648828,76.01605881301553,73.91533279058604,75.00558471679688,32989100,,
2022-06-21,76.27312110546062,78.32065994673135,75.58173794261087,78.02815246582031,11778600,,
2022-06-22,78.03700521492289,80.07567801027501,78.02813950900443,79.02975463867188,11935400,,
2022-06-23,79.7743034362793,81.68002425976738,79.38429356657434,81.54706573486328,14718400,,
2022-06-24,82.65505898997561,83.13370571949362,81.28116522399509,82.54869079589844,25248400,,
2022-06-27,82.61075337513924,84.84443854974477,82.4778015597317,83.68328094482422,11949000,,
2022-06-28,83.41734490475886,83.61234987328335,81.0772988075704,81.44957733154297,13523300,,
2022-06-29,81.82184994383132,82.41573051303469,81.44957144675614,81.99913024902344,8657100,,
2022-06-30,81.2368598017578,82.34483659457351,80.58093943392593,80.81139373779297,18551400,,
2022-07-01,80.92662211875158,81.9814113548522,80.12001182270967,81.91936492919922,11413800,,
2022-07-05,81.93709867865863,82.38914832306098,80.24410696072727,82.11437225341797,9574400,,
2022-07-06,82.70823970573777,83.77190135885095,82.1675465536463,82.54869079589844,10455300,,
2022-07-07,82.38029823143816,83.27553867150287,82.0346099897193,82.44234466552734,8140100,,
2022-07-08,82.35370590439052,83.1603095283114,81.9105151678801,82.23847198486328,7161500,,
2022-07-11,82.32710291180103,84.01122894301554,82.28278789884092,83.58576965332031,9507700,,
2022-07-12,83.12485044353207,83.53258509482951,82.55756686237443,82.96530151367188,7826500,,
2022-07-13,82.95643313094827,83.63895060544772,82.45119599644052,83.11598205566406,6415600,,
2022-07-14,82.03461108375173,83.37304228874709,81.60027927678101,83.21349334716797,6271000,,
2022-07-15,84.07326625228136,84.51645690913318,83.64780700873314,84.17076873779297,9731900,,
2022-07-18,84.11760621827018,84.29487981433545,81.47618635655073,81.84846496582031,8653700,,
2022-07-19,82.56642248418207,82.77915211049121,81.65345079361273,81.86618041992188,8233600,,
2022-07-20,81.86620463858065,81.92825107971585,79.0829669718502,79.464111328125,11844000,,
2022-07-21,79.02091405713718,80.1377566686314,78.80818438532306,79.89842987060547,8197000,,
2022-07-22,79.87183380126953,80.1732002512651,79.29568450048252,79.87183380126953,6354500,,
2022-07-25,79.9516026113005,80.42139045168649,79.55273367117402,80.24411010742188,6364500,,
2022-07-26,81.01524997892281,81.5027556231914,80.30614225310171,80.9177474975586,6414100,,
2022-07-27,80.21751684835017,80.98867110229553,79.7831918550619,80.86457824707031,6966300,,
2022-07-28,80.69615609894636,80.77592717163662,77.4874532894215,79.72113800048828,13909800,,
2022-07-29,79.84523524782416,80.73161661577278,78.24974608049538,79.1893081665039,14938600,,
2022-08-01,79.18930306249214,79.79204262435077,78.31178745829668,78.4713363647461,7343300,,
2022-08-02,78.94113425958795,79.41091537277929,77.60270306305719,77.6558837890625,7443000,,
2022-08-03,77.33677036298135,78.01928100556123,76.90244540861235,77.66473388671875,8187600,,
2022-08-04,77.83315850468738,77.9040706487515,76.7960937573282,76.95564270019531,7993800,,
2022-08-05,76.69859471231935,77.58497626547233,76.24653822669605,77.4786148071289,8801200,,
2022-08-08,77.3810858497317,78.6929263130366,77.04425664661245,78.43587493896484,8149400,,
2022-08-09,78.66635097687703,79.98705739835411,76.94676885911181,79.34886169433594,13215500,,
2022-08-10,79.80090005647284,79.88953682585345,78.16996185970312,79.05634307861328,8140200,,
2022-08-11,77.83314009300564,79.61476840647956,77.43427121146868,78.82588958740234,7396800,,
2022-08-12,78.87908302503558,80.68730198727631,78.8436269556716,80.67843627929688,12317300,,
2022-08-15,80.51002303836992,80.5188819832053,79.67682237021948,80.30615234375,6339800,,
2022-08-16,79.73886156899961,80.57206216162558,79.65909049739211,80.29727935791016,5661200,,
2022-08-17,80.07568078608969,81.4495744613318,80.04023148629142,80.69615173339844,6486000,,
2022-08-18,81.1039108492743,81.40527732662251,80.24411967410934,81.01527404785156,6111600,,
2022-08-19,81.14820759751096,82.45118237782944,81.13047618516377,81.61798858642578,8828700,,
2022-08-22,81.37867854164988,81.74209818119843,80.66957744108896,80.80253601074219,6652100,,
2022-08-23,80.55434642708519,80.65184893084013,79.526147427334,79.95160675048828,5208800,,
2022-08-24,79.95158808006752,80.05795626729383,79.3665799567039,79.7831802368164,5553300,,
2022-08-25,80.22638539978948,80.22638539978948,78.94999397216569,80.0136489868164,5884300,,
2022-08-26,80.02251428469083,80.43024893030316,78.967718220736,79.118408203125,5695300,,
2022-08-29,78.737263278244,78.88794649685434,77.61155508614652,77.63814544677734,7850200,,
2022-08-30,77.53178048202793,77.62041726762179,76.742901593902,77.0088119506836,6754000,,
2022-08-31,77.15063525428977,77.23040633156215,75.48424071325246,75.66151428222656,11602000,,
2022-09-01,75.9097081509463,77.5229221473679,75.66152242265896,77.2481460571289,7528600,,
2022-09-02,77.32791093231695,77.80655769666551,76.12243169526579,76.43267059326172,6997500,,
2022-09-06,76.74289847998814,77.35449700955691,76.3706199380675,76.60107421875,8244300,,
2022-09-07,76.72517139262702,77.11518137047177,75.40446500749825,76.99995422363281,6121700,,
2022-09-08,76.671988042918,77.51404763432187,76.34402450347541,77.48745727539062,8109200,,
2022-09-09,77.63815268800793,78.15225558333216,77.35451087723494,77.41655731201172,7480100,,
2022-09-12,78.1167897184896,79.03862717857344,77.84201365071917,78.14338684082031,6351500,,
2022-09-13,77.39881953607131,77.65587094015564,76.32629890958005,76.47698211669922,7650000,,
2022-09-14,77.73686353342325,78.30872037497008,77.18287423570607,77.69218444824219,9418700,0.69,
2022-09-15,77.87088570302427,78.12107219250056,77.02203089422049,77.51347351074219,8006800,,
2022-09-16,77.37943531382993,78.51421839905765,77.20073264417464,78.38018798828125,14842500,,
2022-09-19,77.60283918153435,77.68326017775361,76.52167204265277,77.41519927978516,7748600,,
2022-09-20,76.90588464304604,77.2454225196541,76.47698859416143,76.84333801269531,5454800,,
2022-09-21,77.0667217096848,77.29010351174185,75.52091663993846,75.52985382080078,7190800,,
2022-09-22,75.54771152406636,78.7644074009842,75.54771152406636,78.19255065917969,12329700,,
2022-09-23,78.09427247753088,78.63932457186236,76.9237473023403,77.540283203125,9038500,,
2022-09-26,76.9505562049472,77.47773392105995,76.20892707682555,77.00416564941406,8841000,,
2022-09-27,77.57603043509816,78.29978527820685,76.54847280223042,76.70037078857422,6532100,,
2022-09-28,77.72792308226143,77.96024204469886,77.02203583194573,77.540283203125,6840000,,
2022-09-29,77.73686963051857,78.11214943401694,77.04885665743822,77.41519927978516,6601300,,
2022-09-30,77.96022157224523,78.29082897747016,76.93266427979893,76.9505386352539,9035600,,
2022-10-03,77.48667285702282,78.54103513021562,76.86119978342691,78.22830200195312,9186900,,
2022-10-04,78.21935472856413,79.21117024812064,77.73684932847691,78.97885131835938,7373000,,
2022-10-05,79.14862363053915,79.32732630446625,78.64824387281719,78.97885131835938,6065700,,
2022-10-06,78.4159332567952,78.63931501200263,77.94236502648668,78.1300048828125,8055500,,
2022-10-07,78.5231662564178,78.8984528536237,77.84409050676624,78.27297973632812,8837400,,
2022-10-10,80.35490130768507,81.83815291368192,80.15832423310285,80.84634399414062,14485000,,
2022-10-11,80.80165497643692,82.18662469199481,80.59614074634014,81.35564422607422,9743500,,
2022-10-12,81.53436149172302,81.95432038958997,80.74805996655147,80.79273223876953,8522200,,
2022-10-13,79.97068201542393,82.8478406043639,79.7651677660405,82.64232635498047,9382800,,
2022-10-14,82.44574009217486,83.41968814740093,81.97217183383718,82.36532592773438,9847600,,
2022-10-17,82.95504976757911,84.3221519087272,82.60657475622877,84.09877014160156,12139700,,
2022-10-18,84.36682587765587,85.17100161898122,84.00941367961452,84.5365982055664,9530400,,
2022-10-19,84.80465080783624,84.80465080783624,83.18736230288386,83.33032989501953,8546100,,
2022-10-20,83.2767381443308,83.45544768708723,82.52617851596986,83.04442596435547,7626000,,
2022-10-21,82.95506566509232,85.7428731072211,82.77636294397342,85.48374938964844,10297200,,
2022-10-24,86.18068881347634,87.9409383472808,86.01985365767007,87.00273895263672,11414900,,
2022-10-25,86.54702956415959,87.82477350292618,86.09132886537799,87.30652618408203,8747900,,
2022-10-26,87.82477350768552,88.70936336778101,87.56564984824941,87.93199920654297,10374700,,
2022-10-27,89.20974319309153,90.69300146460817,88.90594724855679,89.12039184570312,12218400,,
2022-10-28,89.56715742079945,90.37133319958298,88.05710120976975,90.04072570800781,11228000,,
2022-10-31,89.30802557898032,90.56790198685383,88.73616881453387,90.42493438720703,11043800,,
2022-11-01,89.93352150448786,90.30880132352469,88.41452104822547,89.1382827758789,11079300,,
2022-11-02,89.03997111601214,90.27303598006638,88.44130963385273,88.81658935546875,9503500,,
2022-11-03,88.45918347322488,88.67362806983468,87.56565636743473,88.23580169677734,9912700,,
2022-11-04,88.45918335327589,88.79872119887024,87.5299143464657,88.63788604736328,8877600,,
2022-11-07,88.01241547302513,89.67437635118088,87.27078637659714,89.41525268554688,8644500,,
2022-11-08,89.41526428765957,91.1129672865755,88.93275879425791,90.69300842285156,8503900,,
2022-11-09,90.51429775242383,92.71237359541152,90.49642339290456,90.7734146118164,10602900,,
2022-11-10,91.76523583009053,91.86352436222606,89.88883017335355,91.0414810180664,9556000,,
2022-11-11,89.82627142585449,90.07645790405435,86.96698765061281,87.5299072265625,13342800,,
2022-11-14,88.19112233708259,90.86277328327725,88.19112233708259,89.66544342041016,8958200,,
2022-11-15,89.7101247198484,90.01392067017612,88.20006169702738,88.99530029296875,7965900,,
2022-11-16,88.97742801908217,90.06753214443128,88.89700703722545,89.2901611328125,8757700,,
2022-11-17,89.71907461057724,91.45251284317331,89.59397452363977,91.4167709350586,8496800,,
2022-11-18,91.7026830465285,93.46293250943489,91.7026830465285,93.13233184814453,11626300,,
2022-11-21,93.82033494782812,94.59770589154104,93.13232215772152,94.36538696289062,8899300,,
2022-11-22,94.83004659165519,95.69676913319637,94.75856959111988,95.51806640625,8295700,,
2022-11-23,95.384009472534,95.87545206081307,94.98192503999307,95.4465560913086,5749600,,
2022-11-25,95.21424343536154,96.05416107177734,95.21424343536154,96.05416107177734,3163700,,
2022-11-28,95.72355959031555,97.30510643801344,95.72355959031555,96.90301513671875,9524500,,
2022-11-29,96.50094337003911,97.44808007720795,96.09885883282605,97.25150299072266,9352400,,
2022-11-30,97.12640408824635,98.58285778979746,96.17033025520584,98.39521789550781,20305800,,
2022-12-01,98.06461198901646,99.163653464578,97.18895231753011,98.10929107666016,10110500,,
2022-12-02,97.39444628061126,98.36838747122366,97.1353226238346,98.32371520996094,6943600,,
2022-12-05,98.11821126140397,98.49349783429125,97.58209635065626,98.29692077636719,6961900,,
2022-12-06,98.60965323036552,98.96706544077138,96.87620844099327,97.3319091796875,7458700,,
2022-12-07,97.52848968917199,98.92238986032656,97.3944592533907,98.36840057373047,8270400,,
2022-12-08,98.53817513775427,99.19938333424344,98.39521433554613,99.0474853515625,7354800,,
2022-12-09,99.16364745288956,99.51212250075523,97.17107888182449,97.19788360595703,9667800,,
2022-12-12,96.43837629897885,97.48380132785707,95.89332424452361,97.36764526367188,10956600,,
2022-12-13,99.4138378920054,99.4138378920054,97.3944645170912,99.10110473632812,15836900,,
2022-12-14,99.40689951491498,100.89098873735878,98.97516871049628,100.33333587646484,10788300,0.73,
2022-12-15,99.15505523570502,99.63176114331017,98.24661852440508,98.60639190673828,9871400,,
2022-12-16,98.25559845814308,98.66934329720308,97.38313368050576,98.21961975097656,29465900,,
2022-12-19,98.21064691668755,99.02914034160071,97.83287385833587,98.43550872802734,6949500,,
2022-12-20,98.88522823316008,99.5328313208108,98.183660508951,98.67835235595703,8022000,,
2022-12-21,99.02914028462311,100.00954134986426,98.52545202342789,99.93758392333984,6640900,,
2022-12-22,99.74868803497749,100.45925209075791,99.12806731970055,100.05449676513672,8373700,,
2022-12-23,100.06349641317516,100.85500744248746,99.72170896324792,100.6121597290039,4547400,,
2022-12-27,101.1068564245623,101.2687503222121,100.31533854856539,100.84601593017578,5125800,,
2022-12-28,101.53858051828186,101.53858051828186,99.89259071160473,99.91058349609375,5107800,,
2022-12-29,100.18942720443415,100.46825365205478,99.61378152159539,99.67674255371094,4467200,,
2022-12-30,100.045514002481,100.21640430232681,99.04712707220885,99.79366302490234,5498600,,
2023-01-03,99.30796884791951,100.01852609859611,98.4804722069354,99.96456146240234,8062500,,
2023-01-04,101.0259010947581,101.28674158522335,100.05449655004,100.8100357055664,8698600,,
2023-01-05,100.36931101395307,102.4560351318935,100.21640663497084,102.21318054199219,9578900,,
2023-01-06,102.82480906637701,103.87716069908313,102.58196132892095,103.29251861572266,8632300,,
2023-01-09,103.32848757367684,103.37346267670375,98.88522325655663,99.28097534179688,12858800,,
2023-01-10,99.44288568523689,100.74708831404556,98.83126128123232,99.6677474975586,12122800,,
2023-01-11,98.34556447987076,100.11747675868016,97.81489386678969,99.901611328125,8626500,,
2023-01-12,99.76668309537243,100.8280310798865,98.96617562577359,100.53121185302734,8914800,,
2023-01-13,100.01852176486636,101.13384118762058,99.79365997415198,100.96294403076172,5757800,,
2023-01-17,100.76506896123007,101.17881385076011,99.22701506898662,99.34394073486328,10241100,,
2023-01-18,98.86723344970821,99.0291342183516,97.66197750932541,97.85086059570312,8799500,,
2023-01-19,97.53607373256183,99.10111021461859,97.23025806236754,98.8492660522461,6772900,,
2023-01-20,98.38154349166402,98.93020689524961,97.72495080359491,98.88523864746094,9216500,,
2023-01-23,98.87622815537235,99.26299071485028,98.19264638140817,98.83125305175781,8998800,,
2023-01-24,98.93919424395489,98.93919424395489,95.69218922933335,97.6080093383789,7424200,,
2023-01-25,97.77890323529365,98.87622990543167,97.43711577338078,97.67096710205078,6168000,,
2023-01-26,97.61701077946759,97.63500356765904,95.17950950961796,96.12393188476562,9672700,,
2023-01-27,95.53027995606774,95.95302121000329,94.54088947409947,94.78373718261719,7784900,,
2023-01-30,94.95463091629443,95.79111700121707,94.89166989322443,95.4223403930664,6476600,,
2023-01-31,95.4313387387183,96.63660145645912,95.25145205833284,96.609619140625,7938900,,
2023-02-01,96.21386585043449,96.62761072936983,95.41335840997995,96.22286224365234,10103200,,
2023-02-02,93.56047370642746,95.17048465620998,91.51873204048549,93.0567855834961,16229900,,
2023-02-03,92.84095548523791,93.35364019428596,92.1753663754054,92.589111328125,11210800,,
2023-02-06,93.0298367635746,94.10018127237895,92.49915927537533,93.56950378417969,9054500,,
2023-02-07,93.27266525970737,95.27843539240182,93.14674320964443,95.05357360839844,7904700,,
2023-02-08,95.17051036575614,96.70856432425961,94.72978313913228,95.91705322265625,8596300,,
2023-02-09,96.11493574059037,96.99639022159798,95.82711288892122,95.989013671875,7976800,,
2023-02-10,96.21386291941212,97.8328636751989,96.12391957668572,97.6529769897461,7609600,,
2023-02-13,97.77889990442658,98.5524250107231,97.45509837796584,98.53443908691406,7383100,,
2023-02-14,98.89420016051983,98.9391752578043,97.31117829720516,97.80587005615234,6983900,,
2023-02-15,97.61699911098599,97.85085729385465,96.74453426841663,96.85247039794922,6416600,,
2023-02-16,96.07895921536752,96.65460493182104,95.5482886082962,95.80013275146484,5959300,,
2023-02-17,95.63822202860875,98.52544670523586,94.90966513329116,98.50745391845703,9474600,,
2023-02-21,97.94978729542743,98.83124158117478,97.706932743675,98.10269165039062,6741500,,
2023-02-22,99.12807018105913,99.22700991713998,97.96778252703227,98.18365478515625,7213900,,
2023-02-23,98.27361939009864,100.05452130038401,98.12970452021284,99.46987915039062,6922800,,
2023-02-24,99.02014243874007,99.23601471514785,97.94080850565229,98.84025573730469,5787900,,
2023-02-27,98.96616091547115,99.05610425084299,97.60799390597549,98.36353302001953,5654800,,
2023-02-28,97.88681454773743,97.89580407655012,95.48529280548777,95.55724334716797,10209900,,
2023-03-01,95.30543507534668,96.73555985057278,95.30543507534668,95.92605590820312,6099000,,
2023-03-02,95.90804547977865,96.57364130010856,95.4313395964593,96.24983978271484,5097500,,
2023-03-03,96.58264293512902,96.59163932902774,95.45833387611506,96.13291931152344,6124300,,
2023-03-06,96.83448757666865,100.05450329516351,96.64559762837538,99.92858123779297,17776600,,
2023-03-07,100.53121317484401,100.89998983043981,99.58679770728962,100.08148956298828,13805300,,
2023-03-08,99.77567973943981,100.09048489194254,96.77152247583659,97.39214324951172,8440800,,
2023-03-09,98.30959743897765,98.84926447290182,96.33980555980382,96.78053283691406,5842500,,
2023-03-10,96.63660366735677,99.58678921149047,96.54665346286914,96.86146545410156,9738500,,
2023-03-13,93.96523603574902,97.89581532036206,93.90227501565013,95.09854125976562,10687100,,
2023-03-14,95.50610585471972,97.02768282603849,94.66380419363351,96.88277435302734,9806900,0.73,
2023-03-15,96.4389949678772,97.84282663603044,95.61480417313489,97.48054504394531,10942700,,
2023-03-16,96.45709520921771,97.55299189366883,94.40115828597958,97.21788024902344,9441500,,
2023-03-17,97.04580592217529,97.19071440297837,93.7309389132212,94.28341674804688,26402100,,
2023-03-20,94.93552256994514,96.82844013706159,94.93552256994514,95.86839294433594,12865800,,
2023-03-21,96.00423729946905,96.39368872717604,94.88117079792033,95.58761596679688,11571800,,
2023-03-22,95.52423693441155,96.00425711439202,94.54607869410411,94.55513763427734,5705800,,
2023-03-23,94.28341571267039,94.7634358468501,93.70376797593119,94.40116119384766,6801700,,
2023-03-24,94.27436596891478,95.10761571795567,92.77996560465019,94.91741943359375,6661800,,
2023-03-27,96.0767059825692,97.46242657396121,95.9951893483982,96.84654998779297,7563100,,
2023-03-28,96.55673335799248,96.93712591945504,95.49706540394106,95.57857513427734,6679500,,
2023-03-29,95.66007932980804,95.88650443121456,94.67286229450383,95.02608489990234,6310200,,
2023-03-30,95.20723697463426,96.18538824177767,94.68192903768463,95.93179321289062,5017400,,
2023-03-31,96.21256679447742,96.48427279749038,95.56951336113669,96.35747528076172,7184300,,
2023-04-03,95.95897155025348,99.15610033081688,95.61480782509808,98.60362243652344,6964100,,
2023-04-04,98.44962970994351,99.0292774072243,97.96055757969364,98.56737518310547,6108200,,
2023-04-05,99.5455552994627,101.7464011026156,99.24667244596769,101.3569564819336,8006100,,
2023-04-06,102.34416053500983,103.40382850340104,101.11240725365114,101.73734283447266,6894500,,
2023-04-10,102.30793007983375,102.42566866004842,100.68672531714903,101.99093627929688,6446500,,
2023-04-11,102.09056208143775,102.6249220628869,101.72828049726304,101.88224792480469,5639800,,
2023-04-12,101.66487161824992,103.5306122626004,101.32975997700571,103.02342224121094,6136700,,
2023-04-13,104.12839217403807,104.89823625093521,102.93286773781222,104.68087005615234,7332300,,
2023-04-14,104.82577657444538,105.21522807564858,103.84762526137746,104.43632507324219,5005100,,
2023-04-17,104.7804960799718,105.46882350467433,103.4309973208661,104.16461944580078,6575500,,
2023-04-18,103.68460834296204,104.26425617760209,103.00533288893567,104.00160217285156,5454500,,
2023-04-19,103.6936445789734,104.50877638163155,103.25891222418653,103.36759185791016,4683400,,
2023-04-20,103.41289805239961,103.72083294935616,102.34417103422837,103.40383911132812,4657900,,
2023-04-21,104.03781900015063,104.74426428508593,103.78421705560655,104.49066925048828,6554600,,
2023-04-24,104.73520694251503,105.31485471899119,103.94724500733034,105.00691986083984,4299100,,
2023-04-25,105.26051008893675,105.8401578389232,104.97974515345945,105.54127502441406,5662800,,
2023-04-26,104.3366989686667,104.3366989686667,102.09056550927019,102.73361206054688,6607900,,
2023-04-27,103.79325630312184,104.48159048782519,100.22480170625332,104.30045318603516,9975200,,
2023-04-28,103.57590212957683,104.63556997840242,102.76077035742411,104.58123016357422,8050400,,
2023-05-01,104.88010664808381,105.60466280528821,104.40007964287831,105.36917877197266,5238900,,
2023-05-02,105.66806230750814,107.22586807600625,104.88915942325907,106.77301788330078,8175600,,
2023-05-03,107.18964561298968,108.36705894810008,106.80925308685715,107.07190704345703,6738600,,
2023-05-04,106.87266711783036,106.87266711783036,105.5050573241645,106.30207824707031,6490200,,
2023-05-05,106.31113464942386,106.77304389328962,105.56846042886875,106.58284759521484,4534000,,
2023-05-08,106.03942838265277,107.27118175698085,105.45978054884512,107.21683502197266,5157300,,
2023-05-09,107.09908127939677,107.44324497267168,106.27489052952107,106.35640716552734,4933100,,
2023-05-10,106.33830552543566,107.02663297237238,105.4416570004351,106.78209686279297,5605400,,
2023-05-11,106.49225779782651,106.68245405818294,105.40541314014501,106.465087890625,5596700,,
2023-05-12,106.87265293861952,107.37079094934575,105.69523959141902,106.09375,5233100,,
2023-05-15,106.09376396031259,106.6371829190084,104.59935664143887,105.39637756347656,5697200,,
2023-05-16,104.95258376013322,105.74960471596502,104.4182237192435,105.13372802734375,4278200,,
2023-05-17,105.39637267422638,105.65902665590023,102.77889870747751,103.93819427490234,7210400,,
2023-05-18,103.37665255630303,104.21895428172367,102.64303737640148,103.2498550415039,6437100,,
2023-05-19,103.54874852981689,105.27863303709428,103.3404343569253,104.59935760498047,7647000,,
2023-05-22,104.59029777064313,106.0394172023742,103.54874080379233,103.69364929199219,5607400,,
2023-05-23,103.22267084884767,103.96534486559253,102.38942817834278,102.58867645263672,7733000,,
2023-05-24,103.34947475855789,103.53967101623854,101.93658432438966,102.88756561279297,4509500,,
2023-05-25,102.79700474598602,102.79700474598602,100.61426326676397,101.71016693115234,7037500,,
2023-05-26,101.43846268558397,102.51624856280131,100.21576831198819,100.59616088867188,6378200,,
2023-05-30,99.74479976874079,100.27010774973465,98.69419071669994,98.87532806396484,7768100,,
2023-05-31,98.24134410079733,100.66862195834348,98.24134410079733,99.99840545654297,14563500,,
2023-06-01,100.22482424815202,101.06711910986961,99.51837202841207,100.4693603515625,6959900,,
2023-06-02,100.6323820996955,102.09961938257796,100.27915946102968,101.90941619873047,5792800,,
2023-06-05,102.34415138887896,103.68459110231312,102.26264166472389,102.44377899169922,5185500,,
2023-06-06,102.84228881931661,102.99625623736642,98.97494402983229,99.6361083984375,6960200,,
2023-06-07,99.29192962829988,99.32815847249503,96.79220156834407,98.36811828613281,12420500,,
2023-06-08,98.09641782751324,100.5961531138521,97.81565288689112,99.91687774658203,8352700,,
2023-06-09,99.79914222590693,100.99466663250602,98.73946736896386,100.27010345458984,6521900,,
2023-06-12,99.79914222855842,100.52369849654728,98.35907481264705,99.50025939941406,7468500,,
2023-06-13,98.3500065995662,100.20669524924766,97.86093444701146,99.61798858642578,7304200,,
2023-06-14,100.03740034192208,100.2288673693656,98.78829797494636,99.0709457397461,6137300,0.73,
2023-06-15,98.83389185864313,100.20151949426241,98.77918202306093,99.74564361572266,7305700,,
2023-06-16,99.83682220642342,100.71210310062274,99.43564918803924,99.6727066040039,15844300,,
2023-06-20,99.45386465612121,101.07678136599107,99.40827429438272,100.50238037109375,7744400,,
2023-06-21,100.3929919880397,101.67855841825367,99.85505480492972,101.35033416748047,6854800,,
2023-06-22,101.75150885586153,103.79383112816255,101.75150885586153,103.6844253540039,7884100,,
2023-06-23,104.08558170729734,104.76939551052327,103.0461783267693,104.48674774169922,16407900,,
2023-06-26,104.34085862615308,104.48673526958284,101.91559595460335,103.10087585449219,7685100,,
2023-06-27,102.87295336049382,103.67529240985218,101.99767250043547,103.31970977783203,7093900,,
2023-06-28,103.43824411653513,103.54765684222494,101.60562791500415,102.51737976074219,8173800,,
2023-06-29,102.34412605837353,103.83027879225871,101.94295309330205,103.5202865600586,6281800,,
2023-06-30,103.74822235402975,105.40761009903085,103.41999119953607,105.20702362060547,8090600,,
2023-07-03,104.36823002310464,104.50499418480463,103.51118110215798,104.24058532714844,2834600,,
2023-07-05,103.97616741615954,104.33175003194997,103.41087884320659,103.66616821289062,5861500,,
2023-07-06,102.93678351810829,103.42913034352863,101.85179660897191,101.88826751708984,7257400,,
2023-07-07,101.26826141670735,101.66031492740736,99.16211720784473,99.38093566894531,11316600,,
2023-07-10,99.50857425442221,100.83973082507559,99.47210335378765,100.25621032714844,5949200,,
2023-07-11,99.81858646667935,100.31092629925628,98.69712873308671,99.10741424560547,6084400,,
2023-07-12,98.80653988219953,99.42653135189042,97.73067253644517,97.9859619140625,8376700,,
2023-07-13,97.85831781716846,98.38713550606806,96.88274371473621,96.93744659423828,9764400,,
2023-07-14,96.882729910531,98.17741555244358,96.882729910531,97.86741638183594,7209900,,
2023-07-17,97.59392324327807,97.95862539088574,95.99835743409503,96.25364685058594,7376400,,
2023-07-18,96.53627531032552,97.5847912414681,96.05304798316683,96.60009765625,7499100,,
2023-07-19,96.7915716501374,97.90390297109045,96.56363370667658,96.60009765625,6608600,,
2023-07-20,97.14714583232785,99.33534433425758,96.70038249361704,98.88858795166016,8073000,,
2023-07-21,99.1347654477954,100.85797560510775,98.81564678775624,100.64826965332031,8194000,,
2023-07-24,100.28356764251352,100.60267934663203,98.92505955577273,99.18946838378906,6045500,,
2023-07-25,98.14095792195148,99.12565148250684,97.84919763987365,98.04066467285156,6498700,,
2023-07-26,97.37510443768419,98.47832338762117,96.7004030320448,97.68509674072266,7042700,,
2023-07-27,97.77625457852984,98.12272469138978,95.88892875635179,95.9801025390625,9813100,,
2023-07-28,96.12598278128868,97.23832097720067,95.95274773094104,96.95567321777344,6903800,,
2023-07-31,97.14715324118572,97.3477327861394,96.34480723691532,97.23832702636719,7397500,,
2023-08-01,99.9279868052458,99.9279868052458,95.86157498161948,95.98921966552734,10009200,,
2023-08-02,96.67302632036215,98.59682285802963,95.62451053181482,96.37214660644531,10873500,,
2023-08-03,95.80687323031377,96.44509665735244,95.61540620220217,96.3995132446289,6039300,,
2023-08-04,96.31744537508182,97.02861056110622,95.2871684973943,95.73392486572266,6700700,,
2023-08-07,95.9983326465987,96.90096483787218,95.2051062020777,96.72772979736328,8259100,,
2023-08-08,96.36304598000561,97.73067362340682,96.36304598000561,97.0195083618164,10152200,,
2023-08-09,96.89186595691321,97.36598081393663,96.45422896470728,96.73686981201172,6479500,,
2023-08-10,96.83716750431226,97.59392324327807,96.1168826757187,96.25364685058594,6525700,,
2023-08-11,96.60010293835023,98.20478809577062,96.27187172532983,97.9586181640625,5904300,,
2023-08-14,98.39625745449227,99.77300468831608,97.84008827248776,99.29889678955078,8427200,,
2023-08-15,99.2806447409927,99.76387204208069,98.85212031742753,99.0709457397461,5118700,,
2023-08-16,98.9250596728377,99.80945993680805,98.72447318540772,99.134765625,5332900,,
2023-08-17,99.07094821130477,100.54798159017824,98.76094900000994,99.30799865722656,6457800,,
2023-08-18,99.35359443913028,99.83682177859636,98.66066112564906,99.56329345703125,6711400,,
2023-08-21,99.4629960304782,100.29269346993689,99.33535134073284,99.96446228027344,6012500,,
2023-08-22,99.92797484986319,99.92797484986319,97.73976959934679,97.76712799072266,6026000,,
2023-08-23,100.28357439908184,102.01590413887185,100.12857826894053,101.47797393798828,10588200,,
2023-08-24,101.15887238197456,102.13444665466218,99.46301326031346,99.79124450683594,6487700,,
2023-08-25,100.23800668203275,100.59358936856583,99.36272568778863,100.48417663574219,4839100,,
2023-08-28,100.50238808939858,100.84885121443591,99.0618188036259,99.31710815429688,4335600,,
2023-08-29,99.6362264520477,100.76679663263597,99.31711474254055,100.2835693359375,5673100,,
2023-08-30,100.56623792438867,101.02211387698134,100.03742014991357,100.48417663574219,4785000,,
2023-08-31,100.4021054867425,100.78503955331466,99.28064777050822,99.36270904541016,9212000,,
2023-09-01,99.97357671427035,100.63003906055991,99.60887463787465,100.14680480957031,4941300,,
2023-09-05,99.80034351061202,100.03740090807526,98.00419148990196,98.02243041992188,6379900,,
2023-09-06,97.33862225024119,97.55744073033561,95.66099535321311,97.09244537353516,7926100,,
2023-09-07,97.47538652197971,99.09830358378231,97.42979615035485,98.41448974609375,8532600,,
2023-09-08,98.04978939451814,99.50859088311356,98.04978939451814,99.4265365600586,6807500,,
2023-09-11,99.68180948684275,99.7821027247542,98.77917034563973,99.01622772216797,5069300,,
2023-09-12,98.85212027852114,99.81858183643037,98.05890073029781,99.399169921875,4605400,,
2023-09-13,99.36269894244427,99.99180285752877,98.1682995379884,98.29594421386719,6761500,,
2023-09-14,98.85590858523658,99.60864155054196,98.1857893217589,99.36078643798828,6872400,0.73,
2023-09-15,99.25065337776,99.99420484726237,98.4612007296434,98.69986724853516,9639000,,
2023-09-18,98.92934907019601,99.08540885948618,98.08482069648757,98.97525024414062,3911300,,
2023-09-19,98.8191975463564,99.30571917504467,98.13990359329367,98.55298614501953,5818300,,
2023-09-20,99.33325214407607,99.5076681923145,98.45200427490677,98.507080078125,4593600,,
2023-09-21,98.47035900908288,99.03031967820593,97.69008812697983,97.97466278076172,5856600,,
2023-09-22,98.42446926551074,98.42446926551074,97.26782833919121,97.61665344238281,5027200,,
2023-09-25,97.3504483900757,97.47896326951386,96.4875567679604,97.15766906738281,6052200,,
2023-09-26,96.49672740511595,97.80942095565209,96.48754577090664,96.74457550048828,5400500,,
2023-09-27,96.79966957650787,96.86392702103646,94.82604506447164,95.41354370117188,5635500,,
2023-09-28,95.99186671237763,96.3590551341905,95.26667150526977,95.7440185546875,4758800,,
2023-09-29,95.7990829401086,96.09283224181408,94.28443525800327,94.50474548339844,7232700,,
2023-10-02,94.39458773022386,94.39458773022386,93.03599292102973,94.13755798339844,7079700,,
2023-10-03,93.85299277025197,94.03659046754426,92.64127598226706,93.42154693603516,5924000,,
2023-10-04,93.2471369921245,94.02740793847956,93.01764512534147,93.78873443603516,6720500,,
2023-10-05,93.96313997075302,95.2023945118605,93.94477670148717,95.1014175415039,6449100,,
2023-10-06,95.2207623348591,95.86333671918973,94.47720397180734,95.35845184326172,6854900,,
2023-10-09,95.00962961005253,96.56099681776357,94.83521355611036,95.92759704589844,5061100,,
2023-10-10,95.7623593492354,95.89087422557174,94.69752080194351,95.11060333251953,7177200,,
2023-10-11,95.46861126508946,95.6613835820274,94.4129473359703,94.97290802001953,5375100,,
2023-10-12,95.02798956641494,95.42271585929429,94.48639211993697,95.09224700927734,5124000,,
2023-10-13,95.11061007341368,95.94595682880447,94.34869539289417,95.47779846191406,5787500,,
2023-10-16,95.65220562772599,96.72623286847556,95.52369074482192,95.59712982177734,6473500,,
2023-10-17,95.46861914328423,95.91842125325766,94.68834817599347,95.62467193603516,5827200,,
2023-10-18,95.5695904984585,95.89087770094376,93.5500649369491,93.62349700927734,7136400,,
2023-10-19,93.32057028124109,93.38482771981272,91.0072884855916,92.19146728515625,7647600,,
2023-10-20,91.78756570223638,94.8811186087986,91.78756570223638,94.24771881103516,12467500,,
2023-10-23,94.3946005898785,95.6063174210851,94.24772242680555,94.87194061279297,8493000,,
2023-10-24,94.84440508915145,95.52369910157663,94.25690642918323,94.57819366455078,6347900,,
2023-10-25,94.87193751171642,96.02857849573172,94.50474911957265,95.12896728515625,7849200,,
2023-10-26,94.64244729875391,98.43365753396347,94.54147031405839,96.89147186279297,11335700,,
2023-10-27,96.68034059248112,96.90983247643625,93.83464263214464,94.38542175292969,8933800,,
2023-10-30,94.8076913836283,95.92761296173794,94.19265478041625,94.25691223144531,6915500,,
2023-10-31,94.33950310196867,95.0555235302642,93.08189229308176,94.2752456665039,7522600,,
2023-11-01,95.05553001038736,95.67974814182865,94.3027969992554,94.41294860839844,5838100,,
2023-11-02,94.31197163099354,94.60572092793441,93.31139049575411,94.41294860839844,5379100,,
2023-11-03,94.8902928367901,95.69810162902854,94.34868842793844,94.89946746826172,6005900,,
2023-11-06,95.5420646797318,95.80827611075647,94.67917293803369,95.78073120117188,5951200,,
2023-11-07,95.78989987052606,96.12955034072421,95.22076454648162,95.46861267089844,6616400,,
2023-11-08,95.4502631335571,96.5426396893087,95.32174124110898,95.83580780029297,8152100,,
2023-11-09,96.12036441442682,96.12036441442682,93.77037014087551,93.98149871826172,7377000,,
2023-11-10,94.4037811882328,94.88112824484935,92.34753580002196,93.0727310180664,7627100,,
2023-11-13,92.79732550667458,94.13756413736766,92.32916715301035,94.06412506103516,5878200,,
2023-11-14,94.23854353747576,94.75260307793822,93.54088630146532,93.78873443603516,6944400,,
2023-11-15,93.5225170895084,93.78872847849102,92.4576785371134,93.03599548339844,7392600,,
2023-11-16,93.47662586108511,93.68775444977439,92.74224910951673,93.62349700927734,7889700,,
2023-11-17,93.63268248162046,94.01822714040202,92.67799546687374,93.40319061279297,6767000,,
2023-11-20,92.68718849613221,94.48640412848296,92.6137494082313,94.25691223144531,7449900,,
2023-11-21,94.55064216870375,95.12895910923956,93.49497825834608,93.82544708251953,7403500,,
2023-11-22,93.81626820296235,94.25689564931355,92.81568706960302,93.33892822265625,5724000,,
2023-11-24,93.8713582039759,94.10085007822533,93.11862513657923,93.51335144042969,3168000,,
2023-11-27,93.55006347994183,93.77037370056678,92.4393167345218,93.10943603515625,7356500,,
2023-11-28,92.99929117701902,93.03601071980968,91.80593755223751,91.96199035644531,8738500,,
2023-11-29,92.05378204604565,92.87077258087926,91.61316155717668,92.83405303955078,10286800,,
2023-11-30,92.56784524217461,94.26609082831577,92.05378565052007,94.07331848144531,29299700,,
2023-12-01,94.4129473359703,95.17486197210754,94.23853828933251,94.97290802001953,6863400,,
2023-12-04,95.22075910184945,96.73539967113618,95.22075910184945,96.441650390625,10169900,,
2023-12-05,96.31314390412513,97.67173882199202,95.63384994695961,97.51568603515625,10789100,,
2023-12-06,97.53403948390536,97.8277887815037,96.78130647108864,96.96489715576172,9954800,,
2023-12-07,96.92817527087128,96.9373569059433,95.2207623348591,95.35845184326172,9602200,,
2023-12-08,95.27585528554867,95.47780927226665,94.22937281213432,95.2391357421875,7530300,,
2023-12-11,96.24888614193267,96.81802848463083,95.07388892149146,95.80826568603516,7429700,,
2023-12-12,95.909246144151,96.19381382405126,94.93619584531505,95.79908752441406,7933500,,
2023-12-13,95.61550020544594,98.32350158691406,95.44108413558627,98.32350158691406,10995000,,
2023-12-14,98.63787250249027,99.12791704569621,97.21396536408604,97.89817810058594,10723000,0.77,
2023-12-15,96.98280196898787,98.25876727668899,96.400297447825,97.18621826171875,26393300,,
2023-12-18,98.15706069031704,99.12790150457987,97.66700916969197,98.04610443115234,12805600,,
2023-12-19,98.05534797246236,98.61936325195504,97.49133269296966,98.46217346191406,8043100,,
2023-12-20,99.06318615900757,99.06318615900757,97.30641738980104,97.41737365722656,8441600,,
2023-12-21,97.81494567162305,98.57312910016867,97.39886501246261,98.36971282958984,5919400,,
2023-12-22,99.07242188202441,99.91381721175121,98.78578665726828,99.5809555053711,6028700,,
2023-12-26,99.3960380311469,99.94155708639539,99.13714715379186,99.5162353515625,4727700,,
2023-12-27,99.22036962509368,99.9230785486632,98.94298953591355,99.8398666381836,5387000,,
2023-12-28,100.13574962595659,100.83845154201522,99.97855980529349,100.5703125,5530400,,
2023-12-29,100.77371533509,101.00486892099302,100.58879528806663,100.80145263671875,5889200,,
2024-01-02,100.93090966366853,104.77730183747994,100.93090966366853,104.70333099365234,11920100,,
2024-01-03,105.65567380332863,107.16279963911748,105.55397271942161,106.11798095703125,10721900,,
2024-01-04,107.18130688667479,108.78089301196299,107.12583227623945,108.18914031982422,11492200,,
2024-01-05,108.2723368924596,108.59595049788813,107.84701514614675,108.38329315185547,6861500,,
2024-01-08,108.72540291692776,109.00279005609349,107.42170029304398,108.53123474121094,8193100,,
2024-01-09,108.65143170619822,110.89824480639513,108.37404458597737,109.5020751953125,8822300,,
2024-01-10,109.2801683042044,110.1862863838276,108.8640876293082,109.899658203125,7129100,,
2024-01-11,109.84418503635189,109.936645058343,108.25384726281368,109.5020751953125,5754400,,
2024-01-12,109.16922228103016,109.72398951198556,108.78088592478616,109.68700408935547,6823300,,
2024-01-16,109.55755615234375,110.3434769662254,109.04902247477229,109.55755615234375,6832300,,
2024-01-17,110.19554121129237,110.39895750194891,108.74389692844531,109.22469329833984,5591400,,
2024-01-18,108.7808840431001,109.67776112718379,107.82853235315488,109.60379028320312,10524700,,
2024-01-19,109.29866064619235,110.04759600670883,108.84560159328402,109.92739868164062,7605600,,
2024-01-22,110.06610533439908,110.92599705788066,109.89967445068497,110.42670440673828,8786200,,
2024-01-23,109.23394447702466,110.94447970344038,108.42952741078142,110.8057861328125,6501400,,
2024-01-24,110.67633534352007,110.90748893200214,109.51132633662873,109.91815185546875,5859900,,
2024-01-25,109.71474401170519,111.1201547435939,109.71474401170519,111.07392120361328,6689800,,
2024-01-26,111.42527062971247,111.89681884095242,111.02768620082078,111.71189880371094,8300300,,
2024-01-29,112.20195264331058,112.30366078858125,111.406783718966,112.1372299194336,9138200,,
2024-01-30,112.13723605982013,112.58105408659897,111.12016160566853,112.48859405517578,7469500,,
2024-01-31,113.29300196729554,113.58887829485967,111.41603585297491,111.6749267578125,10779000,,
2024-02-01,114.32855959711813,116.89898622224226,113.514894498462,116.85275268554688,11650700,,
2024-02-02,117.15787321229433,117.94379393032176,116.60310606158363,116.8804931640625,10175600,,
2024-02-05,117.40752567476551,118.16570911056802,116.22401345772874,116.66783142089844,8027700,,
2024-02-06,117.06542832486174,117.90682375042167,116.56613570842322,117.31507110595703,6153000,,
2024-02-07,117.333565790681,118.40611479923024,116.9637186292252,117.860595703125,6742800,,
2024-02-08,117.72189739247068,117.8698390727912,116.45517320815473,117.06542205810547,6308300,,
2024-02-09,116.70483886310045,117.13940879018917,115.61379351258464,115.99288177490234,7891200,,
2024-02-12,115.57680117385792,116.02061919423471,115.02203393907303,115.89116668701172,5257400,,
2024-02-13,116.4829212174068,117.29657932194739,115.0959996650151,115.97438049316406,7273400,,
2024-02-14,116.14081564769289,116.5291520036743,115.4103694233004,116.3349838256836,6622400,,
2024-02-15,116.47367959654972,117.63869574074386,116.45518335777382,117.0007095336914,5756700,,
2024-02-16,116.96371786798933,118.4338513310421,116.65859343270553,118.1564712524414,6266800,,
2024-02-20,118.47084396852897,119.54338591731569,117.62019338527996,117.76813507080078,6952800,,
2024-02-21,117.8328626015611,118.4985861050668,117.24110994383341,118.46159362792969,4849200,,
2024-02-22,118.48932537742849,119.94097670434599,118.02702524860634,119.5156478881836,6517400,,
2024-02-23,120.00568781316242,120.42177554890988,119.14580325740711,119.69132232666016,5177400,,
2024-02-26,119.62661136568295,119.9224806268252,118.78520890533285,119.12731170654297,5158400,,
2024-02-27,118.59104432663713,119.42320579707695,118.16572958022073,119.3030014038086,4780200,,
2024-02-28,119.58962232071701,119.64509692699153,118.07325527906427,118.52632141113281,5697200,,
2024-02-29,118.44310804979274,119.13656883671543,117.48150119116896,117.5647201538086,11246100,,
2024-03-01,117.30581855574113,118.2119366176263,116.88973788899007,117.38903045654297,6023400,,
2024-03-04,115.07750589447991,117.00070551471505,113.99570875344062,114.69841766357422,12706200,,
2024-03-05,115.28092402835104,115.61378577771355,113.16355619933601,113.57038879394531,8277800,,
2024-03-06,113.57961810228198,115.35488293320694,113.2745007421558,114.4210205078125,8251400,,
2024-03-07,114.06042458737701,115.14222166305859,113.56113200146686,114.64292907714844,8982200,,
2024-03-08,113.94022996993858,114.68916533946819,112.85842581431528,114.18987274169922,9822700,,
2024-03-11,115.25316420107876,115.25316420107876,112.65499343996683,113.51488494873047,7769300,,
2024-03-12,113.72757352419798,113.92174170565634,112.27592916870132,113.4132080078125,11621800,,
2024-03-13,113.87551160637413,113.92173809330421,111.69342108263196,112.95089721679688,9186000,,
2024-03-14,112.88577383873738,112.88577383873738,111.3411815440323,112.13208770751953,10132500,0.77,
2024-03-15,111.50864043680382,113.4626527254205,110.94105457180821,113.07184600830078,46477400,,
2024-03-18,113.37889881908477,113.99301855124395,112.70895260181786,112.99740600585938,8311900,,
2024-03-19,112.99740780297665,113.76040054055565,112.0576217277534,113.7045669555664,11696600,,
2024-03-20,112.84853647522837,115.29570175338931,112.01110362526825,115.2398681640625,9793200,,
2024-03-21,115.09098928646364,115.55622894615637,114.50478277189475,115.0258560180664,8156300,,
2024-03-22,115.1840416737299,115.83537439092433,114.65366871858751,115.2398681640625,7022500,,
2024-03-25,115.45388015168973,116.84959918515118,115.16542672412503,116.5983657836914,7605800,,
2024-03-26,117.03570411059144,117.31485078525003,116.17035793794362,116.79377746582031,8864400,,
2024-03-27,123.63279247259194,123.84681295565164,121.0646744577746,122.59066009521484,16061600,,
2024-03-28,122.82326020023186,123.21405977892876,121.96722099956438,122.7767333984375,10189700,,
2024-04-01,122.5255179916504,122.75813783674208,121.06467274742879,121.88349914550781,5377600,,
2024-04-02,121.05537453684546,121.66948014488322,120.29237462063274,121.28799438476562,6584200,,
2024-04-03,121.28797445235733,123.10240612835396,120.43192105846445,120.86924743652344,7741400,,
2024-04-04,121.73461383876261,121.83696713415175,118.48723582867807,118.78499603271484,6753200,,
2024-04-05,118.77569668631357,119.65965637464238,118.17088365724531,119.09205627441406,5692900,,
2024-04-08,118.76638640491316,119.02691949308218,117.12874072342962,117.76146697998047,6282500,,
2024-04-09,117.78007174052904,118.17087134357607,116.78445917143661,117.90103149414062,4696600,,
2024-04-10,117.11013684846843,118.17088278745995,116.35645081260456,117.93826293945312,5787700,,
2024-04-11,117.75215222719252,118.30113157857484,116.73792615063122,117.37995910644531,6187200,,
2024-04-12,118.20810014298391,118.27323341499374,116.40296789157699,116.99847412109375,7370000,,
2024-04-15,117.88243788283026,118.93387705298436,117.11944505603824,117.41719818115234,6241000,,
2024-04-16,117.76146457309318,117.98478472895445,116.33783229969946,116.3657455444336,5587300,,
2024-04-17,116.93333723614813,117.41719046955208,116.04007791947238,116.6541976928711,6122800,,
2024-04-18,116.79375853094729,116.79375853094729,115.84467276916675,116.52392578125,5992700,,
2024-04-19,116.91473054899481,117.35205697485154,116.2075642625245,117.03569030761719,8404300,,
2024-04-22,117.90103789491425,119.17579716338543,117.4451049999404,118.11505126953125,7805800,,
2024-04-23,119.1944124213001,119.1944124213001,117.92895281707754,118.05921936035156,7744000,,
2024-04-24,118.00340422221294,118.71987027914528,116.63559828725631,118.17089080810547,7128300,,
2024-04-25,120.67387814705674,123.56766970867226,119.80852490425116,121.63227081298828,12750100,,
2024-04-26,121.08328241742537,122.73953452538746,121.08328241742537,122.07888793945312,7758200,,
2024-04-29,122.56275504716464,123.00938121048728,120.3389097158429,121.07398223876953,6788000,,
2024-04-30,121.81835379036193,121.81835379036193,120.01322159461881,120.23654174804688,6945000,,
2024-05-01,119.66894030838027,120.8971655703023,118.91525436615746,119.84573364257812,5895700,,
2024-05-02,120.08766330123971,120.67386983832705,119.0920506752117,119.34327697753906,7422500,,
2024-05-03,119.11066412441012,119.54799058280821,118.33837160959503,118.64543151855469,6221900,,
2024-05-06,118.33836179717186,118.85012826966978,117.94756218126105,118.70124816894531,6552000,,
2024-05-07,118.26393190334473,121.36242295158699,118.23601865681019,121.31591033935547,6682300,,
2024-05-08,121.50198688924726,122.36732581033309,120.33888778155955,120.54359436035156,6659100,,
2024-05-09,119.97601836493837,121.42756398456991,119.97601836493837,121.17633056640625,9216700,,
2024-05-10,121.72531609706172,121.78114258671155,120.91578940317456,121.01814270019531,5722600,,
2024-05-13,120.50639577521791,120.69250303490983,119.11999039725053,120.30168914794922,7109700,,
2024-05-14,120.21792959335727,120.21792959335727,119.12927045387625,119.7154769897461,6154300,,
2024-05-15,119.92019413089206,122.79537217763813,119.77131401376872,122.57205200195312,7237100,,
2024-05-16,122.23707664615277,122.61857661519639,121.69739687974723,121.7811508178711,5518100,,
2024-05-17,121.60435563470645,122.19056220284452,120.78552921546456,122.06959533691406,8281600,,
2024-05-20,121.71600547408774,122.58135868078283,121.56712536571182,121.88349914550781,4860400,,
2024-05-21,122.52551870125363,123.55835138736181,121.40894627794472,121.66947937011719,6254700,,
2024-05-22,121.12048672644859,122.45107948587264,121.10187316532729,121.98583984375,4407500,,
2024-05-23,121.79973101967803,122.7488238525082,121.25075165674161,121.97652435302734,6830900,,
2024-05-24,122.31150156393402,122.31150156393402,120.18071020675721,120.4877700805664,5983800,,
2024-05-28,119.882952973571,120.10627312312243,116.99846848230663,117.32413482666016,10263400,,
2024-05-29,117.37065954316424,117.65910585745766,116.57044676900142,117.14734649658203,8527800,,
2024-05-30,117.22179610909714,118.96178801662947,114.1698177614954,115.87259674072266,13000300,,
2024-05-31,116.43088559485005,117.80799824020674,115.89121293424567,116.81238555908203,18150500,,
2024-06-03,117.02638527358413,119.9853099043906,117.02638527358413,119.49215698242188,7702500,,
2024-06-04,118.3104635265882,120.3668222598917,118.05923009956766,119.76201629638672,6440100,,
2024-06-05,119.54798017994021,120.9064862470023,119.16649444563117,120.45054626464844,5009400,,
2024-06-06,120.18071452645323,121.82765272973435,119.93878081221756,121.4461669921875,8088500,,
2024-06-07,121.28797789504956,122.23705652297984,121.15771136584422,121.58572387695312,4945600,,
2024-06-10,121.54852678383251,122.52551878112173,120.63664676264584,122.34873962402344,6033700,,
2024-06-11,121.89279346260868,122.98145258595892,120.72039460622872,122.67439270019531,11453200,,
2024-06-12,123.47459755181046,123.48391143131731,121.11118642896112,121.14839935302734,5822000,,
2024-06-13,120.98091867718638,121.07395808540682,119.65032593795337,120.3760986328125,5004200,,
2024-06-14,120.18073143137823,120.84136390243746,119.70617781623352,120.47847747802734,7338500,,
2024-06-17,120.01045460566222,120.6937641332693,119.22417231328676,119.34585571289062,8524000,0.77,
2024-06-18,120.0666108731855,120.49718398616787,118.96206929067817,119.80451202392578,6532400,,
2024-06-20,119.24287660654947,122.08844961887284,118.64380785222215,121.37705993652344,10348400,,
2024-06-21,121.84509620166922,122.80922236066435,120.83416488989302,122.35992431640625,17170800,,
2024-06-24,122.87476029986807,124.7842878224439,122.55649381033192,124.45668029785156,8553800,,
2024-06-25,124.60642629510576,126.0198647526388,124.1196927082443,124.41921997070312,6750600,,
2024-06-26,124.84981306635211,124.89660393739182,123.08068679663539,123.09004211425781,8492100,,
2024-06-27,123.54869672074659,123.82949904903607,118.67189156417761,121.5174789428711,11927600,,
2024-06-28,121.25538670512138,122.593939847661,113.13987713209816,115.88249206542969,57055500,,
2024-07-01,117.36144361508852,120.92778369196304,117.09935188061253,119.72028350830078,11533000,,
2024-07-02,120.0104636401638,120.03854387745832,118.55958948725727,119.55179595947266,5645400,,
2024-07-03,119.52370453069891,119.75771600819407,117.2865553771622,117.80137634277344,4002100,,
2024-07-05,118.43789961538182,118.50342254993238,116.9215096610791,118.3630142211914,6786700,,
2024-07-08,118.69062594362606,119.30841253950855,117.3146372935948,117.73585510253906,5743400,,
2024-07-09,117.23038558803613,118.03538562697835,115.78887405647592,117.9792251586914,6339000,,
2024-07-10,117.82945502768023,119.32713417712182,117.78265701767484,119.15864562988281,4588500,,
2024-07-11,119.44881691960032,120.8622410754969,119.43009200252982,120.72183990478516,7048800,,
2024-07-12,121.12434105427012,121.6204442685659,119.17737089232149,119.5892333984375,7022300,,
2024-07-15,119.81387230255756,120.13212447295884,119.06503274408125,119.92619323730469,6918500,,
2024-07-16,119.69219441127015,120.77800396536215,117.19294637631495,117.4176025390625,8194400,,
2024-07-17,117.44568383496869,118.58766101079526,116.59387861181605,117.83882141113281,7628000,,
2024-07-18,117.28656205552925,117.56737155963476,114.54394709746123,116.3037109375,9501400,,
2024-07-19,117.28655824582748,118.86847101619095,117.17423016295552,117.72649383544922,6848800,,
2024-07-22,117.89497812000623,118.40044376243131,117.03381760689543,117.651611328125,4341800,,
2024-07-23,116.99638074905162,117.58609426535739,116.23818581833144,116.4253921508789,4285400,,
2024-07-24,116.97765683784516,118.10090905715202,116.70620267086225,117.86689758300781,6338500,,
2024-07-25,117.9698648922285,119.67346816273476,117.67033048669323,117.80137634277344,7357100,,
2024-07-26,119.10247417924167,120.49718052218532,117.05253858564349,117.24910736083984,6467000,,
2024-07-29,117.73584892525304,119.80450945045291,116.9308489020487,119.60794067382812,9139500,,
2024-07-30,115.58295663213106,116.01353691060524,106.62499720853937,107.8792953491211,35509400,,
2024-07-31,108.58132116730481,110.3036421441252,105.04306891328021,105.89486694335938,22733000,,
2024-08-01,105.89487461237725,107.14917988543304,104.28488159454207,106.5407485961914,14117500,,
2024-08-02,107.79505346070502,109.79819119322777,107.04621385502051,107.83248901367188,16562300,,
2024-08-05,107.59847228684535,107.75760551578757,104.21934604986681,105.12731170654297,13334000,,
2024-08-06,105.11795041838106,105.84806502907023,103.82620259196514,104.04149627685547,9761900,,
2024-08-07,104.5376043763,105.35196686448019,103.63900118665117,105.2957992553711,9756500,,
2024-08-08,105.69830768130797,106.92453274037084,105.37069302486518,106.63435363769531,8278200,,
2024-08-09,106.50330829880619,107.38319378740523,105.65151018786655,107.22406768798828,5914100,,
2024-08-12,107.37382853556845,107.37382853556845,105.87615646522926,106.22249603271484,6536000,,
2024-08-13,106.30673765494248,107.52360023964971,105.62342097306083,107.07429504394531,9040300,,
2024-08-14,106.39097882965473,106.64370807662844,104.37847874648111,106.31609344482422,11029400,,
2024-08-15,106.86835450599517,107.17725135485553,105.37068255290991,106.0633544921875,9685100,,
2024-08-16,106.34417674972532,106.4471423714748,105.41749329544352,106.40033721923828,10102300,,
2024-08-19,106.39098146668799,107.27085976513345,106.06335968529989,107.10237121582031,6177500,,
2024-08-20,107.42062654977428,107.92609217894478,107.22405777311852,107.77632141113281,5392300,,
2024-08-21,107.4393481330632,109.14295139925838,107.22406157353204,108.60940551757812,8144100,,
2024-08-22,108.86213416962264,109.25527170890862,107.85120294734752,109.09614562988281,8201200,,
2024-08-23,109.33016543270352,109.33952074997443,108.50644045919609,109.14295196533203,8368200,,
2024-08-26,109.26464043562048,110.35981241851883,108.73109456127538,108.83405303955078,6518700,,
2024-08-27,108.83405322542558,109.16167500231599,107.87928955340078,109.04934692382812,5502600,,
2024-08-28,109.14295270572454,110.47213619649287,108.80597560363347,109.89179229736328,5403200,,
2024-08-29,110.38789499299826,110.82783771548868,109.32080322168524,109.94795227050781,7202500,,
2024-08-30,109.77009934348952,111.15545041511764,109.65777840623822,110.8746337890625,8876500,,
2024-09-03,110.6967945205259,111.23969573652884,108.97446628270899,109.12423706054688,7640300,,
2024-09-04,109.19910394471113,109.26462686354583,107.14916140458445,108.39410400390625,7693400,,
2024-09-05,109.15230944658254,112.39102729905227,108.90893552082954,111.00567626953125,12009700,,
2024-09-06,111.48306207282262,112.60632140557075,110.12579841323145,110.30364227294922,8577300,,
2024-09-09,105.91359463766241,109.42376675021333,105.22092267372881,108.02906036376953,14880200,,
2024-09-10,107.84185739637789,108.66557529470651,106.08209351025867,107.95418548583984,12734500,,
2024-09-11,107.58912641866443,108.47836723640218,106.96197018926057,107.37383270263672,7836600,,
2024-09-12,107.14918065338382,108.1226692948548,106.74668061067432,107.8792953491211,8330900,,
2024-09-13,108.66556579499107,109.3020772967024,107.64527918539719,108.45027923583984,6709600,,
2024-09-16,109.11932625783199,111.54105879489167,109.11932625783199,111.15470886230469,7846100,0.77,
2024-09-17,112.10644543322198,112.26663615571563,110.93798488496907,111.4656753540039,7914900,,
2024-09-18,111.3808531830158,112.49277741431885,111.06989686596572,111.79547119140625,11135600,,
2024-09-19,112.04047310662024,112.3231613204138,109.58104754362974,110.4668197631836,9963000,,
2024-09-20,110.50450772657567,110.72124183129955,109.69412908131811,110.4102783203125,21200900,,
2024-09-23,110.43854565884612,111.34316808259108,108.85546720115669,108.95912170410156,6665300,,
2024-09-24,109.1664279583628,109.55277785764508,107.72469724005119,108.32777404785156,9840400,,
2024-09-25,108.64817667214268,109.32663277657306,108.00740658247769,108.1110610961914,7902300,,
2024-09-26,107.3100831034213,107.42316270492235,106.41489295657745,106.56565856933594,11132100,,
2024-09-27,106.6410532837967,107.74355252471901,106.48086256111434,107.13105773925781,11920100,,
2024-09-30,107.05566321991385,107.4325880364959,106.1981590824586,107.008544921875,10936900,,
2024-10-01,107.38547628597708,108.16759406995472,106.58451549518075,108.12047576904297,7715500,,
2024-10-02,107.9414482980949,107.98855941249381,105.51971558928263,105.61394500732422,9041800,,
2024-10-03,105.36894041968164,105.61394265252216,103.49374844226178,103.82355499267578,10280600,,
2024-10-04,103.17334960994904,103.93662433893542,103.079120203316,103.43719482421875,9704700,,
2024-10-07,103.37124227328904,104.57740322374586,101.9389364791591,102.32527923583984,8654800,,
2024-10-08,101.74104253735511,102.47604196392095,101.59026973742223,102.25930786132812,8832400,,
2024-10-09,102.15566100648697,103.93662337554252,101.95776990837605,103.9083480834961,8627800,,
2024-10-10,104.3135434349013,104.43604813556857,102.871812644302,103.08854675292969,6006700,,
2024-10-11,102.8058467122441,103.57853932552752,101.67507948913172,103.39950561523438,8578400,,
2024-10-14,103.1168141957282,103.71989102990267,102.41008285668845,103.36181640625,8130700,,
2024-10-15,103.61623341094214,105.14277564551655,103.55027210885055,105.09565734863281,9109500,,
2024-10-16,104.59623850529643,104.78469732059976,102.73046460112423,104.04969787597656,8729200,,
2024-10-17,103.78584993238388,103.8329682295934,103.18277311216454,103.41835021972656,8541700,,
2024-10-18,103.5597067158036,103.57854972274177,102.29700957364399,102.4289321899414,9523000,,
2024-10-21,102.78700065411743,102.87180495817272,100.05430489198193,100.20507049560547,11444900,,
2024-10-22,99.79988895482943,100.73277228457542,99.61142295588297,100.4877700805664,11576100,,
2024-10-23,100.58200659622227,101.16624045039548,100.07315914695721,100.2427749633789,8271700,,
2024-10-24,99.93181961342782,100.46893517253895,99.18739503338898,99.77162170410156,8295900,,
2024-10-25,100.34643625073535,100.34643625073535,97.86816733324198,97.98124694824219,9625500,,
2024-10-28,98.56546165642968,98.94238647131182,97.93411672531674,98.21681213378906,6968900,,
2024-10-29,98.30163275584952,99.04605741173656,97.71739883636698,97.74567413330078,9296200,,
2024-10-30,97.49123088675036,98.94238675520248,96.963540457947,98.78219604492188,13897200,,
2024-10-31,95.10718412756954,97.27449625554031,92.91160389876092,96.4169921875,17413100,,
2024-11-01,95.90815096583353,96.79392319161371,95.37103544768323,96.00238037109375,10180600,,
2024-11-04,96.11547084941513,96.61489322413802,95.12604400909136,95.99297332763672,9182600,,
2024-11-05,95.51238185662099,95.86103855952882,94.7208390468213,95.78565216064453,6741400,,
2024-11-06,97.22738447631092,97.27450277369283,94.79622699195725,94.91873168945312,9551300,,
2024-11-07,95.58776316183076,95.82334025385875,95.03179748623873,95.33333587646484,8676100,,
2024-11-08,95.62546445179841,97.2745042355482,95.17315323356014,96.98238372802734,9208000,,
2024-11-11,96.61488255656002,97.43469348200286,94.66430438637926,94.91873168945312,10075300,,
2024-11-12,94.94700936949513,94.95642727852726,92.81739008153964,92.89277648925781,12282900,,
2024-11-13,92.82680791003752,93.71257296900458,92.25199917737905,92.8173828125,8869700,,
2024-11-14,93.45814792705708,93.66545692650597,92.2991054252486,92.68545532226562,8704500,,
2024-11-15,92.27084805812889,92.27084805812889,89.02931165539896,90.75373077392578,16464500,,
2024-11-18,90.98929595947266,91.67718424835888,89.91506496857608,90.98929595947266,14139900,,
2024-11-19,91.14950753554874,91.92220024482869,89.76431284213677,90.97046661376953,13093100,,
2024-11-20,91.38507384008427,93.13776088919896,91.0835354329068,91.81853485107422,12136800,,
2024-11-21,92.08237574850551,94.68314888195087,91.35679427225722,94.09891510009766,15670300,,
2024-11-22,94.5418089311268,95.91757841148885,93.2225756574565,93.4581527709961,14031200,,
2024-11-25,94.31565186254315,95.87046228497643,93.76911841057455,95.32392883300781,34659100,,
2024-11-26,95.62546264883302,95.92700105889222,93.9481476043083,95.75738525390625,9324100,,
2024-11-27,95.78566557137202,97.48181664828662,95.77624047288123,97.17086029052734,9802200,,
2024-11-29,96.94469804070441,97.09547085488316,95.67258297535595,95.77623748779297,6081200,,
2024-12-02,95.86104451532823,95.97411693143711,94.66430872372622,94.80565643310547,13703100,,
2024-12-03,94.93758316208708,96.53950476654401,94.8150856429088,95.97412109375,11395600,,
2024-12-04,96.14373997143389,96.20027618373784,95.22028162066549,95.52182006835938,11315000,,
2024-12-05,95.63488189349175,98.13200070597992,95.50295928657475,97.57604217529297,11062700,,
2024-12-06,97.63258256245582,97.95296399604807,96.76566048294869,97.142578125,11470700,,
2024-12-09,96.92586068369758,99.00836177354434,96.42643828879348,97.80220794677734,19162500,,
2024-12-10,97.7833559103339,97.7833559103339,94.92816212958262,95.17316436767578,11359400,,
2024-12-11,94.8904522431181,95.5971835374489,93.53353304668786,93.9952621459961,21613000,,
2024-12-12,95.8233628924936,97.05778484579957,94.34393869260798,95.40874481201172,9554400,,
2024-12-13,95.29565986995551,96.6525864653779,94.73027618494405,96.11547088623047,10118200,,
2024-12-16,96.17246273064318,97.15080859942871,95.03264384884854,95.0421371459961,11701100,0.81,
2024-12-17,94.89016467692628,95.74503246166812,94.37724400608117,95.0421371459961,13975100,,
2024-12-18,95.16562494787945,96.40992810494025,93.34190454414534,93.40839385986328,11993400,,
2024-12-19,93.61735643085473,94.92815606753058,92.91446838817393,94.52921295166016,12110800,,
2024-12-20,93.87381751795334,94.68118977508011,92.99045540804514,93.1329345703125,29289700,,
2024-12-23,94.12077714363093,94.59570287085916,93.27540992890799,94.3867416381836,8460500,,
2024-12-24,94.24426100539509,94.6431968708344,93.84532513995579,94.46272277832031,3713500,,
2024-12-26,94.12077362428174,94.92815312781352,93.95930062229186,94.86166381835938,4760300,,
2024-12-27,94.51021267569226,95.31758490245808,94.26324928683522,94.70018005371094,6173600,,
2024-12-30,94.57670848853877,94.57670848853877,93.34189870610285,93.4368896484375,6848700,,
2024-12-31,93.5603685791971,94.538714421097,93.4938792670328,94.49122619628906,6598200,,
2025-01-02,95.25109772414612,95.31758703261765,93.87381608575379,94.19676208496094,6153300,,
2025-01-03,94.35822603102918,94.74766854813252,93.74082847451378,94.16825866699219,6070300,,
2025-01-06,93.81681412061987,95.29858714606193,93.48436759935714,94.71917724609375,10111100,,
2025-01-07,95.10861993874316,97.8062017359885,95.03263733281395,95.95398712158203,10890900,,
2025-01-08,95.65003122152578,95.71652052836137,93.13293085789952,94.84265899658203,8654700,,
2025-01-10,94.23474830279763,95.37457423142722,93.85480632658775,94.27274322509766,11328500,,
2025-01-13,94.47222213777621,96.0869739130837,94.02579080723116,95.91600036621094,8168100,,
2025-01-14,96.18195605597093,96.40041782263633,94.04479037790993,94.65269470214844,10927400,,
2025-01-15,95.08011821833595,95.76401234646121,94.61469308822484,95.07061767578125,9170300,,
2025-01-16,95.40307589982615,95.84000666947041,94.93764350118663,95.65003204345703,7749600,,
2025-01-17,95.43157693101618,95.43157693101618,93.00945281982422,93.00945281982422,16182000,,
2025-01-21,93.16141885014504,93.34188567244045,90.95776408600642,91.41368865966797,17756100,,
2025-01-22,91.14773976509998,92.13558609386564,90.3783624476192,90.88178253173828,13070900,,
2025-01-23,91.29022198299451,92.28756888830156,90.44485478572301,91.78414154052734,11522800,,
2025-01-24,91.93612217259255,92.2305738013817,90.62532978817256,90.75830841064453,12244800,,
2025-01-27,91.78413220194578,93.67434158266381,91.16673462954473,93.0284423828125,15093400,,
2025-01-28,92.46804272691203,93.92131437266102,91.74615355272591,92.56302642822266,12840900,,
2025-01-29,92.53452186764484,94.17776798211975,92.50602748506402,93.35139465332031,10225500,,
2025-01-30,94.42473865403322,94.42473865403322,93.30391362311764,93.98780059814453,10164700,,
2025-01-31,94.130276090907,95.04213260210591,93.63635653155436,93.86431884765625,11420200,,
2025-02-03,93.20892569938887,95.12762980021571,93.08544761242156,94.78568267822266,13363900,,
2025-02-04,84.53677475031893,86.65494656467342,82.9505246487282,86.18951416015625,50837600,,
2025-02-05,85.85707384475936,86.18952041009929,83.58692940984884,85.17317962646484,21670600,,
2025-02-06,84.92621309487562,85.07818554328335,83.43493951120588,83.63441467285156,19509700,,
2025-02-07,83.1309927061542,84.15683397424974,82.75105793734062,82.90303039550781,15815000,,
2025-02-10,82.82703832412011,83.56792849575726,81.94367624139024,82.0671615600586,21212100,,
2025-02-11,81.74421004126296,82.62757214260358,81.43076458346428,82.20014190673828,20922300,,
2025-02-12,81.75370603035206,82.32361539535587,81.31677527562279,81.37376403808594,14785300,,
2025-02-13,81.2977791900715,81.40226342554021,80.0819705374805,80.18645477294922,20415100,,
2025-02-14,80.18645469523733,80.52840178429605,77.97329915960484,78.84716796875,26779000,,
2025-02-18,77.06144603811232,79.39807975091463,76.9759628855082,79.11312866210938,25897800,,
2025-02-19,79.0656241057822,81.3357682456734,78.69518266014578,81.3072738647461,17435100,,
2025-02-20,81.59224732017051,83.30197571444062,81.59224732017051,83.2829818725586,14851500,,
2025-02-21,83.58692633772696,85.040197874794,82.64657544552911,85.01170349121094,15678900,,
2025-02-24,85.2111737963806,87.24385534555525,84.47029081542051,86.69293975830078,19452300,,
2025-02-25,87.14886946776066,88.39317253301375,85.90456640250756,86.84491729736328,18417300,,
2025-02-26,86.72144063588148,86.78792994777982,84.40380076949656,84.89772033691406,13534200,,
2025-02-27,84.86922380324646,86.40798572836687,84.77424010962474,86.03754425048828,10717500,,
2025-02-28,86.1610149795115,87.71877061179082,86.1610149795115,87.62378692626953,15482100,,
2025-03-03,87.17736153864732,88.53564934931141,87.17736153864732,88.4786605834961,13636100,,
2025-03-04,88.87759535286695,90.57783023125073,87.69028110093339,87.91824340820312,15073000,,
2025-03-05,86.51246046239709,88.7636034657984,85.96154495439883,88.51664733886719,13117100,,
2025-03-06,88.45966028473451,89.33352910016758,87.17736231493318,89.2860336303711,11300200,,
2025-03-07,89.53299329419048,92.48703167188015,89.14355074912054,89.90343475341797,24100900,,
2025-03-10,89.94142511327648,92.13557937530298,89.94142511327648,90.454345703125,20897600,,
2025-03-11,90.21689401512153,90.5968287981328,88.88710053420768,89.97943115234375,21734800,,
2025-03-12,89.35252671928876,89.66597944090444,88.20320732015618,88.66863250732422,11896000,,
2025-03-13,88.71613082410647,91.50868928345893,88.71613082410647,89.96043395996094,16570100,,
2025-03-14,89.55198821018604,90.12189759686733,88.7636098144349,89.82744598388672,12681100,,
2025-03-17,89.72205491915231,91.3028507024891,89.17596262775191,90.81423950195312,12237900,0.81,
2025-03-18,91.23578833172706,91.4082389162462,89.90408212886483,90.74717712402344,8670100,,
2025-03-19,91.25495170200341,91.42740229680825,89.712478967748,90.0765380859375,11355900,,
2025-03-20,90.05738225842472,91.16873218629448,89.75080422821873,90.75676727294922,12970200,,
2025-03-21,90.61305725340905,90.70886151736936,89.16638874659903,89.2047119140625,68435800,,
2025-03-24,89.00352052123309,89.20471166781338,87.71971999763917,88.43826293945312,16950100,,
2025-03-25,88.4382632800875,88.4382632800875,83.42762790646786,84.18449401855469,20640200,,
2025-03-26,84.53896588705258,85.57366942472089,83.64797239229317,84.41442108154297,13808800,,
2025-03-27,84.7880724430184,84.8455535429557,83.71504561800623,83.92581939697266,12931900,,
2025-03-28,84.50065210287302,86.35928562954075,83.9928828963662,85.48745727539062,12393500,,
2025-03-31,85.50660515070817,86.48382027915328,84.66351744559087,85.9952163696289,15003000,,
2025-04-01,85.98564580081623,85.98564580081623,82.977346354208,83.46595764160156,13922100,,
2025-04-02,83.23601304499687,83.41804626543242,81.74144604174845,82.96775817871094,10590800,,
2025-04-03,85.0084211319206,85.17128910656977,82.64201860715971,82.76656341552734,12684100,,
2025-04-04,82.50788470699739,82.65158743253379,77.6792757752821,78.05291748046875,22965700,,
2025-04-07,77.61222508941383,79.71994825742289,75.97394795884914,77.77509307861328,26582000,,
2025-04-08,79.71995252316648,79.77743362610153,74.28776901387585,75.63862609863281,20571600,,
2025-04-09,73.540475797454,78.55111106996574,72.81235024833953,78.47447204589844,22928300,,
2025-04-10,77.22899314956025,77.71760437877474,72.77402561118474,74.2973403930664,19466900,,
2025-04-11,74.60391802835454,76.10806756483763,73.14766696702526,75.85897064208984,16194400,,
2025-04-14,76.66373529520364,76.66373529520364,75.07336411572464,75.8493881225586,15796700,,
2025-04-15,76.21346180259701,76.60626149813189,74.46021517407048,75.10211181640625,16042500,,
2025-04-16,75.1787565833453,75.38953035627746,72.7452901939052,73.25305938720703,16551300,,
2025-04-17,73.66502565449665,75.44701282794658,73.65544303480792,74.72846984863281,21416500,,
2025-04-21,74.805111325985,74.91049820752066,73.76082512969418,74.58475494384766,11010000,,
2025-04-22,74.75720733874459,75.72484722458283,74.40273082813817,75.65778350830078,12918200,,
2025-04-23,75.20749962526436,76.83619414561946,74.72847096523083,75.43743133544922,17935700,,
2025-04-24,74.99672026240704,76.61583935179632,72.84109145272642,76.49128723144531,18471500,,
2025-04-25,76.80744652671973,79.78700510266307,74.7859451826708,79.2696533203125,28378000,,
2025-04-28,79.51874956437526,80.1702287688448,78.94391669205426,79.7007827758789,14241000,,
2025-04-29,80.26603466964752,82.09592751275783,79.2792368786076,81.15702819824219,18802900,,
2025-04-30,81.69354382203925,82.23006088743789,80.27562309277914,81.62648010253906,13825100,,
2025-05-01,80.96541666334464,81.03248037550281,79.68161620423585,79.7678451538086,10036400,,
2025-05-02,80.65884010008871,81.15702664088217,79.47084387849505,79.69120025634766,11755600,,
2025-05-05,79.73911232863829,80.07443092189975,78.47447698448282,79.36546325683594,8688000,,
2025-05-06,79.01098254476554,79.02056516389271,75.00630294902365,75.72484588623047,16991100,,
2025-05-07,76.28052707702491,76.54878195932716,75.4565971902981,75.80149841308594,12216900,,
2025-05-08,75.20748985457578,75.49490993701423,73.70334034986011,74.39314270019531,15059100,,
2025-05-09,74.69014711524795,75.15959315117529,72.63990505372365,72.78361511230469,15614500,,
2025-05-12,72.73570139314755,77.8613059881519,72.64947975303735,77.0565414428711,21761100,,
2025-05-13,73.72250209837034,75.25539953829066,73.34886035747387,73.41592407226562,23353200,,
2025-05-14,74.21112022743667,74.21112022743667,70.24476344873769,70.38847351074219,23721800,,
2025-05-15,70.67586899804058,71.67224925842332,70.23516360949745,71.66267395019531,15274800,,
2025-05-16,71.84470637326783,72.97521414578077,71.25071559561617,72.86982727050781,15021800,,
2025-05-19,72.77402406544947,74.0099187310963,72.51535183747518,73.99076080322266,11682600,,
2025-05-20,74.29734760193094,75.85897839189442,74.17279547313447,74.6997299194336,13262400,,
2025-05-21,74.50810231747585,74.8242629353813,73.64585671867344,73.7512435913086,11879500,,
2025-05-22,73.50215298818891,75.0733662848585,73.46382982127054,74.5751724243164,11800000,,
2025-05-23,74.29734740182984,74.63266599884562,73.84705929609555,74.32608795166016,10902200,,
2025-05-27,74.74762010395325,74.9200706936582,73.81831075268391,74.33565521240234,11884500,,
2025-05-28,74.18236616497246,74.46020361840185,72.4195371903092,72.97521209716797,12293200,,
2025-05-29,72.51535971971218,73.77041244965373,72.51535971971218,73.1955795288086,10785200,,
2025-05-30,73.71293041220159,74.30692125544275,72.4195472200152,73.61711883544922,20641500,,
2025-06-02,73.78956548343642,73.78956548343642,72.23751743107759,73.05186462402344,11271800,,
2025-06-03,72.81234873988393,73.95243917100215,72.27583903554431,73.90453338623047,18139200,,
2025-06-04,74.2207029870775,75.82065698389155,74.08657554479353,74.98714447021484,13009300,,
2025-06-05,75.1212688389288,75.2553962626742,74.0099189742996,74.3644027709961,13983700,,
2025-06-06,75.0158868939731,76.15597007076784,74.92965793909798,75.65778350830078,9863100,,
2025-06-09,76.27094807128329,77.03739689366346,75.37037180139625,76.00269317626953,18305800,,
2025-06-10,76.01226059665527,78.44572694929488,76.0026852866828,77.93795776367188,13254100,,
2025-06-11,77.93795439610793,78.25411503706424,76.62542066569591,76.95115661621094,11803300,,
2025-06-12,76.8266064509166,78.6660744546721,76.71163695965835,78.38823699951172,13169200,,
2025-06-13,78.22537870421039,78.98224483573414,78.03376286176305,78.2828598022461,14550500,,
2025-06-16,78.26350574614877,78.71830229024287,77.13135735930686,78.3409194946289,12569400,0.81,
2025-06-17,77.68291126319912,78.08932233675407,75.66052707628457,75.74761199951172,14040600,,
2025-06-18,75.52505400569909,77.71193677965849,74.6057824589178,76.72493743896484,23803400,,
2025-06-20,76.68622852266508,77.33455196359262,76.05725482482747,76.50237274169922,34052300,,
2025-06-23,76.67655210785783,77.62485196259762,76.43463970826488,77.5667953491211,18553800,,
2025-06-24,77.77000408729072,78.82473864939064,76.5314063489085,77.72161865234375,15906400,,
2025-06-25,77.06361543029887,77.52809049794674,76.59914774523175,77.09264373779297,12753200,,
2025-06-26,77.25714412942008,77.65388402759241,75.83470535233869,76.27982330322266,13760100,,
2025-06-27,76.50236979288802,76.96684481752669,75.61213399345897,76.54107666015625,60202500,,
2025-06-30,76.68623653820576,76.82170690173616,75.844378665483,76.59915161132812,13895200,,
2025-07-01,76.40561402782713,80.38265460444497,76.05725956983281,79.16341400146484,21800800,,
2025-07-02,79.405313793056,80.13105090147194,79.24081515363417,79.72463989257812,16052700,,
2025-07-03,79.87948480279442,79.92786285770948,78.0893269715682,78.3118896484375,7734500,,
2025-07-07,78.33123785621149,78.90215500061942,77.55712254953538,78.2828598022461,15777400,,
2025-07-08,78.32156598976457,79.71497648262364,77.7409702866105,78.73765563964844,12752900,,
2025-07-09,79.71497728993229,81.74704750638914,79.24083101796354,81.001953125,18394600,,
2025-07-10,80.93421383098381,82.25021790812018,80.4794173272201,81.30191802978516,14725600,,
2025-07-11,81.30192161237937,81.40836366614558,79.59886351728241,80.66327667236328,9717400,,
2025-07-14,80.73101534400391,81.57287324675741,80.42136773309136,80.96324920654297,10368700,,
2025-07-15,81.06969538656064,81.63093401693014,78.66992812562764,78.88280487060547,10827000,,
2025-07-16,78.82473775017522,79.9665646056378,78.82473775017522,79.76335906982422,11517800,,
2025-07-17,79.32793025509284,79.98593238455803,78.70862761920051,78.88280487060547,8984800,,
2025-07-18,79.05698431200386,79.26986844546065,77.27651225505976,77.37327575683594,11823600,,
2025-07-21,77.56680134110934,77.71194288601275,76.39593873996016,76.74429321289062,11620800,,
2025-07-22,77.28617102643322,79.12469923706553,77.28617102643322,78.96987915039062,10571000,,
2025-07-23,79.94721010593639,81.41803420353756,79.74400458221007,81.26321411132812,11542100,,
2025-07-24,81.47610012533885,81.77607654637642,80.81809804745492,81.3890151977539,8016700,,
2025-07-25,81.43739401147971,82.46310022671447,81.12773905170106,81.96959686279297,10058800,,
2025-07-28,81.73736948929168,82.2211943283356,81.15678115895523,81.34062957763672,12882000,,
2025-07-29,77.26682150056547,80.2084772624968,74.18002420015823,79.9568862915039,27826400,,
2025-07-30,80.22783138175475,80.876154837912,78.88279165412779,79.10535430908203,13055200,,
2025-07-31,78.18608989511687,78.85376309266063,75.33151917250979,75.59278869628906,19813300,,
2025-08-01,75.49601831641881,77.28617597709483,75.02187208096858,76.72493743896484,11900300,,
2025-08-04,76.50237426178214,77.40228867624187,75.89275767750188,77.27649688720703,13380700,,
2025-08-05,77.31520690969512,78.50541182029104,76.99588075999151,78.1764144897461,9984300,,
2025-08-06,77.69258735429916,78.68926526216886,76.70558062698196,76.87008666992188,13028700,,
2025-08-07,77.0732953500186,78.20544365769696,76.1056457094222,77.77000427246094,10830100,,
2025-08-08,77.51840474805425,78.54411089151922,77.51840474805425,78.07964324951172,6882900,,
2025-08-11,78.34090866224487,78.99891066817982,77.05393295639587,77.44099426269531,8210700,,
2025-08-12,77.86676917788985,78.32156569846454,77.0926464982843,77.7022705078125,7852700,,
2025-08-13,78.1377093275368,80.1600935547283,77.60549906639116,80.0343017578125,11043800,,
2025-08-14,79.35694257766687,80.70197487706967,78.96020271395368,80.08267974853516,10217600,,
2025-08-15,81.01163253169194,81.9986319586726,80.66327805567965,81.48577880859375,10481400,,
2025-08-18,81.53416738492123,82.39537504417041,81.35999014020896,81.4954605102539,8273600,,
2025-08-19,81.65026963161489,83.02433765824318,81.65026963161489,82.18247985839844,14307700,,
2025-08-20,82.550192895454,83.4597859687276,81.81478444469533,81.92122650146484,8904700,,
2025-08-21,82.13408896839046,84.49515617020968,81.8631482827876,83.29527282714844,13889000,,
2025-08-22,84.66934037481222,84.99833769662995,83.95328173476496,84.54354858398438,11977400,,
2025-08-25,84.3887218992138,84.56289912493008,82.201831705794,82.55018615722656,9417700,,
2025-08-26,82.79209954165528,82.82112784918853,81.93089196612532,82.24053955078125,14062700,,
2025-08-27,82.31795327456281,82.71469316431237,81.16644785879102,81.35030364990234,10588100,,
2025-08-28,81.52448397519974,81.52448397519974,79.97624599343322,80.51812744140625,14485300,,
2025-08-29,80.72132253575566,81.51479486011455,80.5858521912978,81.398681640625,10872900,,
2025-09-02,81.76639884648701,82.73404853697798,81.61157135236945,82.7146987915039,11642700,,
2025-09-03,82.60824668705706,83.03400747893129,81.35029928939417,81.45674133300781,12714400,,
2025-09-04,81.47609704586021,81.6793099677068,80.3149204264618,81.3309555053711,12554800,,
2025-09-05,81.07936100117108,82.51147827724445,80.55682933041547,81.96959686279297,13231100,,
2025-09-08,81.43740198985184,81.59222210232822,80.14074755777833,81.36965942382812,13111200,,
2025-09-09,81.45675121924357,82.05669668491821,81.40836578169935,81.87284088134766,9767500,,
2025-09-10,81.54384123385849,81.83413911206809,80.83746105017376,81.31160736083984,13073300,,
2025-09-11,81.61156923428764,82.78243182606559,81.28257189169825,82.39537048339844,9667200,,
2025-09-12,81.88250846384479,82.42438985527664,80.121386559111,80.13105773925781,9939500,,
2025-09-15,80.23856163720222,80.86397425554782,79.07568155519722,79.17340087890625,10229800,0.81,
2025-09-16,79.16362742187455,79.62291640523982,78.70433843850927,79.2417984008789,10065900,,
2025-09-17,79.13431525364516,80.37536626077484,78.95841749734662,79.29066467285156,12642100,,
2025-09-18,79.36884369028421,79.82813269372637,78.97795895615216,79.6717758178711,10458900,,
2025-09-19,79.94539490481549,80.52195157964287,79.1538587035421,79.65223693847656,25627800,,
2025-09-22,79.89653905798329,80.07243682017956,78.43072685818312,78.56753540039062,11986400,,
2025-09-23,78.26459235111895,79.26134877802352,77.85416674263169,78.13755798339844,13145300,,
2025-09-24,78.07893290852161,78.28414572597168,77.5219245595838,77.85417175292969,11804200,,
2025-09-25,77.96165849148038,78.05937780720342,75.81180372354993,75.83134460449219,14923800,,
2025-09-26,76.96491631900462,77.16035496765895,75.91930389214025,76.76947021484375,12205400,,
2025-09-29,76.80855760583009,77.00400370533475,76.25154926937795,76.78901672363281,12739000,,
2025-09-30,76.6326559679311,82.08547885245108,76.6131150867222,82.01707458496094,21636600,,
2025-10-01,83.24836434547959,88.68163925160657,83.24836434547959,88.07576751708984,33460900,,
2025-10-02,87.89986854718374,88.92594006863983,86.20930265283053,87.46990203857422,14575400,,
2025-10-03,87.5871625550635,88.63277496247505,86.09203529970465,87.15719604492188,12970600,,
2025-10-06,86.80539995091243,88.25166380779054,86.53178286747638,86.77608489990234,11648300,,
2025-10-07,86.64904318918536,86.91289355964727,85.15391594158916,85.61320495605469,9449100,,
2025-10-08,85.92591341796175,85.92591341796175,84.2353400283935,84.4307861328125,9696200,,
2025-10-09,84.97801353056249,85.79887219258185,84.66530724396131,85.50570678710938,10938200,,
2025-10-10,85.9356810820413,86.22883903321897,83.96171658211732,84.03012084960938,11230700,,
2025-10-13,83.70765285438473,84.48941489311207,83.29721976938345,83.74673461914062,6553900,,
2025-10-14,83.43402543110328,83.72719084519291,82.23206363544938,82.76952362060547,9675000,,
2025-10-15,82.27115634641649,82.75976042030089,81.70437383138903,82.19297790527344,9168700,,
2025-10-16,82.48613866383995,83.5512919059868,81.694595039197,82.0073013305664,11709100,,
2025-10-17,81.38188896957321,82.95519459917352,81.26462876968147,82.85747528076172,10758900,,
2025-10-20,83.3069952983591,85.01710957134594,83.0920083111597,84.35260772705078,8611800,,
2025-10-21,84.978017272214,85.67183414317515,84.26465951926373,85.62297821044922,9852400,,
2025-10-22,85.68160922700659,86.76631084889137,85.02688156853745,85.61320495605469,10926300,,
2025-10-23,85.56433718022723,86.10180460693961,84.92915789202931,85.19300079345703,7687500,,
2025-10-24,85.3395917309383,86.05294952376225,85.12460473950969,85.49594116210938,7902100,,
2025-10-27,85.51548620123503,86.28748152453045,85.04642301480635,85.99431610107422,7226600,,
2025-10-28,86.10181146652639,86.10181146652639,84.948705540946,85.04642486572266,8345900,,
2025-10-29,84.96823639890209,85.83795096116415,84.1082960046165,84.60667419433594,10921900,,
2025-10-30,82.69135312043525,85.31027115878425,81.4014387108309,84.31351470947266,16678800,,
2025-10-31,83.47311362208151,84.48941093476915,82.6327140645803,84.02035522460938,12385000,,
2025-11-03,83.81514309546652,84.13762358717878,80.46331870876192,80.60990142822266,13875800,,
2025-11-04,80.81511201640814,83.02360455010307,80.14084345436252,81.94867706298828,12846100,,
2025-11-05,82.11480296610179,83.43403253074987,81.02033456544882,82.46659851074219,9440200,,
2025-11-06,82.55454691668233,84.20602360291899,82.42750508700583,83.82491302490234,10601400,,
2025-11-07,83.991034243195,84.61644683842705,83.29721737834404,84.31351470947266,9214300,,
2025-11-10,84.71417415891949,85.37867597756593,83.84445953009629,84.7728042602539,8319600,,
2025-11-11,85.35912746773256,88.9943428532508,85.27118231590853,88.8770751953125,15436000,,
2025-11-12,89.32660274317234,90.79241500383084,89.08230069972926,89.36568450927734,13218900,,
2025-11-13,89.2288783452016,92.11164700814919,88.82822686011474,90.81195831298828,16086100,,
2025-11-14,90.09858638443126,92.9129505635031,89.40476950848128,90.80217742919922,19632000,,
2025-11-17,91.10511521627599,92.59046826045369,90.56764777451416,90.74354553222656,14345800,,
2025-11-18,91.96505523209873,95.43414698230234,90.01063902477415,94.232177734375,28153500,,
2025-11-19,93.811981223262,94.92599790384773,91.9455101015311,92.88363647460938,14641300,,
2025-11-20,92.80545806884766,93.81198125821624,91.75984565929404,92.80545806884766,12554200,,
2025-11-21,93.30383465832057,97.98465499630338,93.1865669998374,95.53186798095703,23183300,,
2025-11-24,96.86086916585643,100.02702130956241,96.86086916585643,98.1116943359375,28320900,,
2025-11-25,98.43418663413324,103.42771374645028,98.41463829477776,103.25182342529297,22225500,,
2025-11-26,102.21596235564505,103.33975312422001,101.82507763759646,102.24527740478516,12624000,,
2025-11-28,102.45049394695296,103.00750972298734,101.74691037536954,102.44072723388672,6154500,,
2025-12-01,102.33323265910177,103.27135153342091,99.39183421257111,99.50910186767578,14178300,,
2025-12-02,99.21593711844544,99.47978748031167,98.02374204454586,98.72733306884766,11795000,,
2025-12-03,99.57750942057663,100.7403820194886,99.20616556158251,99.93907165527344,12541600,,
2025-12-04,99.77295137120343,100.26155544986311,98.24850903154736,98.59053039550781,12770700,,
2025-12-05,99.08889917672911,99.7631676711181,96.92927025003638,97.44718933105469,16430400,,
2025-12-08,97.11494209602884,97.39833335078424,95.58072561718514,96.67520141601562,12902600,,
2025-12-09,97.05631005758246,97.57422916764725,93.87060950286474,94.68169403076172,16283900,,
2025-12-10,95.81525746064209,95.93251766145279,94.27126686891434,95.39505767822266,18077700,,
2025-12-11,96.19637148139024,96.88041419572302,95.35597188634915,96.75337982177734,11808200,,
2025-12-12,96.70451429802672,98.365772569103,96.07910170001168,98.01397705078125,11810800,,
2025-12-15,98.54617325319415,99.48246005886712,96.58491034244079,98.8122787475586,16735900,0.85,
2025-12-16,98.8516992417888,98.89111503612781,95.39238054835222,96.85100555419922,16663600,,
2025-12-17,96.76231864590903,98.69401609312767,96.64404869309723,97.74787902832031,13180600,,
2025-12-18,97.83657491082697,99.90625770933192,97.43249906793079,99.23607635498047,14312800,,
2025-12-19,99.14736472853895,100.72425970552642,98.66444228666774,99.63028717041016,44980200,,
2025-12-22,99.17693248620952,103.43455277606276,98.95025782293973,103.20787811279297,17136200,,
2025-12-23,103.05018973851938,103.86820664910292,102.82351506450107,103.52326202392578,13587500,,
2025-12-24,103.8484957498747,105.40567537271811,103.75979140926114,104.91289520263672,5335000,,
2025-12-26,104.91289195530771,105.50423415648473,104.49895842986655,105.23812866210938,6280700,,
2025-12-29,105.30711899943958,106.03643153301142,104.89318546843084,105.0804443359375,8086900,,
2025-12-30,105.18885744257679,105.33668547685303,104.11459277172168,104.52852630615234,6497900,,
2025-12-31,104.41026310805307,104.56794884986,103.47397628891915,103.74008178710938,7557300,,
2026-01-02,104.00618149430184,105.08044617507818,102.9220666239685,104.91289520263672,9992400,,
2026-01-05,105.46481197198604,106.8741635306679,104.27228488682884,105.88860321044922,15863300,,
2026-01-06,106.12513914740683,108.57918232181594,106.12513914740683,107.29795837402344,14479000,,
2026-01-07,107.92871625170784,109.85055593039503,106.39123698952932,107.03185272216797,16322300,,
2026-01-08,109.01283412325219,111.26976829348051,107.67247140626743,109.38734436035156,20278800,,
2026-01-09,109.26907727371102,110.85583001787157,108.6284615507942,108.9339828491211,11040800,,
2026-01-12,109.36763083710042,109.85055329259478,107.2092513119195,107.61333465576172,10671900,,
2026-01-13,107.47535563814463,107.73159590686699,105.67177845238601,106.69676208496094,9338600,,
2026-01-14,107.39651465987542,109.62388320017156,106.39123887228854,109.40705871582031,11964600,,
2026-01-15,109.02268539644022,109.96882240212355,106.88401378563911,109.36763000488281,11775800,,
2026-01-16,109.12124579754939,109.13110350667216,106.86431163908819,107.25853729248047,14852100,,
2026-01-20,106.54892826274715,108.0568343700179,105.3859667683768,107.86957550048828,15241100,,
2026-01-21,107.61333359781771,110.35319008054414,107.15997675355342,109.50560760498047,12844400,,
2026-01-22,109.18037250727937,109.7125759895073,107.02199297144867,107.60347747802734,9362600,,
2026-01-23,107.51476824486352,107.51476824486352,105.66191760972231,106.61791229248047,10489500,,
2026-01-26,106.24340776915818,106.8544503682814,105.51408770296209,105.84918212890625,9903200,,
2026-01-27,105.94773790427767,106.78546270014016,105.29726446233323,106.3616714477539,7907100,,
2026-01-28,105.3071185125236,106.37152546096323,104.49895935224059,105.35639953613281,7491700,,
2026-01-29,105.78019371269596,108.34264910776955,105.55351152471555,106.77560424804688,13572800,,
2026-01-30,107.02199271839324,108.94383987509906,106.39123470818386,108.677734375,19060600,,
2026-02-02,108.529907705249,112.24546689082844,108.36235673228326,111.73297882080078,18000100,,
2026-02-03,110.0575202221012,116.74947576362598,109.83084555701943,114.16730499267578,25793600,,
2026-02-04,115.21200914420105,118.65161274168128,114.81778349102984,116.6213607788086,21954600,,
2026-02-05,116.60164183444715,120.66215315662832,116.60164183444715,118.0208511352539,24010600,,
2026-02-06,119.01626876539304,120.88883491526408,118.70088975735793,120.16937255859375,13083300,,
2026-02-09,119.65688861600101,120.12009567562652,115.29085585843262,115.95117950439453,16158700,,
2026-02-10,115.99060040479665,116.47352287260773,114.42355553279715,115.4583969116211,11849500,,
2026-02-11,115.34997778967295,117.63647737252214,114.63051546610845,117.58719635009766,10885300,,
2026-02-12,117.29153670015239,119.85399204822163,116.41438861007363,117.5182113647461,13453300,,
2026-02-13,119.74558006019058,121.54915726818115,119.28236550214866,119.6568832397461,10102300,,
2026-02-17,120.59316111949364,121.3027657515742,119.05568942947146,119.81456756591797,9899800,,
2026-02-18,119.49919118762942,120.05110257170365,118.65160869395619,119.90327453613281,7803400,,
2026-02-19,119.6470231036845,120.82969246765546,118.76001732109208,120.10037994384766,8933300,,
2026-02-20,120.86912388333248,120.92825509972563,118.85857981444691,120.49461364746094,9442500,,
2026-02-23,120.54388337782994,122.39674163853701,119.745581904619,122.0320816040039,9661100,,
2026-02-24,121.62800722329611,123.03735131484468,120.85926382895761,122.14049530029297,8460300,,
2026-02-25,122.21934059899417,123.33302108292563,120.49460999368961,120.69171905517578,11082500,,
2026-02-26,120.63259005566138,120.73114458821415,117.28168331426518,117.57735443115234,10327300,,
2026-02-27,117.95186237768111,122.20948276685397,117.95186237768111,122.0320816040039,17636400,,
2026-03-02,121.72655842829873,121.91380977786885,119.2922232108298,119.6568832397461,11564500,,
2026-03-03,117.94200765932317,119.22323914786305,116.89731607340009,118.09970092773438,9334100,,
2026-03-04,117.70547283862751,119.12468214802543,116.15814339072014,118.54319763183594,6700900,,
2026-03-05,117.39009393032391,117.80402747285108,112.79737908851801,114.39398956298828,14516000,,
2026-03-06,113.49713404630998,114.67980346415247,112.17647926113138,114.11803436279297,12809300,,
2026-03-09,113.31972745285235,115.56680375063868,112.46228727849561,115.4189682006836,8321600,,
2026-03-10,115.54708939652973,117.28167765888546,114.98532031691597,115.39925384521484,9739300,,
2026-03-11,115.0740283622925,115.26127971537672,113.62525344734834,114.53196716308594,6760700,,
2026-03-12,113.8026486706916,114.91632909911542,112.64954492808972,114.23629760742188,8349200,,
2026-03-13,115.23170965183071,116.18770435570056,113.8617814223353,113.94062805175781,7111000,,
2026-03-16,114.51648124163657,115.23134173151435,113.40448276842358,114.60584259033203,8785300,0.85,
2026-03-17,114.95334799731634,115.96606960145509,113.56334225972854,115.04270935058594,7952200,,
2026-03-18,114.2384867493478,114.73491682571371,112.54069679716702,113.68248748779297,6736300,,
2026-03-19,113.84135063967476,114.93349531084145,112.9378442497145,113.38462829589844,8383800,,
2026-03-20,113.43426888744546,114.35762910348673,111.91519411345661,113.3647689819336,36355400,,
2026-03-23,115.34055664274894,115.6384177043799,113.95055098000685,114.85405731201172,9096400,,
2026-03-24,113.88105658059976,115.70792320206517,113.20591137319848,115.53913879394531,7411900,,
2026-03-25,116.46249530518288,119.2623605453753,115.9660652443337,118.51771545410156,10220300,,
2026-03-26,118.11064091534625,119.20278555038522,117.8028566970419,118.08085632324219,6497200,,
2026-03-27,118.43828720586941,120.20557704601073,117.75321128415914,118.7758560180664,8345800,,
2026-03-30,119.70914832116357,120.77150838167215,116.38306832423837,117.25678253173828,11084000,,
2026-03-31,118.18013884248576,120.4041433897596,117.92199309037134,119.43114471435547,10713300,,
2026-04-01,120.01693394349559,121.3175859097826,119.41128863722896,119.97721862792969,6351700,,
2026-04-02,119.51058132882778,120.78144113379113,118.36879061892661,120.00701141357422,6387900,,
2026-04-06,119.55029116660226,120.61265119628362,119.1829301937511,119.98714447021484,4890200,,
2026-04-07,118.7063519739413,118.7063519739413,115.6682024703683,118.42835235595703,11376400,,
2026-04-08,118.74607304757502,122.74729826106507,117.09792912889351,122.3005142211914,9256900,,
2026-04-09,122.02251522510208,123.11465988653049,120.4835789465517,121.80408477783203,8666300,,
2026-04-10,122.08208323904753,122.13172927655856,120.08643221486874,120.5530776977539,9707000,,
2026-04-13,120.16585895286461,120.43393542686654,118.20992330706109,119.29214477539062,6357300,,
2026-04-14,118.18014014169076,119.50064593346337,117.30642595367274,119.10350036621094,12449400,,
2026-04-15,118.94464806543633,119.39143209945728,115.80720638012433,117.05821228027344,7689400,,
2026-04-16,116.29370231743515,117.00856281083617,113.89098266177622,114.63562774658203,11399900,,
2026-04-17,114.73491505880799,118.34892535310267,114.73491505880799,118.21985626220703,16194900,,
2026-04-20,118.29929001041107,118.50778973578083,115.9164241027366,116.26392364501953,7392000,,
2026-04-21,115.65827296208042,115.69798827576946,111.11097938104838,111.75633239746094,12769500,,
2026-04-22,111.80597712794946,112.69955273821624,110.74361711766603,112.08397674560547,8037500,,
2026-04-23,112.56055297989926,114.19876609538179,112.2924765092382,113.80162811279297,6826300,,
2026-04-24,112.92791035466358,113.21584070464185,110.70390575904736,111.1010513305664,7060000,,
2026-04-27,110.42590733493114,111.94498215574443,109.35361655261993,109.44297790527344,9133600,,
2026-04-28,110.72375951247204,111.11098193611417,108.92668508251728,109.24440002441406,7157600,,
2026-04-29,107.77497101332884,110.43583648625113,107.12961040862378,110.15782928466797,9769900,,
2026-04-30,108.55932059730206,111.43861642613733,107.85439082945325,108.40046691894531,17131200,,
2026-05-01,111.52798393366345,113.72220398501874,111.08119231533671,111.35919952392578,11953700,,
2026-05-04,110.61455468882706,113.80163491150948,109.95926334354859,112.30241394042969,7659100,,
2026-05-05,112.85840887228717,113.25555443826215,112.02441000116919,112.34212493896484,7910400,,
2026-05-06,112.34212257942326,113.67255148633632,111.93504629974535,112.74919128417969,7256100,,
2026-05-07,112.6995593525094,112.93784367092486,110.30676272096949,111.49819946289062,7329000,,
2026-05-08,111.57762273934215,112.20312949193516,110.38619356999095,110.58476257324219,5725100,,
2026-05-11,111.34926466958817,112.86833945070408,110.21740473170094,110.4854736328125,7750600,,
2026-05-12,110.70390457696445,112.87827068724926,110.59468935658985,111.56769561767578,9117400,,
2026-05-13,111.44854739888412,113.2555524969204,111.24004768467857,112.63997650146484,8110500,,
2026-05-14,112.81869600216656,113.08677248434866,111.7662666682177,112.60027313232422,5284200,,
2026-05-15,113.08677443377037,113.11655902676586,110.1479092511051,110.58476257324219,10028900,,
2026-05-18,110.63440319170151,112.08397805420431,110.17768844665993,111.75633239746094,8047200,,
2026-05-19,111.75633397062185,114.27819961346351,111.3294038111069,113.4243392944336,7555400,,
2026-05-20,113.81155850708873,114.1292734583438,112.09391465574551,112.19319915771484,9130600,,
2026-05-21,111.98469343970913,115.15191963505553,111.28968681326403,115.05262756347656,7402700,,
2026-05-22,119.68929031577404,121.78422577181381,119.22264484808915,121.5360107421875,14749200,,
2026-05-26,122.02251471602898,122.25086831000635,118.55743489175369,118.86521911621094,10008700,,
2026-05-27,118.96450080635545,121.52608176690157,118.92478549205376,119.38150024414062,7162300,,
2026-05-28,119.40136519832296,120.63250967817561,118.50778953757433,119.03400421142578,9258900,,
2026-05-29,118.79572048773063,119.80843452502992,117.34614555300868,117.87236022949219,16596000,,
2026-06-01,116.71071403893946,117.11778276279318,113.54348772624803,114.34770202636719,9406700,,
2026-06-02,113.6824890785532,115.94620904647051,113.6824890785532,114.82427978515625,8311500,,
2026-06-03,114.62570286198597,116.49228481757457,113.88105773925781,113.88105773925781,8225100,,
2026-06-04,116.32349471640346,119.68928990046348,116.25398723642459,119.40135955810547,15933900,,
2026-06-05,120.07650468989684,122.57850884585251,119.50064400541795,119.92757415771484,15967200,,
2026-06-08,119.98714704660472,121.7246523009099,117.84257307167879,118.66664123535156,12312200,,
2026-06-09,119.17300102369308,119.63964650003754,117.15749615771311,118.7460708618164,9669100,,
2026-06-10,118.92478385292615,119.18292960486828,116.42277968577825,118.23970794677734,10302100,,
2026-06-11,119.18292851029597,121.83386318594597,119.09356716143911,119.89778900146484,13180300,,
2026-06-12,120.63250892937135,121.02965450667465,117.98157413137382,118.20000457763672,10926900,,
2026-06-15,118.70999908447266,118.94999694824219,114.87000274658203,114.9000015258789,15395700,0.85,
2026-06-16,115.87999725341797,115.9000015258789,113.56999969482422,115.16999816894531,10665400,,
2026-06-17,114.86000061035156,115.98999786376953,114.0199966430664,115.44000244140625,10459900,,
2026-06-18,114.63999938964844,114.94000244140625,111.56999969482422,113.87000274658203,29521600,,
2026-06-22,113.97000122070312,115.62999725341797,113.0,115.4800033569336,10521200,,
2026-06-23,116.52999877929688,119.80000305175781,116.52999877929688,119.5999984741211,10469300,,
2026-06-24,120.9000015258789,121.80999755859375,119.51000213623047,120.5999984741211,10478100,,
2026-06-25,121.62999725341797,125.95999908447266,121.0,125.44999694824219,14043800,,
2026-06-26,125.83000183105469,128.77999877929688,125.83000183105469,128.66000366210938,18891500,,
2026-06-29,127.6500015258789,129.97000122070312,126.73999786376953,129.3800048828125,9584600,,
2026-06-30,129.22000122070312,130.2899932861328,126.68000030517578,128.5,11837200,,
2026-07-01,128.00999450683594,128.4199981689453,124.70999908447266,125.37000274658203,10761500,,
2026-07-02,126.18000030517578,129.61000061035156,125.98999786376953,129.55999755859375,7832200,,
2026-07-06,129.30999755859375,130.0,125.62000274658203,126.77999877929688,9499300,,
2026-07-07,128.77000427246094,129.69000244140625,127.88999938964844,128.86000061035156,10174300,,
2026-07-08,128.33999633789062,128.99000549316406,125.13999938964844,125.98999786376953,7910200,,
2026-07-09,125.4800033569336,128.07000732421875,124.44999694824219,125.06999969482422,6975500,,
2026-07-10,125.12000274658203,125.55999755859375,122.9000015258789,123.54000091552734,8388400,,
2026-07-13,123.58000183105469,124.73999786376953,122.44000244140625,124.02999877929688,5225800,,
2026-07-14,123.30000305175781,123.66000366210938,120.16000366210938,120.77999877929688,9932900,,
2026-07-15,124.25,124.9000015258789,122.75,123.61000061035156,9053800,,
2026-07-16,124.33000183105469,128.92999267578125,124.0,127.62999725341797,13038800,,
2026-07-17,128.4499969482422,131.74000549316406,127.02999877929688,127.5,13472700,,
2026-07-20,127.29000091552734,127.88999938964844,124.22000122070312,124.4000015258789,7729000,,
2026-07-21,124.80000305175781,126.7699966430664,124.0999984741211,126.26000213623047,7344800,,
2026-07-22,127.31999969482422,128.8300018310547,126.62000274658203,127.47000122070312,7792400,,
2026-07-23,127.81999969482422,131.0399932861328,127.81999969482422,130.47999572753906,8531300,,
2026-07-24,131.44000244140625,131.7100067138672,130.24000549316406,131.07000732421875,6154400,,
2026-07-27,131.00999450683594,132.52999877929688,130.4499969482422,130.75999450683594,6909800,,
2026-07-28,132.8800048828125,135.0500030517578,131.13999938964844,131.82000732421875,10260200,,
2026-07-29,132.3699951171875,132.69000244140625,129.64999389648438,130.36000061035156,7537700,,
2026-07-30,128.1999969482422,130.2100067138672,127.25,129.7899932861328,7832900,,
2026-07-31,128.9199981689453,131.0399932861328,128.13999938964844,130.1999969482422,7738800,,
2026-08-03,129.8699951171875,131.47000122070312,126.72000122070312,127.7699966430664,11153800,,
2026-08-04,128.4600067138672,129.99000549316406,126.22000122070312,128.0,11816900,,
2026-08-05,129.41000366210938,131.08999633789062,127.55999755859375,128.3300018310547,10501900,,
2026-08-06,130.9600067138672,131.0800018310547,127.80000305175781,128.3699951171875,7051700,,
2026-08-07,127.83999633789062,128.75,126.68000030517578,128.5800018310547,7347500,,
2026-08-10,128.2899932861328,130.97999572753906,128.24000549316406,130.9199981689453,6007600,,
2026-08-11,129.92999267578125,132.83999633789062,129.6999969482422,130.4199981689453,6342200,,
2026-08-12,130.25,134.05999755859375,128.91000366210938,132.9199981689453,10447100,,
2026-08-13,133.86000061035156,135.67999267578125,133.05999755859375,135.5500030517578,8895200,,
2026-08-14,134.42999267578125,135.97000122070312,133.39999389648438,135.83999633789062,6869000,,
2026-08-17,134.9499969482422,137.1699981689453,134.5500030517578,135.97000122070312,8477300,,
2026-08-18,137.24000549316406,137.97999572753906,134.8800048828125,135.1699981689453,10284200,,
2026-08-19,146.94000244140625,153.5,144.89999389648438,152.1999969482422,32776300,,
2026-08-20,150.77999877929688,152.52000427246094,148.52000427246094,148.99000549316406,16204700,,
2026-08-21,149.1199951171875,154.49000549316406,148.58999633789062,152.5500030517578,15976200,,
2026-08-24,150.72000122070312,151.52000427246094,149.13999938964844,150.66000366210938,15032000,,
2026-08-25,151.0,156.9199981689453,150.66000366210938,156.4499969482422,14005100,,
2026-08-26,154.35000610351562,155.19000244140625,152.61000061035156,153.10000610351562,8627600,,
2026-08-27,149.52999877929688,152.0800018310547,149.02000427246094,149.5399932861328,8522600,,
2026-08-28,146.72000122070312,149.00999450683594,145.75,148.35000610351562,8067000,,
2026-08-31,147.0,148.69000244140625,145.9499969482422,147.75999450683594,11124700,,
2026-09-01,150.22999572753906,151.67999267578125,148.5500030517578,149.86000061035156,9865600,,
2026-09-02,151.5,152.69000244140625,149.97000122070312,151.63999938964844,8969200,,
2026-09-03,152.8000030517578,152.8000030517578,148.89999389648438,152.33999633789062,6498300,,
2026-09-04,150.8300018310547,152.22000122070312,150.08999633789062,150.3300018310547,4395400,,
2026-09-08,148.41000366210938,149.60000610351562,146.27999877929688,148.4600067138672,11187000,,
2026-09-09,148.9600067138672,149.41000366210938,147.17999267578125,147.52999877929688,8546000,,
2026-09-10,147.94000244140625,148.0,144.10000610351562,144.7100067138672,7542000,,
2026-09-11,145.52000427246094,145.89999389648438,143.67999267578125,143.92999267578125,8678200,,
