date,open,high,low,close,volume,div,split
2016-09-12,76.51604190072979,77.9245812683791,76.51604190072979,77.7778549194336,4569400,,
2016-09-13,77.71913637302121,77.72646848951983,76.50867110352681,76.72875213623047,4597700,,
2016-09-14,76.89750453350524,77.49906845674317,76.7361083789961,77.06623840332031,4007800,,
2016-09-15,76.99287802750506,77.55776460925009,76.8094743108154,77.38169860839844,3598600,,
2016-09-16,77.02954361320825,77.39635096374732,76.72142678204405,77.23495483398438,4934100,,
2016-09-19,77.18359506848644,77.85118707284238,76.97084615271484,77.52105712890625,3439300,,
2016-09-20,77.83651193446504,78.28401731118981,77.73380633295793,77.98323822021484,3561700,,
2016-09-21,77.98325939570765,78.76822704725303,77.67513691048354,78.59215545654297,3913900,,
2016-09-22,78.85624107630548,79.1863710434168,78.72419020886814,79.09833526611328,3869400,,
2016-09-23,78.99563247425864,79.22305124410622,78.52611950597174,78.74620056152344,3235900,,
2016-09-26,78.67282670209313,78.77553229645729,78.40139288714573,78.51876831054688,4440400,,
2016-09-27,78.76821676141948,79.13502413194423,78.29870377491069,78.85624694824219,3779300,,
2016-09-28,79.16437903329417,79.16437903329417,78.39408122257638,78.77555847167969,5030500,,
2016-09-29,80.33083255199773,80.48489101127485,79.01766119297353,79.0543441772461,7249100,,
2016-09-30,79.50182380736577,80.14006498819928,79.50182380736577,79.7952651977539,7173300,,
2016-10-03,79.79528033869626,79.83930103323588,78.84158444490207,79.41380310058594,4566000,,
2016-10-04,79.45779475073151,79.50181543228099,78.18864463959724,78.57012176513672,5830100,,
2016-10-05,78.67285861512751,78.85626233617911,77.53575890282997,77.77051544189453,6297000,,
2016-10-06,77.56508957080486,78.15197800948543,77.36701045500998,78.05661010742188,4886000,,
2016-10-07,78.32073842604403,78.43811391477317,77.50642533390715,77.75585174560547,4398400,,
2016-10-10,78.09327351516858,78.21799225344503,77.63109832272686,77.92454528808594,3119300,,
2016-10-11,77.85121381529497,77.91723646854015,77.02956312700675,77.44772338867188,3814400,,
2016-10-12,77.66780282689416,77.8805517958416,77.396363329195,77.82186126708984,3419800,,
2016-10-13,77.65310734390519,77.88786380125438,77.24228494280297,77.70446014404297,3582600,,
2016-10-14,77.81451392302829,78.54079093609235,77.60176498040624,78.37206268310547,4788600,,
2016-10-17,78.37207943258866,78.54814543764914,78.17400027948791,78.38674926757812,4104400,,
2016-10-18,78.82691332065626,79.36245462335644,78.45277377736961,78.4601058959961,3850000,,
2016-10-19,78.35738027481712,78.50410656547159,77.82184470577648,77.95389556884766,4330600,,
2016-10-20,77.8438668881781,77.99792532455827,77.45505193964198,77.66780090332031,3751600,,
2016-10-21,77.77050721499523,77.77050721499523,77.22762822824363,77.4843978881836,3615400,,
2016-10-24,77.85119209243976,79.157025331271,77.85119209243976,78.72418975830078,5126000,,
2016-10-25,78.78288753447184,78.95895350725637,78.35738963629257,78.66551208496094,3756300,,
2016-10-26,78.85626603140288,79.19372822230692,78.4601133037231,78.54814910888672,3440700,,
2016-10-27,78.70217717038305,78.89291854270898,77.98323796221182,78.22532653808594,4205300,,
2016-10-28,78.42343591601652,78.88561129979075,78.14465866485057,78.54814910888672,3378900,,
2016-10-31,78.51879573114287,78.81224278767696,78.43809765067007,78.64350891113281,3141700,,
2016-11-01,78.59945867670648,78.7168396856642,77.85117433422192,78.28400421142578,4289600,,
2016-11-02,78.26199667150485,78.81954526998493,78.21064387934449,78.28400421142578,3679200,,
2016-11-03,78.54811876863207,78.59947156921572,78.1446284804494,78.22532653808594,3447700,,
2016-11-04,78.17400575744118,78.47479056765746,77.62379455566406,77.62379455566406,2897600,,
2016-11-07,78.24734905602764,78.64349608112808,78.04193223203981,78.4674301147461,5469100,,
2016-11-08,78.47478749914585,79.91267204525487,78.47478749914585,79.75861358642578,4671000,,
2016-11-09,78.09328936084145,78.7535437676108,77.0295501922394,78.68018341064453,6515800,,
2016-11-10,78.41608494352414,78.41608494352414,75.12215608308773,75.7457275390625,9095200,,
2016-11-11,75.56231734258414,76.12719822312887,75.24686278416569,75.70170593261719,5888400,,
2016-11-14,75.45960184857958,75.81173373924838,73.69158789060484,74.38118743896484,7248800,,
2016-11-15,74.3885644433458,74.86541532765052,73.96306638676383,74.71868896484375,5672300,,
2016-11-16,75.09280989750063,75.48896255334645,74.43989318611676,74.61595916748047,3962900,,
2016-11-17,74.68932503014321,74.77736082583034,74.22714969611914,74.54994201660156,4212600,,
2016-11-18,74.38855327702534,74.68200036155167,74.22715710068398,74.32252502441406,4919200,,
2016-11-21,74.3225099427047,75.06346242144429,74.3225099427047,75.01944732666016,3870800,,
2016-11-22,75.21750382677968,75.56230358331656,75.15148119954591,75.48160552978516,4540300,,
2016-11-23,75.210178986596,75.48161844920985,74.43254917077819,74.48390197753906,4658400,,
2016-11-25,74.82869414065178,75.49628615730722,74.63795276488798,74.95340728759766,3644900,,
2016-11-28,75.02678892973752,75.74573395197808,74.75535501487055,75.40827178955078,5556900,,
2016-11-29,75.40825719429668,75.59899858728535,75.04878755127028,75.224853515625,3886800,,
2016-11-30,75.0201478352501,75.32315209432652,73.97809600830078,73.97809600830078,8123500,0.753,
2016-12-01,73.8229010617065,73.94115048196463,72.79563318659544,73.18732452392578,7123000,,
2016-12-02,73.46077002960854,74.37718045726697,73.46077002960854,74.34761810302734,4594600,,
2016-12-05,74.36240585958187,74.57672870982476,73.99288487056506,74.42891693115234,3961800,,
2016-12-06,74.7023625121489,75.09405384797026,74.5028180258427,75.04971313476562,4828400,,
2016-12-07,74.7614813708622,76.06958305400461,74.7614813708622,75.98089599609375,4873400,,
2016-12-08,75.48574154692969,75.83309215281126,75.38227612880868,75.49313354492188,3993900,,
2016-12-09,75.55227360883904,76.8973299562527,75.41185381065758,76.54258728027344,5040200,,
2016-12-12,76.72729463394663,77.50329052833672,76.6164372721138,77.3924331665039,4858400,,
2016-12-13,77.45896553187863,78.34581903233116,77.36289213233378,78.06497955322266,4508600,,
2016-12-14,78.24974870870852,78.73012703681297,77.0155501777886,77.20770263671875,5007500,,
2016-12-15,77.03033898647229,78.02065241661649,77.03033898647229,77.82111358642578,4179400,,
2016-12-16,78.00590023408176,78.27934221763408,77.69549824965958,78.24239349365234,7499300,,
2016-12-19,77.93936112792213,78.24237102515642,77.69547593821295,77.90241241455078,3683800,,
2016-12-20,77.51812069599853,77.62897813193453,77.13382130832294,77.5255126953125,4903400,,
2016-12-21,77.46638024385297,78.10934879733644,77.37030681613638,77.37769317626953,3245200,,
2016-12-22,77.26682503797295,77.93195816953754,77.045110235157,77.8580551147461,2605000,,
2016-12-23,77.57722739607902,77.78415822126276,77.3259502237544,77.66590881347656,1769300,,
2016-12-27,77.66591799123977,77.83590012540864,77.59201492186133,77.69548034667969,1505000,,
2016-12-28,77.50332584308079,77.67330232202731,77.24465666812719,77.31856536865234,1878600,,
2016-12-29,77.22987393804154,77.67329792387301,77.21509558183864,77.59200286865234,2438100,,
2016-12-30,77.38507532675663,77.71025556140366,77.10424143947918,77.3259506225586,3484000,,
2017-01-03,77.55505921795503,77.66591099281251,77.01555614706554,77.34073638916016,3741200,,
2017-01-04,77.68069311861225,78.06499241856652,77.44419994053837,77.48854064941406,3029700,,
2017-01-05,77.24465104613411,77.68808066324259,77.0007715228546,77.38507080078125,5087200,,
2017-01-06,77.5846175671523,77.71764532855894,76.94904111136972,77.27421569824219,4109700,,
2017-01-09,76.97861357996952,77.05251664858811,76.30608268712204,76.4612808227539,5603500,,
2017-01-10,76.35779745103228,76.35779745103228,75.19750206727635,75.36009216308594,5399200,,
2017-01-11,75.26400689754823,75.64831175376014,74.94622436730815,75.24183654785156,4650300,,
2017-01-12,75.1679417923263,75.76656385391667,75.07186838689869,75.2640151977539,3126000,,
2017-01-13,75.29359269583377,75.4635748271893,74.80582793525481,75.04971313476562,3478600,,
2017-01-17,74.69496090255254,75.61876323173145,74.68756890515536,75.52268981933594,3745800,,
2017-01-18,75.67790474765597,76.12132883649058,75.61878003222651,75.9291763305664,4340400,,
2017-01-19,75.58921360562424,76.12132473896007,75.50791853589556,75.6483383178711,3923100,,
2017-01-20,75.9661317635662,76.35782314156008,75.70746817795167,76.29869842529297,4750800,,
2017-01-23,76.04740754070744,77.02294255778575,75.99567483671244,76.86774444580078,4584800,,
2017-01-24,76.86035176820747,77.54766090859545,76.69776166039325,77.38507080078125,4992300,,
2017-01-25,77.38506027321277,77.73980279095154,77.2594245300632,77.3111572265625,3566100,,
2017-01-26,77.23727659477512,77.39986672765528,76.91209632901482,76.96382904052734,3634600,,
2017-01-27,77.1411998607581,77.16337585645532,76.43911223496961,76.47606658935547,4248200,,
2017-01-30,76.12870738802263,76.65342645827467,76.12131539028888,76.63125610351562,3462600,,
2017-01-31,76.276523085812,76.98600271936189,76.276523085812,76.6977767944336,3846600,,
2017-02-01,76.57212422531548,76.69775998280872,76.10652990366552,76.12870025634766,3515600,,
2017-02-02,76.68297615527092,77.14857044369728,76.33562561885896,76.88251495361328,3213700,,
2017-02-03,77.18554544093956,78.16846697951402,76.90470588268163,77.68070220947266,4287100,,
2017-02-06,77.67329987282967,77.77676528417174,77.2520462299535,77.28160858154297,4355200,,
2017-02-07,77.32593800388625,78.26452420492696,77.32593800388625,78.05020141601562,3980400,,
2017-02-08,77.9689170937703,78.50842013846157,77.78415662672346,78.10933685302734,3407100,,
2017-02-09,78.10935331513357,78.70058355122431,77.61419087387308,78.3162841796875,4012400,,
2017-02-10,78.21280705052155,78.5971063645856,78.03543293162214,78.41234588623047,2475500,,
2017-02-13,78.70796181635463,78.84838158070409,78.2497538116221,78.72274017333984,3463700,,
2017-02-14,78.46409006593096,79.07749629697497,78.09456905519743,79.01837158203125,5665000,,
2017-02-15,77.85806350950072,79.26224425570516,77.42941785167496,78.87794494628906,7617200,,
2017-02-16,79.18834085589657,79.94955311212243,78.57493472456112,79.90521240234375,5559900,,
2017-02-17,79.29181450005998,80.03824847664,79.23268978859086,79.9273910522461,5498400,,
2017-02-21,79.86825246383086,80.9250825343375,79.77956541203636,80.82161712646484,5370700,,
2017-02-22,80.82900393547907,81.13200814238783,80.68119219197595,80.85856628417969,3815300,,
2017-02-23,80.64426983259001,81.29462480115969,80.64426983259001,80.95466613769531,3382700,,
2017-02-24,80.92508303556951,81.23547926111004,80.79944727358053,81.1689682006836,3991800,,
2017-02-27,81.06552891714057,81.2059430805505,80.72557023126038,80.755126953125,3475100,,
2017-02-28,80.59250297784646,81.73801427721958,80.59250297784646,81.57542419433594,4684700,,
2017-03-01,81.5553224998846,82.09108830802573,81.23535156875415,81.65206146240234,4750700,0.753,
2017-03-02,81.7115996597954,82.09110144749981,81.42883685009272,81.9348373413086,3880800,,
2017-03-03,81.9274054362239,82.3515525456116,81.59255454671761,82.26969909667969,4111300,,
2017-03-06,81.70418691349494,81.99439257963652,81.42886111454213,81.57768249511719,4491000,,
2017-03-07,81.22795178229369,81.68185869675374,81.10889013595076,81.34700775146484,4361100,,
2017-03-08,81.23538380183193,81.35444544073604,80.71450332455497,81.33212280273438,5244500,,
2017-03-09,81.55535395858637,81.56279673022847,81.0419162587082,81.12376403808594,4066900,,
2017-03-10,81.5404678743581,81.63720118964336,81.31723015948945,81.54790496826172,3488900,,
2017-03-13,81.34699736045977,81.70417657669185,81.131202411907,81.41397094726562,3131200,,
2017-03-14,81.31722454298996,81.65208109216472,81.19816859987509,81.36186981201172,3630000,,
2017-03-15,81.52559242531296,82.76827419874536,81.48094714768038,82.6789779663086,4973400,,
2017-03-16,82.6640781395386,82.74593158583669,82.24737381450879,82.70128631591797,4580700,,
2017-03-17,82.95430269432386,82.98406242758274,82.54503539736982,82.8873291015625,6444400,,
2017-03-20,82.70874786376953,82.92454284598578,82.45574469672664,82.70874786376953,3382100,,
2017-03-21,82.99893048543613,83.5718989032891,82.9468424474495,83.17007446289062,5587700,,
2017-03-22,83.57191220516155,83.62400025143887,83.02126633349114,83.35611724853516,3882200,,
2017-03-23,83.30402710810237,83.5867956469319,83.0956749282308,83.17752838134766,3208400,,
2017-03-24,83.32635826929756,83.52726768470406,83.18497399505179,83.43053436279297,3913200,,
2017-03-27,83.24450234676061,83.5570306179863,83.02126462321588,83.21473693847656,3514600,,
2017-03-28,83.19983607647723,83.90675161942639,83.07333737244014,83.67607116699219,3945400,,
2017-03-29,83.38587572551793,83.74305492542081,83.31890781894471,83.66120147705078,2683700,,
2017-03-30,83.55704267428318,83.75051501745965,83.34124769096559,83.47518920898438,2104900,,
2017-03-31,83.57192677910207,83.69098843545387,83.21475316439117,83.23707580566406,3744400,,
2017-04-03,83.30404372948277,83.60913496600507,82.93942734195682,83.23707580566406,3587100,,
2017-04-04,83.33378325575204,83.50493291429667,83.06590028935115,83.4007568359375,2360700,,
2017-04-05,83.37099576038973,83.78025732457567,83.11055555096763,83.29658508300781,2992000,,
2017-04-06,83.43051858482528,83.54957452180278,82.9096325386843,83.02869415283203,2740600,,
2017-04-07,83.11799329764358,83.31146560209307,82.92452667036491,83.051025390625,2799600,,
2017-04-10,83.11799965452866,83.45285624674393,82.90221037507351,83.35611724853516,2873200,,
2017-04-11,83.12543428264279,83.40076003009126,82.85755130598228,83.14031982421875,3031500,,
2017-04-12,83.3784384028103,84.65831681245129,83.26681954832401,84.53926086425781,6260300,,
2017-04-13,84.2713837682262,84.36811708771053,83.82491399627911,83.84723663330078,3257300,,
2017-04-17,83.89187357647732,84.3234634399414,83.84722830686745,84.3234634399414,2917700,,
2017-04-18,84.41276240511672,85.28337925388323,84.382996998684,85.0378189086914,4574200,,
2017-04-19,85.14199827340066,85.19408631737234,84.44253106537698,84.54670715332031,3044700,,
2017-04-20,84.47228787335773,84.80714443916595,84.37555455994868,84.52437591552734,2973000,,
2017-04-21,84.49461543272064,84.68064496412057,84.28625758872927,84.40531921386719,3885300,,
2017-04-24,85.09736184622056,85.18665807824163,84.76251091119185,85.06759643554688,3221500,,
2017-04-25,84.985734606292,85.25361759880312,84.82947047352235,84.94853210449219,3643600,,
2017-04-26,83.15519418838471,84.65087309628012,82.85010305513501,84.33090209960938,5343900,,
2017-04-27,84.15979104077842,84.41279425232402,83.72076390389424,83.81749725341797,4096200,,
2017-04-28,83.59422831037624,84.4053200272247,83.48261513219734,84.293701171875,4872000,,
2017-05-01,84.03326903264765,84.16721053649887,83.54214829280268,83.54959106445312,4074300,,
2017-05-02,83.89930041802342,84.00347647878132,83.39329997555521,83.5570068359375,3082400,,
2017-05-03,83.63145212752556,83.86956974745483,83.11800870320202,83.18498229980469,3342600,,
2017-05-04,83.46775646133965,84.08537607289206,83.1998733931283,84.05561065673828,3488800,,
2017-05-05,84.11513531898102,84.29372212563122,83.89189755278909,84.24907684326172,3046100,,
2017-05-08,84.23419129769042,84.40534100872718,83.9216629667595,84.24907684326172,3097200,,
2017-05-09,84.26395317116918,84.39045759452117,83.75051541397626,83.87701416015625,2708200,,
2017-05-10,83.86211724315447,83.98862164935193,83.69841601115235,83.96629333496094,2160100,,
2017-05-11,83.8174563211964,84.1523071713237,83.7356028818906,84.11510467529297,2277200,,
2017-05-12,84.03328196802939,84.30860778976366,83.87701780234418,84.01840209960938,2383500,,
2017-05-15,84.01092946948073,84.82945819381153,83.91419048902867,84.7848129272461,3500300,,
2017-05-16,84.87411955886509,85.32059501788545,84.52438309864576,84.67321014404297,2444300,,
2017-05-17,84.67320976739069,85.04526886347175,84.32347330872707,84.63600158691406,2999300,,
2017-05-18,84.66576945778054,85.03782856468038,84.3011531226267,84.85179901123047,3439500,,
2017-05-19,84.95596655724802,85.20152690561052,84.42764335987984,84.59879302978516,5750100,,
2017-05-22,84.5988093077097,85.57360244055491,84.5988093077097,85.3503646850586,3324000,,
2017-05-23,85.3577757345808,85.90098437658195,85.3577757345808,85.61077880859375,3261300,,
2017-05-24,85.80429217308235,86.56329613167283,85.66291353544133,86.36238098144531,2816000,,
2017-05-25,86.58557527547063,87.56781085763195,86.42931116889612,87.45619201660156,3596200,,
2017-05-26,87.24785481115777,87.8059434346833,87.2106466320543,87.73897552490234,3104800,,
2017-05-30,87.61245470494018,87.89522318792918,87.43386796848449,87.81336975097656,3231600,,
2017-05-31,87.59237066570348,88.36407566985477,87.5624008178711,87.5624008178711,5232900,0.805,
2017-06-01,87.5099692899701,87.85461402202357,86.95553558886395,87.83213806152344,4404900,,
2017-06-02,88.00444389581556,88.18425726804308,87.68976906537638,88.16178131103516,3162900,,
2017-06-05,87.95198646866342,88.38654063394115,87.69725136801576,88.31910705566406,2968800,,
2017-06-06,88.24420483819769,88.36408424115557,88.00445174844648,88.18426513671875,2643200,,
2017-06-07,87.78714654411978,88.08683923951072,87.52491757921374,87.6972427368164,3681100,,
2017-06-08,87.69724856153135,87.71972451485001,86.60336929327624,86.82814025878906,3956700,,
2017-06-09,86.65583263024297,87.00796547388964,86.43106163405974,86.86561584472656,3197700,,
2017-06-12,86.86560865483817,87.37508458334197,86.86560865483817,87.0828857421875,3492100,,
2017-06-13,86.51347084416577,87.35260363962846,86.51347084416577,87.15031433105469,2760000,,
2017-06-14,87.59235945762865,88.45396817886406,87.53241976963356,87.93700408935547,3597200,,
2017-06-15,87.65980886872696,88.01944136894188,87.29268819279429,87.81714630126953,3372700,,
2017-06-16,87.93700184968498,87.95947780306987,87.13532712069926,87.55489349365234,5156200,,
2017-06-19,87.67476492885902,87.87705993652344,87.08287911751059,87.87705993652344,2436600,,
2017-06-20,87.87708614395764,88.5139297670246,87.79467048161389,88.37157440185547,3703500,,
2017-06-21,88.24418730339856,88.58883194417209,87.83960297305657,87.9744644165039,3767100,,
2017-06-22,87.907039664608,87.96697935629821,86.94802746221904,87.02294921875,3288100,,
2017-06-23,87.06789245570044,87.9370007501368,86.97798292712194,87.62981414794922,3453400,,
2017-06-26,87.97444477688919,88.28163133022797,87.70472195020807,87.74967956542969,2704000,,
2017-06-27,87.83961015713813,87.94450176437992,86.86561584472656,86.86561584472656,2884300,,
2017-06-28,87.3001736007915,87.56240836288002,87.06042051363744,87.19528198242188,3110600,,
2017-06-29,86.96300164465532,87.060399347701,86.07891127893207,86.29618835449219,3474400,,
2017-06-30,86.55841222417098,86.99296634962468,86.3860927815632,86.5284423828125,3313300,,
2017-07-03,86.57343587147776,86.9105867231619,86.41609271011568,86.49102020263672,2250800,,
2017-07-05,86.53593663089916,86.57340036179323,86.07141266216145,86.38609313964844,4023100,,
2017-07-06,86.13886198505132,86.47601276009496,86.04895244416323,86.25873565673828,4007000,,
2017-07-07,86.46852763988412,86.65583490289453,86.0339734178206,86.54344940185547,3972500,,
2017-07-10,86.8506550905688,86.91059480369248,85.56197983923788,85.61442565917969,5771200,,
2017-07-11,84.91759248230969,85.39710419031157,84.10093580488872,85.21728515625,6368500,,
2017-07-12,85.77922284627002,86.1463491558017,85.62188544911217,85.98900604248047,3885200,,
2017-07-13,86.12385367401473,86.1912872426475,85.35214887621017,85.42707061767578,3089400,,
2017-07-14,85.60691226000418,86.25124969583004,85.59941836903022,86.10889434814453,2956400,,
2017-07-17,86.11638823911849,86.28121954356195,86.04146076170676,86.10889434814453,2481300,,
2017-07-18,86.04896672262822,86.27373775406373,85.7043219996146,86.1688461303711,2694800,,
2017-07-19,86.1688202005853,86.42355529113726,85.88410955095303,86.41606140136719,2578200,,
2017-07-20,86.41607611872374,86.95552195077995,86.24375663780602,86.54344940185547,3518100,,
2017-07-21,86.74571733604735,87.41253057061013,86.44602464591334,87.38256072998047,3476400,,
2017-07-24,87.28518954016752,87.4125571143982,86.97800286755482,87.00797271728516,3681300,,
2017-07-25,87.38256498356301,87.49495046235425,87.01544442126364,87.2477035522461,3075100,,
2017-07-26,87.13533356975573,87.97446637776777,87.02294807835024,87.8021469116211,3305600,,
2017-07-27,87.90703208997854,88.4539660100745,87.37508023343239,87.91452026367188,2954800,,
2017-07-28,87.89204218250885,88.01192155265757,87.06039762963175,87.36758422851562,3276300,,
2017-07-31,87.30764454344126,87.55489145725078,87.04541556644465,87.36758422851562,3098600,,
2017-08-01,87.4275336140387,87.49496148010653,86.83564201962324,86.85062408447266,2946100,,
2017-08-02,86.70827959906663,86.89558685968176,86.26623149160967,86.61837005615234,2626400,,
2017-08-03,86.70829269830588,87.40507604170553,86.67082895405754,87.1353530883789,2986200,,
2017-08-04,87.15032617660401,87.27769374806103,86.81317537776742,87.18778991699219,2955200,,
2017-08-07,87.24770579669439,87.82461526845444,87.19526000073103,87.62981414794922,2569600,,
2017-08-08,87.50996136255269,87.62234115487298,87.18779262018421,87.4425277709961,2412600,,
2017-08-09,87.27766914585796,87.43500652204172,86.88057876079952,87.38256072998047,2513800,,
2017-08-10,87.17280602365189,87.53992668794554,86.97051667855747,87.19528198242188,2236000,,
2017-08-11,87.47248456064256,87.84709905554895,87.17279182148472,87.29267120361328,2759700,,
2017-08-14,87.92951968888408,88.54388726672957,87.6672906708093,88.28914642333984,3191700,,
2017-08-15,88.31910258461366,89.27062650924731,88.29662663171354,89.1357650756836,2749800,,
2017-08-16,89.12827795671998,89.42797068920169,89.02338635777589,89.23316955566406,2373900,,
2017-08-17,89.15825545087021,89.45045431816399,88.59633367281852,88.70122528076172,3096900,,
2017-08-18,88.62631441092876,88.73120603176136,87.95950094299376,88.10934448242188,3776500,,
2017-08-21,88.25918375554012,88.75367195265599,88.07187649435788,88.60382843017578,2119500,,
2017-08-22,88.59632989044391,88.93348065641564,88.14679363042703,88.34908294677734,2313700,,
2017-08-23,88.33409003097955,88.49892130650969,87.83210803089267,87.87705993652344,2616300,,
2017-08-24,87.85460790355339,87.884577754188,86.93305357407357,87.07540893554688,4760000,,
2017-08-25,87.46498529976749,87.58486467453531,86.76071397957777,86.79817199707031,3442500,,
2017-08-28,87.00047215371589,87.1278397098103,86.22127332017263,86.56591796875,2932700,,
2017-08-29,86.57341617388718,86.98548870817055,86.54344632693066,86.79068756103516,2348700,,
2017-08-30,86.86237925690627,87.08117687794623,86.69640021392692,86.87747192382812,2491800,0.805,
2017-08-31,86.94536798275415,87.39805011646278,86.71148346084057,87.3150634765625,4709500,,
2017-09-01,87.05098431421102,87.58665878670892,86.87745896365685,87.39804077148438,2591900,,
2017-09-05,87.4810382081232,87.56403060010555,87.0736283371475,87.42068481445312,2711400,,
2017-09-06,87.64703930912748,87.87338328506553,87.24716994031449,87.78284454345703,2617500,,
2017-09-07,88.0091682937994,88.49202995907767,87.81300394347852,88.26568603515625,2623800,,
2017-09-08,87.82053882591096,87.88089796524241,86.43985373356672,86.7944564819336,4818300,,
2017-09-11,86.82463036961683,87.43575078590288,86.58319958425507,87.28485870361328,3247900,,
2017-09-12,87.28486976189458,87.48102834248996,86.65865660434508,86.7642822265625,2998500,,
2017-09-13,86.6661944202928,86.89253255016203,86.00980175572738,86.34931182861328,5141500,,
2017-09-14,86.34179338866551,86.42478578440986,85.78347986162794,86.1531753540039,3456900,,
2017-09-15,86.568130652017,86.74920810779749,86.09281528196574,86.651123046875,5543000,,
2017-09-18,86.89252666777558,86.93779889561593,86.52283705136793,86.75672149658203,2441200,,
2017-09-19,86.80953483606427,86.85480706418474,86.28140680935695,86.37948608398438,2568300,,
2017-09-20,86.26632671107491,86.50021694796189,85.05917264839796,85.69293212890625,4059800,,
2017-09-21,85.41375397566988,85.87398224595456,84.90825923819759,85.10442352294922,3630900,,
2017-09-22,84.9233697624777,85.15726000571541,84.35751574059304,84.3876953125,3746300,,
2017-09-25,84.53104297206087,84.60648902029362,84.06326826315458,84.45559692382812,3885000,,
2017-09-26,84.67440370404071,84.72721651916515,84.29716766567607,84.3575210571289,2953800,,
2017-09-27,84.28962076493886,84.41033330319588,83.2484456221259,83.82184600830078,4016200,,
2017-09-28,84.0255583749509,85.05164087344102,83.88975316908706,84.22926330566406,11581100,,
2017-09-29,84.40280854392921,84.52352110480766,83.9048541203694,84.07083892822266,5122300,,
2017-10-02,82.92402893320816,83.38425160554507,82.2072770047412,82.32799530029297,8306400,,
2017-10-03,82.55433837805558,82.72786949918635,82.1544690735572,82.33554077148438,6064400,,
2017-10-04,80.68325189018874,83.11265308380713,80.11739778942045,82.49398040771484,9092400,,
2017-10-05,82.7353855748335,83.73882875750657,82.65239321110036,83.33141326904297,5670400,,
2017-10-06,83.12018532445265,83.49742135379789,82.93156730978002,83.29371643066406,3240300,,
2017-10-09,83.43706299526325,83.69358649084539,82.83348879631215,82.99947357177734,1977800,,
2017-10-10,83.20317778866382,83.64077296459025,83.20317778866382,83.58041381835938,3032300,,
2017-10-11,83.67095139911133,84.35751797060863,83.57286634877963,84.13117980957031,4051100,,
2017-10-12,84.13117044517696,84.88564241032314,84.03308540576282,84.84037017822266,3287200,,
2017-10-13,85.05161266280244,85.24023062193065,84.63665085025507,84.96862030029297,3090500,,
2017-10-16,85.2025174413935,85.7306455032934,85.021445785337,85.68537902832031,2675900,,
2017-10-17,85.42131601123333,85.67783371401099,84.24434159865028,84.64421081542969,3825200,,
2017-10-18,84.46315002441406,84.83284550105652,84.33489114778236,84.46315002441406,2590500,,
2017-10-19,84.21417828922884,85.09690926909929,84.19908562370189,85.0063705444336,2673700,,
2017-10-20,85.26288892500222,85.27042950114685,84.0330957859585,84.20662689208984,3772300,,
2017-10-23,84.22925712818922,84.8403776316736,84.04818545237251,84.26698303222656,2263200,,
2017-10-24,84.38015685981858,84.40279585798639,83.20318222636647,83.55778503417969,3351100,,
2017-10-25,83.3163568238644,83.39180288497722,82.37326666954019,83.04474639892578,3836900,,
2017-10-26,83.49741422855202,83.92746303506081,83.30125565447047,83.54268646240234,2865000,,
2017-10-27,83.30126481521262,83.6332286150226,82.93911568540656,83.44461059570312,3343200,,
2017-10-30,83.26354162808629,83.27108796083175,82.50906952616899,82.72786712646484,2206100,,
2017-10-31,83.17296110501718,83.57283019709246,82.95416361467812,83.16542053222656,4379400,,
2017-11-01,82.81084539174645,83.50495822562432,82.69767344453142,83.08999633789062,2822400,,
2017-11-02,82.92399172643773,83.12769656357554,82.64483511035162,83.02961730957031,2169800,,
2017-11-03,83.09756168425399,83.4823440903677,82.99193604432719,83.15792083740234,1725700,,
2017-11-06,82.96929877440056,82.99193201669138,82.38081145017775,82.43362426757812,3331800,,
2017-11-07,82.35063177624532,83.42952712141422,82.35063177624532,83.3465347290039,3882000,,
2017-11-08,83.4219820192858,84.53105695588965,83.3691692011697,84.5008773803711,3685300,,
2017-11-09,84.01045834936475,84.83283584509084,83.76148120106711,84.1085433959961,2856900,,
2017-11-10,84.07837010564039,85.24025779499873,83.98028505168145,85.06672668457031,3699500,,
2017-11-13,85.02144209155078,86.15314996602383,84.98371619326946,86.03997802734375,3194500,,
2017-11-14,85.7759427306433,87.66212315303467,85.70049090881496,87.33769989013672,4998900,,
2017-11-15,87.25468356127575,87.46593478966096,86.24368813893538,86.8397216796875,3861500,,
2017-11-16,87.05852533434795,87.39803543856966,86.71901523012625,86.93781280517578,3058100,,
2017-11-17,86.56059120489819,86.86992178927069,86.40969332311168,86.52286529541016,2646400,,
2017-11-20,86.57566995058389,87.40558807556562,86.54549037707262,86.6963882446289,3594300,,
2017-11-21,86.75670591181051,87.76770106156386,86.74161900934973,87.55644989013672,3179300,,
2017-11-22,87.34523547813937,87.51876659980007,86.2210736223338,86.82465362548828,3598500,,
2017-11-24,87.25468035626176,87.74508826480775,87.08869560972336,87.44329833984375,1183000,,
2017-11-27,87.51878875902051,87.82057883700915,87.2622709342387,87.4056167602539,2818900,,
2017-11-28,87.7149167210704,88.14496553273268,86.99062428859519,88.09969329833984,3600400,,
2017-11-29,88.15249633789062,88.55991186528263,87.73754023573939,88.15249633789062,3276300,,
2017-11-30,88.5209732055664,89.04517239357877,88.18670638367499,88.5209732055664,5984000,0.805,
2017-12-01,88.50578139948628,88.77167743760401,87.39661092898167,88.71849822998047,4956600,,
2017-12-04,88.88562799640965,89.7972731446001,88.59694171857232,89.23509216308594,4403000,,
2017-12-05,89.36423598867165,89.59974884613959,89.02237052564472,89.33384704589844,3198600,,
2017-12-06,89.51616293620752,90.33664683994802,89.3718169357077,90.32904815673828,3203500,,
2017-12-07,90.04038053642196,90.1315473713334,88.54376412029153,88.68051147460938,5409500,,
2017-12-08,88.52095707662599,88.58173495902275,88.04994297829579,88.55894470214844,3127500,,
2017-12-11,88.37661340044151,89.21988764845331,87.79163644838405,89.18190002441406,2429400,,
2017-12-12,89.81247304808035,89.92643014384302,88.97679733931857,89.18951416015625,2664600,,
2017-12-13,89.27306983953711,89.80486181734204,89.25027958278802,89.4933853149414,3193900,,
2017-12-14,89.59976561890198,90.1011687782756,89.4402279865513,89.66053771972656,4057800,,
2017-12-15,90.07836388315015,90.67853247655532,89.98719705257399,90.57217407226562,7173500,,
2017-12-18,90.63293641998969,90.96720314926112,89.64531621108961,89.68330383300781,3472700,,
2017-12-19,90.21511542828107,90.70132695511191,89.82007073626797,90.10875701904297,3942500,,
2017-12-20,90.14673815821776,90.49620230570807,89.31105672280812,90.42022705078125,4273400,,
2017-12-21,90.74691921511628,90.838086061729,89.52379155453401,89.8428726196289,2790000,,
2017-12-22,90.10116577148438,90.21512287538889,89.77449183154427,90.10116577148438,2045600,,
2017-12-26,89.95678603326618,90.58733757873064,89.95678603326618,90.32144165039062,2156300,,
2017-12-27,90.30626833710919,90.70891165229074,90.25308914069082,90.63294219970703,2465100,,
2017-12-28,90.6557450102912,90.8076839364998,90.44302819515977,90.67093658447266,1999300,,
2017-12-29,90.75451680442387,91.59779128807624,90.72412785592027,91.1039810180664,3116400,,
2018-01-02,91.11157074202983,91.30149730442078,89.59215824290223,89.69091796875,4165800,,
2018-01-03,89.57696196463971,90.00239558730496,89.37183804221297,89.45540618896484,4224000,,
2018-01-04,89.49338329492163,90.48859645782055,89.34143859319427,89.89602661132812,3147000,,
2018-01-05,89.95683080488719,90.47342555357388,89.83527500794956,90.15435028076172,2714200,,
2018-01-08,89.80486975186342,90.20751311293299,89.39462770584018,89.63773345947266,5730400,,
2018-01-09,89.84283251590678,90.38982175922136,89.6073197163094,89.70608520507812,4573600,,
2018-01-10,89.74409432666053,89.91882930879903,88.65771419241283,89.25028991699219,3363900,,
2018-01-11,89.37183480326753,89.53137240598515,88.41460339086358,88.7944564819336,3685200,,
2018-01-12,88.84765009249912,89.65294271751985,88.77168062118373,89.17432403564453,4335500,,
2018-01-16,89.0375772590708,89.9112406752372,88.9084285773686,89.53898620605469,4936500,,
2018-01-17,89.86564055930373,91.29388602485905,89.80486267665935,90.54177856445312,4554600,,
2018-01-18,90.47340682848728,90.87605597543319,90.1391400482901,90.44302368164062,6221800,,
2018-01-19,90.76970616001499,91.68135135021022,90.13154988999932,91.29389953613281,6002600,,
2018-01-22,91.24070126746287,92.57018693979171,91.16473181683502,92.3118896484375,4308600,,
2018-01-23,91.97763927254354,93.07161817269305,91.81050296323193,92.15237426757812,3536900,,
2018-01-24,92.1067998620592,92.28913356639906,91.78772457361401,92.03083038330078,3445200,,
2018-01-25,91.62815712121794,92.26630749050733,91.4382305880583,91.84847259521484,2712900,,
2018-01-26,91.62818285634148,92.56261841612204,91.62818285634148,92.50184631347656,3993900,,
2018-01-29,92.21312878056992,92.80570443588289,90.89884040997183,90.91403198242188,3854700,,
2018-01-30,90.92163914976173,92.07639003493328,90.78489180056131,91.0811767578125,4945200,,
2018-01-31,91.04318448075445,91.73451987644313,90.79248585010183,91.39265441894531,4018100,,
2018-02-01,91.10396236531791,91.93204510322533,90.61775088100639,91.39265441894531,3485600,,
2018-02-02,91.0963903187301,91.3774779559744,89.94923211855374,90.15435028076172,3348900,,
2018-02-05,90.07835579959378,90.90643849707875,86.9179813058411,86.95596313476562,5347600,,
2018-02-06,85.4213648424858,86.56851700255265,83.68163699254356,86.27223205566406,6642600,,
2018-02-07,86.58373221754617,87.95120014747017,85.65688955836359,86.22666931152344,4931400,,
2018-02-08,86.37860208211754,86.39379945359708,83.63606193605486,83.68164825439453,4907900,,
2018-02-09,84.18303323614029,85.07948668887809,82.71680019385128,84.46412658691406,5301700,,
2018-02-12,85.01112240074767,85.65687149224563,84.37296619783218,85.0339126586914,4759200,,
2018-02-13,85.08709252576502,85.59609427748951,84.08428059569815,85.19345092773438,5274700,,
2018-02-14,84.83640208118824,85.0111370824311,82.6256597373712,82.89155578613281,7702700,,
2018-02-15,83.21061719039074,84.35777514816381,82.5952570376977,84.30459594726562,5125200,,
2018-02-16,84.37296295166016,84.85917442274724,83.38534843680735,84.37296295166016,5578500,,
2018-02-20,84.29699987792714,84.31219724785424,83.06627373825852,83.17263793945312,3835500,,
2018-02-21,83.07388113448137,83.4461355913534,82.00269828622953,82.04827880859375,4501900,,
2018-02-22,82.29898136212286,83.54489917732849,82.06346847781407,83.00550842285156,5394700,,
2018-02-23,83.08144875481953,83.60564775039789,82.48128031834065,83.32455444335938,4760400,,
2018-02-26,83.65885567209457,84.45654376966935,83.59047909453172,84.28181457519531,5355400,,
2018-02-27,84.47174201927245,85.14788013591033,84.10708045937506,84.24382781982422,6385800,,
2018-02-28,84.3273884130686,84.82119860353598,83.32457645837874,83.36256408691406,4638900,,
2018-03-01,83.58065655767858,84.09341992479094,82.07297414007836,82.7464599609375,6896300,0.805,
2018-03-02,82.58575132052192,83.6648503638815,82.57809647938235,83.4505615234375,4903600,,
2018-03-05,83.00671454275754,83.87918001126418,82.669971435988,83.74907684326172,3781700,,
2018-03-06,83.69548194679116,83.89446698681999,82.9913882223005,83.86385345458984,3380800,,
2018-03-07,83.33577568974853,84.23119956256667,83.12148681477673,84.06282806396484,4612600,,
2018-03-08,84.20824310632723,85.81541555014788,83.8638510965564,85.77715301513672,5437700,,
2018-03-09,85.9225639099508,86.15216248622752,85.44041390649089,86.12920379638672,3680600,,
2018-03-12,86.09858679930018,86.55012325182591,85.77715347659364,86.2899169921875,4509600,,
2018-03-13,86.68786484985534,87.17002058177522,86.26694200837149,86.94042205810547,4590000,,
2018-03-14,86.91746929730637,87.07053109756265,85.89194238993579,86.1827621459961,4055700,,
2018-03-15,86.02206682963168,86.6725884003907,85.45573102156399,85.70828247070312,3906800,,
2018-03-16,85.96847997746565,86.63430528320112,85.39448942345433,85.4404067993164,7730800,,
2018-03-19,85.44804922218731,85.70825543283127,84.22353738605952,84.46078491210938,4216700,,
2018-03-20,84.75927084232194,85.18019957936974,84.05517717210907,84.10874938964844,3319000,,
2018-03-21,84.10110553481371,84.24651836096106,83.06026873898274,83.22098541259766,3867600,,
2018-03-22,82.99902822808853,83.93272042361498,82.50157444034764,82.60871887207031,4325500,,
2018-03-23,82.72350281887856,83.22096238849711,81.07806816088838,81.23878479003906,4873300,,
2018-03-26,81.64442976255066,82.24903394398684,81.19288741788587,81.7439193725586,4119400,,
2018-03-27,82.0653642225639,83.06793275199699,81.5143322299507,82.37914276123047,5036300,,
2018-03-28,82.76178212085725,84.26946487215993,82.65463768726623,83.5577163696289,6413000,,
2018-03-29,84.27713696419713,84.69041093789491,83.39701678904085,83.53477478027344,3829500,,
2018-04-02,83.12912728950795,83.5883184906451,81.46072811552776,81.92757415771484,4325500,,
2018-04-03,82.18778235641709,83.06024741140718,81.57552351410371,82.80004119873047,4699000,,
2018-04-04,82.48625039276125,84.7439495856237,82.0729765828244,84.3230209350586,4694200,,
2018-04-05,84.5143689310009,85.08835948178495,83.99395059806601,84.62151336669922,3275700,,
2018-04-06,84.23120626044076,84.93530584139441,83.24394171744372,83.64956665039062,3579100,,
2018-04-09,83.8332619614057,84.52970102619312,83.25161637399175,83.71080780029297,2620000,,
2018-04-10,83.98631103065313,84.33835793182307,83.35874814788325,83.72610473632812,2817000,,
2018-04-11,83.09088595417079,83.77967589941888,82.97608665680697,83.1750717163086,4000200,,
2018-04-12,83.3893511522755,83.81027991515386,82.86127794774339,82.89189147949219,2691700,,
2018-04-13,83.30517316904195,83.77201935361622,83.05261588776052,83.61895751953125,2828300,,
2018-04-16,83.99396606640711,84.67510117832741,83.81793969595208,84.12406921386719,2769800,,
2018-04-17,83.18271474779735,83.48118937519861,82.63933771229931,83.32047271728516,5022000,,
2018-04-18,83.39701022593032,83.695484876956,81.47605334350946,81.8740234375,6525500,,
2018-04-19,81.6673794648244,81.84340581277714,80.41990869953905,80.79491424560547,6320200,,
2018-04-20,80.70307442537919,80.81787371089142,78.26935409604344,78.4300765991211,8650000,,
2018-04-23,78.483663620808,78.6749938530977,77.9402806228422,78.50662231445312,6670600,,
2018-04-24,78.53721874793473,78.71323925350256,77.27443832205238,77.63414001464844,5695500,,
2018-04-25,77.45811067385367,78.3382306844495,77.18259474290309,77.41219329833984,4828300,,
2018-04-26,78.25407037721024,79.65460917503691,77.41221846514475,79.02704620361328,5978800,,
2018-04-27,78.23108209468046,78.8203764585721,77.7948495336628,77.84076690673828,4765900,,
2018-04-30,77.94791896438144,78.36119287930362,76.97596415925761,77.25148010253906,5479900,,
2018-05-01,76.80759624110887,77.24382886517581,75.43767130333582,75.86624908447266,4543900,,
2018-05-02,75.88920918953416,76.04227100560809,74.2590722375702,74.41213989257812,5927700,,
2018-05-03,74.60347773650693,75.07031807511076,74.00652257912897,74.6953125,6668200,,
2018-05-04,74.65705144077515,76.3560588273416,74.61878306260505,75.75910949707031,5937000,,
2018-05-07,75.75147334128187,76.00402482766334,75.0550284452137,75.17748260498047,3475400,,
2018-05-08,74.93257042616827,74.99379165919233,73.79989295066625,74.07540893554688,5333700,,
2018-05-09,74.38154132407469,74.6340927875062,73.42489018383887,73.59326171875,6201500,,
2018-05-10,73.79989750379964,74.80246605350914,73.7769388101323,74.44276428222656,3100600,,
2018-05-11,74.68000008579628,75.20041842865295,74.14427205815721,74.56520080566406,3507300,,
2018-05-14,74.76418791809355,74.79480144957725,74.0294806792872,74.35091400146484,4307900,,
2018-05-15,73.93764838711964,74.41979842452557,73.7463181730631,74.08306121826172,6555700,,
2018-05-16,73.960586811775,74.65703140278855,73.89171075627686,74.38151550292969,5544700,,
2018-05-17,74.65705108749934,74.99378829027692,74.35092158039134,74.94021606445312,6531100,,
2018-05-18,75.23867978299248,75.34582421905347,74.48101388829436,74.62642669677734,6894000,,
2018-05-21,75.16980191751733,76.51676801719769,75.04734779984925,76.15706634521484,6678100,,
2018-05-22,76.3637087074913,76.88412708653244,76.09584759451447,76.47850799560547,6807600,,
2018-05-23,76.47849304415344,76.99125648002652,76.23359066889068,76.87645721435547,6249900,,
2018-05-24,76.7693275536102,76.97596743934362,76.34840461711296,76.66983795166016,4696700,,
2018-05-25,76.66984327688195,77.3815919036345,76.45555437230006,76.76933288574219,5324300,,
2018-05-29,76.53207262429065,77.51933706181605,76.53207262429065,77.3739242553711,8302600,,
2018-05-30,77.80249882166194,78.24638035388398,77.36626045285105,77.93260192871094,6256600,,
2018-05-31,78.12417142003765,78.24002653367334,76.97335731456442,77.42904663085938,8270100,0.928,
2018-06-01,77.65303161251882,77.95425137239009,76.96563206895247,77.42904663085938,4414200,,
2018-06-04,77.83068817299781,78.07784305334911,77.25914361705489,77.32865905761719,3932000,,
2018-06-05,77.59122981655294,77.97740954243224,77.14325992030055,77.39813995361328,4851900,,
2018-06-06,77.54487653027873,77.9001611086388,77.09690671262013,77.87699127197266,3946700,,
2018-06-07,77.6298393322368,78.40219867640454,77.49081441458124,78.13187408447266,5052900,,
2018-06-08,78.14731459125747,79.2517886313554,78.14731459125747,79.15910339355469,4795500,,
2018-06-11,79.25179551693911,79.8696853706932,78.9891902666716,79.7152099609375,3984500,,
2018-06-12,79.73067186399388,80.75018614381719,79.41400164812991,80.69612121582031,5075900,,
2018-06-13,80.44894577208572,81.56113913297898,80.44894577208572,81.30625915527344,7553500,,
2018-06-14,81.29856113922344,81.37579590928966,80.65750135166677,81.19815063476562,4812600,,
2018-06-15,81.1749703450648,83.22172389787828,80.95871065965981,83.11359405517578,10573000,,
2018-06-18,82.65019275259252,82.80466229742164,80.96644878635924,81.39124298095703,5964400,,
2018-06-19,81.47617782199414,82.3952872398352,81.2676434116491,81.83918762207031,5504400,,
2018-06-20,81.66155100080321,81.95504541208587,81.3757759397882,81.72333526611328,4601400,,
2018-06-21,82.31034802581495,82.97457763774285,82.10181356283064,82.82782745361328,6550700,,
2018-06-22,82.82782967940929,83.93230398077087,82.75059490928906,83.70059967041016,5709400,,
2018-06-25,83.19082434062274,84.64285778783585,83.19082434062274,84.179443359375,5183000,,
2018-06-26,84.2258126262685,84.31849200245803,83.00548310359613,83.45345306396484,5034100,,
2018-06-27,83.70060034355245,84.15628961577129,83.12133072403918,83.62335968017578,6229200,,
2018-06-28,83.73921022248965,84.41889031032571,83.64653085970107,83.94002532958984,4297400,,
2018-06-29,83.97092925447603,84.57336874656136,83.26035989933108,84.08678436279297,4721400,,
2018-07-02,83.9554749325235,84.95954463526715,83.65425520022748,84.5965347290039,4711900,,
2018-07-03,83.86279481317953,84.6274290581114,83.46116457862472,84.03271484375,3769100,,
2018-07-05,84.11767465210536,84.666049181375,83.41482468968108,84.61198425292969,4870400,,
2018-07-06,84.56564789525086,84.97499752562257,84.16402351053785,84.61971282958984,4387300,,
2018-07-09,84.2876058702291,84.418911488178,83.04410637136064,83.22947692871094,7866400,,
2018-07-10,85.43838970567604,87.27660275744931,84.71237006258183,87.19164276123047,16107200,,
2018-07-11,86.9985680795527,87.23027827188092,86.58149326894289,86.92133331298828,5521400,,
2018-07-12,86.92133532375846,87.05263501921884,85.70873119347729,86.14125061035156,5500100,,
2018-07-13,86.2571085591587,87.1144280692428,86.21076887514397,87.03719329833984,4417100,,
2018-07-16,86.93680537076419,87.36933080689359,86.31119590355003,87.2457504272461,5413600,,
2018-07-17,87.63963671161304,88.84451569139061,87.63963671161304,88.7286605834961,6783800,,
2018-07-18,88.75954247780726,88.82133264518406,87.96401322389369,88.69003295898438,5379000,,
2018-07-19,88.64369429745653,90.04938830537047,88.62824970072568,89.41605377197266,9241300,,
2018-07-20,89.40060244331339,90.20385694344075,88.99125289546578,89.6014175415039,27559700,,
2018-07-23,89.22295318903336,89.57824369016475,87.72457999539564,88.35018920898438,7769300,,
2018-07-24,88.15712223344558,88.75956176468891,87.9331372475102,88.62053680419922,5095100,,
2018-07-25,88.77500890944118,89.33882808326771,88.43516882047017,88.9835433959961,4762300,,
2018-07-26,89.70182412151127,90.28881894081893,88.72864958551288,88.82133483886719,5096300,,
2018-07-27,88.64368271460773,89.09165256552443,88.0721384280859,88.26522827148438,4563700,,
2018-07-30,87.87905097427934,88.5046601982588,87.79409096946304,88.18799591064453,3621800,,
2018-07-31,88.55873545998222,89.19978931128635,88.13393541456848,88.82133483886719,4892100,,
2018-08-01,88.37338927375583,88.4583493062197,87.45428530208488,87.7477798461914,4169000,,
2018-08-02,87.74004941003176,88.76728909259879,87.34614436396544,88.58192443847656,4167200,,
2018-08-03,88.64367893572289,90.13433269891776,88.33473991356294,89.82539367675781,3934500,,
2018-08-06,90.5591489169061,91.47825858260154,90.28882427777073,90.65955352783203,6704800,,
2018-08-07,89.94126874267658,89.94126874267658,87.68598023324054,88.21891021728516,6919600,,
2018-08-08,88.45061208744875,88.70549215034066,87.63963810456858,87.65508270263672,5172900,,
2018-08-09,88.14167148122984,88.14167148122984,87.57012118765323,87.81727600097656,4115400,,
2018-08-10,87.73231767612532,88.02581807380307,86.94451353488834,87.17622375488281,3711900,,
2018-08-13,87.12988130806625,87.38476138069727,86.51199718692438,87.29207611083984,3170100,,
2018-08-14,87.04492156924663,87.65508633937783,86.5892322493843,87.35386657714844,3836700,,
2018-08-15,87.0912444363096,87.84815332099132,86.69733950665355,87.6241683959961,6513300,,
2018-08-16,87.84818325399755,88.61282353551142,87.5624139602729,88.2420883178711,4504600,,
2018-08-17,88.04899417223359,88.8908633055905,88.04899417223359,88.79045867919922,3391600,,
2018-08-20,88.81361663836714,89.47784627516576,88.51239690686954,88.69776153564453,3676000,,
2018-08-21,89.01442691520478,89.01442691520478,87.77865296952936,87.83271789550781,4667700,,
2018-08-22,87.81728049221732,87.90996576169212,86.4733764943301,86.68963623046875,3860900,,
2018-08-23,86.63555228875053,86.68189785963773,86.12579815006798,86.45018768310547,4508800,,
2018-08-24,86.4038574751053,86.91361166965922,86.34979254700661,86.6201171875,3677700,,
2018-08-27,86.95224545792973,87.09898977540246,86.37297575609306,86.8209457397461,3155700,,
2018-08-28,86.67419249669686,86.85183189916785,85.64695284715276,85.86321258544922,5229400,,
2018-08-29,85.9636076200219,86.59694212210297,85.90181745088354,86.54287719726562,2403200,,
2018-08-30,86.40384101314804,86.68189084543343,86.15668626140926,86.47335052490234,2119100,,
2018-08-31,86.32663048963191,86.95224577690307,85.93273133363601,86.51200103759766,4248800,,
2018-09-04,86.3652299341923,86.57376438441166,85.30709540958176,85.73189544677734,4576300,,
2018-09-05,85.54654705653613,87.40793054373694,85.5002014756507,87.36931610107422,4392100,,
2018-09-06,87.21977173389317,88.41125516499504,86.78367477646385,88.38789367675781,4808300,0.928,
2018-09-07,87.88169851011557,88.387885828687,86.83817918567209,87.79603576660156,3833800,,
2018-09-10,87.9362031662576,88.76946310318321,87.7648776937613,88.44239044189453,3289700,,
2018-09-11,87.1029814081153,88.58260411568567,87.1029814081153,88.25553131103516,2807300,,
2018-09-12,88.23993677946883,88.95638947765438,88.02967742700059,88.66046142578125,3651400,,
2018-09-13,89.15885902276568,89.5638113197755,88.53586417245381,89.54823303222656,3808100,,
2018-09-14,89.47035236803953,89.47035236803953,88.55921868363176,89.22115325927734,2698300,,
2018-09-17,89.24452997386727,89.90646466244907,88.94860783840315,89.8675308227539,3092600,,
2018-09-18,89.92984100130454,89.92984100130454,88.53588106844921,88.76171875,4081200,,
2018-09-19,88.73833467156123,88.96417231075672,88.35674980461928,88.59815979003906,2844900,,
2018-09-20,88.95639701085838,89.95319361628924,88.86294510108308,89.72735595703125,3375900,,
2018-09-21,89.75851495351104,89.96098519815047,89.43143620952239,89.48595428466797,6989500,,
2018-09-24,88.8551797837271,89.33800586830804,87.37555682641727,87.43006896972656,3387400,,
2018-09-25,87.71817084667043,87.8038335986621,87.03287477211265,87.1964111328125,3538700,,
2018-09-26,87.43003956368767,87.88950399536903,86.68244216058638,86.83040618896484,4053500,,
2018-09-27,86.77588730228317,87.5312737904846,86.37094096850666,86.47996520996094,3841500,,
2018-09-28,86.86155735371142,87.25872051888162,86.37094822594308,87.06403350830078,5945300,,
2018-10-01,87.3365937797754,87.59358205862758,86.18404406761702,86.21519470214844,5064700,,
2018-10-02,86.01271224929084,86.52668876935444,83.87115529844374,84.66548156738281,6702200,,
2018-10-03,85.04706590253622,85.43643989125292,83.45841931560702,83.7309799194336,6107500,,
2018-10-04,83.20923675537061,83.63755060472435,82.39155478120902,83.0223388671875,4930300,,
2018-10-05,82.74198852660548,83.33383876694597,82.53172914643774,82.92888641357422,3438100,,
2018-10-08,82.82762884009928,84.36954638696348,82.7886890677403,84.25273895263672,3994100,,
2018-10-09,84.63432386101047,84.83679998302458,83.7309734253899,84.19822692871094,4105600,,
2018-10-10,83.78549204808762,85.1560901520846,83.48178081217004,83.59080505371094,5796200,,
2018-10-11,84.26831919497675,84.47858447922266,81.69066525206867,81.81526184082031,5755100,,
2018-10-12,82.0021810730895,82.3604045025783,81.40254168137592,81.98660278320312,4543000,,
2018-10-15,81.9242781739827,83.0534662140765,81.90091668718335,82.25914001464844,3805700,,
2018-10-16,82.78868868251416,83.86336460432052,82.42267621299317,83.6297378540039,4061600,,
2018-10-17,83.48958492447211,84.71221923071012,83.47401257633524,84.34620666503906,4495900,,
2018-10-18,84.47859151623221,85.15609852076442,83.75435558832196,84.05027770996094,4093700,,
2018-10-19,84.56425482964035,86.12954020203708,84.48638120653202,85.88813018798828,5109000,,
2018-10-22,85.7323699560572,86.35537077248713,85.07043530196044,85.19503784179688,5477700,,
2018-10-23,84.82901647178495,86.0750120334833,84.35397973554753,85.76351165771484,4484100,,
2018-10-24,85.8180528126902,88.9019010406432,85.62336575463839,87.96739959716797,8222900,,
2018-10-25,87.96738426250212,88.20879427116245,86.76811148099746,87.88172149658203,6712900,,
2018-10-26,86.92385791826031,87.26650301396874,85.42087397110721,86.0127182006836,5872800,,
2018-10-29,86.66686150331059,88.23992977414895,86.55004812060157,87.91285705566406,5706000,,
2018-10-30,88.58258744381477,88.95638910833253,87.6870260308329,88.59815979003906,4900400,,
2018-10-31,88.38013519504666,88.38013519504666,86.58901782609173,87.5157241821289,6449500,,
2018-11-01,87.21978067766071,88.10755296996254,86.42546028926606,86.83819580078125,5736700,,
2018-11-02,86.82262444858569,87.29766126732055,85.37415249988209,86.57342529296875,6705700,,
2018-11-05,86.97837618323766,89.11993343344352,86.65908661407356,89.08099365234375,5270400,,
2018-11-06,88.80064336536161,89.82859060202993,88.66825761656848,89.71956634521484,3913400,,
2018-11-07,89.90645672980277,90.15565585909475,89.1199255056669,90.03105926513672,4219600,,
2018-11-08,89.85195889689294,90.72415895882625,89.75072377686459,90.38150787353516,2925100,,
2018-11-09,90.39707153069931,91.66642866360597,90.39707153069931,91.48731994628906,5026300,,
2018-11-12,91.11353330778243,92.14148062539465,90.88769563191758,91.09017181396484,4781900,,
2018-11-13,91.69760157991124,91.69760157991124,90.4983286254762,91.22256469726562,3609900,,
2018-11-14,91.45616160876322,91.48731223988477,90.54502198723992,90.84095001220703,4423800,,
2018-11-15,90.66964760482817,91.10574466885095,90.02328521252518,90.9577865600586,4045700,,
2018-11-16,91.15247168636802,92.26608175839334,90.98892934941257,92.16484069824219,4484300,,
2018-11-19,91.95458931138053,93.07598268448116,91.86892653367028,92.67882537841797,4673900,,
2018-11-20,93.2940150513424,93.66781077328628,90.16344468783916,90.33477020263672,5087800,,
2018-11-21,90.24911517672915,91.02786326243144,89.4937285829777,89.77407836914062,3245000,,
2018-11-23,89.38469774482681,90.77865742856079,89.38469774482681,89.87531280517578,1444700,,
2018-11-26,90.24134139312791,90.66965528972213,89.54825595418627,90.22576904296875,2972500,,
2018-11-27,89.84416142405959,90.74750603993367,89.47814890315232,90.67742156982422,2884700,,
2018-11-28,90.31920419710214,92.29721907578323,89.99991463504158,92.28164672851562,3989400,,
2018-11-29,92.20377248447568,92.56978502723452,91.45617505179595,92.10253143310547,2878700,,
2018-11-30,91.99352139122263,95.00727902035423,91.99352139122263,94.96055603027344,8051100,,
2018-12-03,93.82356330472903,94.15842518827488,91.51068075342118,92.65544128417969,6112600,,
2018-12-04,92.95916074105055,93.92480669970419,91.46395990729894,91.73652648925781,7018200,,
2018-12-06,91.29540530358815,92.13528199402039,89.5607069425479,91.71141815185547,5191700,0.928,
2018-12-07,91.34248899003526,91.8212977269938,90.56540242369445,90.91077423095703,4615500,,
2018-12-10,91.3660296629224,91.53871555461606,89.84326060549883,91.2011947631836,4150600,,
2018-12-11,91.75849815040843,92.77106055482582,91.585812253578,92.06462097167969,5545100,,
2018-12-12,92.88879574756099,93.085028632938,91.3738836214607,91.83699035644531,4889700,,
2018-12-13,91.94690082181934,93.32053132614392,91.92335382848523,92.89666748046875,6181200,,
2018-12-14,92.08818456709572,92.26872148867301,89.2231827339927,89.44296264648438,7404200,,
2018-12-17,89.77262747934414,90.32207719309875,88.06932138959937,88.59523010253906,6015300,,
2018-12-18,88.86996027761339,89.11328716704416,86.93117818961774,87.78675079345703,5846200,,
2018-12-19,88.40683293639609,88.84639864984098,86.0520384298097,86.37386322021484,6915400,,
2018-12-20,86.49948085345015,87.85741548497074,85.71454906353298,86.50733184814453,8468300,,
2018-12-21,87.09600231249276,89.6077868149571,85.40839831632422,85.88720703125,13263600,,
2018-12-24,86.44452171463509,87.19805539095734,83.17135812382973,83.22630310058594,3354000,,
2018-12-26,83.37541803243319,85.11796677731645,82.4413477079026,85.03162384033203,4537000,,
2018-12-27,84.59206880216475,85.92645600337927,83.22628960950964,85.88720703125,5175900,,
2018-12-28,86.41309568419238,87.20587808170876,85.73020919307504,86.62503051757812,5410300,,
2018-12-31,86.79775314563163,87.19806402080782,85.80873747758534,86.7192611694336,5019100,,
2019-01-02,85.67528191377333,86.35816854580854,84.95314630788553,85.7773208618164,4835400,,
2019-01-03,85.48689891044074,86.46021236618263,84.81185729104891,84.97669219970703,5975900,,
2019-01-04,85.98142341835339,86.81344914544968,84.96100976211709,86.7192611694336,6293900,,
2019-01-07,86.35033398140567,86.64075486423654,85.28282643992462,85.97356414794922,5220300,,
2019-01-08,86.4523653038063,86.97042303046989,85.88721359782888,86.79773712158203,6407700,,
2019-01-09,86.60150813659092,87.02537193522856,84.37229919433594,84.37229919433594,8521300,,
2019-01-10,84.30951781221104,85.03949855321035,84.27026883130512,84.89036560058594,7905000,,
2019-01-11,84.66271151549392,85.16506719312497,84.49002562845475,84.898193359375,5939000,,
2019-01-14,84.65487388374983,84.74121684089582,83.95628522215256,84.23886108398438,5804600,,
2019-01-15,84.34873837882594,85.61247857452,83.77574173668518,85.5496826171875,4508000,,
2019-01-16,85.54970417743101,85.59680415157658,84.53714156732875,85.03949737548828,4953500,,
2019-01-17,84.88250465444622,85.92646514318402,84.84325567814213,85.73023223876953,4612200,,
2019-01-18,86.31892320412297,86.57795205195266,85.69097557093929,86.39741516113281,5142700,,
2019-01-22,86.23258635159235,86.52301320046999,85.38485878342478,86.27183532714844,5298200,,
2019-01-23,86.09129340775127,86.96256791506953,85.95785648031938,86.91547393798828,5197400,,
2019-01-24,86.58578952987887,86.58578952987887,85.0944245106596,85.94999694824219,4478000,,
2019-01-25,86.46021542566987,86.80558125141408,85.58894088582275,85.83226776123047,5074800,,
2019-01-28,85.52613443635767,86.02849011090044,84.77260092454353,85.41624450683594,4055900,,
2019-01-29,85.5025882988537,86.04419294869743,85.17291850701494,85.55753326416016,4301500,,
2019-01-30,85.51043783758051,87.3157766587954,85.1964640460708,86.9861068725586,5023800,,
2019-01-31,87.10386626938917,88.61878459535697,86.50731653783598,88.43824768066406,6183400,,
2019-02-01,88.65801368118665,88.9170425226471,87.48061638933264,88.06147003173828,5010500,,
2019-02-04,88.07717615029539,89.01124669219172,87.79460028868898,88.76791381835938,3665000,,
2019-02-05,88.72080572291061,89.12112246125832,88.296941997934,88.61876678466797,4593400,,
2019-02-06,89.01909471203197,89.15253164540253,88.1478201659373,88.73651885986328,4209400,,
2019-02-07,88.55598491643107,88.82286478063844,88.03793316252133,88.76791381835938,4227700,,
2019-02-08,88.64230307939557,88.72864601232175,87.85737168083139,88.71294403076172,3868300,,
2019-02-11,88.82286787184061,89.15253772567021,88.41470006262503,88.6737289428711,4851100,,
2019-02-12,88.87781536554583,89.8746759485267,88.08503270440143,89.31737518310547,6765300,,
2019-02-13,89.56854213492886,90.05520186531157,89.19177234551118,89.5763931274414,5528000,,
2019-02-14,88.69727497994904,88.69727497994904,87.81814939064033,88.37545013427734,6359200,,
2019-02-15,90.93430720635281,91.27182796910374,89.56852816132536,90.98140716552734,8889500,,
2019-02-19,91.68001638933522,91.81345332861471,90.42412099583642,90.99712371826172,5596100,,
2019-02-20,90.85582891529285,91.55441753110807,90.58895505691515,90.91862487792969,6038900,,
2019-02-21,90.65961163424195,91.78206420830328,90.63606464133672,91.13056945800781,4825900,,
2019-02-22,91.13842142510438,91.65647324021306,90.73025358187577,91.64862823486328,4865400,,
2019-02-25,91.97043379256525,92.07247873285941,90.82443437945535,91.09915924072266,3755900,,
2019-02-26,91.34248485898837,91.44452380263176,90.60464729995226,91.02851104736328,4074600,,
2019-02-27,90.69099308017218,90.81657901561289,89.80402257404187,90.55755615234375,4175100,,
2019-02-28,90.79336321832533,91.96448475268299,90.37397701848329,91.50553131103516,5586300,0.928,
2019-03-01,91.67961616322008,92.08317908265488,91.18110152423361,91.93283081054688,3629100,,
2019-03-04,92.22562333671189,92.52631387849719,91.39475947211972,91.9249267578125,4383100,,
2019-03-05,91.7745638612624,92.43924997372716,91.52134924168828,91.81412506103516,3785400,,
2019-03-06,91.6163078041376,92.44717154398357,91.45805091898275,92.31265258789062,4770700,,
2019-03-07,91.95656519236604,92.84281944237112,91.55300228850238,91.86952209472656,4858300,,
2019-03-08,91.65589097186138,91.99614876747589,90.41355549245294,91.18111419677734,5003300,,
2019-03-11,91.23646575226219,92.35219039532109,90.98325117789258,92.25723266601562,4821600,,
2019-03-12,92.38386580054025,92.74786146382328,91.79830808457305,92.2414321899414,4356400,,
2019-03-13,92.48672919067532,93.02481103147149,92.15438612236053,92.24934387207031,5968600,,
2019-03-14,92.47090086646004,92.56585861098281,91.3551700074897,91.39473724365234,8986600,,
2019-03-15,91.53718557943255,92.20978644269842,91.29188557964599,91.5213623046875,18194200,,
2019-03-18,91.92492407324949,92.89030688593844,91.82997234551873,92.79534912109375,9476000,,
2019-03-19,92.86657072211436,93.96647252810581,92.77952761196131,93.4442138671875,6751700,,
2019-03-20,93.42839653784311,94.54412772784787,92.85866197589299,93.626220703125,5733500,,
2019-03-21,93.38091206800347,94.69446126517434,93.38091206800347,94.51246643066406,4305600,,
2019-03-22,94.55994674086072,95.97636842486371,94.52037949474274,95.52532958984375,6668100,,
2019-03-25,95.16133460150445,95.97636916607047,95.01890096633952,95.6281967163086,4275400,,
2019-03-26,96.11087672534522,96.6647879238924,95.9526198326823,96.55400085449219,4583000,,
2019-03-27,96.90215717929007,97.47980621214849,95.89721339974047,96.45111846923828,5318500,,
2019-03-28,96.4511272973705,96.91008070388365,96.21373593893598,96.41156005859375,3694700,,
2019-03-29,96.7676346646811,97.13954492779715,95.96050897938412,96.97337341308594,5758800,,
2019-04-01,97.00502421655388,97.24241555491882,96.21372780482072,96.53816223144531,5025700,,
2019-04-02,96.45905936719757,96.74392663390351,96.19001537659122,96.28497314453125,3242600,,
2019-04-03,96.2849525596506,96.72016802327114,95.54113196259472,96.18999481201172,4534400,,
2019-04-04,96.38785054526774,96.64106525159274,95.88142113261775,96.11881256103516,3022500,,
2019-04-05,96.02382673298531,96.27704136534447,95.60444056411981,96.23748016357422,3971500,,
2019-04-08,96.31660020209803,96.56981481236815,95.91303734172263,96.53816223144531,3140100,,
2019-04-09,96.3324488159633,96.69644453666258,95.62819530722341,96.6727066040039,3864400,,
2019-04-10,96.81510890085633,97.09206142075631,96.26911851508554,96.56980895996094,2681100,,
2019-04-11,96.82305807997633,97.13166328892312,95.8814131394332,96.27706146240234,3399700,,
2019-04-12,96.1662655082137,96.79930514168261,95.86557500272832,96.72017669677734,3501100,,
2019-04-15,96.88636273670548,98.12078356581824,96.82305755646527,97.85174560546875,4419800,,
2019-04-16,97.50355043241024,97.97832709935776,96.45112469531611,96.86260223388672,5263700,,
2019-04-17,98.91207845283257,100.58171482008552,97.99417146697549,100.5025863647461,7318200,,
2019-04-18,101.4679420476431,101.49167997558988,100.2810033905141,100.56586456298828,6331200,,
2019-04-22,100.31266747964735,100.68457784815645,99.60841398753544,100.05154418945312,3707000,,
2019-04-23,100.24143615252754,100.9219515935286,99.79831206522003,100.56586456298828,4464100,,
2019-04-24,100.81909800003415,101.27013679950608,100.23353419663196,100.43135833740234,3517200,,
2019-04-25,99.42640208568913,100.01987443474364,99.05449178101023,99.80622100830078,4433700,,
2019-04-26,100.11482628498138,100.6924753618545,99.79831252807257,100.0198745727539,3033800,,
2019-04-29,99.8141436253246,100.46300653723155,99.71918586854063,100.24935913085938,2793400,,
2019-04-30,100.53422684416012,101.594561299634,99.97240099356394,101.32552337646484,4963600,,
2019-05-01,101.16725402011281,101.28594969983992,100.50256787302187,100.68456268310547,3810800,,
2019-05-02,100.68456636966556,100.9298723933136,99.83787934437659,100.36013793945312,2875900,,
2019-05-03,100.57378727136077,101.42838293144008,100.43135365516198,101.02482604980469,2854900,,
2019-05-06,100.73205695683515,100.99318023979015,100.3047560795718,100.70831298828125,2883900,,
2019-05-07,100.20979071035529,100.45509069943552,99.05449851675571,99.68753814697266,3558900,,
2019-05-08,99.54511232819723,100.28892700927582,98.87250540449705,99.71919250488281,3844700,,
2019-05-09,99.52138229452125,100.13068412813328,98.79339078680331,99.74295043945312,3127200,,
2019-05-10,99.81415582253707,101.50753011754308,99.40268423375186,101.29387664794922,3720400,,
2019-05-13,100.51046691621085,101.2384641985333,100.20186180058677,100.62125396728516,4297200,,
2019-05-14,100.9377814443436,101.6895107181735,100.72413404178683,100.819091796875,5150300,,
2019-05-15,100.57380168253387,102.76569071782578,100.57380168253387,102.3542251586914,3751900,,
2019-05-16,102.37003257426244,103.46202569583741,101.88734118747338,103.08220672607422,4812900,,
2019-05-17,102.80524791147106,103.55697723071087,102.59159445889475,103.27210998535156,4011700,,
2019-05-20,102.90019664707144,103.22463112596473,102.51246907036055,102.86064147949219,3965600,,
2019-05-21,103.32750403391513,103.32750403391513,101.9585643953078,102.1168212890625,4080800,,
2019-05-22,102.15639155990638,103.37498295959747,102.03768983040068,102.9239501953125,3588000,,
2019-05-23,102.55201181184471,103.58068740768766,102.480785963919,102.84478759765625,3901400,,
2019-05-24,103.1296702795725,103.24835992026193,102.04559798052257,102.47289276123047,2702700,,
2019-05-28,102.47289060208377,102.7894043534038,100.7795166766477,100.9931640625,8806000,,
2019-05-29,100.95362434168669,101.53126749415038,100.36806049550806,101.42048645019531,5502700,,
2019-05-30,101.40462932301776,102.00602231744374,101.11185351734717,101.76863098144531,2710300,,
2019-05-31,101.28596496582031,101.64204602155769,100.48675370811998,101.28596496582031,4191200,,
2019-06-03,101.17520624771105,102.20389447120854,100.88242426727184,102.06145477294922,3588700,,
2019-06-04,102.67072814518772,102.7182040066733,101.30178848403551,102.13265228271484,4242400,,
2019-06-05,102.25133289831352,104.13462239895688,101.96646568035256,103.96844482421875,5084200,,
2019-06-06,104.48256734787755,105.43110647277486,104.06807710787426,105.19994354248047,5528000,0.955,
2019-06-07,105.88546353895613,107.37603054393622,105.68619098088253,106.38763427734375,6332700,,
2019-06-10,106.15645125583009,106.55499629672921,105.50284371332282,106.48326110839844,2957900,,
2019-06-11,106.85789941713209,107.0810836774626,105.76588984604136,106.17240142822266,3553600,,
2019-06-12,106.81802955214602,107.16078458643747,105.7419653191923,106.12456512451172,3302800,,
2019-06-13,106.37166811502752,106.64267582159533,105.09633129213988,105.96515655517578,2851400,,
2019-06-14,106.0209518985201,106.44340868678213,105.66226377902233,105.79776763916016,3291800,,
2019-06-17,105.7898095852909,106.20429988412461,105.12822327685872,105.6303939819336,2725800,,
2019-06-18,107.14485855732606,107.14485855732606,105.10430968023199,105.26372528076172,4378200,,
2019-06-19,105.26371699571192,106.24413441630259,104.68184462639238,105.89342498779297,4349900,,
2019-06-20,106.70645910573681,107.16877287225718,106.28400228096719,106.9376220703125,3847500,,
2019-06-21,106.93762147506663,107.25645268203584,106.51516465264852,106.77820587158203,7696300,,
2019-06-24,107.32818059202742,107.79847300992765,106.76225341368678,106.92166900634766,3685800,,
2019-06-25,106.79413423624673,107.19267930880153,106.44341262637765,106.65863037109375,4176300,,
2019-06-26,106.06080905649728,106.62674839130854,105.45502494592702,105.4709701538086,6024100,,
2019-06-27,105.41517960390414,105.56662868886458,104.72171501764447,104.96881103515625,4750900,,
2019-06-28,105.43907918490929,105.54270479165095,104.2274988074948,104.52243041992188,6318500,,
2019-07-01,105.20791034948037,105.44702761226607,104.474589030806,105.11225128173828,3544800,,
2019-07-02,105.28762419280717,105.7339926849925,104.69778532640339,105.55863189697266,3233300,,
2019-07-03,105.997032393456,106.88180284339086,105.82965029252806,106.8021011352539,2859200,,
2019-07-05,105.92529743497528,106.403556335341,104.85719967513813,106.02892303466797,3356000,,
2019-07-08,106.09269742899355,106.32384820698975,105.2477717043622,105.66226196289062,5854500,,
2019-07-09,106.01299626244236,106.33182747637467,104.19563158523955,105.0086669921875,8233200,,
2019-07-10,105.53472766169938,107.17674353544693,105.11227086855286,107.13688659667969,6141500,,
2019-07-11,106.97745817538079,107.39991491786581,106.29196026373229,107.08905029296875,3944200,,
2019-07-12,106.81007375463071,107.15281666070642,105.70211899845727,106.23616790771484,4481200,,
2019-07-15,106.49125185907643,106.93762040943764,105.65430474583376,106.92964172363281,3077900,,
2019-07-16,106.87384955382639,107.79847705362593,106.05284766632714,106.65066528320312,4019700,,
2019-07-17,106.74631352795252,107.03326647410148,105.59053522024696,105.83763122558594,4105100,,
2019-07-18,105.702125393377,106.17240566335899,104.83330004796,105.91734313964844,3698600,,
2019-07-19,106.14849777009664,106.16444297922715,103.62968988323783,103.6934585571289,5022000,,
2019-07-22,104.01229631884225,104.26735883802418,103.3267983147598,103.84490203857422,4411700,,
2019-07-23,104.52245071649519,105.40722140032483,103.94854475062556,104.21158599853516,4145800,,
2019-07-24,104.57819796575478,104.57819796575478,102.52170445572455,102.99199676513672,4669700,,
2019-07-25,102.52970509293033,103.24708132933837,102.33839908732757,102.81665802001953,3335200,,
2019-07-26,103.17534260819308,104.75357757187115,102.59347025134224,104.59416198730469,4580800,,
2019-07-29,104.81736634203214,105.26373492948282,104.56229162769928,104.84127807617188,4533400,,
2019-07-30,104.689800886007,105.2796518826112,103.80503047241497,104.00430297851562,3367900,,
2019-07-31,104.00433584029359,104.00433584029359,100.62467477173838,101.87610626220703,5757600,,
2019-08-01,102.79275092427025,103.14346037307627,101.04711547134296,101.342041015625,6199400,,
2019-08-02,101.31016192228567,102.68116410327026,100.83190902459812,101.96377563476562,5573300,,
2019-08-05,102.30651414908633,102.9441764675006,98.74351452366963,99.15800476074219,6192800,,
2019-08-06,99.46089146404827,101.23043227685875,99.14205424061421,100.79203033447266,6258600,,
2019-08-07,100.7521982406917,102.29854902808232,99.34134524074656,101.85218048095703,6149000,,
2019-08-08,102.10725489351445,103.42244879932059,101.2304508478899,103.19926452636719,3702100,,
2019-08-09,103.39056889444399,103.41448062597667,101.48551783769966,102.50579833984375,2929500,,
2019-08-12,102.3862431726215,102.94420393140375,101.92393543590887,102.3065414428711,2920800,,
2019-08-13,102.25072407846288,103.92461826849244,101.97971634487882,103.56591796875,4088200,,
2019-08-14,103.23911617404242,104.04417282001839,102.6652103122633,102.92027282714844,6232700,,
2019-08-15,103.3507116928116,104.59417037988572,103.14346046987895,104.19562530517578,3701800,,
2019-08-16,104.75359703697922,105.47098554477623,104.13186762780086,105.02460479736328,3405000,,
2019-08-19,105.2717124535887,105.89344185962041,105.16808683170619,105.67025756835938,3101200,,
2019-08-20,105.85357638161544,106.09270586372536,105.16009966723358,105.26372528076172,3160300,,
2019-08-21,105.94125518438622,106.52312759070513,104.91300207565074,105.48690795898438,2936900,,
2019-08-22,105.0166492868765,105.95721002307083,104.67390628855813,105.74200439453125,2484200,,
2019-08-23,105.57459539174641,106.2919838749941,103.25505997238547,103.83694458007812,4239500,,
2019-08-26,104.27533492713872,106.61080313150865,104.0919954431648,106.60283660888672,3954100,,
2019-08-27,106.9694793087291,107.89410666009867,106.55498908869643,107.41584777832031,7187800,,
2019-08-28,107.20861946619183,107.87817223750716,107.03325866951927,107.75861358642578,3972600,,
2019-08-29,108.09340189282216,108.75498821456961,107.22457649880234,108.42021179199219,3045200,,
2019-08-30,108.49193017878383,109.28902025072769,108.21294378855177,108.98612213134766,3742800,,
2019-09-03,108.68323794209978,109.73539052960949,108.30860462918321,109.56800842285156,2989800,,
2019-09-04,109.84699455778077,110.93900420038959,109.4006260078861,110.91509246826172,3201700,,
2019-09-05,111.40068587433889,111.40068587433889,108.79224047713963,109.1373519897461,4994600,0.955,
2019-09-06,109.89978445958245,110.29306205370494,109.16942928003887,110.2529296875,3051600,,
2019-09-09,109.47444152832031,109.69916815122178,108.69591992516796,109.47444152832031,4062100,,
2019-09-10,108.94471536167501,109.56270733553215,108.09395073815867,109.04102325439453,4175000,,
2019-09-11,108.56750000127032,109.78744087531189,108.2544870834111,109.44232940673828,5005100,,
2019-09-12,109.7473014134958,110.99131904307447,109.7473014134958,110.188720703125,4146900,,
2019-09-13,109.21759483965563,109.9158515485248,108.89654812254105,109.50653076171875,4008200,,
2019-09-16,109.46642080044155,109.55470713488641,107.85320204923904,108.25450134277344,2953600,,
2019-09-17,108.31867510546384,109.40217549395531,107.95749606262149,108.91259002685547,4013300,,
2019-09-18,109.0008787215306,109.15337436577491,107.62844241668928,108.7520751953125,2647800,,
2019-09-19,108.67986268290575,109.02497414952362,108.41500371595953,108.73603820800781,2804500,,
2019-09-20,108.35082073613941,108.96079131814409,107.93346599756576,108.11807250976562,6671100,,
2019-09-23,108.31871270415175,108.952760211131,108.31871270415175,108.7039566040039,3346500,,
2019-09-24,109.3540522083704,109.51456946869767,108.01371410228066,108.63973999023438,4798500,,
2019-09-25,108.51933954891278,108.88050639454138,107.95751084829031,108.42301940917969,3579500,,
2019-09-26,109.04905003277594,109.41825071694944,108.35881485976694,108.92866516113281,4309600,,
2019-09-27,109.34602951918974,109.34602951918974,108.08594393274295,108.83236694335938,3559400,,
2019-09-30,109.2095491520396,110.54185293219791,109.04901970558532,110.03622436523438,3705200,,
2019-10-01,109.89978445958245,110.71041661821467,109.22560479538281,110.2529296875,3638900,,
2019-10-02,109.86771671547085,110.26099441984671,107.1388865020234,107.50005340576172,5728600,,
2019-10-03,111.11172560423202,112.16312755963352,109.5546827326653,110.702392578125,8829700,,
2019-10-04,110.63015894884909,112.72494123302718,110.45358632361726,112.5885009765625,5278700,,
2019-10-07,111.79392199874913,112.05075935654303,110.73449851454751,111.03145599365234,4273300,,
2019-10-08,110.47766902499909,111.11975021853371,110.02019428803126,110.14861297607422,4074900,,
2019-10-09,110.21279986273449,110.89500104142961,109.81952230324366,110.63817596435547,3065300,,
2019-10-10,110.04426234082501,110.95922398727244,109.66704012945222,110.6702880859375,2191000,,
2019-10-11,110.82280320012848,111.32041035500946,110.02822627022515,110.46965789794922,2761400,,
2019-10-14,110.63017448571455,110.9993751848714,110.14862273291835,110.3171615600586,2371500,,
2019-10-15,110.3412189932125,110.718441201769,109.28179552734673,109.4182357788086,3369300,,
2019-10-16,109.26575954425195,109.54667391855205,108.81630634271679,109.49048614501953,2812000,,
2019-10-17,110.01217547957134,110.45359482996639,109.63495322813233,109.92388916015625,2322500,,
2019-10-18,110.17271129857458,110.25296380914268,109.33800191122508,109.35405731201172,3630400,,
2019-10-21,109.42628274273376,109.74732950890908,108.8805216102586,109.24971008300781,2829400,,
2019-10-22,109.6750792753309,110.2369080183165,109.40219872665173,109.68311309814453,3248100,,
2019-10-23,109.64298175813519,110.35729393446192,109.64298175813519,110.3171615600586,2323600,,
2019-10-24,110.51779243708307,110.84686070601325,109.78742498555879,110.6702880859375,2292500,,
2019-10-25,110.58202267138864,110.6943859738799,109.33799252094013,109.66706085205078,2520000,,
2019-10-28,109.59478445100406,110.39738263483173,109.27373782946715,109.61083984375,3212600,,
2019-10-29,109.81955446714977,110.05230264412408,109.10524229043939,109.21760559082031,2550300,,
2019-10-30,109.04102020725524,110.18873005235743,108.67985337296965,109.87571716308594,2653700,,
2019-10-31,109.7954878188863,110.38138135121706,109.23367126413882,110.09244537353516,4492300,,
2019-11-01,110.39742254322235,111.03146994911515,109.71520894167978,109.8998031616211,3054900,,
2019-11-04,109.79545542966528,110.03623738115088,108.13407098642554,108.47919464111328,3202400,,
2019-11-05,108.21434998327301,108.4310549928426,106.42455887711036,107.55621337890625,4300800,,
2019-11-06,107.9495058826467,108.25449725314932,107.18703970307223,107.90135192871094,3645600,,
2019-11-07,107.8772708607259,107.94950178889034,106.84191190364241,107.00244140625,3338700,,
2019-11-08,106.97832860861055,107.65252052961797,106.40046906395679,106.84992218017578,2604000,,
2019-11-11,106.7696974975329,106.7696974975329,105.91894488746229,106.25603485107422,2227200,,
2019-11-12,106.48874971863177,106.48874971863177,105.61392040277933,105.92693328857422,3246500,,
2019-11-13,106.44863448862779,107.20307897795796,105.95101513055116,106.97834014892578,3166600,,
2019-11-14,107.22717256967904,107.47597616393753,106.52890349437699,107.01046752929688,2141900,,
2019-11-15,107.27530605554945,107.48397723263616,106.58507093542596,107.39569091796875,3648700,,
2019-11-18,107.54818242163793,108.90457563702131,107.47595150697569,107.5963363647461,3619700,,
2019-11-19,108.06988100058355,108.39894931831424,107.60438465681938,108.00568389892578,3019100,,
2019-11-20,107.79700573495813,108.5113179310267,107.06663813934827,107.33953094482422,3047700,,
2019-11-21,107.09072651609965,107.71676469804238,106.81784592825466,107.47598266601562,3391200,,
2019-11-22,107.48398825453141,107.97357382304054,106.76165451258466,107.60438537597656,3014900,,
2019-11-25,108.07790896887052,108.17421686282127,106.91414367913768,107.41175079345703,3612400,,
2019-11-26,107.7809234517541,109.04903027222053,107.44383362555597,108.91259002685547,4947400,,
2019-11-27,108.91258757819102,109.57072406693241,108.61563012417166,109.08113861083984,2476100,,
2019-11-29,109.20152380820313,109.4904596889005,108.55944271257806,109.01692962646484,2978400,,
2019-12-02,109.67509814699797,109.67509814699797,107.90136202869759,109.0571060180664,3866300,,
2019-12-03,109.68312469512016,109.68312469512016,107.8050469603239,108.72000885009766,5000000,,
2019-12-04,108.31066595562466,110.25295287090623,107.98159762889959,110.19677734375,4228200,,
2019-12-05,110.07146756850634,110.35433712738727,109.32790675786813,110.19269561767578,3351800,0.955,
2019-12-06,110.45943130217339,111.28381919542957,110.19271720928289,111.01710510253906,3216900,,
2019-12-09,110.84738628529145,111.5667017102159,110.72615819835046,110.85547637939453,3882900,,
2019-12-10,111.21914301309344,111.21914301309344,110.05530436212611,110.1361312866211,2940200,,
2019-12-11,110.76654759522077,111.16256748145597,110.17655047958242,110.80696105957031,3339100,,
2019-12-12,110.56452777107863,111.45356260723786,110.52411429387553,110.87164306640625,3502100,,
2019-12-13,110.66958297752035,111.73643953132488,110.07150793898862,111.48589324951172,3557900,,
2019-12-16,110.68572299509066,111.14641429994329,110.04723464178369,110.77462768554688,4701000,,
2019-12-17,110.76655831727997,111.08176363778539,109.66737857584536,110.0553207397461,5491800,,
2019-12-18,110.76657892652506,110.96863397296802,109.61890774262439,109.8936996459961,5370500,,
2019-12-19,110.09572028525807,110.51599810360314,109.87749745020963,110.29777526855469,3641700,,
2019-12-20,111.05750830263418,111.63942766378032,109.23901338216696,111.46969604492188,10311300,,
2019-12-23,111.28382671790894,111.63944553246846,110.5968347050135,110.75847625732422,2992900,,
2019-12-24,110.79892492885887,111.03331573676529,110.13619065409915,110.63728332519531,1220600,,
2019-12-26,110.61300476450901,111.00094696427841,109.99876192050243,110.4756088256836,2934700,,
2019-12-27,110.62916652682878,111.19491810626258,110.42711151042676,111.16258239746094,2554000,,
2019-12-30,110.48365848858545,111.51010122048065,110.3058491229829,110.57256317138672,3024700,,
2019-12-31,110.47560236362291,110.93628138656625,109.94217416235423,110.45943450927734,3229400,,
2020-01-02,110.6210898729157,110.91204962518214,109.22287244263082,109.77246856689453,3784100,,
2020-01-03,109.48149292696831,110.55641473626686,109.21477883172383,109.61888885498047,4000100,,
2020-01-06,109.35219716013194,110.17658522953691,109.27137020593983,110.03917694091797,4085100,,
2020-01-07,109.91792499589238,109.97450631804415,108.26107145409485,108.30956268310547,5718100,,
2020-01-08,108.67329882924147,109.4006921118052,108.35809342913558,108.86726379394531,3681400,,
2020-01-09,109.34408193699717,109.41683111203636,108.72983915666543,108.93997192382812,3954700,,
2020-01-10,109.24709581646485,109.44915081627316,108.61668520365959,108.7298355102539,3099500,,
2020-01-13,108.82684036012674,110.39478945451349,108.8106848361874,110.34629821777344,5127200,,
2020-01-14,110.06339355226626,110.67764864432448,109.67545140580634,110.60491180419922,4159700,,
2020-01-15,110.75846093384268,112.54463252077721,110.56449603088893,112.50421905517578,5002600,,
2020-01-16,112.62549187863769,113.28014827950895,112.01932671746624,112.83562469482422,4977900,,
2020-01-17,113.23164819099408,114.21767776270708,113.06999429467852,114.16917419433594,6908700,,
2020-01-21,113.64382343304725,114.86423128721734,113.42560056317649,114.65409851074219,4440000,,
2020-01-22,114.61366479574507,116.03613974664712,114.54092796278955,115.88257598876953,5366100,,
2020-01-23,115.64819832791794,116.2624534285932,115.06627893383539,116.10079956054688,3915700,,
2020-01-24,116.24628639710714,116.50491038938405,115.13093882848749,115.51080322265625,2791500,,
2020-01-27,114.48436172957875,115.86642340007515,113.99943711354024,114.8803939819336,3895300,,
2020-01-28,114.87233275743168,115.51082124348785,114.57328291874401,115.12287902832031,2908300,,
2020-01-29,114.76724936014392,115.13094592331446,114.09642522553808,114.54902648925781,3263200,,
2020-01-30,115.02589936818956,116.35137994048779,114.37932077213802,116.24630737304688,4058500,,
2020-01-31,116.2301329594295,116.90903489737495,114.41972779157493,114.7834243774414,4753100,,
2020-02-03,115.38959612392333,115.63206463931411,114.63794495945803,115.17945098876953,3977800,,
2020-02-04,115.73712041331719,116.43219021999994,114.84808566776702,115.75328826904297,3494300,,
2020-02-05,116.12503964054086,116.86052277474415,115.92298464757017,116.62614440917969,3504900,,
2020-02-06,116.90094449016732,117.43437266904685,116.4402654865597,116.65039825439453,3571400,,
2020-02-07,116.59384187952054,117.77384880050792,116.24631311230561,117.490966796875,3138500,,
2020-02-10,117.94352941217386,118.33956162073788,117.29696332894915,117.7253189086914,3775600,,
2020-02-11,118.16985373722855,118.29108180641073,117.0868295452133,118.06478118896484,3870500,,
2020-02-12,118.54970579815229,118.59820935828387,117.47478403151372,118.06478118896484,4217400,,
2020-02-13,117.39396019380236,118.91341780741368,115.9957429850301,118.37998962402344,5041400,,
2020-02-14,118.46082674565235,118.9295835541308,117.95164413295943,118.80027770996094,3555600,,
2020-02-18,118.89724954596444,118.96998638914309,117.51518786327532,117.67684173583984,4938700,,
2020-02-19,117.69297608790811,118.38804568455409,117.58791588858894,117.6202392578125,2978800,,
2020-02-20,117.81425808501866,117.83850370361459,116.34329145040603,117.32124328613281,2805900,,
2020-02-21,117.24041305434324,117.93548287704799,117.03835801672511,117.87891387939453,4271800,,
2020-02-24,117.88699290936788,118.92959148841024,115.21986391762525,115.2845230102539,5027700,,
2020-02-25,115.24408824959058,116.69080897346004,113.61149270899482,114.03984832763672,7585800,,
2020-02-26,115.12286238256704,116.1816286425685,114.08834173672905,114.7510757446289,6157200,,
2020-02-27,114.2904006964721,115.68861793558673,110.16847349167537,110.21696472167969,8605000,,
2020-02-28,107.68724121314762,108.09942898867153,103.73504576061717,106.70928955078125,14164000,,
2020-03-02,106.68505374015008,111.34848719385,106.4587530976011,111.1949234008789,8504500,,
2020-03-03,110.87971072705419,112.88409299967135,108.8995740693609,109.57847595214844,8728300,,
2020-03-04,110.07151827986617,115.34111778493818,109.92603222137886,115.08248138427734,7635700,,
2020-03-05,112.94654702413686,115.07024533013,111.20527805255198,112.36884307861328,6579100,0.955,
2020-03-06,107.04739010223525,112.42579787848332,106.9578850971706,111.68534851074219,6754900,,
2020-03-09,105.92451350935498,108.50388168451816,104.29715877792302,105.90824890136719,8716300,,
2020-03-10,107.44607747132402,109.49654750562442,103.2230907881876,109.14665985107422,8258600,,
2020-03-11,106.25000742758554,107.84480834457044,103.84965512332657,105.57465362548828,7465100,,
2020-03-12,99.34999314916156,101.70965846717296,92.42559786251427,93.84953308105469,12808300,,
2020-03-13,98.1945781138153,103.81708510324783,93.62984790368377,103.70317077636719,12007700,,
2020-03-16,93.32064929637424,100.74952063324918,91.13185542509403,92.01876068115234,10733300,,
2020-03-17,94.95613243527596,104.03677351007751,94.70389447470862,103.92285919189453,14242300,,
2020-03-18,98.32475875937853,103.92286237462805,92.57206068349736,98.38985443115234,15250800,,
2020-03-19,98.8048418151611,99.34186564326896,94.43539216853696,95.47689819335938,9393500,,
2020-03-20,96.20922077489047,96.38009229591191,82.52316619683312,84.56549835205078,13093200,,
2020-03-23,86.2498110966852,91.83977750353812,83.70300287177537,85.58259582519531,13926800,,
2020-03-24,89.44756778360464,93.10911653197911,88.99191037032426,92.62904357910156,11447000,,
2020-03-25,91.73398474861402,94.67949905619957,90.35073570588139,91.53870391845703,9485500,,
2020-03-26,91.70957033666969,99.10590043133641,91.60379451950395,97.85283660888672,10376800,,
2020-03-27,96.47772942854193,101.4248895288311,96.00579504489872,98.01557922363281,9852500,,
2020-03-30,98.95130145611009,102.39315311545583,98.86993496397749,102.10023498535156,6916800,,
2020-03-31,101.66084229096333,102.27923255982603,97.2588451856314,97.72264099121094,7091700,,
2020-04-01,95.41994911589936,99.51275178759073,94.11806647450355,96.11157989501953,6873000,,
2020-04-02,95.37927869422509,101.85615092743919,94.77715907516183,100.78209686279297,6181800,,
2020-04-03,100.23691713483676,102.01073404865457,99.6266591077141,101.37606048583984,5552000,,
2020-04-06,104.68773794429629,107.5111995339087,101.94564285363963,106.72193145751953,8242200,,
2020-04-07,107.9831266800183,109.91153802824515,106.01401656537703,106.16861724853516,6253900,,
2020-04-08,105.48513350996558,108.4550509374101,105.07016252187383,107.9017562866211,5241100,,
2020-04-09,107.4786346809198,109.91153434783833,107.00670034340396,108.73170471191406,5502400,,
2020-04-13,107.15317982199801,108.50388729875066,105.31426093426212,106.50223541259766,3785000,,
2020-04-14,108.39809530161965,112.8000926531728,107.69019999490365,112.6129379272461,6278700,,
2020-04-15,111.58772478097941,111.92946781943185,108.78867237186505,109.87086486816406,5773100,,
2020-04-16,111.449418310342,111.449418310342,108.91074825235344,110.36722564697266,4564000,,
2020-04-17,112.06779693065106,112.28749332878658,109.77323287098318,111.92134094238281,4866500,,
2020-04-20,111.42497393835696,111.78299394487391,109.44773159899485,109.48028564453125,3995400,,
2020-04-21,107.5193256916195,108.17027006178405,106.2581233023753,106.54291534423828,4359500,,
2020-04-22,107.76343325362016,108.76425294588448,106.77074586542156,107.9098892211914,4084600,,
2020-04-23,107.81226604741236,109.14669661733215,105.80248167953404,105.9896240234375,5527700,,
2020-04-24,106.48596018175816,109.69999592936206,106.3069501557644,109.32569885253906,4063100,,
2020-04-27,109.37451992422025,110.01733205421495,108.94327187455758,109.40707397460938,4009200,,
2020-04-28,111.29478633514172,112.02709097987112,109.56979433554653,110.92050170898438,6674200,,
2020-04-29,111.28665132778838,111.45751661339983,108.13771163419692,108.51200866699219,6706800,,
2020-04-30,107.73902240673291,108.35741273175654,106.1197999878238,107.64137268066406,6783000,,
2020-05-01,106.68937577137469,107.59255817401595,105.38749939232794,105.89197540283203,4488000,,
2020-05-04,105.91639897780577,106.87654488664042,105.22478055033453,106.52665710449219,5245300,,
2020-05-05,107.11247727139478,108.48759386918447,106.40458200667256,107.13688659667969,3580000,,
2020-05-06,107.06370245098893,107.59258793631909,106.33952986770208,106.41275787353516,4192200,,
2020-05-07,107.03925323486328,107.40540554334221,105.87568821863054,107.03925323486328,5528000,,
2020-05-08,108.27606092018132,109.97664375890501,107.77971719422925,109.21991729736328,4209100,,
2020-05-11,108.5689613175128,110.82285102158339,108.35740967916395,109.34196472167969,3591100,,
2020-05-12,109.65115146795017,110.96931717258624,108.10516952209144,108.1702651977539,3914600,,
2020-05-13,108.3655515629016,109.41520237517962,106.95789311924464,108.18655395507812,5168500,,
2020-05-14,107.9831458754259,108.67476429706294,105.90012105802512,108.2842025756836,5522200,,
2020-05-15,108.84561241490107,112.0108165140015,108.0481997470884,110.61942291259766,20338200,,
2020-05-18,111.35176187471734,112.27935365339388,109.89527231419018,110.26956939697266,8480300,,
2020-05-19,109.38264888739334,109.65116392410475,106.91720731436281,107.18572235107422,6640300,,
2020-05-20,107.84481280972781,107.95872716565748,106.05472475266154,106.80330657958984,8213100,,
2020-05-21,106.57545910183003,106.94975615725446,105.46072507110641,105.94893646240234,4886300,,
2020-05-22,105.46072192642274,106.29067630058523,105.10270190557887,106.16861724853516,3429200,,
2020-05-26,107.35660930325659,107.44611432319077,105.28986153958871,105.57465362548828,5579300,,
2020-05-27,105.5502284438217,106.461543116676,104.62263674731463,106.4371337890625,5686500,,
2020-05-28,106.76261205616305,107.9993927062103,105.86756199229747,107.64137268066406,4974400,,
2020-05-29,107.41353784682644,107.60069256853853,106.0384336141594,107.03925323486328,13337900,,
2020-06-01,107.07994176491611,108.99207604402451,106.74633107930916,108.21095275878906,4049200,,
2020-06-02,108.25978043228143,108.8781707859276,106.68937659585414,107.91803741455078,5327500,,
2020-06-03,108.41437483383838,109.26059381686943,107.89362182526594,108.0726318359375,5421200,,
2020-06-04,107.90287401023465,109.51826119340407,106.74668089722711,107.06649017333984,5229700,1.023,
2020-06-05,107.4190920122015,109.48547804895435,107.23049710976692,108.59988403320312,7075700,,
2020-06-08,107.73068967525722,108.6244790865851,107.61589115006007,108.41128540039062,5613000,,
2020-06-09,108.09968565416074,109.18206997758507,107.46009207393249,109.03447723388672,6446900,,
2020-06-10,109.2886728984834,110.83026383911269,109.19847316233805,109.98567199707031,7069900,,
2020-06-11,110.05947919309763,110.8138713731888,104.51632386832334,104.82791900634766,8541000,,
2020-06-12,105.90211537245538,106.54170905901553,104.49173234221968,105.77912139892578,7039500,,
2020-06-15,105.19690423545032,107.38629671782643,103.7537209532001,106.99269104003906,5481000,,
2020-06-16,108.79666375618986,109.10826509582883,106.69748370664324,107.96847534179688,5197700,,
2020-06-17,108.14890048101877,109.09188763728703,107.8209082124306,108.04229736328125,3309700,,
2020-06-18,107.7635089612412,109.16570289215814,107.11571981380831,108.87870025634766,3417200,,
2020-06-19,110.2152715839787,110.55147174571228,107.59949168773682,107.64868927001953,8310100,,
2020-06-22,107.05010931685234,108.04229403160274,106.5581084170388,107.4601058959961,3379900,,
2020-06-23,107.92749578035978,108.7966865285471,107.40270065812767,107.71430206298828,3625600,,
2020-06-24,107.02550302027987,107.47650172814222,105.51670620560384,106.2383041381836,4853500,,
2020-06-25,105.89389198967461,108.01767078597703,105.00010265237202,107.75527954101562,4442000,,
2020-06-26,107.97669135438349,108.54248862650923,105.00832017262522,105.72171020507812,7372700,,
2020-06-29,106.74669414839721,107.74708671633516,106.13169933263707,107.48469543457031,4173900,,
2020-06-30,108.09970233468655,108.91150008659655,107.29611252231592,108.4522933959961,4626700,,
2020-07-01,108.67366854526287,109.56745788979262,108.18987569038163,108.53427124023438,3633000,,
2020-07-02,109.50188096101971,110.01848065512617,108.68188780191873,108.93609619140625,2769200,,
2020-07-06,109.12468474307829,109.83807474597015,108.49328654404765,109.30508422851562,4221600,,
2020-07-07,108.46049567784765,110.3874720415319,108.37849135934947,109.5264892578125,4424500,,
2020-07-08,110.01028117396895,110.44487653130923,109.19028804508504,110.05947875976562,3798200,,
2020-07-09,108.97706959995294,109.8298693651115,108.01767924822514,108.82128143310547,4005200,,
2020-07-10,108.54249139471615,110.6088776767137,107.64870184655591,110.25628662109375,5932800,,
2020-07-13,112.15045462504672,113.21644810837034,110.26446807948973,110.6252670288086,8960000,,
2020-07-14,110.36287290155192,112.29805719826543,110.08407823889799,111.12547302246094,6766800,,
2020-07-15,110.98609263096722,111.67488396574929,109.26410178190787,109.6249008178711,5561300,,
2020-07-16,109.9282781839774,110.17427862803424,109.10008961815839,109.78068542480469,3788100,,
2020-07-17,110.41205725965186,110.74825740721585,109.51007242758115,110.4202651977539,3229300,,
2020-07-20,110.37927403895151,110.37927403895151,108.38668425728163,109.14928436279297,3620300,,
2020-07-21,109.87907553730962,111.85526191368358,109.70687148076966,110.2316665649414,5435400,,
2020-07-22,111.15825782066425,111.72405503710024,109.616666855546,111.52725219726562,3522300,,
2020-07-23,112.00283912963084,112.54403750413945,111.10085435088318,112.4046401977539,5011400,,
2020-07-24,112.33084492597234,113.68382836332272,111.0188511287052,111.56824493408203,3300000,,
2020-07-27,111.13364332482288,112.96222409684648,110.57605412557241,112.888427734375,3607700,,
2020-07-28,113.1426536761278,113.64285000846802,112.41286025800218,112.65066528320312,3787500,,
2020-07-29,112.65065261251594,113.97903738973248,112.37184545790518,113.10163879394531,3179000,,
2020-07-30,112.5358670265376,113.33945682883038,111.91266421030407,112.90486145019531,2817600,,
2020-07-31,112.55224428816413,112.91304324091419,110.8630605658355,112.8802490234375,4304100,,
2020-08-03,112.42924825109625,112.74904504200408,111.51905545972767,112.09304809570312,2819200,,
2020-08-04,112.76543604959551,112.82282905085336,111.53544660210196,112.72443389892578,2553500,,
2020-08-05,113.28205741788474,113.28205741788474,111.33048207836926,111.72407531738281,2924000,,
2020-08-06,110.92046582077229,111.75684974148743,110.92046582077229,111.40425872802734,2692900,,
2020-08-07,111.46988030210709,112.1422682360526,111.00247816100904,112.1258773803711,3692100,,
2020-08-10,111.78146218447947,112.24065630534295,111.01066669070089,111.50265502929688,3052000,,
2020-08-11,112.31445468672469,112.7080478670565,110.38746591783698,110.7974624633789,3301200,,
2020-08-12,110.97787503441639,113.71664927877522,110.90407865041882,112.99506378173828,4424600,,
2020-08-13,112.4210500561644,113.65923503413855,112.4210500561644,113.24104309082031,2393500,,
2020-08-14,113.24926231606266,113.29845990654472,112.50306549480887,112.79826354980469,2461700,,
2020-08-17,112.7490264113578,113.88881606877776,112.38003210006771,113.09342193603516,2862500,,
2020-08-18,113.6592335726027,113.6592335726027,112.3718385189391,113.24923706054688,2638600,,
2020-08-19,113.72486617187248,113.80685798984612,111.60108665116267,111.88807678222656,3682200,,
2020-08-20,111.24026065902838,112.46204230119986,111.21566186838741,112.10945129394531,2263000,,
2020-08-21,111.82246185925678,112.06026687952914,110.90407353514905,111.89627075195312,4295600,,
2020-08-24,111.89626000693897,112.89664004272039,111.60925742716393,112.86384582519531,3177800,,
2020-08-25,113.37225420646081,113.47066189771785,112.09306682904771,112.58506774902344,2597400,,
2020-08-26,111.99465482379532,113.70024190813275,111.83065871247659,113.54444122314453,6019700,,
2020-08-27,113.74123837804943,114.74161836071488,113.08524145346667,113.48703002929688,4159300,,
2020-08-28,113.5854434960261,114.76623551809946,112.5358533679834,114.74983215332031,3355400,,
2020-08-31,114.24144158486916,115.63542731446441,113.9790377942105,114.84822845458984,3828700,,
2020-09-01,115.00404798049892,115.19264291586586,113.57725528729272,114.13485717773438,3421700,,
2020-09-02,114.40546808609726,117.93144175900017,114.26607072732146,117.49683380126953,4918200,,
2020-09-03,117.91224162252038,118.96111216224698,114.0718480758677,115.10420989990234,6642400,1.023,
2020-09-04,115.34372617357482,115.88054928716987,113.09730581151028,114.60041809082031,4836400,,
2020-09-08,114.22876828683475,114.49305896092567,111.0078044593077,111.9493179321289,4901500,,
2020-09-09,111.90800383634289,114.35264178978237,111.82540986279393,113.23768615722656,4282300,,
2020-09-10,112.81649046690671,113.60108283049517,110.57007042243842,111.29684448242188,6050500,,
2020-09-11,111.67676028444451,112.6347949666882,110.85912528117372,112.16403198242188,3411900,,
2020-09-14,112.75868933174887,113.55980313292518,112.15579354187823,112.87431335449219,2779000,,
2020-09-15,112.71739130255797,113.34507536489292,111.83369612300622,112.00712585449219,4080800,,
2020-09-16,112.55223567964794,112.81652640533991,111.31340125763649,111.47857666015625,3353500,,
2020-09-17,110.16538199436062,111.12341668313694,108.76137259298655,110.00846099853516,5186400,,
2020-09-18,110.42967044637749,111.32161985385169,107.37386977212877,108.57967376708984,8473000,,
2020-09-21,107.67120757257291,108.44754570080863,106.83706373376292,108.38973999023438,4402700,,
2020-09-22,108.1915284677173,109.7524591758785,107.73728670564412,109.14129638671875,3951000,,
2020-09-23,109.59552254267072,109.69463784160192,107.24174527776648,108.19151306152344,5909900,,
2020-09-24,108.55491583223849,109.27343565091279,107.29956028752754,108.67053985595703,4316600,,
2020-09-25,108.10066979205412,110.52878679555549,107.78682776785185,110.29753875732422,4576000,,
2020-09-28,112.3540244409237,114.45179124642527,112.04844929764893,113.947998046875,7487500,,
2020-09-29,114.51783349641858,115.24460763878814,113.254223653423,113.27899932861328,4330500,,
2020-09-30,113.96452191371115,114.955587013068,113.06429258150669,114.46831512451172,7060700,,
2020-10-01,115.16204509878503,116.32655243156083,113.5515629375392,116.2852554321289,6483900,,
2020-10-02,115.02987920713277,115.55019358252747,112.48613824153023,114.02229309082031,5130200,,
2020-10-05,114.06359127413572,114.28658495192987,113.1303321725407,113.91492462158203,4519800,,
2020-10-06,113.97272915873694,114.64996446794973,111.618939493978,112.07318115234375,5031000,,
2020-10-07,112.27141045908309,113.57631726292769,112.12274380949444,113.15510559082031,4347300,,
2020-10-08,113.37808347980652,114.080094434204,112.94861750998439,113.84884643554688,2977400,,
2020-10-09,114.55084729404227,115.01334330147512,113.89013331110777,114.33612060546875,3194000,,
2020-10-12,116.5495181900073,118.5068848069492,115.44282932265129,117.38367462158203,6167200,,
2020-10-13,117.45800442199321,118.92808670785497,117.20198069610667,118.54817199707031,4293200,,
2020-10-14,118.55642987291725,119.0189259361217,116.97072368389946,117.70576477050781,3641000,,
2020-10-15,116.58256090820927,117.25152936429046,116.13657353610631,116.8055419921875,3306800,,
2020-10-16,117.06982789693873,117.95353564504987,116.55778047777765,117.05330657958984,5076000,,
2020-10-19,116.73121669005988,117.71402719273891,115.00511069231734,115.36023712158203,3223200,,
2020-10-20,116.45040921097396,116.63210589308596,115.13724804649657,115.38501739501953,2750900,,
2020-10-21,115.36023426161962,116.0209483531145,114.88122946241077,115.29417419433594,2560100,,
2020-10-22,115.4593578543403,115.7897086227637,114.80689807390416,115.30243682861328,2909000,,
2020-10-23,115.80624435239935,116.06226812009743,114.83168804075353,115.26115417480469,2758400,,
2020-10-26,114.5839044582749,114.86470384096587,112.65958056735268,114.02229309082031,3431100,,
2020-10-27,114.44351408168637,115.53368166877658,114.22052038807126,114.89774322509766,3390800,,
2020-10-28,113.27070919777059,113.73321777821333,110.6196116781461,110.80956268310547,5196000,,
2020-10-29,110.47096318065014,112.01538495005582,109.2321290630059,110.66092681884766,3856500,,
2020-10-30,109.78547349702623,110.53703588650426,108.77790000821145,110.08279418945312,4303900,,
2020-11-02,111.99886456762901,112.51091197453076,110.48748541924516,111.61894989013672,3126400,,
2020-11-03,112.83301380388653,114.46828400544506,112.55221441245355,113.17988586425781,3293900,,
2020-11-04,114.79863783265428,117.02853691042785,113.69194895286587,113.85712432861328,4576300,,
2020-11-05,115.08768916179591,115.84750587266383,113.53501310798175,114.01403045654297,3667800,,
2020-11-06,114.4352064373774,115.43453792216218,113.41936624195229,114.28655242919922,2867000,,
2020-11-09,117.27629308734409,118.63900553661472,114.11313521928892,114.3443832397461,6111300,,
2020-11-10,113.1385612073398,117.63965463447514,112.47784735517578,117.04501342773438,5284500,,
2020-11-11,117.9865775736955,119.12630914630084,116.95421567157443,118.84549713134766,4389800,,
2020-11-12,119.13453898438243,119.53922930346677,117.90395931358661,118.7959213256836,2570100,,
2020-11-13,118.73814240875592,119.66313465866708,118.32519763974926,119.51448059082031,2580400,,
2020-11-16,119.75396614948066,120.79458228410246,119.49794244507888,120.38163757324219,3399000,,
2020-11-17,119.15109555628429,120.66247502937546,119.01895019641208,119.95220947265625,2924000,,
2020-11-18,120.15862712405146,121.05058899367344,118.34992771637937,118.41600036621094,4335200,,
2020-11-19,118.00308460443125,118.68030737714338,117.55709725955542,118.3664779663086,4263500,,
2020-11-20,118.63904013633586,119.4566754055954,118.1022169184459,118.44908905029297,3469100,,
2020-11-23,118.35820813107227,118.6390075031287,117.17719233573793,118.11870574951172,3443300,,
2020-11-24,118.25912901876332,119.2254182991175,117.95355391188605,118.95287322998047,4472300,,
2020-11-25,119.29970590240336,119.68787487843834,118.68028893239912,119.0602035522461,2278300,,
2020-11-27,119.44013847766661,119.9852285859482,119.07674507214556,119.42362976074219,1596000,,
2020-11-30,119.30800565536235,119.44840536157379,118.00309870095295,119.1180419921875,4906900,,
2020-12-01,119.77877067922384,121.10019911314392,119.34105018842885,120.63770294189453,3999200,,
2020-12-02,120.4807686434137,121.35620952869546,118.83724394231692,119.44013977050781,4432900,,
2020-12-03,118.96019063207447,120.57383245393264,118.96019063207447,120.14962005615234,4757900,1.023,
2020-12-04,119.66722005531823,121.42226221786315,119.65059372752964,121.31414031982422,3592600,,
2020-12-07,121.17273417952642,121.90469878072626,120.2910564690924,120.91488647460938,4217300,,
2020-12-08,120.88159577230853,121.57196902330774,120.01654457198487,121.03963470458984,3623800,,
2020-12-09,121.07291094948572,121.5220756071381,120.00824221617609,121.18104553222656,3842000,,
2020-12-10,121.47213615283081,121.68007942477213,120.12466781204304,120.33261108398438,3985000,,
2020-12-11,119.46757279804177,120.69028025384704,119.28458170316955,120.58214569091797,2975500,,
2020-12-14,120.81506418255451,121.82982855971143,119.81693882406397,119.9666519165039,3952400,,
2020-12-15,120.24111643840385,120.83168091956018,119.68382998844373,120.4157943725586,3183300,,
2020-12-16,119.75870071927959,120.99804734534555,119.69215734084801,120.51561737060547,4915800,,
2020-12-17,120.81506396417896,121.60524600939517,120.75683374487811,121.19768524169922,3312500,,
2020-12-18,121.71336134902637,122.35383020081069,121.02298814107584,122.21241760253906,8980400,,
2020-12-21,120.60709230434381,121.15606556363505,119.33448055261834,120.9397964477539,3946900,,
2020-12-22,120.27439923597859,120.60710341002459,119.34280470331855,119.7919692993164,2653700,,
2020-12-23,120.18289163310833,121.10616021913435,119.8335484778349,120.11634826660156,2645100,,
2020-12-24,120.46570104847012,120.6985965039301,119.8917755718543,120.6570053100586,883300,,
2020-12-28,121.25590059823418,122.76973397072332,121.05627045373,122.19580841064453,2493500,,
2020-12-29,122.83625920797327,123.74290163531542,122.137572771,122.62000274658203,3186700,,
2020-12-30,122.6615978086511,123.09412343691038,122.27897654291169,122.52851104736328,2224900,,
2020-12-31,122.66989157426288,123.48503833936418,121.97120522576185,123.3519515991211,2076800,,
2021-01-04,122.27896638815052,122.91943526828918,118.06188311135304,119.99991607666016,7486900,,
2021-01-05,119.83354321075348,120.75679906434993,118.86035762373506,120.35755157470703,4126000,,
2021-01-06,117.83730816272762,119.44263704450864,117.77076478345595,118.88533782958984,4843300,,
2021-01-07,118.78555411397807,119.06835401653034,117.40480726007526,118.50275421142578,4473200,,
2021-01-08,118.50272382352422,120.10803993975863,117.82898959062372,119.925048828125,4312000,,
2021-01-11,119.80028747231461,120.03318294225808,117.85394131985073,118.1866455078125,3902700,,
2021-01-12,117.80403721050108,118.11178921961049,115.99076511426836,117.6376724243164,5150000,,
2021-01-13,117.37980122451248,119.14316860784741,117.27999252630721,118.60250854492188,4361600,,
2021-01-14,117.67926730303739,118.47777514941484,117.3382499411314,117.91216278076172,4724700,,
2021-01-15,117.65432025640861,118.61086708123358,116.88909041165995,117.60441589355469,4309100,,
2021-01-19,118.42790913359329,118.59426128699374,117.64604005156987,118.16173553466797,5158600,,
2021-01-20,117.31326783876631,117.92878447769293,116.3816860646934,117.55448913574219,5019300,,
2021-01-21,116.68946293461893,117.10534955704047,115.40022455859418,116.12386322021484,5684100,,
2021-01-22,116.03236068413634,116.06562602751632,114.97600517293505,115.27544403076172,4014900,,
2021-01-25,114.83460629800359,116.72273502125817,114.4353587145515,116.59796142578125,3829000,,
2021-01-26,117.53788396904197,118.18666613308507,116.24031964095576,117.9454574584961,4242500,,
2021-01-27,116.87248221849359,118.38631598088077,114.41043992808783,114.81800079345703,6659800,,
2021-01-28,115.47508199589457,117.10535046093302,114.58507852495369,115.77452087402344,5514000,,
2021-01-29,114.8761547734979,115.1672803628212,113.12942662125235,113.59523010253906,6778100,,
2021-02-01,113.93628692626953,114.75143378283153,113.03797036661145,113.93628692626953,4185700,,
2021-02-02,114.32719070297284,116.05727998112006,113.62019130276603,115.10074615478516,3581600,,
2021-02-03,114.57674065388143,115.57486580178846,114.01114105707906,114.80132293701172,3609600,,
2021-02-04,114.57675930253086,116.24861888009275,114.57675930253086,116.18207550048828,3860300,,
2021-02-05,116.85579266664773,118.21157401838907,116.22363706750211,117.2467269897461,4437900,,
2021-02-08,117.43804504581114,117.95374030214252,116.0323464877722,116.78093719482422,4112200,,
2021-02-09,117.38815148489792,117.40477781015665,116.02404399445287,116.11553955078125,3179300,,
2021-02-10,117.37982662034298,117.37982662034298,113.75329506269468,114.53516387939453,6966600,,
2021-02-11,114.6599613828146,114.95940029651116,111.74042880130969,112.26445007324219,7528000,,
2021-02-12,112.50564397223523,112.78845651989168,111.00013643720816,111.34947967529297,5659300,,
2021-02-16,111.92339471778973,112.13133800841936,110.95853480322401,111.773681640625,5180100,,
2021-02-17,111.5075159457019,112.34761502146475,111.34116383991837,111.8402328491211,3353000,,
2021-02-18,111.51581974334474,112.87160119457229,111.38273300830103,112.59711456298828,3935200,,
2021-02-19,112.29770248370433,112.38919804934307,110.03527821686706,110.21826934814453,5414900,,
2021-02-22,109.8273451146574,110.29314884148775,108.76267626560997,109.7857666015625,5792900,,
2021-02-23,110.33471362452676,111.74041241063316,109.21182738176617,110.4428482055664,6264300,,
2021-02-24,109.66930954209433,110.03527911578638,109.12864930732034,109.86892700195312,4944000,,
2021-02-25,109.25339182365973,109.86889573888709,107.96414109756454,108.1304931640625,5702300,,
2021-02-26,108.60463053324548,108.85415233451916,106.94108416821284,107.45677947998047,8329000,,
2021-03-01,108.63791181160792,109.76912401343526,108.41332946566737,108.64622497558594,5287300,,
2021-03-02,108.54639864308895,109.81901057734947,108.44658992411992,109.02051544189453,5614000,,
2021-03-03,107.96416501410833,108.57135590266475,107.28210489097083,107.41519165039062,7505800,,
2021-03-04,108.36510261810875,110.46113941923271,107.58538306882345,108.01296997070312,9102800,1.023,
2021-03-05,108.69210629773194,111.85293402879059,108.31482215424019,111.53433227539062,10186500,,
2021-03-08,111.7020032679039,112.49849479098448,110.66237707519889,110.77975463867188,8634900,,
2021-03-09,111.45886408622836,112.27212745493844,110.67075213773039,110.88035583496094,8930200,,
2021-03-10,111.10673522102991,112.74164155686667,109.44666467092348,111.99545288085938,7791700,,
2021-03-11,111.80261679037727,112.83386339469389,111.59301309395227,111.69361877441406,4458900,,
2021-03-12,111.60975353984574,112.17148981727202,111.20731809201047,111.54267883300781,5275100,,
2021-03-15,111.97869114555584,112.03738632884362,110.64561453506018,111.53433227539062,5389200,,
2021-03-16,111.57622229472031,112.83384425999914,111.29954392717592,112.35594177246094,5544700,,
2021-03-17,112.64940797005785,112.81708836387266,111.82776508512953,112.02897644042969,6199500,,
2021-03-18,110.97258332401945,111.5762430028456,110.17609182348886,111.1151123046875,6476700,,
2021-03-19,110.93067682115188,113.1943945628963,110.82167878694015,112.76680755615234,16114400,,
2021-03-22,113.71421063957713,115.86893015995774,113.26145945463487,115.5335693359375,7813400,,
2021-03-23,116.07855429489896,117.52062911964107,115.85217866260172,116.92536163330078,6978400,,
2021-03-24,116.54804387597973,117.4703053297062,116.35521204227159,116.38036346435547,5082300,,
2021-03-25,116.69055135745987,117.58766122374982,115.98628608252886,117.0678482055664,5827600,,
2021-03-26,117.05948058039687,119.89332694752463,116.64866547990026,119.64179992675781,6785600,,
2021-03-29,119.78433122104933,121.53662806369404,119.40704707924971,121.41085815429688,6105800,,
2021-03-30,120.46342936069206,121.3605393153627,119.15550435176918,119.50763702392578,4372700,,
2021-03-31,120.16158636879284,120.16996590922687,118.35898730653736,118.59374237060547,6257900,,
2021-04-01,118.37580915240085,119.3064502611051,117.47031946880779,118.45126342773438,4823400,,
2021-04-05,118.92913691980772,121.01678145115066,118.48477812757523,120.02745819091797,5980700,,
2021-04-06,119.92683461634638,120.89939875134228,119.52439913721447,120.45503997802734,4751900,,
2021-04-07,120.73174515386361,120.81559176083222,119.91010213699472,120.2370834350586,4849200,,
2021-04-08,120.46342936069206,120.86587766589469,119.09682196967354,119.50763702392578,6725100,,
2021-04-09,119.25612797216306,120.01069618889773,118.72792254453189,119.53280639648438,4950800,,
2021-04-12,119.22255855573326,120.28734872443218,119.09680147774176,119.91006469726562,4386700,,
2021-04-13,119.11359876360783,120.70658179290174,118.94590556625495,119.93524169921875,5283300,,
2021-04-14,119.5328016730681,119.65855877315622,118.41770847724084,119.14712524414062,4685300,,
2021-04-15,118.77822673023611,119.97716658252492,118.56862302397258,119.31481170654297,4777100,,
2021-04-16,120.27896469192669,121.000001762933,119.44055008811432,120.86585235595703,6481400,,
2021-04-19,121.14255143922716,122.07319232042948,120.11129208898014,121.36053466796875,6621200,,
2021-04-20,120.84072367381846,122.95351966178623,120.67303048695632,122.16542053222656,4999700,,
2021-04-21,123.54044683732985,123.91773100264044,122.58465431505122,123.230224609375,6316000,,
2021-04-22,122.60980653275243,122.95354693841131,121.88876916614632,122.46727752685547,4904400,,
2021-04-23,121.99769242331426,122.69357801137289,121.62040844726063,122.2659912109375,4354700,,
2021-04-26,122.03128283394012,122.2157351226693,119.87655054887442,120.19515228271484,5817700,,
2021-04-27,119.5747336998666,120.04424401562844,119.1639185701733,119.80110931396484,4693700,,
2021-04-28,120.3041403677809,120.4718207637204,118.82852217984723,118.91236877441406,4962700,,
2021-04-29,119.13876192140069,121.09225737242127,119.02976389102245,120.68144226074219,4699900,,
2021-04-30,120.16158715912061,120.932927059445,119.47408104326252,120.86585235595703,5051100,,
2021-05-03,121.59528470494479,123.0625104515124,120.8155651632159,122.23247528076172,6109800,,
2021-05-04,122.39179277879674,123.05414765585827,120.30414804865403,120.69820404052734,6603800,,
2021-05-05,120.49693639815133,121.20959386074124,120.31248417943843,120.63946533203125,5305200,,
2021-05-06,121.12578852101832,122.3750311924047,120.74011207974104,122.03965759277344,4472200,,
2021-05-07,121.76297917052565,122.40856215577047,121.20963511922481,122.03965759277344,4181000,,
2021-05-10,122.819359995556,124.07698190206847,122.50075835208487,123.01219177246094,5270600,,
2021-05-11,123.3895064015873,123.78356238685767,121.58691967226565,122.1151123046875,5266100,,
2021-05-12,121.46954549541573,122.19058276587747,120.60597923806212,120.92456817626953,5651700,,
2021-05-13,120.93295802417786,123.34758400204917,120.37960117360939,122.7187728881836,4849400,,
2021-05-14,123.41464700341663,124.00153476198876,122.76068453055146,122.90321350097656,4224700,,
2021-05-17,123.24698757134713,123.58234840664389,122.16543800329862,122.55110168457031,3747100,,
2021-05-18,122.9451622736876,123.2050688496859,121.8384612415019,121.99774932861328,4527300,,
2021-05-19,121.26829161598324,122.09832670553702,120.79878146992162,121.93063354492188,4432700,,
2021-05-20,121.77974640022427,123.85901146578948,121.66236884313254,123.43980407714844,3964600,,
2021-05-21,123.9764036787822,124.34530827130754,122.8445512715657,123.3308334350586,5194200,,
2021-05-24,123.78359061136227,124.37887089288479,123.25538506530691,123.95966339111328,3627800,,
2021-05-25,123.95959954628546,124.395565912483,123.25532158321425,124.33688354492188,4649300,,
2021-05-26,124.00990237367817,124.64709284263763,123.81705781108465,124.33688354492188,4462600,,
2021-05-27,124.55490406898792,124.73097681083927,122.77746873789306,122.83615112304688,9203600,,
2021-05-28,123.59072876480971,124.50459782663853,123.44819978396256,124.03508758544922,4913700,,
2021-06-01,124.73931811809186,124.79801327844923,123.32239545450423,123.775146484375,5530300,,
2021-06-02,124.25309506199015,124.52977353519545,123.43983152374349,124.26986694335938,4546900,,
2021-06-03,123.90248267525757,124.78923946330185,123.43798304692159,124.7132339477539,4651600,1.075,
2021-06-04,124.99194867663235,125.4902242981528,124.54434340487185,124.85681915283203,4427400,,
2021-06-07,124.78924062753147,125.20306991602968,123.90248383121414,124.78079986572266,4724100,,
2021-06-08,124.738565767284,124.88213603279141,123.23528547354903,123.61532592773438,5997200,,
2021-06-09,124.35852980372456,124.64567034510812,123.31974908833156,123.38731384277344,4008000,,
2021-06-10,123.56462722452619,125.00034243673002,123.41261623240553,124.65409088134766,4698200,,
2021-06-11,125.03417566493648,125.09328677620763,123.97004679545165,124.73014068603516,4364600,,
2021-06-14,124.54430566226287,125.52397508293969,123.97001180347908,125.47330474853516,3831900,,
2021-06-15,125.75204245300297,125.9800719367154,125.05108536133561,125.48179626464844,4256500,,
2021-06-16,125.71823555703023,126.06450007913803,123.93625549072617,124.23184967041016,5492100,,
2021-06-17,124.35849914885918,125.8364439604755,124.0713586782569,125.43106842041016,5316400,,
2021-06-18,124.97504713911894,124.97504713911894,122.65256173869115,122.81302642822266,10661700,,
2021-06-21,123.09171956383766,123.92781890195917,122.83835495652879,123.77579498291016,4904300,,
2021-06-22,123.91937167280861,124.56967119170125,123.5477719477271,123.96160125732422,3518000,,
2021-06-23,123.35354387093233,123.41266787260048,122.31476299681117,122.33165740966797,3901700,,
2021-06-24,122.34007165785597,123.25217645452268,122.12893664621993,123.0241470336914,3818900,,
2021-06-25,123.10015773073934,123.97003298439111,122.66100616643095,123.64911651611328,6387600,,
2021-06-28,123.9446669517787,124.6456365918031,123.82643188518757,124.18113708496094,4282800,,
2021-06-29,124.52739800014358,124.73853296212641,123.6406285824846,124.09668731689453,3197700,,
2021-06-30,124.51054895133836,125.25374841197865,124.31630832382014,125.13551330566406,4943700,,
2021-07-01,125.05950220509081,125.90404232299122,124.94126710405114,125.16084289550781,3997600,,
2021-07-02,125.7520215098413,126.4952209556998,125.46488095545408,125.7604751586914,3835500,,
2021-07-06,125.89558820508886,126.19116948300088,124.79768359096015,125.94625854492188,4313800,,
2021-07-07,126.08137683082255,127.2721813793533,125.83646588948945,126.50364685058594,4225000,,
2021-07-08,126.19119018172022,127.24686539026091,125.99694955161361,126.56278991699219,4216000,,
2021-07-09,126.18275595175454,126.94283698658927,125.98006166202352,126.24186706542969,4088600,,
2021-07-12,126.25026935995795,126.50362101073928,125.65064038424552,126.26715087890625,4873700,,
2021-07-13,127.65218875006256,129.98312690276185,127.31437797642889,129.18081665039062,8750800,,
2021-07-14,129.12171199586254,131.02192687682592,129.04570649342168,130.51519775390625,6390300,,
2021-07-15,130.1182866119652,131.20773756382582,129.43419837336478,131.11483764648438,4920600,,
2021-07-16,131.4779892040602,132.4576587578809,130.9966080751374,131.5962371826172,5852500,,
2021-07-19,131.73977982376329,133.0488063215165,130.70098649846412,131.57931518554688,5750200,,
2021-07-20,131.91715363967958,132.87148802285475,131.37664852147824,131.5962371826172,5213500,,
2021-07-21,131.15703934694213,131.84955531266235,130.54052887380303,131.1063690185547,4905900,,
2021-07-22,131.064208984375,131.54559024610361,130.0338688050081,131.064208984375,3333500,,
2021-07-23,131.37667622056023,133.2599973266806,131.1064300478109,132.7448272705078,3588400,,
2021-07-26,132.41541819427763,132.9897120834752,131.7735724467344,132.6519012451172,2999800,,
2021-07-27,132.85459335899085,133.99472758248749,132.618123175647,133.38665771484375,4043900,,
2021-07-28,133.09950347408997,133.40353837658034,131.6722288731396,132.1620635986328,3556800,,
2021-07-29,132.78703255606843,132.95593799395553,131.91715730862384,132.4323272705078,3055600,,
2021-07-30,132.9052423273497,133.09949578623258,132.2718373909685,132.550537109375,3757300,,
2021-08-02,132.59277464354838,132.68567455526173,131.3344054551869,132.01849365234375,3425900,,
2021-08-03,132.59275609263187,132.71943191512827,132.0100215358376,132.31405639648438,3359900,,
2021-08-04,131.90874074988335,132.3056756894107,129.94940122824522,130.10142517089844,4846300,,
2021-08-05,130.88683954589703,131.06419866203626,129.9493993872436,130.3209991455078,3733500,,
2021-08-06,129.86490456455567,130.7009908215291,129.7551102533748,130.3378448486328,3430900,,
2021-08-09,130.59966251196036,130.726338354802,129.8142465130273,130.35475158691406,2636600,,
2021-08-10,130.32096157275225,131.16550154835085,129.89869158495299,130.42230224609375,2670200,,
2021-08-11,130.658813089028,131.76515863054132,130.4561188125701,130.9375,3058000,,
2021-08-12,131.09793092723407,131.15705490847117,130.565879529384,130.9628143310547,1958700,,
2021-08-13,130.98819339773462,132.3141148432964,130.81927504424965,132.18743896484375,2113800,,
2021-08-16,132.53365963389666,133.53866432320856,132.3647542066154,133.47955322265625,3224000,,
2021-08-17,133.36131314444577,133.81735906970553,132.79547289656563,133.3528594970703,3736300,,
2021-08-18,133.167076938874,133.6062413996546,131.91716119766994,131.98472595214844,3419200,,
2021-08-19,131.5962158183644,134.63655178216038,131.56242700521693,134.20584106445312,4745600,,
2021-08-20,134.2227320013463,134.8139202929968,133.64845100411213,133.73291015625,3484100,,
2021-08-23,133.29372876334065,133.876463333472,132.8630180703398,133.3106231689453,3102100,,
2021-08-24,133.22621020286292,133.22621020286292,131.47800588655335,131.65536499023438,3760800,,
2021-08-25,131.20777663048628,131.46958205185712,130.194330885612,131.07264709472656,3346700,,
2021-08-26,131.33444947352052,131.46957900614973,130.13520386642455,130.5912628173828,3220700,,
2021-08-27,130.7685834395234,131.24997747272644,130.23653194983356,130.85304260253906,4166500,,
2021-08-30,131.05573140470406,131.89183077398533,130.91216112876563,131.74826049804688,2540300,,
2021-08-31,131.82427209032602,132.14520147877374,131.19086696259623,132.07763671875,5291200,,
2021-09-01,132.4576488916371,133.59778303239415,132.17894914863743,133.36131286621094,4231400,,
2021-09-02,133.32305071935963,133.74821513172122,132.54074975761284,133.4591064453125,2862500,1.075,
2021-09-03,132.82133301774883,133.85873501251814,132.56623182682455,133.578125,2035100,,
2021-09-07,133.05942923731712,133.2975202315504,130.67850631999838,131.4012908935547,4609900,,
2021-09-08,131.5118742999088,133.28905863436955,131.2057553687346,133.2635498046875,3199100,,
2021-09-09,133.39962385118952,133.4761503507365,132.1411275309014,132.42173767089844,3560400,,
2021-09-10,132.63431567496454,132.86390814123007,131.8094954952245,132.19215393066406,3851500,,
2021-09-13,132.6002705154899,133.8417432541248,132.1325870968313,132.44720458984375,3367200,,
2021-09-14,132.97442637445886,133.22101602576916,131.64791547778117,131.9285125732422,2808600,,
2021-09-15,131.9880691621042,132.97445392166293,131.61392232399638,132.6683349609375,3702400,,
2021-09-16,132.13256056324073,132.7532968079079,130.7890398189722,132.27711486816406,4589900,,
2021-09-17,131.99654167945747,132.22613409834844,130.80608649814937,131.06118774414062,8127400,,
2021-09-20,130.8656235061825,131.758471521135,129.60714026152974,130.61903381347656,5484600,,
2021-09-21,131.4693521724873,132.75334414463688,130.0748132909842,130.5594940185547,4479800,,
2021-09-22,131.47785338157618,131.8775090117418,130.48297010275627,130.9591522216797,3001000,,
2021-09-23,130.68704098001854,131.7414404334662,130.55948386952872,131.06118774414062,2712500,,
2021-09-24,130.73805166040268,131.47783355682645,130.56798849714278,131.12069702148438,2366100,,
2021-09-27,130.7805697799288,131.07817706980444,129.5816030786057,129.86221313476562,4482000,,
2021-09-28,129.56459647029575,129.6751433674576,127.63435941593212,128.44216918945312,5910900,,
2021-09-29,128.68875980500215,130.24486309413874,128.13605126500298,129.5050811767578,3326500,,
2021-09-30,130.28737868008452,130.4659404605921,127.86393643043701,127.89795684814453,4949200,,
2021-10-01,128.69727126881182,128.9183520895934,127.14116798122697,128.3571319580078,4274300,,
2021-10-04,128.29764422682,130.10033756261868,127.10717583667733,127.71941375732422,5404900,,
2021-10-05,128.70577344954958,129.58161111476448,127.60885495743182,128.47618103027344,6103100,,
2021-10-06,128.26363370241762,131.9370615098815,127.51535294440943,131.76699829101562,5499200,,
2021-10-07,132.2431434837652,134.13937314466776,132.2431434837652,132.98292541503906,4605100,,
2021-10-08,133.13600372525232,133.2550492537051,132.21764694504967,132.67681884765625,4186000,,
2021-10-11,132.9829060546144,133.69717905495895,132.3621697310997,132.85536193847656,2738100,,
2021-10-12,132.83835152130573,134.2243914644151,132.82985290523877,133.44207763671875,3195400,,
2021-10-13,133.89275641396054,134.3944472089944,132.66828106846484,134.3434295654297,3599900,,
2021-10-14,134.87916040675813,135.6189553422591,134.87066178910456,135.42337036132812,3677100,,
2021-10-15,135.76347975625973,135.76347975625973,133.93526531474265,135.0406951904297,4313000,,
2021-10-18,134.52200347685996,134.94716784497584,133.3315484361303,134.428466796875,3274200,,
2021-10-19,134.89617886716823,136.188682453941,133.96081186851893,136.13766479492188,3125800,,
2021-10-20,136.54581323264475,137.6512433726565,135.78050945494937,137.1665496826172,3716500,,
2021-10-21,137.2345482970496,137.26855573603657,135.185253017202,135.35531616210938,4164700,,
2021-10-22,135.6954718953131,136.4522640107358,135.6019352080142,136.027099609375,3240300,,
2021-10-25,136.010079610027,136.010079610027,135.02369515587492,135.38934326171875,3281200,,
2021-10-26,135.34682782338032,137.24305733430703,135.28731155688732,137.0474853515625,3684700,,
2021-10-27,137.54067860046285,137.61720507579537,135.67845651744778,136.57130432128906,3751800,,
2021-10-28,136.7753862018371,137.52366668745896,136.4522571211219,137.4301300048828,3589600,,
2021-10-29,136.92842289155843,137.97432350890932,136.8263876044956,137.41311645507812,4558200,,
2021-11-01,137.07302103644446,137.32812231065725,136.20568189411685,137.12403869628906,3017100,,
2021-11-02,137.37059887477434,138.44200832518163,136.85189786842943,138.3824920654297,3464500,,
2021-11-03,137.8808153715708,139.78555663250128,137.8808153715708,139.7090301513672,3595000,,
2021-11-04,139.64100281545163,139.93011150637668,138.9012208783821,139.717529296875,3310100,,
2021-11-05,140.77195662817167,141.5202372618334,139.8961188703136,141.15460205078125,3754300,,
2021-11-08,140.99301189148275,141.2396145018492,137.03047669203582,138.118896484375,5766400,,
2021-11-09,138.01685481772094,139.33486695116486,137.7532549860295,139.03724670410156,3778600,,
2021-11-10,140.0831401885623,140.30422095665097,138.62907255329094,139.48789978027344,2683500,,
2021-11-11,139.42841617797396,139.4369147950883,138.22095082334988,138.33999633789062,2453000,,
2021-11-12,138.61210340701572,139.39440440465648,137.82130379173353,138.3059844970703,3540900,,
2021-11-15,138.18695811833234,139.3519176460295,138.16996088069484,139.2838897705078,3357100,,
2021-11-16,139.68349346881664,140.29573114577448,138.799144390995,138.86717224121094,2899400,,
2021-11-17,138.28046628609562,139.1733141274343,137.82129443982913,138.918212890625,3332200,,
2021-11-18,138.44205321997887,139.04579247888014,137.5407066158364,138.96075439453125,3498900,,
2021-11-19,139.87908734536748,140.32976057054807,138.97774089500632,139.2923583984375,5242200,,
2021-11-22,138.77365691359412,141.83484576921992,138.7566467046774,139.5814666748047,4157200,,
2021-11-23,139.07977273474685,140.91648600765316,138.86719054042865,140.51683044433594,3878000,,
2021-11-24,140.3807698870613,140.7294077877226,138.2464494006718,139.2328338623047,3309500,,
2021-11-26,138.35701041361457,139.1648202116437,136.8094057063478,137.02198791503906,3402900,,
2021-11-29,138.3229680437641,139.94709897442925,137.0219661710286,139.5729522705078,5305800,,
2021-11-30,139.30935826504978,139.45391259305637,134.68356786889197,135.8655242919922,7610000,,
2021-12-01,138.1529170614992,138.81617246775656,136.0951229837536,136.18865966796875,5385600,,
2021-12-02,137.0832630279087,138.41873763683103,136.8264379732702,137.5027313232422,4619800,1.075,
2021-12-03,138.23040223599727,141.14962050735483,138.11910832933995,141.00408935546875,6465900,,
2021-12-06,142.15121306948868,143.21273738608735,141.92862527717176,142.46795654296875,5403100,,
2021-12-07,142.46796941553708,142.93025713160807,141.81735725746003,142.30531311035156,5460100,,
2021-12-08,142.2282457934884,142.69908947664695,140.42192770912592,142.55355834960938,3891900,,
2021-12-09,142.03991069100144,142.8617481392011,141.12391756726143,142.373779296875,3644500,,
2021-12-10,143.42677661389195,144.77937646320194,142.8788892247874,144.65097045898438,5025700,,
2021-12-13,144.61669098695194,146.61134658045196,143.8633541430123,145.3700408935547,5411800,,
2021-12-14,144.9762455500477,145.86655742832795,144.07736456526112,145.01048278808594,4985000,,
2021-12-15,145.33583265879614,147.056538425062,145.07045154218784,146.87677001953125,5507800,,
2021-12-16,146.876771078351,148.58035170214916,146.40592728936187,147.09078979492188,6909900,,
2021-12-17,146.482914154226,147.5701324708341,143.86332816808397,144.0773468017578,10159600,,
2021-12-20,143.10145440963274,145.10466613450342,142.75046063674597,145.0361785888672,5263600,,
2021-12-21,144.87355068283014,145.19030727628606,143.632244698817,144.60816955566406,3401400,,
2021-12-22,144.64240345928383,145.5241594552452,144.0517097592842,145.5070343017578,4362900,,
2021-12-23,145.51558795441585,146.0720444009555,144.89065702038215,145.34437561035156,3241700,,
2021-12-27,145.52418098335232,146.86821182098416,145.33584345512367,146.79116821289062,2868800,,
2021-12-28,146.78260788456498,147.92117600473532,146.5600200507876,147.55307006835938,2332100,,
2021-12-29,147.9211713369494,148.4947529961479,147.18494642476347,148.0752716064453,2299500,,
2021-12-30,148.56317056554272,148.63165809655774,147.44171500332587,147.81838989257812,1988900,,
2021-12-31,147.63864687124965,148.974121298404,147.33901550450932,148.708740234375,2914900,,
2022-01-03,147.4160792235533,148.26359798544908,146.02068617008635,148.0838165283203,5488900,,
2022-01-04,147.80986524395848,149.34223325507386,147.4160651226456,148.29782104492188,4717600,,
2022-01-05,148.4091021343444,150.1212514376651,148.29780824957655,148.8029022216797,6564600,,
2022-01-06,148.87993402727597,150.32670216415295,148.29779651761578,148.83712768554688,4288700,,
2022-01-07,149.0340687413241,149.54771888066352,147.76708161032997,149.0255126953125,4916000,,
2022-01-10,149.33368290475119,150.5321823411199,148.63169533297508,149.1025390625,5055900,,
2022-01-11,148.68306381692645,149.15390756573217,146.91955183291302,149.0340576171875,6452300,,
2022-01-12,148.8713836669922,149.23950257702145,148.0581153223802,148.8713836669922,5268000,,
2022-01-13,148.70874089570069,149.54769043857618,148.30638474436316,149.111083984375,4310300,,
2022-01-14,149.44498393051336,150.6178022250828,148.44336492054504,150.36097717285156,4474500,,
2022-01-18,148.63168468521616,149.6076093171066,148.22932853268856,148.92276000976562,5789500,,
2022-01-19,148.92279577624538,150.6349455811278,148.58892708679997,149.99288940429688,6424500,,
2022-01-20,150.1640859260312,151.42251694483585,148.82004220095027,148.90565490722656,6284200,,
2022-01-21,150.0955834351877,151.73068929860915,149.05117122335457,149.1453399658203,6753200,,
2022-01-24,150.23253180907074,151.09716242691596,144.64236588157507,148.38340759277344,9263900,,
2022-01-25,147.3133554109554,147.65578011114147,145.31014348327045,146.6798553466797,6536900,,
2022-01-26,144.98479420347942,147.0821743526286,142.49361399232092,145.1303253173828,6841800,,
2022-01-27,146.20043084440655,148.34061751570033,144.48828150737154,144.9933624267578,6543500,,
2022-01-28,144.25711665576154,147.8697522751742,143.1442301990846,147.81838989257812,5796000,,
2022-01-31,146.19190621621624,149.05119308847262,146.03780595018304,148.54611206054688,5908000,,
2022-02-01,148.22932231599617,148.46902217604523,145.15601741827513,147.53590393066406,5952700,,
2022-02-02,147.89550054709989,150.36100053126893,147.73285728266293,150.21546936035156,5767000,,
2022-02-03,150.04426789189108,151.23421161132958,148.81151781020876,150.12986755371094,4632700,,
2022-02-04,148.18658921231807,149.71895773012358,146.5514828108673,147.6643829345703,4592400,,
2022-02-07,147.87834005666082,148.09235871961397,146.5685468844006,147.08218383789062,4813300,,
2022-02-08,147.7841995681234,147.79275561371833,145.79809972624136,147.26199340820312,3957700,,
2022-02-09,147.67289648091187,147.91259636931704,146.39734038266255,147.19349670410156,6780200,,
2022-02-10,144.38558285666392,146.77402586649274,143.22132057427703,144.13731384277344,7899800,,
2022-02-11,143.87193033719907,145.79809865780635,143.5551868378631,144.3170928955078,7299600,,
2022-02-14,145.03616569553975,145.2587404020734,141.3379299985928,142.7076416015625,6822500,,
2022-02-15,143.15283784373855,144.03459389657655,141.47492538569145,142.07418823242188,4943800,,
2022-02-16,141.7916810539593,143.1357117708343,140.85854954333192,142.36524963378906,4161700,,
2022-02-17,142.11695777628478,143.7777448022121,141.2523270225239,142.75045776367188,5156800,,
2022-02-18,143.05864608871897,144.02601469633288,142.2967401151814,143.57229614257812,5181600,,
2022-02-22,144.30851569807896,144.62525915098854,142.305291010643,144.12017822265625,7733900,,
2022-02-23,144.77936745333793,144.77936745333793,142.55358078853138,142.69911193847656,5812800,,
2022-02-24,141.86016688016826,142.39948514446027,137.22022977197184,140.21649169921875,8888800,,
2022-02-25,140.75584198485788,144.2143921046687,140.61886685755175,144.14590454101562,6535600,,
2022-02-28,140.4304874959831,141.43210638624353,138.179019926323,140.17367553710938,7677000,,
2022-03-01,139.60013042886897,140.73869847092334,138.08487430452277,138.91526794433594,5107900,,
2022-03-02,139.52308326440462,141.95434590315102,139.10361492435302,140.84144592285156,5452100,,
2022-03-03,141.29381913220982,142.34510065038876,140.28562550875876,140.6906280517578,5352200,1.075,
2022-03-04,139.59627204998586,143.47394627359657,138.6656286584896,142.82766723632812,6340300,,
2022-03-07,141.3799955817921,142.31062573964647,139.70828518774863,139.98402404785156,6319500,,
2022-03-08,139.9237453453281,141.29385395471982,135.88234438740906,136.03744506835938,6163700,,
2022-03-09,137.70911331200617,137.92453962358834,134.7706952663667,135.6324005126953,5764900,,
2022-03-10,134.2450254921333,134.64141560504788,132.1597008250714,133.1420440673828,6103700,,
2022-03-11,133.95208964978124,135.1929474169987,132.2545291138768,132.46995544433594,4762600,,
2022-03-14,133.69358632809937,135.9771135063678,133.1334830826532,134.3312530517578,6075600,,
2022-03-15,135.5634803633153,137.4419915541163,135.14124004448817,137.01113891601562,6203400,,
2022-03-16,136.50275518772025,137.86425129374047,135.32220985198842,137.61434936523438,6299000,,
2022-03-17,137.72635270878502,139.2774248000269,137.2696499747775,138.68284606933594,3587600,,
2022-03-18,139.0620135067933,140.39764627962475,137.92455613415987,140.27700805664062,12123000,,
2022-03-21,139.82892289355937,141.15594327190175,138.79487916193705,140.0788116455078,5122600,,
2022-03-22,140.32009760026082,141.98319578153465,139.79445680496664,141.61265563964844,5779200,,
2022-03-23,141.53508347858957,142.42263881016112,140.13912521894852,140.87156677246094,4533700,,
2022-03-24,141.37136808481952,141.94870905256087,140.69062668959592,141.72467041015625,3160300,,
2022-03-25,141.69019128002083,142.95689907921158,141.69019128002083,142.38818359375,4146800,,
2022-03-28,142.26754417127813,142.8448851196203,141.06977438173087,142.81040954589844,4308000,,
2022-03-29,144.154648517189,145.26625552203427,143.36188135834328,144.93019104003906,4440400,,
2022-03-30,144.8526328171695,144.9732710054328,143.1464472492765,144.73199462890625,3871500,,
2022-03-31,145.08530326096562,145.8866959504904,144.13743541087536,144.2322235107422,6076200,,
2022-04-01,144.67169641666317,146.42956937190982,144.22360599725565,146.2830810546875,3239600,,
2022-04-04,145.72301250641723,145.96428898604586,144.2925782710604,145.9039764404297,3759900,,
2022-04-05,145.0422303964024,147.67904629227553,145.0422303964024,146.0590362548828,4480700,,
2022-04-06,146.42097932004987,148.8165192691998,146.0504523110645,148.5493927001953,4294800,,
2022-04-07,148.2391654105781,149.31629706248813,147.1620337586681,148.687255859375,5041600,,
2022-04-08,149.06637352782383,149.66956448245463,147.8599784699856,149.18701171875,3883100,,
2022-04-11,149.600618293821,150.7725377193914,148.48902453469486,148.7303009033203,3825100,,
2022-04-12,149.74714146123884,150.49682084206057,148.75618565558761,149.33352661132812,3924300,,
2022-04-13,149.5748028431271,149.78161684210505,147.9806428288804,149.07501220703125,4394000,,
2022-04-14,149.4886629842352,150.1607922067281,148.00652850679384,148.12716674804688,4834300,,
2022-04-18,147.54117346805674,148.48042903178595,146.4554295901423,146.851806640625,3086000,,
2022-04-19,146.35202962752817,149.22150994516,146.35202962752817,148.9888458251953,3642000,,
2022-04-20,149.69546100606576,151.63429812842875,149.69546100606576,151.2034454345703,4197600,,
2022-04-21,151.45332028448522,152.72865360800893,150.4968268661322,150.66055297851562,3701300,,
2022-04-22,150.7897973105633,151.03107371408356,148.1615938273128,148.34254455566406,5864000,,
2022-04-25,149.25598947707292,149.8677929124426,147.35161486796545,149.7126922607422,7369900,,
2022-04-26,149.91086756706864,151.1000250527133,148.8423482938387,149.33352661132812,7386600,,
2022-04-27,149.43694393472512,152.25472418088802,149.23875538089987,150.669189453125,5180300,,
2022-04-28,150.39341684035483,153.05608291799123,149.78161347357843,152.9526824951172,5235800,,
2022-04-29,152.87511079316593,152.87511079316593,147.70487999543724,147.96339416503906,6505600,,
2022-05-02,149.07503338769777,149.47142365491348,142.41405436359577,144.5596923828125,7692100,,
2022-05-03,145.74882933960893,145.89531765817972,143.54286594464787,144.75787353515625,5564900,,
2022-05-04,144.4303982040725,150.0400938994651,144.4303982040725,149.81605529785156,6231500,,
2022-05-05,149.16118528439685,149.35076149287178,145.69712646876613,146.82595825195312,6534300,,
2022-05-06,145.83503738663475,147.17929580601756,145.38694686397986,146.84323120117188,5824600,,
2022-05-09,146.19693036785705,148.98023491975343,145.4213876768054,147.95480346679688,7269100,,
2022-05-10,149.17838940478072,150.40200912391023,147.13615243359837,147.77381896972656,5936700,,
2022-05-11,147.1965002661874,148.5666084873476,146.42095763544432,147.05862426757812,5376900,,
2022-05-12,147.56701890531795,148.20468550152106,144.90435293153186,146.83456420898438,6473500,,
2022-05-13,147.0930810773725,150.0745869777237,146.0245750003901,149.6954345703125,4714600,,
2022-05-16,149.68684868567763,151.91866248420502,149.43694676003452,151.2034454345703,5317200,,
2022-05-17,151.06557158372942,151.384398374212,148.7131195231218,150.3331298828125,5012200,,
2022-05-18,149.66959493977794,149.8246955817127,140.38902522188246,141.01806640625,8875400,,
2022-05-19,140.02709500006767,140.26837140418158,137.58846770623717,138.90687561035156,6423800,,
2022-05-20,139.80307178664975,140.5096632912499,137.54539497283915,139.7772216796875,5768800,,
2022-05-23,141.50064013357155,143.86170435786926,140.94914924009544,142.6984100341797,4657800,,
2022-05-24,143.06031699684542,144.99052844578392,142.31924991596242,144.61138916015625,6327600,,
2022-05-25,144.63723500223108,146.05043112078118,143.87031783695537,145.6023406982422,5781000,,
2022-05-26,145.59371530722277,147.42913842869896,145.59371530722277,146.5846710205078,5193800,,
2022-05-27,147.57567377359564,148.0496144108964,146.66226808093344,148.01515197753906,6713500,,
2022-05-31,147.33437574094498,147.33437574094498,142.50020824482695,144.5510711669922,13610000,,
2022-06-01,144.92158765056797,145.09393922539735,141.1645652531431,143.46531677246094,5613900,,
2022-06-02,143.70829300748872,144.68879703832275,141.13122611797817,144.6280517578125,4677300,1.15,
2022-06-03,143.91651685516283,144.5499332427184,142.61496871523553,143.04014587402344,4222000,,
2022-06-06,144.43716487937112,145.44368554205818,142.93603624788597,143.6388702392578,3447800,,
2022-06-07,143.76033133894072,144.7842228113913,142.4934985008636,144.52391052246094,4168300,,
2022-06-08,143.81242691809067,144.74085789801418,143.26577234970253,143.80374145507812,2646800,,
2022-06-09,143.33517597280104,144.84496350684725,141.14857115103817,141.2440185546875,3522900,,
2022-06-10,139.6734664125418,142.23317503242603,138.35456062831804,141.01840209960938,5203300,,
2022-06-13,139.2916926835191,141.32210477631514,138.01617433906256,138.60621643066406,6300700,,
2022-06-14,138.8317936408027,138.87518122432178,134.37182279969318,135.46511840820312,6159200,,
2022-06-15,137.02697437707937,138.69295425898548,135.30024923217204,136.91416931152344,5940100,,
2022-06-16,135.9076255895136,137.49551549521325,134.58872011089446,136.25469970703125,7207900,,
2022-06-17,136.2547013040544,137.95539627589392,135.50848002661905,136.28073120117188,9881800,,
2022-06-21,137.24389865569196,139.6647853878191,136.53239262275835,139.44786071777344,4449600,,
2022-06-22,139.11813083563564,141.42621250009256,138.44999914539156,140.5932159423828,4706500,,
2022-06-23,142.111703817045,143.2917746765504,141.56504935388193,142.38937377929688,5810700,,
2022-06-24,143.72562544353337,144.202862420719,142.25054016498638,144.1508026123047,5951500,,
2022-06-27,143.92521556679398,145.01852467918482,143.46533619857826,144.3417205810547,4595800,,
2022-06-28,145.0358530734667,146.16386419219026,142.1724575475198,142.311279296875,4372900,,
2022-06-29,144.09009102399796,145.3916394987276,143.47403216037927,144.67144775390625,3653600,,
2022-06-30,145.018476153259,145.4089378884421,143.7169282092952,144.61065673828125,6295100,,
2022-07-01,144.68008075318116,147.09228199242668,143.82972652522253,146.97947692871094,3918700,,
2022-07-05,146.32003325929676,146.97947949245318,143.45662495527318,146.64974975585938,4971600,,
2022-07-06,147.50879391650753,149.20080390460208,147.0575868396714,148.11618041992188,4209100,,
2022-07-07,147.0923031832459,148.4111958165594,146.97082588175562,147.8211669921875,5150200,,
2022-07-08,148.00339236102113,149.85158182290013,147.98603467761373,149.14007568359375,3482900,,
2022-07-11,148.73223433890632,149.93833497793122,147.52613369988143,147.91659545898438,4921300,,
2022-07-12,150.11186591854488,150.38953584077655,146.52826626992243,147.07492065429688,5201600,,
2022-07-13,146.2419143579158,148.75824820992125,145.75600526650223,147.5955352783203,4533100,,
2022-07-14,146.02503408614155,148.51533879645785,145.51309494068866,148.35914611816406,4218300,,
2022-07-15,148.6715314203949,150.04249731797023,147.52617571813846,148.4806365966797,4659100,,
2022-07-18,148.50665740194094,148.58476036324396,145.64326170180786,145.99900817871094,3479700,,
2022-07-19,147.7257016611497,148.15955100523533,146.32003402312233,147.5608367919922,4201600,,
2022-07-20,147.55219658190794,148.00340370485188,145.30485966960845,145.99900817871094,3460700,,
2022-07-21,145.76473325893045,146.9968640259772,145.39161587198913,146.21592712402344,3088300,,
2022-07-22,146.76259061627061,148.0034069213238,146.19859163035926,147.17041015625,3757800,,
2022-07-25,147.7777808851819,148.25501787440143,146.6757996991719,147.37864685058594,3357200,,
2022-07-26,148.00341430887943,149.23554521285942,146.84937313176326,149.09671020507812,3732100,,
2022-07-27,147.93398219898367,149.2008151098129,146.69316595450528,148.88844299316406,4479000,,
2022-07-28,149.13139890155665,151.9514201978835,148.5413700316953,151.70846557617188,3134200,,
2022-07-29,150.68459558280276,152.26380071098401,150.45031317036788,151.81260681152344,4215500,,
2022-08-01,151.45681967490097,154.18139322415644,151.45681967490097,153.53929138183594,4034600,,
2022-08-02,153.53062149792748,153.71283082404116,152.03817856389287,152.2724609375,3781100,,
2022-08-03,151.91673797693858,153.6347782384772,151.18787401629012,153.43521118164062,4401300,,
2022-08-04,153.07940980558246,153.3570797570239,151.48284730489024,152.6021728515625,3822500,,
2022-08-05,151.31799789582803,151.58698241376584,149.59127246385833,151.4568328857422,3295600,,
2022-08-08,152.53275064798308,152.68894330084802,150.38954701170206,150.84942626953125,2846100,,
2022-08-09,151.66506370986787,152.04685329091748,150.9448853747447,151.41343688964844,3228800,,
2022-08-10,152.55014351309183,153.08811260141314,151.60435487716092,152.66294860839844,4041100,,
2022-08-11,153.0273572694507,153.68680357540393,151.56094421381286,151.88198852539062,2743800,,
2022-08-12,152.65424751771383,153.9124214026169,152.17702375727012,153.86903381347656,3756200,,
2022-08-15,154.25082990408563,155.63046791257773,153.40916095147588,155.56105041503906,3043100,,
2022-08-16,155.9948904300964,156.79317174356274,155.005714319928,156.4634552001953,3395700,,
2022-08-17,156.27254359919672,157.11421241050414,155.94281385125274,156.3766632080078,2666200,,
2022-08-18,156.8972667173619,156.99270085263524,156.13368771493631,156.53282165527344,3010600,,
2022-08-19,155.97753802904182,157.06216157429282,155.59576166274164,156.3332977294922,3704000,,
2022-08-22,156.30726394527784,156.59360614292333,154.4677466949854,154.84085083007812,3385000,,
2022-08-23,154.29421482636363,155.19661579869054,153.8343222581201,154.7714385986328,2575000,,
2022-08-24,154.77140412580016,155.751907838137,154.54580724297492,155.5436553955078,3340600,,
2022-08-25,155.344115684873,155.62178565712566,153.92109017716055,155.5523681640625,3401800,,
2022-08-26,156.15107817140307,156.16842261416812,151.56094421381286,151.88198852539062,5246600,,
2022-08-29,151.45681444354227,152.09890302365267,150.29410133466453,151.40475463867188,4184500,,
2022-08-30,151.27462656500688,151.57832648308064,149.53055650187565,150.10324096679688,4026300,,
2022-08-31,150.81472012017878,151.3353446748256,149.41772457990996,149.4784698486328,5597900,,
2022-09-01,149.30378010123644,151.1032501795906,148.70978596349403,150.9897003173828,4846100,1.15,
2022-09-02,151.74964477816386,152.84155736531446,148.40402301165307,149.07664489746094,5801500,,
2022-09-06,149.356172833433,150.76255682822958,147.74015014510894,148.07208251953125,4900100,,
2022-09-07,149.0417075462607,151.80206597511742,148.43896961974957,151.33909606933594,6074600,,
2022-09-08,150.92853208303853,151.49632132573112,148.98929416296383,150.8324432373047,3888100,,
2022-09-09,150.8149629263795,152.4746780751918,149.95890718040926,151.31288146972656,3662000,,
2022-09-12,151.31289675288318,152.3786046240628,150.90233650764125,151.90689086914062,5953300,,
2022-09-13,150.68393571566463,150.97220223564545,145.83584120509755,146.2376708984375,6926200,,
2022-09-14,146.8578711915846,147.79255476497298,146.37744031600405,147.3470458984375,5156900,,
2022-09-15,147.21601812196457,147.2422229571191,144.42945513243902,144.9011688232422,5461000,,
2022-09-16,145.32046338339657,146.0280206094269,144.35084446983362,145.8533172607422,12012600,,
2022-09-19,145.93193812647993,147.46061581984435,145.4427633972452,147.39073181152344,3720900,,
2022-09-20,146.38617453489502,147.75760984935508,145.7572318018269,147.55670166015625,3872000,,
2022-09-21,148.39527542494014,150.27335952701458,147.05003180819966,147.13739013671875,5134500,,
2022-09-22,147.10245922519832,148.4040238347447,146.79673169650715,147.2771759033203,4290600,,
2022-09-23,147.09372747540013,147.40819883273707,145.46896101732776,147.20729064941406,4565100,,
2022-09-26,147.0413293306485,148.50885356058677,146.34250255633938,147.14614868164062,5326400,,
2022-09-27,146.96266002820173,148.50006769531063,144.3420705982845,145.01467895507812,5400700,,
2022-09-28,145.80090971958694,148.16816878623086,144.3421160767854,147.33831787109375,5480900,,
2022-09-29,147.45186644797965,147.7488634485785,144.13244978708124,145.53883361816406,5167700,,
2022-09-30,146.4822792298681,146.96272349864924,142.3941510225275,142.61253356933594,5971900,,
2022-10-03,142.83962693560233,144.735185404318,142.40286194293023,144.350830078125,5093400,,
2022-10-04,146.2202191026392,147.3907463673356,144.61292673956234,145.9756317138672,4596800,,
2022-10-05,145.85333731598277,145.95815667380433,143.0230946936841,145.00601196289062,3538600,,
2022-10-06,144.82255519077546,145.02347671867793,141.9486469119089,142.21070861816406,4623400,,
2022-10-07,141.77394153037514,142.39414045302834,140.62087537088914,141.17120361328125,4779200,,
2022-10-10,141.50311274074517,142.420308468917,140.80428615770265,141.3546142578125,4839200,,
2022-10-11,141.72152466734175,143.49478965953827,141.12751728315652,142.02725219726562,5222600,,
2022-10-12,147.3907216067002,149.11157687154818,145.5301116638982,147.96725463867188,9795300,,
2022-10-13,145.9668929991809,152.90271117492642,145.72230562416783,152.527099609375,8412700,,
2022-10-14,153.7238096256068,153.96839696558308,148.4913733214604,148.66607666015625,5937900,,
2022-10-17,150.48301034173235,151.63606296091555,149.43477705274506,150.88482666015625,6401800,,
2022-10-18,152.71054257535928,154.53621733435799,151.47886190236497,152.92018127441406,4547400,,
2022-10-19,152.71052510433245,153.6015161314041,150.53543054740024,151.43516540527344,5200200,,
2022-10-20,152.16893070430322,152.30869871003512,149.46972607253315,149.7754669189453,4314000,,
2022-10-21,149.54831431777924,151.72340853963996,149.00673005192976,151.17308044433594,5071500,,
2022-10-24,152.70177447895216,155.4708629307195,152.57948081426562,155.20880126953125,5316500,,
2022-10-25,155.5931598898218,156.24830739215915,154.27413438355956,155.7241973876953,5220000,,
2022-10-26,156.58899418345138,158.021582952591,155.7678871211852,156.42303466796875,5136000,,
2022-10-27,157.55863149255435,158.04780625199191,155.98628785979437,156.257080078125,5424100,,
2022-10-28,156.97335012723954,159.7948485070893,156.78117244648087,159.18338012695312,6715300,,
2022-10-31,158.26619576615283,159.83855279720186,157.70713696944796,158.61561584472656,4877200,,
2022-11-01,158.05653433720514,159.69003131665755,157.139325090134,157.8992919921875,4084500,,
2022-11-02,157.91677394453632,160.36266094505712,155.63685979937043,155.69801330566406,4970600,,
2022-11-03,154.4226430351675,156.27452249821954,154.20426052003359,155.29617309570312,3753800,,
2022-11-04,155.4184870276081,157.05198418842937,154.20428061836947,156.1697235107422,3922400,,
2022-11-07,156.81611590187256,157.77699094472203,156.2133780439795,157.41885375976562,3246100,,
2022-11-08,157.61977972805244,159.07857345435426,156.18719083948562,157.8556365966797,3724700,,
2022-11-09,157.19176329266415,158.17012622065283,155.83778876114528,155.9688262939453,4723600,,
2022-11-10,159.55026411997176,159.7861209741969,155.9775292841305,158.7204132080078,6704100,,
2022-11-11,158.22253339945834,158.7117081912083,153.25214430290382,155.5320587158203,7390500,,
2022-11-14,156.0736023464782,156.51909784474051,154.17804385997556,154.3789520263672,5633000,,
2022-11-15,155.52326945204578,156.0998024291989,153.23462520390464,154.78077697753906,5153600,,
2022-11-16,155.75040649363353,156.9122030291272,155.2437574784476,155.776611328125,4701100,,
2022-11-17,155.04285150300137,157.37517510889035,154.99042850426457,157.26161193847656,3920300,,
2022-11-18,157.4188521722479,158.8426970538135,157.2528793343267,158.39720153808594,4498100,,
2022-11-21,159.21831194264212,161.71660819908163,159.0610696163857,161.44581604003906,4397600,,
2022-11-22,162.3106125479251,163.0181697387389,161.05272717358483,161.46328735351562,4109600,,
2022-11-23,161.6030286074261,162.54644248202072,161.16626366524386,161.67291259765625,2511000,,
2022-11-25,161.23616746221109,161.60304845923193,160.67710880070172,160.8256072998047,1837000,,
2022-11-28,161.07896423337945,162.0311222854784,160.3015228852339,160.6334686279297,6411400,,
2022-11-29,160.1180607105411,160.22288005117892,158.12641326435784,159.4978485107422,4375400,,
2022-11-30,158.89512444048893,162.214541582014,157.44507456272228,162.04856872558594,7915600,,
2022-12-01,163.03299114197267,163.78012851924893,161.87274604995318,163.40216064453125,4683300,1.15,
2022-12-02,161.7321289991766,163.7625682553411,161.5914891463472,163.2176055908203,3547700,,
2022-12-05,161.23109948776258,161.67938732805356,160.25544574631553,160.9586181640625,4083200,,
2022-12-06,161.51238744301583,161.98703019047983,158.83149887377562,159.64895629882812,5835100,,
2022-12-07,159.80716732093063,160.36971333556264,158.82271514836336,160.13238525390625,4241700,,
2022-12-08,159.80715254984855,161.71453516397446,159.32371146973514,161.5387420654297,3800800,,
2022-12-09,161.91670714293457,161.91670714293457,160.89708841215497,160.9410400390625,3116100,,
2022-12-12,161.89031229394143,161.89031229394143,160.2905778191792,161.7057342529297,4691400,,
2022-12-13,163.911994534404,164.22842750002107,160.80041488263151,161.61785888671875,5634900,,
2022-12-14,161.79363652254617,163.38458602789387,160.08841547963684,161.1695556640625,5392500,,
2022-12-15,159.95658872039257,160.59825302329918,156.80105744657365,158.4359588623047,6127800,,
2022-12-16,158.2865764368394,159.26224388835456,156.8802043476102,158.51510620117188,15708100,,
2022-12-19,158.97216725596775,161.266303340048,158.52389272446968,159.39407348632812,4447800,,
2022-12-20,159.81597109382056,160.19392563278763,158.7787688808348,159.29736328125,3249000,,
2022-12-21,159.57865359227316,161.45086989992186,159.4467986838586,160.41368103027344,4236900,,
2022-12-22,159.85113404486862,160.01814221394454,157.26693343573962,159.17431640625,4304700,,
2022-12-23,159.01608422495568,160.4576091588686,158.6117480087397,160.20269775390625,2197800,,
2022-12-27,161.0992509088282,161.38931555382783,160.21148705266822,160.9146728515625,3045000,,
2022-12-28,161.82003095765,162.20677043158597,159.6577368273055,159.75442504882812,2694300,,
2022-12-29,159.90383689925528,160.73007919580553,159.87746860571886,159.95657348632812,2549200,,
2022-12-30,159.4292375010147,159.93904700142787,157.5921609420952,158.79637145996094,3136200,,
2023-01-03,158.7348360182058,158.8754758962848,155.2013496135311,157.69764709472656,5137400,,
2023-01-04,157.6976202022553,158.6908573179367,156.0627187818217,157.3108673095703,4771300,,
2023-01-05,156.42309771617525,157.13506851004857,155.45621551946198,155.66717529296875,3647100,,
2023-01-06,157.17023600742996,159.8247563962611,157.161451045629,159.18310546875,3713200,,
2023-01-09,158.60297129371682,160.6509939523569,157.1702312463912,157.62730407714844,3319200,,
2023-01-10,157.15264498563494,157.80309425529018,155.65838341107238,156.326416015625,3817300,,
2023-01-11,157.68007190441,157.96135167510195,154.4190533002582,156.5022430419922,4369900,,
2023-01-12,156.1594123015166,156.78347988048031,154.10260466118987,154.50692749023438,4246600,,
2023-01-13,154.17288350154342,154.4629481288234,153.09174328142922,154.03225708007812,4720400,,
2023-01-17,154.83212612142407,156.06270461481776,154.2520102472128,154.75302124023438,5032600,,
2023-01-18,154.0322854279302,154.471774929755,150.59547430474305,150.85037231445312,5032600,,
2023-01-19,150.55149071356632,151.33378132426625,148.96932616042258,149.10118103027344,4720400,,
2023-01-20,148.50348076841246,149.32972307087545,147.19381080621991,149.32093811035156,5779100,,
2023-01-23,149.43519901523,150.0944331948824,148.30132212757553,148.6529083251953,5440400,,
2023-01-24,149.08365985669292,150.19116879957636,148.0640407848687,150.032958984375,4125600,,
2023-01-25,149.72527516147323,151.16680014185823,148.8462961877713,151.1228485107422,3852800,,
2023-01-26,150.867945242552,150.8943135378701,149.4615735688668,149.6197967529297,4558400,,
2023-01-27,149.2242773904248,149.6286002434751,148.1782901727612,149.09242248535156,5451400,,
2023-01-30,149.23307202543413,150.70976390260245,148.6705259322645,148.96937561035156,5191500,,
2023-01-31,149.60222880165514,150.36694968097595,148.82873637253206,150.322998046875,4665500,,
2023-02-01,150.19993864600963,151.46567057583752,148.99572827302188,150.79763793945312,4147700,,
2023-02-02,148.95181091634407,149.91867992272898,148.1167700038952,149.40008544921875,5653800,,
2023-02-03,150.27023970584602,150.5602909421978,146.83342896367463,148.6529083251953,5308200,,
2023-02-06,149.19789100751169,151.5183948866784,149.06603611842064,151.0261688232422,5640000,,
2023-02-07,149.6813308329861,151.21075915022072,148.77598351887553,150.79763793945312,6044700,,
2023-02-08,150.30540506663817,150.59546973850607,149.6373858724955,150.446044921875,5687300,,
2023-02-09,154.10264032139122,155.13104437953297,151.2195761961113,151.87002563476562,9619400,,
2023-02-10,152.1688416768672,155.21889990968012,151.75572046985297,154.8760986328125,6176000,,
2023-02-13,154.92882148777767,156.66041105412808,154.7354450500626,156.25608825683594,5205100,,
2023-02-14,155.66718207573308,155.79902355732307,153.63672937416388,154.49813842773438,5203000,,
2023-02-15,153.8213272121322,154.74425785783606,153.4609425980322,154.70909118652344,4125500,,
2023-02-16,153.5928185270851,155.49140326110447,153.4170119707613,154.26962280273438,4973200,,
2023-02-17,153.9619893059628,155.0694981934441,153.67192458044588,154.94644165039062,3952100,,
2023-02-21,154.33112592537663,155.93965901620052,153.53125186053472,154.85850524902344,5797300,,
2023-02-22,155.3331483066019,155.9572157988284,154.49812105539772,154.80575561523438,5299500,,
2023-02-23,155.28044161031164,155.5705063051839,153.81254821176836,154.97279357910156,3801400,,
2023-02-24,154.22565638785423,154.99036380189915,153.19723918752206,154.66514587402344,2959100,,
2023-02-27,155.55290081359632,155.7990138386484,154.39264219936177,154.62118530273438,3208500,,
2023-02-28,153.71584756311788,153.8740573409104,152.23915590961357,152.5292205810547,4317100,,
2023-03-01,151.4656682847972,151.58872480877162,148.6529247445445,150.59547424316406,5359100,,
2023-03-02,150.88751213301765,153.76349846948222,150.2415251366854,153.3741455078125,4476300,1.15,
2023-03-03,153.09094617537977,153.4891569186308,151.6131334598018,153.2236785888672,3627100,,
2023-03-06,152.40069143533148,153.67497645555767,152.40069143533148,153.53338623046875,3611400,,
2023-03-07,153.68381924887032,154.20591800804502,152.09096298946818,152.77235412597656,4094900,,
2023-03-08,152.80772569029173,153.40947731375942,152.01130441226252,153.18824768066406,2920200,,
2023-03-09,153.6395825105422,154.294427218656,151.49808084708414,152.02903747558594,4042100,,
2023-03-10,152.6750185434154,154.18823542509526,151.28570323941938,152.23255920410156,4129900,,
2023-03-13,152.8785546868772,156.8341424838115,152.7458222787069,153.71923828125,8265100,,
2023-03-14,152.63962704307804,153.80771267210304,151.8255034827788,153.5599365234375,6480800,,
2023-03-15,153.5599537965075,156.32975388046208,153.25908465396884,156.30320739746094,7099800,,
2023-03-16,156.28551877056574,156.63063658224553,155.14397939432956,156.197021484375,4734400,,
2023-03-17,156.19700881117728,156.35630121283828,154.17939507539805,154.975830078125,8854600,,
2023-03-20,156.18816697595523,157.23236467043301,155.31209250981686,157.15272521972656,4367000,,
2023-03-21,157.21467008071633,157.66597378713573,155.99347787150208,157.52438354492188,3812000,,
2023-03-22,157.3739651762035,158.72788993762344,156.11738202847738,156.197021484375,4380800,,
2023-03-23,155.79877875738867,156.82528765445142,154.87846928253794,155.4359588623047,4655600,,
2023-03-24,156.2146825203572,158.70130167593487,156.09079445397637,158.48007202148438,3713800,,
2023-03-27,158.91371537688622,159.86057144553237,158.67478352664173,158.83407592773438,4078600,,
2023-03-28,158.69247631232693,159.6924387908166,158.69247631232693,158.7809600830078,2850000,,
2023-03-29,159.8605632254729,160.09065073713234,159.27652712560166,159.87826538085938,4496000,,
2023-03-30,160.17028624468657,160.4623110388374,159.3561626531697,160.0198516845703,2743000,,
2023-03-31,161.19680588242352,161.48883069594976,160.45347735860514,161.32069396972656,4479800,,
2023-04-03,160.96672398405124,161.72775469057976,159.63934578681236,161.4976806640625,3902300,,
2023-04-04,161.21446609320319,162.25867707577825,160.2587658756415,160.92245483398438,3306400,,
2023-04-05,162.1613519732521,163.6745688933287,161.99321525960048,162.5064697265625,3826300,,
2023-04-06,162.20558886905607,163.47987386683224,162.02860784220644,163.1436004638672,3389700,,
2023-04-10,162.6745990244246,162.73653630922715,160.7808736305495,162.11709594726562,2408100,,
2023-04-11,162.31176777107837,162.7188362677511,161.7277182552034,161.8693084716797,3586700,,
2023-04-12,161.66579448076823,162.63035259337065,161.27642810432278,161.55075073242188,3620900,,
2023-04-13,161.60386546117775,163.3648587181205,161.15256173829806,163.1613311767578,4303600,,
2023-04-14,162.24099914979962,162.84275091667078,161.86933489796235,162.3914337158203,2572900,,
2023-04-17,162.993177342019,163.4887296530518,162.3648791244532,163.22325134277344,3224400,,
2023-04-18,163.5064468285463,163.9046575791521,162.594981564995,163.55953979492188,2438600,,
2023-04-19,163.922350240619,163.9931453592821,163.0551201640875,163.46218872070312,2209900,,
2023-04-20,163.56836862028982,164.63026835553163,163.00202119464169,164.00198364257812,3868200,,
2023-04-21,164.58600829281067,164.93112599205838,163.82497778898423,164.07275390625,3781800,,
2023-04-24,165.03735409142837,165.09930488797573,163.72767806494224,164.15243530273438,3540200,,
2023-04-25,165.09042772782968,168.2938290469224,164.80726077005403,167.8779296875,6231600,,
2023-04-26,166.78948210872352,167.62130789361862,166.2496811314696,166.8425750732422,4481700,,
2023-04-27,166.523978483016,168.09028821228654,165.931084631323,167.86021423339844,4574500,,
2023-04-28,168.04602964382158,169.5680906517816,167.81595567853856,168.92210388183594,4608900,,
2023-05-01,168.53275440145072,170.1964057864107,168.38231985109815,169.62120056152344,3137800,,
2023-05-02,169.33806366998806,170.3468705711811,167.91334384873568,170.12564086914062,3712200,,
2023-05-03,170.4176505201741,171.01054444850965,169.70971283612974,170.0636749267578,3389600,,
2023-05-04,170.86011676272162,171.62999176736201,170.0459931192744,171.12559509277344,4267600,,
2023-05-05,170.63004794248468,172.09900287497905,170.24952584050172,171.91317749023438,4146500,,
2023-05-08,171.14327993483758,171.67423658311725,170.47959087588225,171.0990447998047,2249900,,
2023-05-09,171.55033481322718,172.26711677927054,170.5326837384622,171.79811096191406,3087600,,
2023-05-10,171.7715872428552,173.07241894722458,170.49730202202073,171.91317749023438,4352900,,
2023-05-11,171.92201938220865,173.01932352967253,170.78932442479584,172.8600311279297,3690200,,
2023-05-12,172.86002690034147,173.63875972806343,172.51490912492628,173.55026245117188,2741000,,
2023-05-15,173.94849341224557,174.22281607729954,171.67424563563063,171.91317749023438,2946400,,
2023-05-16,172.09898238494117,172.09898238494117,170.3822379725335,171.16981506347656,5803100,,
2023-05-17,171.06363742545804,171.31141358947505,168.87788708354555,169.95748901367188,4878800,,
2023-05-18,169.30265805362453,169.6477758185161,168.49737876794813,169.51502990722656,3709400,,
2023-05-19,170.31146090624298,170.66542298920766,169.10797092026002,169.76280212402344,3883000,,
2023-05-22,169.18762275078575,169.36460380522598,164.95771208655663,165.16123962402344,5787000,,
2023-05-23,165.02849406955414,165.15238214807738,163.34714042926677,164.65682983398438,6382300,,
2023-05-24,164.83380193016632,165.24971477895218,163.15244838111212,163.61260986328125,3721000,,
2023-05-25,161.67464008148332,163.01972025541488,161.01095107170482,162.64805603027344,4712700,,
2023-05-26,162.56844342644806,163.04629365114525,161.40918842232452,162.45339965820312,4449300,,
2023-05-30,161.10832430891043,162.01978964779872,159.90483412803025,160.71011352539062,4331800,,
2023-05-31,161.8162328720075,163.37368491193436,160.57735210192794,161.36492919921875,20414600,,
2023-06-01,162.5545281356732,162.7951290431672,161.11094988493434,162.34957885742188,5277400,1.265,
2023-06-02,162.1981216024588,164.22091000721383,161.91296290743088,164.01596069335938,4288300,,
2023-06-05,163.82881927863897,165.89616520301797,163.6149502807597,164.1317901611328,4311700,,
2023-06-06,164.8357546040519,164.9605081210257,160.78124490673343,161.78819274902344,3975600,,
2023-06-07,161.03075942938526,161.94859175454332,160.13073932232382,160.49609375,5162700,,
2023-06-08,160.1307597859545,162.4476265632199,159.80105694656385,162.2694091796875,4036100,,
2023-06-09,161.92188370322577,162.91991194830192,161.28919634257676,162.4921875,3200100,,
2023-06-12,162.61691557139898,162.8307709635113,161.01293214499196,162.09115600585938,4207100,,
2023-06-13,162.2961300852176,162.34959393693492,161.36047188882318,161.77037048339844,2838700,,
2023-06-14,162.1802991262496,163.65060958607552,161.68128499678417,163.22288513183594,3559300,,
2023-06-15,164.19417572633617,165.89618097046798,163.53477004848443,165.4862823486328,4326100,,
2023-06-16,165.8694652303402,167.16155838161984,165.47737879058838,165.7803497314453,8925700,,
2023-06-20,166.22590224089248,167.4110676869424,165.0674823225594,165.12985229492188,4154800,,
2023-06-21,165.49518212450775,166.52886194393523,164.1317994787737,165.23675537109375,3832400,,
2023-06-22,166.3951860777828,167.15262691213115,165.6288391337425,166.9476776123047,3185800,,
2023-06-23,167.52690063639653,167.52690063639653,165.70014181960855,165.8070831298828,7592600,,
2023-06-26,165.88725552668598,166.12784284737424,164.06940307658442,164.75555419921875,3706100,,
2023-06-27,164.5595112481835,166.28824822085642,163.926837570832,165.9407196044922,5763000,,
2023-06-28,165.967468917381,166.40411305942692,163.4100148212476,163.69515991210938,5193900,,
2023-06-29,163.29416265032248,163.86446641255634,161.63671521678114,163.85556030273438,5770400,,
2023-06-30,163.99813117303853,165.31696971209465,163.85556542585826,165.0496368408203,7635100,,
2023-07-03,164.2298113548118,165.42388266324318,163.49019636902162,165.38824462890625,2389000,,
2023-07-05,164.85361032939372,166.3595725128062,164.82687839927175,166.2615509033203,5277100,,
2023-07-06,165.57539609846845,166.41303281669877,164.75558519897714,166.2793731689453,5592100,,
2023-07-07,165.58428977067572,165.6377536213707,163.0981119364507,163.14266967773438,6309900,,
2023-07-10,164.02487856929335,165.66450025605116,163.7664518051705,164.22982788085938,5508800,,
2023-07-11,164.30108941704384,164.61296638608457,162.55452672138833,163.94464111328125,3914300,,
2023-07-12,163.94467439746376,164.50607209166998,163.05357385281405,163.22288513183594,6080100,,
2023-07-13,165.56644768761848,167.5803295829063,163.3030451850805,167.10804748535156,8223100,,
2023-07-14,167.40212918258186,168.08828032849294,166.7159780366708,167.71401977539062,4467600,,
2023-07-17,166.04765172153176,166.64468738106544,165.22784095334612,165.41497802734375,5637400,,
2023-07-18,165.24567397796568,166.47539698244682,163.80209556200202,164.3634796142578,5684100,,
2023-07-19,164.8535521578866,166.27931804782634,164.33671236271124,165.97633361816406,4140800,,
2023-07-20,167.0813344628975,169.30017947952575,166.4664729765358,168.68531799316406,5056500,,
2023-07-21,169.40713292511106,170.6190302657895,168.68534362608858,169.45169067382812,15022100,,
2023-07-24,169.83484145261744,170.58336261116511,169.4338489460465,170.12890625,4225800,,
2023-07-25,169.6744381359236,171.10019068243028,169.36254754290863,170.52098083496094,3521600,,
2023-07-26,170.30712524621072,171.42992059179542,169.36256088044976,170.73486328125,3898900,,
2023-07-27,171.09128030572938,171.34969344429464,167.88331336115164,167.99916076660156,4141800,,
2023-07-28,169.43385694635205,170.5299068086296,169.1219663170064,169.58534240722656,5602300,,
2023-07-31,168.81898130622264,168.94373482812634,166.5021282427087,167.0457000732422,5687700,,
2023-08-01,167.07243853858876,168.0615606427935,166.10112865455733,166.47540283203125,2853900,,
2023-08-02,166.27043717288112,169.28236118028616,166.1011259042356,167.80313110351562,4285900,,
2023-08-03,167.67841049282086,168.61406891044643,166.60909241429897,166.7427520751953,2857400,,
2023-08-04,166.74269445746557,167.53577323134297,164.2743562583973,164.49713134765625,4651100,,
2023-08-07,165.10309320916355,166.82292417858923,164.94270165194058,166.5377655029297,3323400,,
2023-08-08,166.81400081812774,167.06350785530796,163.9892140351765,164.3545684814453,5017900,,
2023-08-09,163.85553923517497,164.85356729148526,162.74166378050276,163.94464111328125,4413100,,
2023-08-10,164.15853389561886,165.37933721985846,163.54367237995777,163.73971557617188,3727200,,
2023-08-11,163.96246987769507,164.21197689626166,163.32087651649158,163.99810791015625,2873800,,
2023-08-14,164.3099914020807,164.7288096502955,163.18720986690974,163.62384033203125,3385600,,
2023-08-15,163.20504417262114,163.4812967374104,161.40503102934548,161.60107421875,3331800,,
2023-08-16,161.82387757388713,163.02685524922032,161.2446540142529,161.47634887695312,2633700,,
2023-08-17,161.47632222111756,161.65453959577167,158.90104240559074,159.01687622070312,4503000,,
2023-08-18,159.02581155913418,159.99710790402037,157.96539971960422,158.7762908935547,6020300,,
2023-08-21,158.37528996521397,158.58025287260494,157.03863919911592,157.76934814453125,4284100,,
2023-08-22,156.99408492103746,157.56440231373034,156.21883181065746,156.5663604736328,3489300,,
2023-08-23,157.94757097667218,158.86540344662353,157.16339814909617,158.7228240966797,4042700,,
2023-08-24,158.6247619869382,160.79014282027555,157.81387103507083,157.88514709472656,5709800,,
2023-08-25,158.66935883396036,160.13968287263867,158.47331562880325,159.88125610351562,4710700,,
2023-08-28,161.1287833719247,161.44956646770777,159.80994496939914,160.620849609375,3189800,,
2023-08-29,160.665407367041,161.48521811628484,159.5247999248658,161.22679138183594,4368600,,
2023-08-30,161.69908086935675,162.411950295366,161.0396616934742,161.36045837402344,3153400,,
2023-08-31,160.93422075773458,161.19446554497185,159.6061179139745,159.6599578857422,5566700,1.265,
2023-09-01,160.38681649370386,160.45860768322578,156.71657922079987,157.32679748535156,4801400,,
2023-09-05,157.2819540930934,157.8293500288231,155.82820621054873,156.28587341308594,5081800,,
2023-09-06,156.96781984483783,157.030642261776,155.67560599756538,156.7973175048828,5933800,,
2023-09-07,157.80240203696,158.888211257479,157.22808621390985,158.2959442138672,4934300,,
2023-09-08,157.76651008652166,158.96898178149604,157.5870389472788,158.17930603027344,2995000,,
2023-09-11,158.6818470024241,161.01499943786195,158.6818470024241,160.56631469726562,4512700,,
2023-09-12,160.39580950802676,160.55732942550574,159.5522800915826,159.9740447998047,3331100,,
2023-09-13,160.02789358036358,161.65213007289594,159.9202136294508,161.2393341064453,3781400,,
2023-09-14,161.47263339702494,163.04302966584132,160.92523757846962,162.63023376464844,4118300,,
2023-09-15,162.79179592675004,163.1597206891333,161.1765281710916,161.38291931152344,11661200,,
2023-09-18,162.42385730063882,162.42385730063882,160.1176114283156,160.97012329101562,3182600,,
2023-09-19,160.50347905345848,160.74577260674818,159.10358508826351,160.01890563964844,3369300,,
2023-09-20,160.7098784961889,161.0060120338336,159.33690444432614,160.07275390625,3695800,,
2023-09-21,159.82149155331112,160.0278826760875,157.1563034076575,157.38064575195312,5351000,,
2023-09-22,156.98580310400257,158.28698597951094,156.47429597973797,157.2819366455078,4542300,,
2023-09-25,156.75247132507153,157.43448079374622,155.4064173014489,156.4384002685547,3553600,,
2023-09-26,155.24491196080476,155.89101904820205,154.0244889838067,154.81417846679688,5213700,,
2023-09-27,154.62569896564668,154.96670367487872,151.68232881277564,152.1669158935547,5729900,,
2023-09-28,152.48997298069298,152.7143153268844,150.91957655735314,152.10411071777344,4841600,,
2023-09-29,153.01042516510643,153.30655865933932,150.7939220326583,152.0502471923828,5194200,,
2023-10-02,151.72722343676406,152.09514818585959,150.14785818425477,151.8079833984375,3838800,,
2023-10-03,151.52978225239505,152.55278271820637,149.88759477176677,150.48883056640625,4873400,,
2023-10-04,151.1618805434106,151.77209888734845,149.91453756032934,151.57467651367188,4134000,,
2023-10-05,151.44904521226482,151.48493396528005,143.46244892842196,143.66885375976562,10556400,,
2023-10-06,142.48428706714097,144.4046566962024,139.83705054332174,143.8393096923828,12774700,,
2023-10-09,143.5791070714785,144.85337000360536,142.35868411366008,144.79953002929688,7244500,,
2023-10-10,147.39289643013007,148.22744324378124,145.4007356386667,147.52749633789062,11456400,,
2023-10-11,148.07491860025291,148.4607945594593,145.0148993768201,145.93020629882812,7371500,,
2023-10-12,145.91225319381527,145.95711070445776,141.27284187790949,141.85614013671875,9024100,,
2023-10-13,142.34071230265545,143.79445986256323,141.7394765218909,143.57908630371094,6757100,,
2023-10-16,144.47648760640206,145.32898588167433,143.3996469590702,144.54827880859375,5605000,,
2023-10-17,143.5791105011528,145.04182707107003,142.8253234572868,143.9111328125,6411300,,
2023-10-18,144.49441870842745,146.63014848193714,144.35980508827438,145.4007568359375,6650600,,
2023-10-19,145.2840908938929,146.01994032636185,143.94701933859466,144.0816192626953,6336800,,
2023-10-20,144.80847784850047,145.58021598509367,143.3188552346037,143.57908630371094,5486500,,
2023-10-23,143.22016069010348,145.01489947723374,142.73557354962696,143.65089416503906,5795800,,
2023-10-24,143.94701054752497,146.1365937976378,143.29192110952377,145.54432678222656,5265200,,
2023-10-25,145.4186984575402,146.71988120983818,144.89822261806722,145.6879119873047,4534600,,
2023-10-26,145.98404009113605,146.59425837274398,144.74567969238507,144.84439086914062,5147000,,
2023-10-27,145.39179290362733,145.49947284911255,142.58302232154577,143.23809814453125,5078000,,
2023-10-30,144.7456734567418,145.89430508617633,144.24314883046034,145.62509155273438,4625900,,
2023-10-31,146.2263426478022,146.58529862753045,145.06874213350864,146.52247619628906,5947400,,
2023-11-01,146.87245445557068,148.4518197390021,146.05584497971793,147.9492950439453,6682500,,
2023-11-02,147.8326312328491,150.00426341061245,147.7698088059963,149.7081298828125,5413400,,
2023-11-03,151.36823802260383,151.48490040640823,149.58248198431357,149.67221069335938,4063300,,
2023-11-06,148.47873200103533,150.30935936792181,148.25438967362052,149.59146118164062,5784600,,
2023-11-07,149.68121049576555,150.49781989149707,149.07099221680292,150.02220153808594,4687200,,
2023-11-08,150.91059454626338,151.0631456851505,149.55557182360582,150.2106475830078,4926600,,
2023-11-09,150.3811352051024,150.6323974907369,148.7927878551668,149.10687255859375,5639300,,
2023-11-10,150.13886816237692,150.56063286467207,147.94031592893052,149.7888946533203,5552900,,
2023-11-13,149.86067280735062,151.45798906280987,149.3760994111152,150.55165100097656,5402300,,
2023-11-14,150.7131681169505,151.15288399436267,149.76195886922943,150.85675048828125,6238900,,
2023-11-15,151.38622016694552,151.46698012941494,149.20561902364648,150.0850372314453,5611200,,
2023-11-16,151.1080072510032,152.5527722892177,149.3222375165741,150.497802734375,5386400,,
2023-11-17,150.80290821302415,150.9823793280551,148.75690737758106,149.64529418945312,5583100,,
2023-11-20,148.96331100686288,149.65428923526778,148.7120486861283,149.42994689941406,4886200,,
2023-11-21,149.95939570860145,150.6324227349354,148.8915239693084,150.57858276367188,3980000,,
2023-11-22,151.07213727654312,152.16692899147947,151.02726606997626,151.85284423828125,3235600,,
2023-11-24,151.61054853375362,152.57074030818518,151.61054853375362,151.98744201660156,1751700,,
2023-11-27,152.28358753686916,152.28358753686916,150.83882222579103,151.04522705078125,3664700,,
2023-11-28,151.0990517131195,152.33741207371583,150.77599820757933,151.52978515625,4056100,,
2023-11-29,151.7451712909221,151.76310882015977,149.5466053027386,150.0042724609375,4722400,,
2023-11-30,150.19866986012252,152.23314704959654,149.03224234225058,152.1698455810547,7346700,1.265,
2023-12-01,152.24218542507583,152.67621716295037,151.34702428472045,152.5315399169922,4897400,,
2023-12-04,152.26930887939264,153.64371510534312,152.0794320688568,152.9384307861328,5323300,,
2023-12-05,152.94746718176046,153.32724839531235,151.64541338156772,151.85337829589844,4553800,,
2023-12-06,151.88953459552502,152.196977174941,150.75926954567728,151.4645538330078,4726600,,
2023-12-07,151.9076257403533,152.17889211718298,150.7321473055453,151.4193572998047,4934800,,
2023-12-08,151.03957390360773,151.1119125228587,149.43912851816563,149.80984497070312,5115200,,
2023-12-11,151.4012528281019,152.02516128820784,150.51512897028886,151.74485778808594,6912600,,
2023-12-12,153.06500533322998,153.06500533322998,151.64539967632402,152.3325958251953,4515800,,
2023-12-13,152.39586151087386,155.56965398418834,152.01609418359772,155.53347778320312,6082100,,
2023-12-14,155.20798223274159,155.49733669156925,151.8533634834357,152.1336669921875,7119300,,
2023-12-15,151.41032594685933,152.3687886448262,150.50611377184413,151.00343322753906,17734600,,
2023-12-18,151.96188294800095,153.94210964972268,151.3741506033064,152.73046875,5439500,,
2023-12-19,151.85337434548114,152.65812252053664,151.28371633715412,151.86241149902344,4855900,,
2023-12-20,150.56034012255643,151.42838974196738,149.8008053288097,149.8188934326172,5157800,,
2023-12-21,150.55129185657523,151.09382455330862,149.54761602564423,150.9762725830078,4374000,,
2023-12-22,151.32891496106953,152.06132444491323,150.87680897872852,151.61825561523438,3030400,,
2023-12-26,151.5911542376481,153.19161353043876,151.22947491367796,152.6852569580078,2779200,,
2023-12-27,152.72140168922158,153.2548972565041,152.23313327867615,153.1735076904297,3502500,,
2023-12-28,153.1735269002664,153.3001160445933,152.54058117863198,153.16448974609375,2911100,,
2023-12-29,153.11925934882706,153.7793440539196,152.9655449618985,153.5713653564453,3291500,,
2024-01-02,153.28204203003835,156.41965918170632,152.9836503755855,156.34732055664062,5743100,,
2024-01-03,158.2371060583349,158.41794570582258,156.15741561927493,156.3834686279297,5588200,,
2024-01-04,155.17181617424592,156.90790149483823,154.24047895221742,155.04522705078125,6283200,,
2024-01-05,155.1356656887012,155.1356656887012,151.5097665929878,152.75758361816406,5252500,,
2024-01-08,152.75758626600785,153.4719077162982,151.71773412794298,152.9113006591797,5735600,,
2024-01-09,151.71772678094746,151.80815350063708,150.03589189385448,151.15711975097656,6268800,,
2024-01-10,150.63268441305738,151.87146432267764,150.2800422600253,150.9310760498047,4394900,,
2024-01-11,151.1300156465113,151.1300156465113,149.03225066847764,150.21676635742188,4800700,,
2024-01-12,150.40660383630717,151.3469919368617,149.71037060865694,151.24752807617188,3546100,,
2024-01-16,151.24758392043213,151.47363697844796,149.36682082207852,150.25294494628906,4576600,,
2024-01-17,150.09017761022517,150.75928576150932,149.5928581753638,150.4970703125,4392300,,
2024-01-18,149.61996209651488,151.25658362376305,149.18594419580128,151.15711975097656,4709400,,
2024-01-19,151.129982077871,151.2204087901313,149.71037651620264,149.90025329589844,6528600,,
2024-01-22,150.0630652717384,150.74122443298648,149.21310358209143,149.2944793701172,5697400,,
2024-01-23,148.797132773662,151.84432296774423,148.61629312305783,151.5821075439453,4932700,,
2024-01-24,151.58213568218838,151.6725624228669,149.6652101950189,149.737548828125,4984700,,
2024-01-25,149.9273860595636,150.64172124953305,149.14072605277832,150.6055450439453,5373800,,
2024-01-26,150.64173415259086,151.93475077091765,150.64173415259086,151.78103637695312,4849000,,
2024-01-29,151.48265158167263,152.54057808002486,151.35606243991717,152.0432586669922,5713600,,
2024-01-30,151.6092409490159,153.44479040579185,151.29277499274724,153.37245178222656,4804200,,
2024-01-31,153.67990187676165,154.0596693211146,151.79913896388348,152.38687133789062,5769200,,
2024-02-01,152.3868388604968,155.3436158008041,151.15711005636132,155.25318908691406,4920800,,
2024-02-02,154.83725020625465,155.48828387585627,153.80644919558182,154.59310913085938,5307700,,
2024-02-05,154.2133738002148,155.14471114365227,152.8570556732071,154.5479278564453,5142700,,
2024-02-06,155.02717103721142,155.37077607081508,153.66181565171573,155.0000457763672,5182700,,
2024-02-07,156.0941162435911,156.33824354065743,154.96385128509246,155.04522705078125,5769700,,
2024-02-08,155.27130467388344,157.42333391134864,154.9910011272587,157.19728088378906,9269700,,
2024-02-09,154.8010896268131,154.97289211212703,150.97627677977917,151.60922241210938,12731700,,
2024-02-12,151.78102566239292,154.68355223002288,151.18424243582524,154.26760864257812,7867500,,
2024-02-13,154.81917608290289,155.02714097477488,151.22041627121,152.7033233642578,7302000,,
2024-02-14,152.21504898090615,152.48631534784892,150.15344666763008,151.47360229492188,5731900,,
2024-02-15,151.86241215072593,152.2421795588467,150.71405897560155,151.78103637695312,4451400,,
2024-02-16,151.19328261024322,151.3741222364775,149.80982566646222,150.38853454589844,5246000,,
2024-02-20,151.67255400004086,153.2820505550169,151.1752345482937,152.49537658691406,6117900,,
2024-02-21,153.67085530363994,153.87882023921964,151.78105518247287,152.65814208984375,4192600,,
2024-02-22,151.58209712757974,152.65811160092767,150.18961673671654,152.1336669921875,7539200,,
2024-02-23,151.8533899033156,153.94211775160312,151.72680075484914,153.35438537597656,6409800,,
2024-02-26,153.19162011353245,153.19162011353245,151.64542507035642,152.14273071289062,3837000,,
2024-02-27,151.7448783321305,152.10655764631593,151.31989754951283,152.05230712890625,3567600,,
2024-02-28,152.0161206289575,152.3597256122015,150.5060882088187,151.03053283691406,5275300,,
2024-02-29,151.43598773418668,151.86419774254185,150.2515389149329,150.643310546875,8489400,1.265,
2024-03-01,150.20601098758922,150.33356618461661,148.73911927053734,149.9600067138672,6109900,,
2024-03-04,149.83243255073123,150.92576465863738,149.05799534626405,150.670654296875,4303700,,
2024-03-05,150.53398702465478,150.78909737629613,147.42709050345033,147.6366424560547,6631300,,
2024-03-06,147.6548589655581,149.41331295589802,147.6366328266378,148.5113067626953,5302500,,
2024-03-07,149.2584223335996,149.33129908277843,148.05574743509496,148.6115264892578,5801600,,
2024-03-08,147.8917765831922,149.60465850106598,147.6822107141261,148.556884765625,6065300,,
2024-03-11,149.3495256797467,150.7161941218042,148.79374662387784,150.0875244140625,5404800,,
2024-03-12,150.46110171386636,150.71621207457395,149.38599575123746,149.9144287109375,6158500,,
2024-03-13,150.42465287111685,151.37220358747925,150.09665187267007,150.60687255859375,4585800,,
2024-03-14,151.48154489657333,151.48154489657333,149.60465554875057,150.1331024169922,5155300,,
2024-03-15,150.38822789326167,150.6797905681311,149.0944498040941,150.02378845214844,21887300,,
2024-03-18,152.20133383947282,156.87533114025172,152.11021703570688,156.037109375,10478500,,
2024-03-19,155.89133786729965,157.3035509713582,155.80022106592142,156.52911376953125,7653700,,
2024-03-20,156.98463181905416,157.71352434551915,155.9095122144629,156.583740234375,5046700,,
2024-03-21,156.6384037727341,158.00507203798273,155.84574062767982,157.1212921142578,4343000,,
2024-03-22,157.64065024192308,157.71354089246398,156.4926398739918,156.7295379638672,4106400,,
2024-03-25,156.89354232761423,157.70443175494287,156.8115455535236,157.25799560546875,3941900,,
2024-03-26,156.86622883739173,157.595121577836,156.54734782139732,157.37644958496094,4593000,,
2024-03-27,158.53354102703767,159.16221074171258,157.66798711801633,158.1417694091797,4911300,,
2024-03-28,159.2259877837826,160.1826585227805,158.87065452672294,159.45376586914062,5710400,,
2024-04-01,159.96400918826683,160.56533280055058,157.3035487719191,157.60421752929688,4815400,,
2024-04-02,157.56777942898967,158.41510728107363,156.12822018012602,156.20111083984375,5158500,,
2024-04-03,154.8890967997908,155.7273184788814,153.70464798494527,154.5975341796875,5828000,,
2024-04-04,155.72732227369326,156.51087945622618,154.27865696373965,154.57020568847656,5422600,,
2024-04-05,154.34242925423837,154.86176997609454,153.13066204151679,154.1055450439453,4412200,,
2024-04-08,154.1146688760404,154.93467844125064,153.74112332888896,154.50645446777344,3755700,,
2024-04-09,155.09864287246916,155.54509290417474,153.7319744230317,155.4448699951172,3773900,,
2024-04-10,154.49734852705726,154.55201305097336,152.8573432972086,153.9324493408203,4581500,,
2024-04-11,154.54286343317156,154.7706415075171,152.8573140244968,153.39486694335938,4241500,,
2024-04-12,152.7844301069675,153.5315349944678,152.44732299086732,153.15798950195312,5453500,,
2024-04-15,154.16933717980598,154.29689236124494,151.27199248358917,152.11021423339844,5133200,,
2024-04-16,152.18310418164552,153.53154665089366,152.0555490008041,152.611328125,4569700,,
2024-04-17,154.05998046827455,154.61575954540342,153.25821107194417,154.41531372070312,4069200,,
2024-04-18,154.9802241938236,157.33088194243913,154.9802241938236,156.95733642578125,5574700,,
2024-04-19,156.96642944414657,158.77954796660697,156.5290994230524,158.65199279785156,6636700,,
2024-04-22,158.90711911859583,161.44911663106942,158.5608919532337,160.77490234375,7288700,,
2024-04-23,159.1713231817087,159.3353306323628,155.01665313141805,156.0006561279297,9145000,,
2024-04-24,153.5224276929857,162.2599916061003,152.7479766510535,161.64044189453125,10016700,,
2024-04-25,162.43309649120167,164.5742159144737,160.19176806330043,160.97531127929688,7441500,,
2024-04-26,158.93443129253586,162.69732952745008,158.8433145018595,159.9730987548828,4472100,,
2024-04-29,159.90022602308778,160.6473448634477,159.46289596426377,160.48333740234375,3224500,,
2024-04-30,160.60177418802587,160.7839938734026,159.29887632776396,160.27377319335938,4465100,,
2024-05-01,159.86377057852533,160.56531704107826,158.22376565491837,159.58131408691406,4340500,,
2024-05-02,159.97312435931227,160.64735257180777,159.03467965551883,159.85467529296875,3964800,,
2024-05-03,160.17355066606686,160.8022203992281,159.44465802033685,160.492431640625,3491900,,
2024-05-06,161.0482063512873,161.0482063512873,159.56310274482598,160.1917724609375,3576200,,
2024-05-07,161.2668895170956,162.31466318178306,160.82043945083086,162.19622802734375,3708000,,
2024-05-08,162.82489070470425,162.9797781325965,161.4399960696187,161.64044189453125,3400900,,
2024-05-09,161.50377334075793,162.56977314298155,161.3488859065003,162.232666015625,2421400,,
2024-05-10,162.1324251730926,164.14598940075777,161.82265033882717,163.80886840820312,4201600,,
2024-05-13,164.4648876817049,165.2302326326961,163.86356408785153,164.82022094726562,4408100,,
2024-05-14,164.95691006979646,165.16646203833886,162.72468737192153,163.8817901611328,3508600,,
2024-05-15,163.30779390304576,164.36467373619539,163.08912191904645,163.50823974609375,4785100,,
2024-05-16,163.66311886754232,167.10712250122717,163.50823143351084,166.8337860107422,5984700,,
2024-05-17,166.3599837756394,166.69710476462484,165.66754346476478,165.99554443359375,4449100,,
2024-05-20,165.9044479723742,165.9409002525265,163.91822968068846,164.2826690673828,3221100,,
2024-05-21,165.36688792247645,165.43977857718505,163.81799974171327,164.98422241210938,3288100,,
2024-05-22,164.41021059870474,165.94088648122872,163.98198670851752,165.90443420410156,4047000,,
2024-05-23,165.21200272646163,165.72222341384355,163.1255476768458,163.33511352539062,4009000,,
2024-05-24,163.4262098053818,163.47176820115556,162.0595413469927,162.16888427734375,3447400,,
2024-05-28,160.56532021707432,160.61087861355603,156.62020220425484,157.96865844726562,6178100,,
2024-05-29,157.10308172187865,157.78641592298226,155.54508752874554,155.93685913085938,5352100,,
2024-05-30,156.11910848146962,156.44710948724094,155.2535406173014,155.32643127441406,3903100,,
2024-05-31,154.78886801833133,157.59509556931212,154.4517609162799,157.53131103515625,8155600,,
2024-06-03,157.36731265572178,157.53130619141666,155.82753069239328,156.00975036621094,5032400,,
2024-06-04,155.99154477322728,158.88887524697515,155.63621152828705,158.43331909179688,4619100,,
2024-06-05,158.38777442740542,158.50622348681142,156.67489258911476,158.0688934326172,5370700,,
2024-06-06,158.5335496463476,158.89798902707486,157.33087466549946,157.80465698242188,5536700,,
2024-06-07,157.4878675493522,158.41534207482246,156.79914509651246,157.06544494628906,3521100,1.355,
2024-06-10,156.21141709398472,156.45016913797843,152.08826079317723,152.3453826904297,9429400,,
2024-06-11,151.39953567169303,151.94134124228654,150.1506519025506,151.5832061767578,8284500,,
2024-06-12,151.40871782512488,151.8219484106467,149.16807232413723,150.4445037841797,6281100,,
2024-06-13,148.83751135517588,150.19658637007387,148.3416233552456,149.98538208007812,5432600,,
2024-06-14,149.80171256658474,150.9587611125227,149.25072906160898,150.4261474609375,3603300,,
2024-06-17,150.1323005084776,152.81372461915595,149.48948174589574,152.56578063964844,5412200,,
2024-06-18,152.52906282007345,153.41981159606067,151.74850514640437,152.8780059814453,3519500,,
2024-06-20,152.18929702667182,153.94324695817775,152.18929702667182,153.06167602539062,4942400,,
2024-06-21,153.5483516584953,155.2563835724704,152.85043740653444,153.6126251220703,10899100,,
2024-06-24,153.81467634400215,155.75228267813276,153.43817138527257,154.3472900390625,4476900,,
2024-06-25,154.34726285884406,155.15536818657398,153.58507515420632,153.67691040039062,4217300,,
2024-06-26,152.33621782138735,153.36470549851379,151.3811955514976,153.1167755126953,4778300,,
2024-06-27,153.01574357380275,153.585082894985,151.76685982804446,152.67596435546875,4326500,,
2024-06-28,151.79439956166706,152.6392305784527,151.16995071581346,151.45462036132812,8755900,,
2024-07-01,151.5556459275428,152.49231226691703,149.29664441810726,149.58131408691406,4508000,,
2024-07-02,150.14146990512182,151.03221858454768,149.0578868175434,150.21493530273438,4650800,,
2024-07-03,149.60888058507751,150.7200256378437,148.72732369470395,149.31503295898438,2879600,,
2024-07-05,149.3517517739328,151.078153788476,149.19564304037632,150.95877075195312,4208200,,
2024-07-08,149.73743808765184,150.37106496976477,148.69058054697203,148.87423706054688,5268800,,
2024-07-09,148.93850926220324,149.27827447805313,148.30488244511596,148.6721954345703,5801200,,
2024-07-10,148.61710221851837,150.38942175006198,147.53351907416663,150.22412109375,7372300,,
2024-07-11,146.1010029219156,151.4179343710871,145.11841877857847,150.5547332763672,10258600,,
2024-07-12,151.48218409097606,154.3013468230673,151.48218409097606,152.78616333007812,6677000,,
2024-07-15,152.4463929763064,152.71270680118775,150.2792127318955,150.47206115722656,4551800,,
2024-07-16,150.0588462426573,151.55566012728468,149.53541047064058,151.2985382080078,4461700,,
2024-07-17,152.47396702523108,156.1747153533488,152.33622813489558,156.00941467285156,7671000,,
2024-07-18,154.92581841709824,158.56226493886976,154.63195679282518,156.45018005371094,6228600,,
2024-07-19,156.36752088539401,156.5603693082981,154.705406526251,155.52268981933594,5332800,,
2024-07-22,155.43087501625178,155.84411968939892,153.67693918715085,153.96160888671875,5308400,,
2024-07-23,154.08097396044548,154.60440972654888,152.60251593525894,152.69435119628906,3344300,,
2024-07-24,152.6943516934158,154.88907992308347,151.4730155806251,154.429931640625,5867000,,
2024-07-25,155.64208082223533,159.31526686926776,155.06354953595803,157.0470733642578,6270900,,
2024-07-26,156.78077907905563,158.64492010940864,156.78077907905563,158.6357421875,5746300,,
2024-07-29,158.21329091257,159.31525787413557,156.8909557804569,159.05813598632812,4152700,,
2024-07-30,158.5806223031814,159.27852258772123,157.53376487032546,159.03057861328125,4994600,,
2024-07-31,159.7101264907877,160.41721872312388,158.1857509293694,158.562255859375,6245600,,
2024-08-01,158.43370840772553,161.21614593436678,158.40616063119194,160.66517639160156,5994500,,
2024-08-02,164.2281397450726,165.24744940223408,159.6366573276052,163.49349975585938,6856100,,
2024-08-05,164.85260301587223,166.12903467875387,159.01223631106913,159.82032775878906,7502300,,
2024-08-06,159.1224360744195,161.81305243840066,158.2776048714078,158.39698791503906,7287100,,
2024-08-07,157.59805690995316,160.14174239761456,157.3317570631302,157.75416564941406,5428900,,
2024-08-08,156.30324869216972,158.8652896841837,155.93592169604926,158.28675842285156,5112500,,
2024-08-09,158.02963825780625,158.66326507245464,156.46853704049548,158.3051300048828,3223000,,
2024-08-12,158.1673774518296,158.74589465733214,156.76238507660878,157.41436767578125,3802300,,
2024-08-13,157.59803606872939,158.33267604887814,156.3124266125382,158.28675842285156,3894700,,
2024-08-14,158.1581993246253,160.09580546400525,157.88270757734006,159.5172882080078,3555800,,
2024-08-15,159.51730520228935,160.05909682201195,157.79090314666468,158.42453002929688,4472100,,
2024-08-16,158.42452091755126,158.66327297045305,157.12971945030293,158.51634216308594,4614600,,
2024-08-19,158.55308926543935,159.7652334525165,158.3510628989109,159.61831665039062,3521700,,
2024-08-20,159.35198263347732,161.64772376980022,158.40613840627964,161.48243713378906,5330100,,
2024-08-21,161.56511275428332,162.3732182797068,160.35295446614808,160.89476013183594,4020700,,
2024-08-22,161.46408253479723,161.69365667011735,160.42640295928047,161.38143920898438,5265900,,
2024-08-23,162.1987230570277,162.2446266745549,159.48055912135877,161.5008087158203,5283600,,
2024-08-26,161.91406077714058,162.391564913176,161.37225514218304,161.5926513671875,4146700,,
2024-08-27,161.9048762835697,162.42831208747356,160.26113148433654,160.97740173339844,3520600,,
2024-08-28,161.20694119110877,161.38141975485402,159.18669184624642,159.71011352539062,3915500,,
2024-08-29,159.56320136382374,159.74687188105833,157.8643611761491,158.02964782714844,4654300,,
2024-08-30,158.00207142638138,159.379515983527,157.25825360745725,158.7550811767578,8677300,,
2024-09-03,158.29593362890495,163.35574161152266,157.83678544133957,163.03433227539062,7032100,,
2024-09-04,163.36494229416056,164.97196117456105,161.8864843637084,163.93429565429688,6188500,,
2024-09-05,164.12713797271198,165.04543451999615,163.0160069972704,164.65057373046875,5743100,,
2024-09-06,164.18330909868547,165.23813816534292,163.77617961352087,164.0907745361328,6395300,1.355,
2024-09-09,163.82242934711084,165.43242326025543,162.72133311711994,164.87725830078125,4666200,,
2024-09-10,165.30287413680668,165.71926548167298,164.36833732994225,164.525634765625,4315800,,
2024-09-11,164.1832915636699,164.4701289106398,161.3981624825187,162.64730834960938,4036000,,
2024-09-12,162.64730083422765,164.41460622951115,160.9540202539015,164.00747680664062,4222800,,
2024-09-13,164.19254081533745,164.664447271797,163.193226936635,164.10926818847656,3290400,,
2024-09-16,165.62673538474388,166.02460288825785,163.1747251173461,163.97047424316406,4940100,,
2024-09-17,163.7761606238858,164.78472229232548,163.12846111749292,163.65586853027344,6305100,,
2024-09-18,163.6466402792475,164.75698443986877,161.3981802941067,162.1199188232422,5307900,,
2024-09-19,162.61953877589676,163.0544257274464,161.13907075545674,161.61097717285156,5504000,,
2024-09-20,159.67712592857384,160.78746987993253,157.50269117978814,158.39096069335938,12198400,,
2024-09-23,158.10414703134649,160.9447913998484,157.9746071196136,159.2515106201172,5350300,,
2024-09-24,158.2151636158549,158.77959044357613,156.83647798911574,157.22509765625,7837900,,
2024-09-25,157.66924655829777,158.01161310341877,156.1517730994723,156.74395751953125,4505100,,
2024-09-26,156.57742682462393,158.22444033722743,156.07776279071993,157.01231384277344,5673600,,
2024-09-27,157.26212795227218,158.82585453530226,157.00303403754884,157.29913330078125,7545800,,
2024-09-30,157.8357999918208,158.909138624938,156.91051098784865,157.34539794921875,5054300,,
2024-10-01,158.4927630557588,159.0942094394873,157.0863337952425,158.5760498046875,7095900,,
2024-10-02,158.68706217603196,158.9091366169434,155.92970493229842,156.88275146484375,5786000,,
2024-10-03,155.57810267350152,156.4756341951845,154.6805711518185,155.93896484375,5090300,,
2024-10-04,154.66207825138576,155.9112242714035,154.3567452515338,155.4208221435547,4390100,,
2024-10-07,155.189482671078,155.38378546765406,154.02362353524984,154.71759033203125,5459500,,
2024-10-08,155.18946675223535,157.90055664988031,154.38446986855593,157.687744140625,8297800,,
2024-10-09,156.7254655852386,160.33408727366628,156.4663857778023,159.6493682861328,7177500,,
2024-10-10,159.21450110902236,160.13052827563848,158.42799973196443,160.06576538085938,5292400,,
2024-10-11,161.000289271939,162.09212353710885,159.95470816267743,161.74977111816406,4720300,,
2024-10-14,161.88857621336814,163.10070259348745,161.40742196060657,162.9434051513672,4535900,,
2024-10-15,163.18400105331057,164.13704778331734,162.0366373823971,162.75836181640625,5802300,,
2024-10-16,161.93482955115442,162.23092882050477,160.6579402787542,161.44442749023438,4400900,,
2024-10-17,161.35191164128267,162.36047333342646,160.72270773543408,161.6202392578125,4125900,,
2024-10-18,159.42728671742842,162.23091106788945,159.26072736694752,161.9810791015625,5097000,,
2024-10-21,161.42593203524711,164.23880450291665,161.32414967615566,161.93482971191406,6436300,,
2024-10-22,161.47214545971704,161.879274795903,160.5468566479442,161.3426055908203,3790500,,
2024-10-23,160.72269906096497,160.85223895829665,159.58459752592327,160.0287322998047,3800700,,
2024-10-24,160.0009899036618,160.57466462917571,158.87213606915353,159.2977752685547,4244900,,
2024-10-25,159.58461777006661,161.00030901291825,158.77962074301536,158.95541381835938,4442600,,
2024-10-28,160.05649964931865,160.05649964931865,157.04931016667103,157.15109252929688,5186400,,
2024-10-29,156.55890470160338,156.55890470160338,154.49551406986734,154.9859161376953,5127900,,
2024-10-30,154.52325416040904,155.11543852178121,153.67199002336085,153.7922821044922,4801500,,
2024-10-31,153.69052206399053,154.9859211303999,153.42218032386873,153.67201232910156,5582400,,
2024-11-01,153.68125720275245,153.8293068414555,152.86701242746705,153.21861267089844,6339000,,
2024-11-04,153.21861558647456,154.1994197536621,152.84850560146484,153.91258239746094,4885500,,
2024-11-05,153.55172614197676,155.41156630316826,153.29264631872076,155.30978393554688,3678300,,
2024-11-06,154.865600422867,154.9026198858062,151.3772713960237,152.4043426513672,7849300,,
2024-11-07,152.21005053636506,152.58016051325333,151.25700393302662,151.74740600585938,5333500,,
2024-11-08,151.5993691962582,153.43145185762475,151.42356200078237,152.7744903564453,4618300,,
2024-11-11,152.12677790464048,153.73677183472404,151.7288962666469,151.98797607421875,3762000,,
2024-11-12,151.83067420145954,152.67269061091423,150.96090025048792,152.06199645996094,5386600,,
2024-11-13,151.27551755029907,152.4876439923291,150.23918417458918,152.43212890625,4145000,,
2024-11-14,152.4321351100118,154.42150107569526,151.59011862010087,152.81149291992188,5422700,,
2024-11-15,152.09902223752528,152.09902223752528,146.24194071504,146.76934814453125,9108900,,
2024-11-18,147.50033624367083,147.9074656995676,145.9736007840579,146.5010223388672,6991300,,
2024-11-19,145.96435339226673,146.07538356463127,144.20630977547057,145.0113067626953,8248900,,
2024-11-20,144.76149663530128,147.22276936584487,144.5301743287192,146.8804168701172,5067300,,
2024-11-21,146.5565441302543,148.5089047512372,146.14941465573025,148.36085510253906,5977000,,
2024-11-22,148.8789813516196,149.95231988567883,147.94444462662005,149.8968048095703,5846300,,
2024-11-25,150.54453610674148,151.3680428539022,149.89683655034395,150.86839294433594,8580400,,
2024-11-26,151.07193214812628,151.45128989068238,149.8042766747034,150.04486083984375,4653600,,
2024-11-27,149.84132491993992,152.79299952233538,149.60074070859,150.56304931640625,3622900,,
2024-11-29,149.36940700820674,151.36803477741458,148.9252722102019,151.23849487304688,2799300,,
2024-12-02,151.1182249585148,151.42355794176606,149.67476208009705,150.86839294433594,4967400,,
2024-12-03,150.67406109907864,150.8683780061534,149.36015238082808,149.61923217773438,4277400,,
2024-12-04,148.60143291306278,148.99930044316753,147.5003366413165,148.21279907226562,6964600,,
2024-12-05,148.90676438194,148.98078920235358,146.9636657915491,148.49964904785156,5229600,,
2024-12-06,148.7002756376058,150.0533659270234,147.15121387004774,147.24452209472656,8359200,1.355,
2024-12-09,147.35651650995234,150.7065851716377,146.6379733862981,148.812255859375,8380400,,
2024-12-10,148.37365905655545,149.6987554350462,146.83393810157202,149.1575164794922,5329400,,
2024-12-11,149.50280862730295,149.78274755572977,145.81678469424116,146.29270935058594,7925900,,
2024-12-12,148.457638605095,148.74691829949154,147.4124953894666,148.28033447265625,6849500,,
2024-12-13,147.0019100278168,148.90558015350967,146.5633200595939,147.41250610351562,4353900,,
2024-12-16,147.30051770414866,148.2056914542816,145.46217631379687,145.5928192138672,6696500,,
2024-12-17,145.33152686434462,147.9070643092388,144.86494306526185,145.7047882080078,6572600,,
2024-12-18,144.66899141417878,145.41552844273693,143.81047881499023,144.1090850830078,7620900,,
2024-12-19,142.85863564312282,143.78247676544188,141.29092078719697,141.34690856933594,9829500,,
2024-12-20,140.77766764551822,143.23190304125413,140.45105328309427,142.57867431640625,19205200,,
2024-12-23,142.22409736103782,142.22409736103782,139.704547334042,141.17893981933594,6822200,,
2024-12-24,140.4417360090652,142.6160184147637,140.3577543351262,142.59735107421875,3399800,,
2024-12-26,142.3360721320937,142.94262545849404,142.06545975667143,142.25209045410156,5528500,,
2024-12-27,141.17893827953182,143.21325131609538,141.1509443870157,142.67201232910156,4287000,,
2024-12-30,142.45738008436868,142.85863534820874,140.9923000060496,141.5802001953125,5397000,,
2024-12-31,141.65485772373054,142.9146255576803,140.85233294341063,141.89747619628906,4274800,,
2025-01-02,142.66266785452007,143.3905374465119,139.8724915925463,140.17111206054688,4970200,,
2025-01-03,140.8709905993368,140.8709905993368,139.5645473840465,139.64852905273438,5218100,,
2025-01-06,139.60189600361804,139.92849616079937,136.33580899774873,136.49444580078125,9470600,,
2025-01-07,136.67174108670827,138.08081912043946,135.6265836300454,135.6825714111328,7473300,,
2025-01-08,135.68257309609493,136.86770002019378,134.8987156731198,136.7463836669922,6791800,,
2025-01-10,135.3093167509177,135.84122917562846,132.0525563458351,133.10704040527344,9632700,,
2025-01-13,133.24700468800685,135.43995439747644,132.64045140105154,134.8427276611328,8101400,,
2025-01-14,134.5534624190099,135.43996894865242,133.96556217011604,135.26266479492188,6996400,,
2025-01-15,135.76657450062686,136.4291155972055,134.53478629553715,135.10401916503906,7141600,,
2025-01-16,134.4228052889582,136.97967558375922,134.08686435925333,136.7463836669922,5068000,,
2025-01-17,137.847539547011,138.68738481652426,137.33429444274861,138.3421173095703,7338900,,
2025-01-21,138.4167570348508,139.7698472580594,137.8941854373916,138.62205505371094,7456200,,
2025-01-22,138.32342242890806,139.46188798297374,137.91282642724414,138.19277954101562,5905100,,
2025-01-23,138.5660910576082,138.98601371771372,136.81173104586628,138.68739318847656,4759100,,
2025-01-24,138.87402226623942,139.33126532073402,138.2301342827988,139.15396118164062,4509600,,
2025-01-27,140.8336777517413,145.07959394134642,140.8150104094699,144.27706909179688,9820600,,
2025-01-28,143.84779873983422,144.2770621573844,140.0871339569646,140.2084503173828,6349700,,
2025-01-29,141.0296511963227,141.84150260871823,140.18979165062802,140.3204345703125,4874100,,
2025-01-30,141.16960952366927,142.84931424345035,140.5630562099471,141.7481689453125,4671300,,
2025-01-31,140.68434814392896,141.55220145257164,140.22710511373762,140.61903381347656,4905500,,
2025-02-03,139.75120239175538,141.02965194006362,138.88336318620557,140.2271270751953,7196200,,
2025-02-04,136.33580629708635,137.87552730232085,133.44298073930207,133.90023803710938,12804900,,
2025-02-05,133.80689187221677,136.04648825388776,133.16300399675956,135.92518615722656,9248100,,
2025-02-06,136.4851123975962,137.08233919857545,134.3388379259274,135.6359405517578,5604900,,
2025-02-07,135.31864419568566,135.4492871052305,134.2828274703628,134.91738891601562,5872300,,
2025-02-10,134.70278930664062,134.86142613771588,133.45233352455665,134.70278930664062,8715400,,
2025-02-11,134.7214129802076,135.9811950398378,133.8162391943418,135.9065399169922,6354000,,
2025-02-12,134.41345301843563,135.10400215912605,133.47095888124284,134.36680603027344,6658200,,
2025-02-13,134.59077452264899,135.25332986041786,134.00288854920194,134.91738891601562,7175300,,
2025-02-14,135.00135339927832,136.4011047828543,133.75091224731221,133.80690002441406,5001800,,
2025-02-18,133.34963943432348,134.51609889137322,132.1365329901974,134.46945190429688,8738700,,
2025-02-19,134.59077881272452,136.17716111890857,134.51612368503226,136.065185546875,5777300,,
2025-02-20,135.41195570340068,139.21928135216893,135.30930669427917,139.1352996826172,6789800,,
2025-02-21,139.96582796543848,144.22107038449448,138.94866435430603,143.24124145507812,10604400,,
2025-02-24,142.15873328190426,145.87275017743795,141.95343529314587,143.5678253173828,7187000,,
2025-02-25,144.4450421104257,147.86978057614158,143.70784579004425,145.9661102294922,9474600,,
2025-02-26,145.1728886813765,145.2102091197799,141.03894885708448,141.38421630859375,9076500,,
2025-02-27,140.8150108715539,142.48538915457928,139.90983699505642,141.86016845703125,6731000,,
2025-02-28,143.42786615151329,144.73430941579696,142.16809835692828,143.21324157714844,8455500,,
2025-03-03,141.2349370379026,145.71413060502394,140.44173879759495,145.56483459472656,8321700,,
2025-03-04,146.82458886352572,149.44678757873365,143.67049201300537,143.88511657714844,10274200,,
2025-03-05,142.70933497284884,144.95827263304287,142.5227042735278,143.59585571289062,5578700,,
2025-03-06,143.86647299588637,144.6130100576318,142.3360784268628,144.27706909179688,8421000,,
2025-03-07,144.2723491263049,148.3581009492546,143.8204723812305,145.39263916015625,8997700,1.355,
2025-03-10,146.7482832334876,150.70223705972583,146.26815072647332,147.0966033935547,11156900,,
2025-03-11,146.6635492427001,146.90832719191206,142.9167084664792,143.40625,7981600,,
2025-03-12,138.89681595857397,140.77024309235804,137.927156494051,139.4899139404297,8330200,,
2025-03-13,139.67820477390183,141.6645976230285,139.38636744901368,139.64996337890625,5351100,,
2025-03-14,138.5108827488814,140.4219607993682,138.4638089596524,139.88534545898438,5277500,,
2025-03-17,140.4878499612745,142.7849129292269,140.39371674949652,142.4742431640625,5449500,,
2025-03-18,141.21274442200078,142.43659107997212,140.03597155181745,140.2619171142578,8158600,,
2025-03-19,139.48053020598692,140.15835248953422,138.19077744609424,139.43345642089844,6080100,,
2025-03-20,138.91567854435286,139.39581105877573,138.04957545399563,138.52969360351562,4536400,,
2025-03-21,138.3884766084175,139.0474664811915,136.27028563992133,136.9292755126953,11574800,,
2025-03-24,136.96694356430223,138.12488396596157,136.34560408442562,137.87069702148438,5968900,,
2025-03-25,137.5882732829324,137.7294946412126,136.34560864650226,137.01400756835938,4763300,,
2025-03-26,137.44709001525572,140.58201509350187,137.2117354090652,139.93243408203125,5882200,,
2025-03-27,140.82675390729335,141.5987237747776,140.35604477782323,140.90206909179688,5397500,,
2025-03-28,141.6269549965484,142.51189039474835,138.49203069575353,140.52549743652344,8550900,,
2025-03-31,141.40101356547947,143.65100253341282,140.9773782400757,141.15625,9985700,,
2025-04-01,141.67403895928112,141.9564529450411,139.96065083285663,140.90206909179688,6072800,,
2025-04-02,141.4292521200224,141.68343905611616,139.39579972597755,140.38427734375,5866200,,
2025-04-03,142.80374794161057,145.02549576202392,142.0223690084881,142.5024871826172,8216200,,
2025-04-04,144.0276008104388,145.84453135945375,137.8613076476617,138.02134704589844,12911400,,
2025-04-07,133.04123398778862,137.54121207368556,132.429303506335,134.8016815185547,14423200,,
2025-04-08,135.51713347544498,136.88218685606142,130.99832369400752,132.08096313476562,9488900,,
2025-04-09,132.03389617609014,137.39997678406334,130.22637504313607,137.06106567382812,14067000,,
2025-04-10,136.901028512306,138.52026891336223,134.54748308808487,135.69601440429688,10980300,,
2025-04-11,136.64684691601823,136.7786448903211,133.79435089975536,135.96902465820312,8563300,,
2025-04-14,135.7148522384357,138.55792488230733,135.09351277391997,138.1531219482422,5393800,,
2025-04-15,137.2964380582962,137.42823604246874,134.2744934337317,134.47218322753906,5459600,,
2025-04-16,135.66777539455455,135.94078034800933,131.58202391382184,131.88327026367188,7878600,,
2025-04-17,132.11863753524145,135.15942891242005,131.86446494320342,134.47218322753906,6131400,,
2025-04-21,134.15209636905837,134.46276610549074,132.33516609935322,133.4272003173828,7412800,,
2025-04-22,133.94499660495998,135.82783323349742,133.6343268374629,135.05587768554688,7144700,,
2025-04-23,134.87701976717204,135.5736601977782,132.59878893632325,133.92617797851562,7760000,,
2025-04-24,133.16360027118057,133.54017616659846,126.64898811191755,127.38329315185547,15577300,,
2025-04-25,127.533921007033,127.6657189766172,124.07891803695333,125.56636047363281,11544700,,
2025-04-28,126.0558854918142,127.47743610259539,125.30276245804261,125.92408752441406,8498600,,
2025-04-29,124.71909725092642,126.58311590072795,123.8153436918443,126.44189453125,7010700,,
2025-04-30,127.68456310479289,128.2023316554824,125.30277605797167,127.63748931884766,7923500,,
2025-05-01,126.59249761270642,126.91257633065113,125.4345573302001,125.72639465332031,6807000,,
2025-05-02,126.2912420037246,126.52659654667966,125.34982383190436,125.91468048095703,7169700,,
2025-05-05,126.18769311911407,126.18769311911407,123.9847779104027,124.25779724121094,8972200,,
2025-05-06,124.17305839592136,124.17305839592136,122.53499987447105,123.08102416992188,6889900,,
2025-05-07,123.27871767430017,124.89795822281519,122.63856015576764,124.19189453125,6313200,,
2025-05-08,124.16364952578245,125.18979194680409,123.57055144532856,123.7305908203125,6392400,,
2025-05-09,123.46700582949805,123.93771498533282,122.55382891798632,122.7986068725586,4770500,,
2025-05-12,123.17516211863709,124.57788050227398,122.44085702247891,123.96595001220703,8392700,,
2025-05-13,123.48582107694851,123.92828877120692,122.14900898372787,122.67620086669922,8650200,,
2025-05-14,122.45028595162468,122.54441916327886,120.37916136903738,120.92517852783203,10463000,,
2025-05-15,121.62182727798522,123.84357494563696,121.26408374250403,123.79650115966797,9165100,,
2025-05-16,124.35192388391249,124.51196325064103,122.99627940703373,124.24836730957031,8896400,,
2025-05-19,124.38960455284169,124.51197916368491,123.42935386484577,124.06951141357422,9406200,,
2025-05-20,124.03185230175585,124.42724623615914,123.65529075420099,124.07892608642578,7624200,,
2025-05-21,124.07893011499094,124.17306332248482,122.44085716364798,122.52558135986328,9243700,,
2025-05-22,122.4032041358279,123.04336164674525,121.27350511574282,122.4973373413086,7140200,,
2025-05-23,121.97013652427523,122.1584172864025,120.26617192493629,121.76302337646484,8122500,,
2025-05-27,122.45967208654237,123.75883370284164,121.56532773593227,123.6740951538086,13974800,,
2025-05-28,123.5987885147629,124.4460735092983,122.82683306452577,123.0151138305664,9431500,,
2025-05-29,123.19399347888896,124.3331158885046,122.61972776848651,124.19189453125,6656900,,
2025-05-30,124.40841770651386,124.94503301156432,123.59879742575711,123.74942779541016,12992100,,
2025-06-02,123.2316349741992,123.35402393531926,121.50885233251735,123.24105834960938,6723700,,
2025-06-03,122.97747561895852,124.46491823852166,122.2055057272637,124.12600708007812,7339500,,
2025-06-04,124.49314714631788,124.96385624331937,123.41993097975056,124.0224380493164,6519700,,
2025-06-05,123.51407600463544,123.71178016485969,122.58208109688648,123.42935180664062,9560800,,
2025-06-06,123.96518407359329,124.36491651369984,123.0990898587677,123.75579833984375,7628200,1.423,
2025-06-09,123.56545419935478,124.34588006838108,122.9468092376947,123.6891860961914,8453100,,
2025-06-10,123.91757931071358,125.74493361911102,123.21329512709896,125.46893310546875,11852900,,
2025-06-11,125.57363120798742,125.60218248567736,123.5273643309044,123.6320571899414,9168400,,
2025-06-12,123.62255115510061,125.9448186741453,123.45124348034605,125.91626739501953,11444900,,
2025-06-13,125.40231932264666,126.63959470678073,124.28877583368288,124.53623962402344,9581000,,
2025-06-16,124.97401800666276,125.71638022813431,123.94612850250502,125.06919860839844,11183700,,
2025-06-17,124.8312771334907,125.33570243580512,122.89922976292279,123.05149841308594,10235200,,
2025-06-18,123.3750938485198,123.42266962894483,122.38526782830948,122.84211730957031,8785800,,
2025-06-20,123.27991324262675,124.1269683539975,122.68030737504783,122.84211730957031,23001000,,
2025-06-23,123.05149171376408,123.25136518234778,121.65242826250473,122.86114501953125,12840400,,
2025-06-24,122.90875063773542,124.87887620094712,122.82309679303675,124.72659301757812,9226800,,
2025-06-25,123.97468725819628,124.28876583584807,121.47159267250369,121.84278106689453,10922600,,
2025-06-26,121.54774092844791,122.92777993879255,121.44304806348173,122.03313446044922,11538100,,
2025-06-27,122.09973423628114,125.00256829605756,121.92842658153404,124.717041015625,26536500,,
2025-06-30,124.86934309502645,125.97337433469612,124.28877619507284,125.66880798339844,11402400,,
2025-07-01,126.19227850122421,129.8089242260713,126.07807337515781,128.7334442138672,12846700,,
2025-07-02,128.72391580475414,130.38947478928884,128.37177369523093,129.89456176757812,9388700,,
2025-07-03,130.10395613007782,130.2276880243553,128.71441210328686,128.84765625,4941400,,
2025-07-07,128.99040637611964,129.17124082126236,127.22966675212406,127.96251678466797,7773700,,
2025-07-08,126.97270843471546,129.1236537589306,126.84897654334809,128.5240478515625,7718300,,
2025-07-09,128.39080604641683,128.84765556631447,126.54442702962409,127.99107360839844,7762600,,
2025-07-10,127.9434773177837,130.08491032863944,127.18209053194153,129.5138702392578,8869700,,
2025-07-11,128.33371175011112,128.85717611545488,127.35341235797812,128.7334442138672,7963600,,
2025-07-14,128.2480326326694,129.32351243293667,127.40097756204463,129.02847290039062,8480300,,
2025-07-15,128.89521289727188,128.97135447302054,127.29628337411162,127.35338592529297,8933500,,
2025-07-16,127.48663594348032,128.97136043288816,127.29628925657289,128.819091796875,10941600,,
2025-07-17,134.86269821166155,138.91715427216565,134.8055956512358,138.4222412109375,26161000,,
2025-07-18,139.2026528115129,139.2883211658969,136.0428571040176,136.32838439941406,13752800,,
2025-07-21,136.1951420456614,136.66148926247016,133.68252795385254,134.86268615722656,9025600,,
2025-07-22,134.41538009545832,139.3359160297103,134.41538009545832,138.9932861328125,8281500,,
2025-07-23,138.8219537372786,139.93549707337056,138.08910376441568,138.63160705566406,6166000,,
2025-07-24,138.7838961576386,139.40252653002784,137.03266885318055,137.53709411621094,9749400,,
2025-07-25,137.82263724804818,137.83216402327042,135.81444821679034,136.52825927734375,7021600,,
2025-07-28,135.81444861335515,136.19515656027585,134.6342902842091,134.73898315429688,10639100,,
2025-07-29,134.73897363827265,137.0422020950138,134.3202021874975,136.947021484375,6282900,,
2025-07-30,136.83281475104727,137.4324061189081,135.42421724737073,135.9667205810547,9738400,,
2025-07-31,134.1774220905912,134.7389644189016,130.99858741906596,131.26507568359375,11689700,,
2025-08-01,132.38815582762228,133.06388879143836,131.61722772996106,132.55946350097656,7630500,,
2025-08-04,132.56898220688916,133.54929607916682,132.05504463928423,132.82595825195312,8384700,,
2025-08-05,132.86405390182546,133.5778650484559,132.540448478234,132.72128295898438,5535100,,
2025-08-06,133.1495217158203,134.74846569527705,132.6355842539535,134.006103515625,6747400,,
2025-08-07,134.42490797930256,137.3467671186563,133.70157012292972,136.9755859375,7674600,,
2025-08-08,136.97557552465543,138.35560727160777,136.8613704076041,138.20333862304688,5315100,,
2025-08-11,138.30802844918693,138.57451673146682,136.81377709548988,137.87973022460938,5773400,,
2025-08-12,138.52693374864074,139.91647779076123,137.73698111208273,139.78323364257812,7668700,,
2025-08-13,139.80224846336878,142.32437458959998,139.76418493727417,142.1435546875,6147000,,
2025-08-14,141.8485239449168,142.28633444079853,140.9063026634358,141.44879150390625,6892500,,
2025-08-15,142.1816382729692,143.80913380164418,141.3250708510492,143.1428985595703,9162200,,
2025-08-18,143.28567138688715,143.28567138688715,141.73431742299914,142.33392333984375,9901000,,
2025-08-19,142.7621987577565,144.97026106935363,142.6289546198168,144.81797790527344,8596900,,
2025-08-20,145.8173156821206,147.14975705677546,141.51541070855785,143.45697021484375,10023500,,
2025-08-21,143.06676570505408,143.06676570505408,141.4297579904124,141.79141235351562,8153600,,
2025-08-22,142.4290679149878,143.88524104518558,141.89609141276122,142.4195556640625,5218000,,
2025-08-25,141.26793970785494,141.63913534592922,140.4589626726856,141.04904174804688,6624300,,
2025-08-26,140.3828412010556,141.09665225801015,138.7743846291144,139.90696716308594,11208100,,
2025-08-27,139.90694939454212,140.65882388913403,139.25024098194393,140.5160675048828,8092900,,
2025-08-28,140.82063237816715,140.89675943397344,139.17409797656342,139.88790893554688,9265100,,
2025-08-29,140.00214285049344,142.01984405323827,139.78323034451822,141.4773406982422,7760700,,
2025-09-02,149.8432375768087,150.18586750661183,142.96210221933092,143.02871704101562,17348600,,
2025-09-03,142.71460674448295,143.20000750886004,140.0116459657793,141.4678192138672,11259200,,
2025-09-04,141.82948921383974,142.25777290386225,139.3834899142871,139.80226135253906,6342200,,
2025-09-05,140.3144884490685,142.12128244505197,139.6225254150571,140.68930053710938,7186300,1.423,
2025-09-08,140.04541248586088,140.04541248586088,134.88453426095225,136.1915740966797,11127600,,
2025-09-09,135.68220569431367,138.03681029463687,135.6053339340505,137.52745056152344,5866400,,
2025-09-10,136.69132103617684,137.53705705223044,135.9128661416667,137.10458374023438,6015100,,
2025-09-11,137.3256192415698,139.113188257577,136.95080709295146,138.61343383789062,6144400,,
2025-09-12,138.459684068916,138.63266753359582,137.33523289015037,137.94070434570312,5713700,,
2025-09-15,137.81576970844998,137.94071199403749,135.05753677281814,135.1632537841797,7279600,,
2025-09-16,135.21129786254028,135.80714933036774,134.46167354347148,134.57699584960938,9283500,,
2025-09-17,134.71153570888106,136.50870997794834,134.69231043743102,135.73025512695312,6092900,,
2025-09-18,135.16323361756602,136.1146865778613,134.92296905164568,135.24972534179688,6106600,,
2025-09-19,135.95131825517146,136.54716972903645,134.9902599220543,136.2396240234375,12365500,,
2025-09-22,135.58611126945019,136.00897928196113,134.49050535730203,135.53805541992188,5797600,,
2025-09-23,135.54765007921552,136.6913117510784,134.50972006676346,136.37416076660156,6356500,,
2025-09-24,136.2876853916721,136.79704515568267,135.5188357611283,136.6336669921875,5949100,,
2025-09-25,137.43132885057327,137.8349715531814,134.4136065519063,134.4712677001953,7101700,,
2025-09-26,134.49049443249385,135.49960853227145,134.40400270912053,134.9710235595703,6224700,,
2025-09-29,134.9710224252979,135.19206171581163,133.70241850147625,134.71153259277344,11930200,,
2025-09-30,134.71153372486518,135.5380444100201,134.38477743795363,134.9710235595703,7583400,,
2025-10-01,135.32661980398288,137.78692675886924,135.00946879837213,137.56588745117188,5880800,,
2025-10-02,136.364561010847,137.6716008797795,135.86480659092365,136.76820373535156,4497300,,
2025-10-03,136.7201602374534,137.77733032421034,136.33574275022568,136.45106506347656,5425700,,
2025-10-06,136.24923964401208,136.32612606795817,133.47178173652335,134.2598419189453,6750700,,
2025-10-07,134.9037303759858,136.31648705638995,134.2502178606177,135.307373046875,6110300,,
2025-10-08,135.30737967870155,135.48998308594076,133.28916622533674,133.43331909179688,8256700,,
2025-10-09,134.99025503960118,139.10358338340103,133.19306604975574,139.0747528076172,13706600,,
2025-10-10,139.95891987289497,144.94681461629915,139.35344847306882,144.23562622070312,17545200,,
2025-10-13,142.86132069264676,144.1395300832265,141.6023365755322,143.09197998046875,7272000,,
2025-10-14,142.89975616367425,145.71564984889687,142.7171527464865,145.63876342773438,8371100,,
2025-10-15,145.436968254818,146.45568780424014,143.36107860811595,145.27359008789062,6101100,,
2025-10-16,146.446076751293,148.3681934602919,146.35957035430215,146.7247772216797,8532900,,
2025-10-17,147.7819500964657,147.9164976820787,145.83100277278362,147.7242889404297,6710100,,
2025-10-20,148.40663732310927,148.40663732310927,146.77284096551477,147.65701293945312,4810600,,
2025-10-21,148.6757021112298,149.1466259132445,146.88813325456167,147.2148895263672,5614300,,
2025-10-22,147.1860773117667,149.13702454767932,146.76322396499702,147.0707550048828,6486000,,
2025-10-23,147.2052998926524,147.42633919833335,145.14863569150887,145.6099395751953,6091800,,
2025-10-24,146.1193162244975,146.48452311801555,145.37931179706786,145.64840698242188,3580200,,
2025-10-27,145.12941583652085,146.91698495019085,145.08137465079534,146.68634033203125,4744600,,
2025-10-28,145.51382110357798,147.2437287432601,144.08183915039425,144.2740478515625,5626500,,
2025-10-29,142.2846764787751,142.87092259634787,138.07523666195485,140.46827697753906,7767600,,
2025-10-30,140.6412664605415,142.32311846590622,140.55477473405188,141.8041534423828,5752700,,
2025-10-31,140.50671797422515,141.27556753317316,139.6417713857747,140.4010009765625,6313600,,
2025-11-03,140.1799668663612,140.228022715184,137.67160406950612,138.0079803466797,8331500,,
2025-11-04,139.06514359951464,139.28618291915564,136.5279500821201,137.33523559570312,8302900,,
2025-11-05,137.3352345882632,137.70044145988524,136.06664517116533,137.2967987060547,7136400,,
2025-11-06,136.86431527623682,137.63316484496178,135.79753998247008,136.06663513183594,6449400,,
2025-11-07,137.36407550640507,138.4404709289011,136.1339218789136,137.38330078125,7592300,,
2025-11-10,136.94120398331305,137.45056371486336,135.7590917025429,137.06613159179688,6617500,,
2025-11-11,137.70042063958113,140.08384091998272,137.12377984153306,139.43032836914062,7683600,,
2025-11-12,138.93057479393116,139.8339718726378,138.45004568096678,138.76719665527344,5790100,,
2025-11-13,138.488493613822,140.68931045733052,138.0560056886319,139.37266540527344,6663300,,
2025-11-14,140.20880026096194,141.1218027486024,138.32511946718267,140.1703643798828,5770500,,
2025-11-17,140.4298261353298,142.34233732306464,139.5648795802413,142.0732421875,7320200,,
2025-11-18,142.52494024695787,143.99535818431355,141.70803487527806,142.9766387939453,10821500,,
2025-11-19,142.5249483405569,143.00547748893058,140.97764389621014,141.38128662109375,8123200,,
2025-11-20,140.89114313122093,141.35244697798427,139.2573323998862,140.41061401367188,6878900,,
2025-11-21,140.58359698751985,143.1400154038443,140.29527658503625,140.63165283203125,7911800,,
2025-11-24,140.15115067105953,140.64128518433876,139.12281112615946,139.83399963378906,9391400,,
2025-11-25,140.24722893335112,141.39089064244163,139.90126202766226,140.42022705078125,8954000,,
2025-11-26,140.62206154767057,142.68833108638523,140.53555515309222,142.2174072265625,5180600,,
2025-11-28,141.4966226460372,143.02471663114167,141.4966226460372,142.9478302001953,2969300,,
2025-12-01,142.84211427570017,143.98577611475977,142.72677729611095,143.68783569335938,7623300,,
2025-12-02,143.63979675162366,143.68783794056753,140.82388797806092,142.82289123535156,6830300,,
2025-12-03,142.89976771488008,144.83148970976154,142.15014337868212,142.29429626464844,5109200,,
2025-12-04,141.99637241540051,142.47690159447123,140.4394625678791,141.1890869140625,6803000,,
2025-12-05,141.31813647120063,141.4928266697756,140.2409271387148,140.73587036132812,5971300,1.423,
2025-12-08,140.72617130580448,142.23038483072744,139.94010234845013,141.32786560058594,6327400,,
2025-12-09,142.02657081151378,143.20081700153054,139.6586503122175,140.36708068847656,10035200,,
2025-12-10,143.40465588043241,145.35527212351582,142.65739869341138,145.2776336669922,18526400,,
2025-12-11,145.71432491016407,146.43246946726975,143.75400957604512,144.63711547851562,7854000,,
2025-12-12,145.32614779219037,146.21896775792453,144.34599012294336,146.19955444335938,8143100,,
2025-12-15,146.48100413571876,147.21854724356504,145.84049799026164,146.7527313232422,8409600,,
2025-12-16,147.4999786165896,147.84934423544408,145.55906180251364,145.92782592773438,7520300,,
2025-12-17,145.93753329262213,146.77212807670037,145.06411188155263,145.64639282226562,8067100,,
2025-12-18,145.37467175689412,145.9278253465322,144.84091667354505,144.95736694335938,6643200,,
2025-12-19,144.74387121491196,145.46201579542873,143.53079815810574,143.7831268310547,17543500,,
2025-12-22,143.17171795735072,144.57887959112335,142.08480935328123,142.70590209960938,8818700,,
2025-12-23,142.84178940317776,142.84178940317776,139.31902029928008,139.4354705810547,7254800,,
2025-12-24,139.5422091945265,139.73631272424484,138.7270276785825,139.4936981201172,2618700,,
2025-12-26,139.31899919777268,139.68777811156514,138.8628825858776,139.53250122070312,4975500,,
2025-12-29,139.49368319716984,140.7649812175128,139.3578196257138,139.97891235351562,7201900,,
2025-12-30,139.71690142247806,140.9785003437209,139.6683755393494,139.9012908935547,4713800,,
2025-12-31,139.58103688567866,139.77512560885344,138.93083151863192,139.2801971435547,4380300,,
2026-01-02,138.98904891194232,139.1734383714935,137.90214027629705,138.02828979492188,7182100,,
2026-01-05,137.47513238829248,137.62069521649772,135.28188705653878,135.78652954101562,9031400,,
2026-01-06,135.55362059111178,135.92239951728988,134.47642599562923,134.8549041748047,9576500,,
2026-01-07,135.10721337670518,135.69919356561522,132.91398282514663,132.96249389648438,8539800,,
2026-01-08,132.53550553390687,135.35952811169193,131.99203641274693,135.25277709960938,8762800,,
2026-01-09,135.3207235708962,136.63083354453343,134.60257901389596,135.77684020996094,6767600,,
2026-01-12,135.77684396022582,137.3295685801671,134.4667191423817,137.1840057373047,12223400,,
2026-01-13,136.93169766758444,139.40635494907784,136.87345771995456,139.2413787841797,9030200,,
2026-01-14,138.91141036571096,141.9780623661033,138.91141036571096,141.60928344726562,8329500,,
2026-01-15,141.7451537769363,142.67680037120252,141.23081200144168,142.24009704589844,5797800,,
2026-01-16,142.8126638139583,143.19114200324535,141.2113985454206,141.9974822998047,10313500,,
2026-01-20,141.90043481077095,143.2978973388672,140.05656969110106,143.2978973388672,9982800,,
2026-01-21,142.70591481667617,143.6375466151801,140.6582469410218,142.4050750732422,7679600,,
2026-01-22,142.3468297387039,142.78354786123754,139.91098450724547,140.13418579101562,8167400,,
2026-01-23,139.61013721958807,140.5611822454178,138.83376758690255,140.30886840820312,5870100,,
2026-01-26,140.5223777217438,141.60928637911223,139.88187163092888,141.56076049804688,6589600,,
2026-01-27,141.44432339300172,144.42363803304067,141.03673260855732,144.3848114013672,7114900,,
2026-01-28,144.02574517731225,145.60758241495392,143.3949382866024,144.1130828857422,5954100,,
2026-01-29,144.44303293786507,146.40336316388394,144.05485547894014,144.29747009277344,9062300,,
2026-01-30,144.60799453522742,149.34383605888615,144.20040380199734,149.09152221679688,12641300,,
2026-02-02,149.50882082313274,151.9931919925525,148.66452674190563,150.61514282226562,14660500,,
2026-02-03,151.97378914140776,158.61172094643885,150.90627899380635,158.03915405273438,19096400,,
2026-02-04,160.01888241156544,162.97878344559254,159.32015119015512,161.27076721191406,13322900,,
2026-02-05,161.59101517361762,163.04670270443714,160.3682429786162,162.5808868408203,11038800,,
2026-02-06,162.50324382918632,165.70575926860204,162.31885437784746,165.4534454345703,10960400,,
2026-02-09,164.4927034262292,164.90999344211554,160.06741536705462,161.55221557617188,10316200,,
2026-02-10,160.85348460038458,162.46444914638573,158.90286848905913,162.03744506835938,10352500,,
2026-02-11,162.69735793708577,165.23996921926891,161.1155206871708,164.15304565429688,6733400,,
2026-02-12,164.74502190906307,166.41421163548557,162.1538996124472,162.26065063476562,9516300,,
2026-02-13,162.26064459071847,162.92056401538412,160.12563903189724,161.03787231445312,9286100,,
2026-02-17,161.21254964136656,162.59059883490437,156.05941774772276,157.13662719726562,8749800,,
2026-02-18,157.0104480272681,159.66950920491473,155.88472760901175,159.5336456298828,7239800,,
2026-02-19,159.53366395720695,160.17417008794737,158.3108916414468,159.72775268554688,6155800,,
2026-02-20,159.78597209725314,160.09652589788482,158.20413495034887,160.06741333007812,4811800,,
2026-02-23,159.6307072550973,163.82307983526363,159.38809265554076,163.34756469726562,6801600,,
2026-02-24,163.2602112741321,164.77412399761351,162.81380870593625,164.53150939941406,6319800,,
2026-02-25,163.62898526092218,164.49269261211043,161.09608833988395,164.1724395751953,6832700,,
2026-02-26,164.61885234125265,165.03614231805338,162.22181906571544,162.62940979003906,7219300,,
2026-02-27,163.4057924202635,165.24965748289236,162.86233807793164,164.72561645507812,10585200,,
2026-03-02,164.05598752567116,164.53150264147814,162.2024085176361,162.33827209472656,7264000,,
2026-03-03,161.62013669557317,162.28005611295,158.83492580416564,160.03829956054688,6718100,,
2026-03-04,160.16443851350115,161.02814584699132,158.54377485663844,159.07752990722656,6855400,,
2026-03-05,157.36952766675228,158.572886528914,155.4286109904717,155.95265197753906,7133700,,
2026-03-06,154.94709821232027,156.20038160295132,152.8321768880117,156.1024627685547,5937900,1.423,
2026-03-09,155.8478864409948,159.03984007261056,154.80022668209443,158.15863037109375,6416000,,
2026-03-10,157.34596906362015,159.46089050636934,156.25913567834493,157.42430114746094,5341300,,
2026-03-11,156.9640982384802,157.55158135500568,154.59460889837567,156.80743408203125,4359700,,
2026-03-12,155.5541584662411,158.16843007851332,155.37792248668694,155.54437255859375,6165600,,
2026-03-13,156.4451567315188,158.13904492032492,155.91643389431496,156.54307556152344,4676800,,
2026-03-16,157.99218907287343,158.2075985567983,154.25191070682953,154.42816162109375,4498700,,
2026-03-17,155.51498328534046,155.78913807335456,153.0279884993786,153.23361206054688,5460200,,
2026-03-18,152.00971997527031,152.86155710340896,150.09062128461264,150.3354034423828,5124400,,
2026-03-19,150.54102327889328,151.45160571176473,149.47377668327505,149.55210876464844,5555500,,
2026-03-20,149.26815075634542,150.20812077773732,146.223060239775,146.908447265625,14480700,,
2026-03-23,149.12128731932629,149.12128731932629,146.81054324816284,147.73092651367188,6783000,,
2026-03-24,147.30989829844128,149.39544704571202,147.06511614276414,147.4469757080078,5803700,,
2026-03-25,148.14215327964757,148.67087612532328,145.91952727770808,148.56317138671875,4978500,,
2026-03-26,148.7589935008929,149.95353152768627,147.52529690581997,147.6819610595703,5677100,,
2026-03-27,147.98548694534634,151.31451800538554,147.3294726163516,149.8458251953125,6663600,,
2026-03-30,150.6095655499855,155.08417539765304,150.1689457361383,153.5469512939453,10386800,,
2026-03-31,154.37920475304423,154.37920475304423,150.95225464896237,152.0488739013672,8033800,,
2026-04-01,150.34519349945418,151.91179023255023,150.06123785024408,151.42222595214844,5412600,,
2026-04-02,151.432028019176,153.78193060790397,151.00120905850204,153.73297119140625,5410000,,
2026-04-06,153.14550315501646,153.58610802326805,152.15657373792962,153.4588165283203,3562500,,
2026-04-07,152.92029676546719,153.27278365721006,149.38565688092115,150.01229858398438,5151100,,
2026-04-08,148.71005339709768,151.58869381053762,148.58276190089416,151.56910705566406,6878500,,
2026-04-09,150.49206655961314,154.71210853969257,150.05146166676275,154.20297241210938,4339400,,
2026-04-10,153.87985548234764,154.49669634542454,153.0671769455911,153.7819366455078,4412700,,
2026-04-13,153.71338963647122,153.7525482029982,151.71595911634196,152.62655639648438,5827800,,
2026-04-14,151.28514232562267,153.36090494852033,151.06973285588504,152.4698944091797,5655800,,
2026-04-15,151.78452258202748,152.50906819771822,150.13957873442837,151.61807250976562,7684800,,
2026-04-16,152.29365012297882,156.45494651593916,151.04036675750075,155.0743865966797,10422100,,
2026-04-17,154.9568784238755,156.6899401348414,153.2042448990029,154.3791961669922,7799900,,
2026-04-20,155.42688453102795,155.52478843010616,152.5874025320493,153.71340942382812,5731000,,
2026-04-21,153.468620940844,153.76234756629069,150.52143431611796,151.6865997314453,6357300,,
2026-04-22,151.84325384484694,153.93858829618517,150.34518839292508,150.58016967773438,5921300,,
2026-04-23,151.92159452173948,153.34132797900546,151.34391224345387,152.4503173828125,6077600,,
2026-04-24,152.6755031597438,153.0182041183358,151.43202069468106,152.19573974609375,5364900,,
2026-04-27,152.28387479845247,153.38049408437357,150.7858091881077,150.88372802734375,4077000,,
2026-04-28,153.52734970918058,154.81000563636198,152.0782437320909,153.02798461914062,5174300,,
2026-04-29,152.34261546978044,153.22384017502011,150.27665352370698,152.0488739013672,4047600,,
2026-04-30,152.72446100479027,155.68143329211756,152.03907403496353,155.1820831298828,7065100,,
2026-05-01,156.21996835843572,156.6605732325891,153.16507702098502,154.1246337890625,4447300,,
2026-05-04,152.64613562986142,153.4588141227184,150.4626831371951,151.3634796142578,5330800,,
2026-05-05,150.83474948832915,153.04757453559037,149.35625588098753,151.8040771484375,6200100,,
2026-05-06,152.5482308660731,153.6546359666207,151.6376335468742,152.70489501953125,5296600,,
2026-05-07,151.7747013513363,154.06587336495159,151.6474248074741,153.02798461914062,4464000,,
2026-05-08,153.47840139162687,154.01692508632738,151.1578714912001,151.39285278320312,4934400,,
2026-05-11,151.1676670626812,151.47119454446758,145.94890972460468,146.29161071777344,8373300,,
2026-05-12,147.3980083448039,149.53251639623434,145.2635152336898,148.68067932128906,6250700,,
2026-05-13,147.54488653272873,150.04166737309015,145.85099829073266,146.15452575683594,5524900,,
2026-05-14,146.37972564969937,146.85950404204854,145.0578960640269,145.56704711914062,5022200,,
2026-05-15,146.43846360594267,146.9769872967206,145.0970622728089,146.0076446533203,6230600,,
2026-05-18,146.85951098391334,146.9867875484704,144.4018885207864,145.94891357421875,8799400,,
2026-05-19,147.1630361476446,149.38566232209942,145.86079327628195,147.2315673828125,10093900,,
2026-05-20,146.448272537538,147.50571828285507,145.29289301533328,146.17410278320312,7425800,,
2026-05-21,146.17410543550616,146.54617909284622,143.32485249952552,145.74330139160156,6123100,,
2026-05-22,146.29159079253398,147.69173735725002,145.43973884963827,147.42738342285156,7774400,,
2026-05-26,146.5853521536971,147.1140750343239,142.46321409313896,142.6394500732422,9059200,,
2026-05-27,143.2171282899948,145.8020269037154,142.65901787983302,144.6564483642578,7404500,,
2026-05-28,144.68583061171262,145.50829501141862,142.58069525636705,143.23670959472656,7625200,,
2026-05-29,142.110726446265,143.70671086807536,140.55391553559434,141.18055725097656,12776400,,
2026-06-01,139.61392864253122,141.1022081395643,138.37044620978452,138.56626892089844,8077300,,
2026-06-02,138.58584917353755,139.9076786996062,137.87108951130173,139.0362548828125,7864700,,
2026-06-03,138.83062553773877,140.6811778330713,138.8110537244702,139.56497192382812,6225100,,
2026-06-04,141.83656573509418,142.65903015104385,138.26275241844283,139.18312072753906,8089800,,
2026-06-05,140.06371120513737,142.8143254527316,139.71741975666563,140.41990661621094,13228700,1.48,
2026-06-08,139.43047706353104,140.36054370097895,137.7880196015487,139.19300842285156,8800500,,
2026-06-09,140.03404062402373,142.77476622399638,139.36123540388888,141.2708282470703,10390200,,
2026-06-10,142.42845627002652,143.91260138245647,141.48850071832183,142.7945556640625,11249200,,
2026-06-11,143.32884576312276,143.86313137747558,142.0524875692489,142.21078491210938,8653900,,
2026-06-12,142.28005330888078,142.8341317567156,140.90474605532452,142.74508666992188,6781700,,
2026-06-15,141.5082924488725,145.21865520115114,141.30050549184284,144.7041473388672,8976400,,
2026-06-16,145.31758829315368,146.07945366776724,143.49704060349688,144.5755157470703,9345200,,
2026-06-17,143.97196308452527,144.32815851123533,139.36123046336755,140.09339904785156,10126600,,
2026-06-18,139.559111507425,141.22134674385373,139.54920754452675,140.51885986328125,19130300,,
2026-06-22,139.78668459660318,140.98390167143734,138.99513748987445,139.22271728515625,10345000,,
2026-06-23,142.16129888403006,142.16129888403006,139.38100292666553,140.5485382080078,7589000,,
2026-06-24,140.51886257561333,142.22068350147524,140.1725560125873,140.76622009277344,8324100,,
2026-06-25,140.4891815753522,141.58744956086855,137.8968645164054,138.0452880859375,7333300,,
2026-06-26,139.03472370419237,140.63759565602908,138.71809882123404,139.89552307128906,9735700,,
2026-06-29,140.46939054262367,140.86515653809323,136.07631854438839,137.2141571044922,10042400,,
2026-06-30,137.34278647757802,137.66930021446228,133.51369691344348,133.9688262939453,14148300,,
2026-07-01,135.7597077010077,139.84604365852172,135.16604361496206,139.66795349121094,9391700,,
2026-07-02,141.7259651993828,143.21011026812354,140.65737893818897,142.6956024169922,13040200,,
2026-07-06,142.7153917410378,143.1705210963408,139.88562127555292,141.77542114257812,9006600,,
2026-07-07,145.43633495212399,147.4646545668194,143.01221914382054,143.44757080078125,9256700,,
2026-07-08,144.45679383395426,144.45679383395426,140.934425112234,141.00367736816406,8997900,,
2026-07-09,135.64096663900548,137.2735353366723,133.26634047558733,136.40283203125,18763700,,
2026-07-10,134.4239643502271,136.50177345022746,133.87977481475042,135.9279022216797,9074900,,
2026-07-13,136.561135506319,138.767560222303,136.2939851737771,137.0261688232422,6716300,,
2026-07-14,136.7887024069684,137.32298798323302,133.97872472956806,134.01829528808594,8518600,,
2026-07-15,133.66210538588868,135.5420315893886,133.22675373670964,133.9688262939453,8078300,,
2026-07-16,135.5914853544139,138.14421665643164,135.05719977841213,137.9562225341797,7805600,,
2026-07-17,139.4007944277792,140.45949179228919,134.74057240692864,135.67063903808594,8579300,,
2026-07-20,136.11589620526743,136.13567393562545,132.53414923743347,134.0281982421875,8758700,,
2026-07-21,133.47411003630194,133.949047338797,132.85077936022233,133.57305908203125,7989500,,
2026-07-22,134.91868853470933,134.91868853470933,133.29602378068546,134.2161865234375,6198700,,
2026-07-23,133.27623256082987,133.90946722620518,132.31648414803374,133.52359008789062,7755700,,
2026-07-24,134.09745650305294,135.6805506578769,133.14761208816236,135.1957244873047,7968300,,
2026-07-27,135.6211877885543,138.82693157296873,135.56180930207955,138.3124237060547,7237900,,
2026-07-28,141.69628213763494,143.8928029284583,140.2912782003228,141.3499755859375,10648800,,
2026-07-29,141.76553950839082,143.6949251292903,141.07294147749164,141.98321533203125,8390800,,
2026-07-30,139.60859000049058,141.01357889910406,137.94633961927565,138.7180938720703,8253100,,
2026-07-31,138.0551724325427,138.6785181896626,136.91733392423276,138.08485412597656,9699400,,
2026-08-03,139.5887996469044,140.0538329994634,137.24385515240832,138.1541290283203,6645300,,
2026-08-04,136.31378640595798,137.73856813735512,135.6805517583931,137.62973022460938,8525200,,
2026-08-05,138.74778100089753,138.7873666601581,136.462199847525,137.3131103515625,6257600,,
2026-08-06,138.6092533879925,139.03471616420634,135.69043773247301,136.97669982910156,8510300,,
2026-08-07,136.08620030565325,138.01560095098017,135.7003231960887,137.55056762695312,4734000,,
2026-08-10,137.05585865581244,137.05585865581244,135.73001087695707,136.27420043945312,5883800,,
2026-08-11,135.5618103089342,137.04595543422474,135.45297239584605,136.947021484375,5823900,,
2026-08-12,136.06642751756058,137.28342227693042,135.28476930729107,137.23394775390625,5472700,,
2026-08-13,137.9364498022582,139.34143869118154,137.85729358488868,139.13365173339844,6246700,,
2026-08-14,139.13364806931799,139.77678665694404,138.63893304691535,139.30184936523438,3867000,,
2026-08-17,138.23328732215685,138.41137749516867,136.2049525769921,136.77882385253906,6856200,,
2026-08-18,138.87639890695473,139.31175053353675,137.58024798986088,138.64883422851562,6224700,,
2026-08-19,139.3810049992557,142.11184157393262,139.1435514518955,141.07293701171875,6954200,,
2026-08-20,140.24182919759406,141.854590010258,139.61848339722084,140.57823181152344,5350000,,
2026-08-21,141.16198872759466,142.04258090129292,140.1428769455901,141.9634246826172,6627600,,
2026-08-24,143.37832254612468,144.35784870411655,142.85392578947105,143.14085388183594,5997000,,
2026-08-25,142.21077953838582,142.34929914409528,140.578225964131,140.76622009277344,10194100,,
2026-08-26,141.181772507001,141.181772507001,139.7273091642623,140.6870574951172,8577000,,
2026-08-27,139.07428165866637,139.59867836321212,138.20357840696596,138.2431640625,6241300,,
2026-08-28,139.17323325783477,139.7965639176636,138.51031694174438,139.5789031982422,5465100,,
2026-08-31,139.54921119246345,139.54921119246345,137.85729421812061,138.8566131591797,6555600,,
2026-09-01,139.69763487120713,139.9350884270868,137.8968648857604,138.3124237060547,5529500,,
2026-09-02,138.78735623458877,140.21213791083318,137.82760788593814,139.0347137451172,7054500,,
2026-09-03,138.83684059809875,139.26228829956483,137.11522676767714,138.54000854492188,10320000,,
2026-09-04,137.74000549316406,139.47000122070312,137.42999267578125,137.6300048828125,6138900,1.48,
2026-09-08,137.0,138.97999572753906,137.0,138.4499969482422,10086300,,
2026-09-09,138.00999450683594,138.1199951171875,136.3300018310547,136.69000244140625,7371700,,
2026-09-10,137.5,137.7899932861328,136.47999572753906,136.64999389648438,7445600,,
2026-09-11,137.30999755859375,137.49000549316406,136.0399932861328,136.32000732421875,8767100,,
