date,open,high,low,close,volume,div,split
2016-09-12,20.47964866501519,20.919359171869267,20.443507644125333,20.871171951293945,20472685,,
2016-09-13,20.744682165514885,20.744682165514885,20.389299855988718,20.503746032714844,21878510,,
2016-09-14,20.551936965929304,20.690475570004743,20.395326634988415,20.443513870239258,19924921,,
2016-09-15,20.413389637421634,20.678418107114236,20.208592158757835,20.563974380493164,21890104,,
2016-09-16,20.594101099503064,20.6121704045343,20.377257329957178,20.443513870239258,26998737,,
2016-09-19,20.47362371272809,20.497718531752398,20.23268642073466,20.268827438354492,18489584,,
2016-09-20,20.383275065044387,20.44350848779089,20.23871218643585,20.365205764770508,14875313,,
2016-09-21,20.419417867700123,20.678423303375066,20.32304341416985,20.64830780029297,16397500,,
2016-09-22,20.67841841661655,20.738654252213276,20.521810572098133,20.569997787475586,17641220,,
2016-09-23,20.57602323650368,20.702515599502703,20.485671894623447,20.636259078979492,13635703,,
2016-09-26,20.43146313201334,20.48567345690899,20.13029237308349,20.262807846069336,31119982,,
2016-09-27,20.347128941949517,20.407364771429393,20.166426297175825,20.377246856689453,16453572,,
2016-09-28,20.389295043721468,20.47964637492605,20.29292061334768,20.473623275756836,15080421,,
2016-09-29,20.443506552918045,20.521811690360817,20.058007597975426,20.07005500793457,26396376,,
2016-09-30,20.14233579301033,20.491693728264945,20.11824218405886,20.401342391967773,30138076,,
2016-10-03,20.317018700091268,20.317018700091268,20.10619687517306,20.28689956665039,18862384,,
2016-10-04,20.244739266460222,20.42544198124929,20.184504624558215,20.310997009277344,22029759,,
2016-10-05,20.317016982903418,20.467601739129286,20.286897852008195,20.419414520263672,14698346,,
2016-10-06,20.3471313619753,20.359177560570828,20.160405596411618,20.268827438354492,16809824,,
2016-10-07,20.298945012950472,20.479647686936183,20.130289748991594,20.214616775512695,15619964,,
2016-10-10,20.268827418508895,20.383272359637477,20.220640202340714,20.244733810424805,17268420,,
2016-10-11,20.214616877527387,20.220641188029543,19.84116532856116,19.955610275268555,18268033,,
2016-10-12,19.96163013075606,20.021864749571705,19.84116210404126,19.919466018676758,15956295,,
2016-10-13,19.618301847601973,19.81707507800786,19.588185131813308,19.73274803161621,25488144,,
2016-10-14,19.71467044592708,19.817067969427697,19.67250633239746,19.67250633239746,16410042,,
2016-10-17,19.6243266809824,19.702631839397522,19.56409203688746,19.576139450073242,17837369,,
2016-10-18,19.720691347626243,19.79899646714758,19.6423874390213,19.690574645996094,15624074,,
2016-10-19,19.72671913513641,19.78695376363187,19.57011006978156,19.636367797851562,17247445,,
2016-10-20,19.57011134164223,19.720697317209115,19.57011134164223,19.600229263305664,20334190,,
2016-10-21,19.527944441355228,19.54601494959863,19.38338279724121,19.38338279724121,19852090,,
2016-10-24,19.45566328910956,19.491804304982995,19.30507854844223,19.3532657623291,20644066,,
2016-10-25,19.287011602250978,19.49783100466734,19.268941090977165,19.443620681762695,20380249,,
2016-10-26,19.443622631473968,19.636371541944435,19.365317478407654,19.51590347290039,18026246,,
2016-10-27,19.624323455606145,19.762862024429563,19.497831087071656,19.564088821411133,19238662,,
2016-10-28,19.588180568478933,19.612275388597002,19.20268161034005,19.232799530029297,30048170,,
2016-10-31,19.299053923949568,19.299053923949568,19.040047350800233,19.10028076171875,37890668,,
2016-11-01,18.636478792647722,19.106305958573717,18.522033853489457,18.71478271484375,57285005,,
2016-11-02,18.666594569404058,18.69671127476089,18.2871187538752,18.449750900268555,38033063,,
2016-11-03,18.491915228397755,18.491915228397755,17.967877767989503,18.004018783569336,38290977,,
2016-11-04,18.016067846650138,18.29314497377166,18.010043535817722,18.07027816772461,36919723,,
2016-11-07,18.208818190761466,18.335310564629538,18.118466841117655,18.299169540405273,32544885,,
2016-11-08,18.329587749631663,18.52425901042153,18.226167725091695,18.25050163269043,37365670,0.28463,
2016-11-09,20.0816378472195,20.30064303101264,19.163028796023703,19.540205001831055,125166505,,
2016-11-10,20.270225751668836,20.58048462108057,19.984300791329208,20.373645782470703,70908061,,
2016-11-11,20.20938856849242,20.282391512204047,19.582787713928145,19.826128005981445,37736994,,
2016-11-14,19.984295549556556,20.01471262216999,19.546284078152755,19.69837188720703,32219094,,
2016-11-15,19.92954372063786,19.92954372063786,19.394195438412538,19.607118606567383,31213472,,
2016-11-16,19.588870020575825,19.667954903844713,19.424615860714567,19.4428653717041,23864246,,
2016-11-17,19.47328850084282,19.540205837061194,19.27253282320589,19.302949905395508,27502549,,
2016-11-18,19.43678671086922,19.43678671086922,19.12652783015362,19.150861740112305,25460846,,
2016-11-21,19.16910880582669,19.278611991158613,19.156941241681505,19.205610275268555,23053931,,
2016-11-22,19.424607876021728,19.461108105990625,18.88925975520871,19.05959701538086,27862279,,
2016-11-23,18.968356131754046,19.13261154689692,18.63376335293654,19.114360809326172,22399924,,
2016-11-25,19.223863057189753,19.309031123301086,19.19344475508431,19.278614044189453,11017357,,
2016-11-28,19.278611303557504,19.369863750913836,19.163024951772393,19.187358856201172,18692901,,
2016-11-29,19.37594868282498,19.448950402748224,19.229945242978495,19.418533325195312,22810879,,
2016-11-30,19.455034446598173,19.692290337828194,19.315114180181112,19.552370071411133,40599553,,
2016-12-01,19.61928708721434,19.61928708721434,19.102189480534882,19.138690948486328,32259146,,
2016-12-02,19.18736022293837,19.302946582956828,19.07785703371201,19.242111206054688,20034221,,
2016-12-05,19.3090316222325,19.327282359368592,19.096109616961705,19.2177791595459,20342516,,
2016-12-06,19.254279949942088,19.284697028759318,19.1204428463562,19.199527740478516,18662967,,
2016-12-07,19.059605083911894,19.059605083911894,18.621593577909167,18.974435806274414,46432600,,
2016-12-08,18.761517976582475,18.919689002969392,18.560762301976702,18.82235336303711,37409622,,
2016-12-09,18.92576056148817,19.41852407651507,18.9135942254591,19.284687042236328,30935743,,
2016-12-12,19.2846937188158,19.862626678105777,19.26035981533982,19.710538864135742,33997508,,
2016-12-13,19.9599660709362,20.002550715829905,19.80787945116591,19.97213363647461,30313356,,
2016-12-14,20.02688266273427,20.25805537838155,19.856545322833952,19.966047286987305,38309843,,
2016-12-15,19.85046019964523,20.05121583153797,19.832209465292497,19.9234619140625,22004463,,
2016-12-16,20.002548168900574,20.039049637874243,19.783541801045892,19.978214263916016,39615012,,
2016-12-19,19.929548991580905,20.057301703268195,19.905215083497907,19.97213363647461,26276958,,
2016-12-20,19.941715967157805,20.00255135079338,19.813962028421255,19.98430061340332,26428312,,
2016-12-21,19.911294485057727,20.0329640024376,19.66795422730439,19.710538864135742,19751644,,
2016-12-22,19.64362657212379,19.72879587287737,19.497623104826783,19.674043655395508,19618418,,
2016-12-23,19.716624038040024,19.807877714090953,19.68620696135219,19.75920867919922,11387943,,
2016-12-27,19.813955938881335,19.905209597786104,19.75920496653196,19.789623260498047,11826302,,
2016-12-28,19.77137673817646,19.886963100073636,19.674039888952198,19.680124282836914,14691495,,
2016-12-29,19.70446086552722,19.844381152985093,19.69229329909901,19.765295028686523,14827250,,
2016-12-30,19.67403939688083,19.832210397046246,19.65578988466436,19.75920867919922,19885396,,
2017-01-03,19.893050848714825,20.0755558013916,19.826132284533738,20.0755558013916,23391844,,
2017-01-04,20.154634677548977,20.28847053473667,20.093799307559234,20.251970291137695,22753963,,
2017-01-05,20.30063917819962,20.495311638729845,20.148551356628936,20.446643829345703,21083584,,
2017-01-06,20.477060707190983,20.501394611648628,20.282389471529832,20.367557525634766,18418228,,
2017-01-09,20.33713918055834,20.483142598184866,20.306720884640974,20.361473083496094,21559886,,
2017-01-10,20.434476019020327,20.477060657466208,20.27022185858168,20.343223571777344,20444754,,
2017-01-11,20.30064200709201,20.404062033690124,19.710542595840092,19.97213363647461,42623128,,
2017-01-12,19.7896271222974,19.844378105331025,19.649705633334438,19.832210540771484,33475989,,
2017-01-13,19.87479317018847,19.94171171100705,19.66795437756566,19.783540725708008,21386925,,
2017-01-17,19.680120050849652,19.6983707825917,19.33335981673125,19.503698348999023,33838143,,
2017-01-18,19.521952213971403,19.6375385695644,19.436782934168033,19.485450744628906,22629064,,
2017-01-19,19.50369332069121,19.521944047727978,19.181268294016586,19.284687042236328,27555881,,
2017-01-20,19.296868681341707,19.540207809408667,19.260367200634633,19.327285766601562,31788324,,
2017-01-23,19.272528033650126,19.357696087214112,19.12652338483797,19.138690948486328,26098094,,
2017-01-24,19.10218967308959,19.138691141408984,18.798015254738036,18.950101852416992,31225172,,
2017-01-25,19.077859151875415,19.175194787330774,18.919688132763532,19.035274505615234,33905283,,
2017-01-26,19.1021936998592,19.14477834754418,18.980524151469194,19.029191970825195,28653517,,
2017-01-27,19.144777889948173,19.1873625366153,19.017023949946797,19.114360809326172,25353654,,
2017-01-30,19.144774510041763,19.163025244390443,18.895351068592866,19.04743766784668,28947899,,
2017-01-31,18.864937073098957,19.424620680141857,18.816269252397994,19.302949905395508,39472300,,
2017-02-01,19.364399338598858,19.47501811754655,19.210762076979663,19.462726593017578,30031938,0.303605,
2017-02-02,19.339820837956175,19.499603271484375,19.24763871228427,19.499603271484375,24634404,,
2017-02-03,19.69625673182983,19.813020661577884,19.616364906739758,19.72083854675293,37935252,,
2017-02-06,19.665532038285974,19.868332974102845,19.628658691608887,19.8068790435791,25859258,,
2017-02-07,19.862182034891607,19.880618702852683,19.628652966473286,19.714691162109375,24781648,,
2017-02-08,19.61636154191771,19.880617551329486,19.61636154191771,19.751562118530273,20194745,,
2017-02-09,19.75156905153923,19.997388480343027,19.75156905153923,19.89906120300293,25102380,,
2017-02-10,19.9174930610695,19.942074875986343,19.806875511670366,19.8806209564209,23090189,,
2017-02-13,19.935927828723106,20.089565083882455,19.935927828723106,20.040401458740234,21733585,,
2017-02-14,19.991242572105705,20.138733482492018,19.88062377158922,20.126441955566406,24205532,,
2017-02-15,20.14487603263295,20.63651480814844,20.0895672572278,20.593496322631836,48035523,,
2017-02-16,20.556626727220067,20.827029214925552,20.415280955030266,20.661100387573242,40402244,,
2017-02-17,20.642663713928144,20.827029214925552,20.605790366637947,20.661100387573242,36882306,,
2017-02-21,20.63037342180046,20.771717958536687,20.575063400865165,20.661100387573242,25391598,,
2017-02-22,20.630369850990792,20.740988638261346,20.43371409190388,20.64266014099121,28676494,,
2017-02-23,20.71025811680549,20.96836900327138,20.63651267872376,20.931495666503906,32122863,,
2017-02-24,20.999093973776155,21.109713980122184,20.888476438336472,21.054405212402344,26046448,,
2017-02-27,21.035973688361505,21.177319458022428,20.992955195777128,21.066701889038086,23009136,,
2017-02-28,20.956077677254395,21.054407405662765,20.839314985561032,20.96837043762207,28964658,,
2017-03-01,21.060554542328425,21.220335733154453,20.925353932749395,21.15273666381836,34034925,,
2017-03-02,21.17731776125807,21.355536863270242,21.152737179411922,21.208045959472656,26952993,,
2017-03-03,21.20804629120992,21.29408327083103,21.115864166031148,21.214191436767578,19800760,,
2017-03-06,21.09742365490002,21.183460623903642,20.943787622197338,21.109716415405273,19174263,,
2017-03-07,20.81473635325443,21.017538526935905,20.740992129930635,20.88848304748535,30783335,,
2017-03-08,20.839313507080078,20.95607619048951,20.722549588217426,20.839313507080078,23870360,,
2017-03-09,20.820885387089472,20.98066660758699,20.759428980745792,20.925357818603516,20199594,,
2017-03-10,20.980662303252345,21.091279858525304,20.894625328748134,20.96222686767578,20214666,,
2017-03-13,20.980662303252345,20.98680744844453,20.839316551111658,20.96222686767578,19988056,,
2017-03-14,20.906916794446207,21.09742618974096,20.882336212295623,21.029827117919922,15563469,,
2017-03-15,21.02982646589698,21.324808267999764,21.00524588450851,21.281789779663086,24279839,,
2017-03-16,21.244919118641388,21.281789991090395,21.048262111045627,21.15888214111328,21816219,,
2017-03-17,21.17731312827617,21.251059799494783,21.060550448237457,21.091276168823242,45736117,,
2017-03-20,21.140450771301467,21.20190718620124,21.091287121926236,21.12816047668457,18435514,,
2017-03-21,21.189603556103652,21.269495371965736,21.005241818655303,21.04825782775879,33083479,,
2017-03-22,21.078989732051188,21.226480630530954,20.888480345984807,21.183462142944336,27528267,,
2017-03-23,21.09128280448457,21.238776193325617,21.035974019122747,21.072847366333008,21378704,,
2017-03-24,21.06055543148159,21.06055543148159,20.857753273097547,20.89462661743164,28583110,,
2017-03-27,20.73484211392984,21.085132651986605,20.73484211392984,21.0052433013916,18852055,,
2017-03-28,20.931498424695665,21.054408739814612,20.876189647709506,20.992952346801758,19327725,,
2017-03-29,20.992953048471154,21.171172146533063,20.962227321844512,21.09742546081543,18214174,,
2017-03-30,21.01138915680303,21.16502518950571,20.98680610669915,21.109716415405273,15803465,,
2017-03-31,21.023681640625,21.12815405493025,20.992953442514732,21.023681640625,19616837,,
2017-04-03,20.962228707094308,21.10971961736939,20.956081090455882,21.042118072509766,19064752,,
2017-04-04,21.00524368105729,21.20189819516341,20.925351858111707,21.10357093811035,20324177,,
2017-04-05,21.09742519039383,21.21419036279894,20.986807634142096,21.011390686035156,20321225,,
2017-04-06,20.980662303252345,21.109717765008657,20.931498670808054,20.96222686767578,17164706,,
2017-04-07,20.94993052419352,21.048257772269302,20.919204803486316,20.95607566833496,14728069,,
2017-04-10,20.974513479851286,21.029822247788506,20.87618623220592,20.919204711914062,16852722,,
2017-04-11,20.906913232993926,20.943786570845432,20.734841774531084,20.851604461669922,20155642,,
2017-04-12,20.82088031190363,20.888479377315335,20.716405434948523,20.845460891723633,26022628,,
2017-04-13,20.82088279724121,20.906917307787648,20.784009452203026,20.82088279724121,13560553,,
2017-04-17,20.83317269081278,20.92535481619454,20.784009055336305,20.89462661743164,15963462,,
2017-04-18,20.74712963758245,20.820876304662374,20.685674493500215,20.796293258666992,22293365,,
2017-04-19,20.802441984229848,20.839315324118708,20.618077755692195,20.654951095581055,25204302,,
2017-04-20,20.667242668618456,20.814733566426018,20.575060548625384,20.734844207763672,19339319,,
2017-04-21,20.67339324951172,20.728703274016983,20.568919582415326,20.67339324951172,25552227,,
2017-04-24,20.88233510557123,20.913063302537854,20.679534194495787,20.734844207763672,22438501,,
2017-04-25,20.784010416451025,20.87004740189603,20.7164088689269,20.74713706970215,19756176,,
2017-04-26,20.808589603568947,20.91306449082907,20.802444458007812,20.802444458007812,20884483,,
2017-04-27,20.87004442072589,20.906915291300862,20.753279251184892,20.8085880279541,15633139,,
2017-04-28,20.82088031190363,20.857751181633635,20.74098848567522,20.845460891723633,16842077,,
2017-05-01,20.82702766041419,20.888481587372883,20.753280971338185,20.75942611694336,23910833,,
2017-05-02,20.636514425636623,20.722551395075083,20.20633081389765,20.654951095581055,42965678,,
2017-05-03,20.575061466286822,20.642661772993655,20.46444267027078,20.56891632080078,26155748,,
2017-05-04,20.550476406997042,20.64265851655953,20.476730966437707,20.556621551513672,26897869,,
2017-05-05,20.550481885371504,20.575063705444336,20.42142640339894,20.575063705444336,22999966,,
2017-05-08,20.525894593477265,20.66109518556268,20.495166399987596,20.556621551513672,24781543,,
2017-05-09,20.55662933866271,20.642666336300625,20.49517416385652,20.51361083984375,18028248,,
2017-05-10,20.476376175781436,20.550835435204796,20.414326169222722,20.494991302490234,34829852,0.303605,
2017-05-11,20.47017152805161,20.56324591408693,20.383301768442152,20.501195907592773,26421567,,
2017-05-12,20.408121585294886,20.51981109836846,20.408121585294886,20.482582092285156,18589187,,
2017-05-15,20.457760273159643,20.588064907767258,20.352276638163573,20.55083465576172,20530444,,
2017-05-16,20.203359517793007,20.352278041258117,20.097874628112987,20.228178024291992,42437834,,
2017-05-17,20.228176680629957,20.228176680629957,19.98618378422063,19.998594284057617,29931281,,
2017-05-18,19.979976613413015,20.1164846097639,19.899311493275338,19.992385864257812,24874822,,
2017-05-19,20.042033269869776,20.141313552856445,19.973778621059243,20.141313552856445,29885432,,
2017-05-22,20.166131277402478,20.166131277402478,19.930341720581055,19.930341720581055,26725962,,
2017-05-23,19.930336617365693,20.029616864916058,19.905518114742694,19.942747116088867,18517410,,
2017-05-24,19.961364930303574,20.029619563949296,19.837264915995803,19.886905670166016,23576821,,
2017-05-25,19.893104430090254,19.979974165005043,19.837259065897257,19.955154418945312,18227244,,
2017-05-26,19.96756686612354,20.035821490571806,19.917927366054194,19.942747116088867,12330746,,
2017-05-30,19.893111442914307,20.04823584603149,19.868291688104986,19.936546325683594,16913643,,
2017-05-31,20.029621191529934,20.34607463209395,19.936546796941922,20.259204864501953,30585499,,
2017-06-01,20.271609590504774,20.383299088545137,20.17853521670642,20.296430587768555,25184803,,
2017-06-02,20.33366237941666,20.40191701273011,20.128898479476305,20.190948486328125,21984543,,
2017-06-05,20.172330451357457,20.215765325150695,19.97997707948311,20.07305145263672,14994836,,
2017-06-06,20.042028773847576,20.08546365402074,19.880699753523764,19.899314880371094,18831186,,
2017-06-07,19.905517668976778,19.95515716793449,19.793828172616102,19.855876922607422,17479641,,
2017-06-08,19.855879213283792,19.917929217845167,19.651115320901877,19.700756072998047,35620773,,
2017-06-09,19.73798176725731,20.352273341371163,19.694546896090632,20.33365821838379,31764609,,
2017-06-12,20.333662770906002,20.532222048207636,20.29022789001465,20.29022789001465,30435515,,
2017-06-13,20.296433950027836,20.33986758390541,20.178538559435427,20.215768814086914,18093913,,
2017-06-14,20.221975178313862,20.32746007728236,20.1413112828537,20.284025192260742,14568177,,
2017-06-15,20.24058821968839,20.494991628996654,20.203359213089527,20.358482360839844,19952115,,
2017-06-16,20.46396954651478,20.55704394457961,20.35848464658238,20.457763671875,33600044,,
2017-06-19,20.439150039797834,20.631503465504334,20.420534910475137,20.61288833618164,21922146,,
2017-06-20,20.60667562720497,20.941744081367922,20.569445383160804,20.823848724365234,27473775,,
2017-06-21,20.836265135488407,21.158921936667852,20.836265135488407,21.022415161132812,27134492,,
2017-06-22,21.065844088942203,21.394706710171803,21.047230212104484,21.13409996032715,23352529,,
2017-06-23,21.146510302933727,21.233380055639778,21.07825692284952,21.202354431152344,31668800,,
2017-06-26,21.196146838368463,21.227172458513202,21.078253972500047,21.121688842773438,14937604,,
2017-06-27,21.177535882838015,21.177535882838015,20.941747623770883,20.95415687561035,16089942,,
2017-06-28,21.009999131916423,21.09066425133335,20.879695762152206,20.94174575805664,15594035,,
2017-06-29,20.941752923702953,21.016210948407018,20.70596335755055,20.867292404174805,15724837,,
2017-06-30,20.929337350063566,20.97276972938113,20.79282685461243,20.842466354370117,14242175,,
2017-07-03,20.77421394820947,21.07825809965553,20.76800932193027,20.985183715820312,8971964,,
2017-07-05,21.059646478895818,21.065851106575327,20.780424511785014,20.873498916625977,17072270,,
2017-07-06,20.873497651875354,20.892111533786046,20.563248822929122,20.61288833618164,14676318,,
2017-07-07,20.63149944674134,20.699754076021385,20.488785562086267,20.69354820251465,17914522,,
2017-07-10,20.69975907714218,20.805242735889014,20.625299803777583,20.730783462524414,14256720,,
2017-07-11,20.724569629671546,20.76800449836139,20.507395286222334,20.58185577392578,12874083,,
2017-07-12,20.687348853472418,20.80524176188814,20.600477834162508,20.61288833618164,14577979,,
2017-07-13,20.612881905069862,20.687342399129356,20.47016803714186,20.65011215209961,14112006,,
2017-07-14,20.643907953102623,20.817646198869323,20.62529282920328,20.743186950683594,13175843,,
2017-07-17,20.74939246331283,20.768007588008054,20.56324371118396,20.631498336791992,17733866,,
2017-07-18,20.61909338342587,20.718373659364907,20.50119922519704,20.699758529663086,15356148,,
2017-07-19,20.70596148660607,20.904520775053026,20.66873247761797,20.861085891723633,19825951,,
2017-07-20,20.768014162002633,20.910728084155135,20.687350259338555,20.81144905090332,17870043,,
2017-07-21,20.768011071440306,20.836265708496732,20.718371562201433,20.774215698242188,12673718,,
2017-07-24,20.71216530208523,20.755600183712954,20.58186190461393,20.674936294555664,15558937,,
2017-07-25,20.71216178782866,20.77421178639901,20.48257941268286,20.538423538208008,20856025,,
2017-07-26,20.532217281594324,20.538421906734992,20.370888296055938,20.408117294311523,16572674,,
2017-07-27,20.346068401066358,20.47637176513672,20.284018407873315,20.47637176513672,17561221,,
2017-07-28,20.513604344031215,20.581858970084305,20.358479967108433,20.569448471069336,17116117,,
2017-07-31,20.606683181353382,20.71837270701833,20.56324829651635,20.575658798217773,23169660,,
2017-08-01,20.50119838658371,20.662527425046854,20.302640337651823,20.526018142700195,28072552,,
2017-08-02,20.59493333822737,20.62626075744629,20.488418097528992,20.62626075744629,30412116,0.303605,
2017-08-03,20.645060857702322,21.183901115604613,20.58867124259912,20.94580841064453,28739945,,
2017-08-04,21.03979484178033,21.30294851452219,20.977138725566878,21.077388763427734,27183398,,
2017-08-07,21.020995787307132,21.04605797937704,20.833028716984572,20.870622634887695,13188280,,
2017-08-08,20.883155049571133,20.964608126095484,20.81423370004924,20.85182762145996,16986475,,
2017-08-09,20.889421508698234,20.964608091800038,20.776641004247203,20.958341598510742,15807681,,
2017-08-10,20.90821599190266,21.020996489784388,20.807967220272932,20.939544677734375,19062539,,
2017-08-11,20.98966459566407,21.03352373881531,20.80796279106503,20.833024978637695,13626639,,
2017-08-14,20.883153101124385,20.908215293194292,20.7641073738932,20.870622634887695,13482241,,
2017-08-15,20.889421182320145,21.00846565900723,20.839295534772134,20.91448211669922,18048801,,
2017-08-16,20.883151970898762,20.98340199334924,20.839292822251014,20.901948928833008,11128764,,
2017-08-17,20.858086899666166,20.958335648675753,20.645057678222656,20.645057678222656,15661175,,
2017-08-18,20.619999888200578,20.657592547297693,20.457095006522273,20.46962547302246,16326565,,
2017-08-21,20.425768103965495,20.594939493256767,20.250332740473922,20.526018142700195,17848752,,
2017-08-22,20.526013820801342,20.814229629935642,20.48841990674191,20.770370483398438,14178619,,
2017-08-23,20.720244098585866,20.920742854833126,20.720244098585866,20.826759338378906,16989953,,
2017-08-24,20.9082139016737,20.927010859374253,20.782902949664084,20.82049560546875,12140394,,
2017-08-25,20.851826411435596,21.06485568134217,20.82049772554577,20.920747756958008,15171171,,
2017-08-28,20.98966793024449,21.064854504907203,20.933277054550082,20.970870971679688,13033026,,
2017-08-29,20.945812549142204,21.02099913733409,20.826766802939208,20.98967170715332,12884096,,
2017-08-30,20.977138559185352,20.977138559185352,20.8330306266744,20.958341598510742,12394935,,
2017-08-31,20.989671102436745,21.315479641881637,20.977139374967443,21.252824783325195,27300497,,
2017-09-01,21.26535435782088,21.384401355189564,21.19016903455043,21.27788734436035,19160771,,
2017-09-05,21.227765922344886,21.409465281836884,21.146312834825064,21.17763900756836,15068616,,
2017-09-06,21.271622714919484,21.371874025989307,21.24656177654726,21.29668617248535,13925764,,
2017-09-07,21.328014864644274,21.384404495175417,21.18390691142306,21.29668617248535,18831923,,
2017-09-08,21.271617053667256,21.45958411820774,21.177633521397016,21.3656005859375,16276290,,
2017-09-11,21.35933485278898,21.515975749032926,21.290414773028257,21.503442764282227,17263993,,
2017-09-12,21.54103968380249,22.399424558868056,21.52850921649748,22.161333084106445,39268351,,
2017-09-13,22.092408548434385,22.198922549622388,21.910706711588354,21.96709632873535,22115450,,
2017-09-14,21.9608300013139,22.45581110314592,21.92950383734492,22.38688850402832,28907847,,
2017-09-15,22.305435461441487,22.38062076574303,22.07987451015158,22.155059814453125,30430139,,
2017-09-18,22.167592994469057,22.274106979370117,22.061076490375335,22.274106979370117,17850755,,
2017-09-19,22.343029318317388,22.343029318317388,22.14879702525934,22.211454391479492,16539579,,
2017-09-20,22.512208850613867,22.687645508992976,22.43702099153887,22.549802780151367,27066825,,
2017-09-21,22.59365922019451,22.675109785310894,22.499675667281082,22.537269592285156,16580579,,
2017-09-22,22.618716534542223,22.631249520331846,22.411953758927464,22.53099822998047,15394092,,
2017-09-25,22.49340938189201,22.57485994320232,22.205190983124506,22.24905014038086,23379828,,
2017-09-26,22.24904854543851,22.336766853663057,22.07987968174251,22.117473602294922,18508029,,
2017-09-27,22.08614217823211,22.26157877293986,22.0485482623386,22.211454391479492,15502759,,
2017-09-28,22.098673707590184,22.418218229277926,22.067347542165038,22.305438995361328,19038086,,
2017-09-29,22.330503381779618,22.36809730529785,22.148801517436016,22.36809730529785,16867900,,
2017-10-02,22.349304009753062,22.618721699059407,22.236522227053797,22.599925994873047,17541300,,
2017-10-03,22.56859001642938,22.68137176272037,22.399421175782216,22.64377784729004,14328392,,
2017-10-04,22.66884343931447,22.706434839103974,22.493406830190967,22.53099822998047,11435268,,
2017-10-05,22.480874857012303,22.556062698364258,22.39942430127313,22.556062698364258,14340408,,
2017-10-06,22.549793171442605,22.64377669564205,22.518464490311874,22.587387084960938,12711345,,
2017-10-09,22.593653466447225,22.65004307999628,22.512200402880325,22.64377784729004,10278081,,
2017-10-10,22.79414449543302,22.87559753579276,22.57484881723071,22.80667495727539,18697433,,
2017-10-11,22.787888308856854,22.8568109147291,22.68137430253775,22.8380126953125,18163687,,
2017-10-12,22.856809359871544,22.931994674843875,22.731497142660334,22.77535629272461,14750098,,
2017-10-13,22.787885054500567,22.863072883042985,22.712697225958145,22.769086837768555,13458842,,
2017-10-16,22.77535572096278,22.856808786064885,22.48087214386892,22.543529510498047,14315006,,
2017-10-17,22.512204115798703,22.76282858054093,22.39942487010001,22.68137550354004,14776764,,
2017-10-18,22.71269919832986,22.73776264975145,22.424483362543256,22.449546813964844,15196572,,
2017-10-19,22.487134716308795,22.794148722729414,22.455808555893263,22.706430435180664,20858028,,
2017-10-20,22.744024137149637,22.819211959838867,22.574852795695172,22.819211959838867,18447319,,
2017-10-23,22.744020128871373,23.044768847433424,22.744020128871373,22.80667495727539,15978008,,
2017-10-24,22.838012315856002,22.888136701478828,22.549796468726484,22.72523307800293,15826126,,
2017-10-25,22.681370669268546,22.775354193717053,22.50593408517992,22.656307220458984,17523488,,
2017-10-26,22.612455670106662,22.693908757107394,22.305444064017156,22.393159866333008,18374277,,
2017-10-27,22.261579844573088,22.39942253002284,22.180126776081636,22.305438995361328,15746865,,
2017-10-30,22.19892500975066,22.223988464145265,21.942037827970903,22.02349090576172,26679586,,
2017-10-31,21.960831095629356,22.14253293247539,21.365601201050257,21.96709632873535,24794085,,
2017-11-01,21.93577074453101,22.38689021285528,21.866848140152438,22.092409133911133,16557497,,
2017-11-02,22.09867684334835,22.249050016305812,21.94830367039089,22.217723846435547,13880021,,
2017-11-03,22.21145213869761,22.280372211518102,22.129999082388487,22.274106979370117,9358255,,
2017-11-06,22.299171830797356,22.311704816490767,22.00469075288146,22.130002975463867,11200542,,
2017-11-07,22.11746842189867,22.192653726200213,22.07987451015158,22.155059814453125,11480906,,
2017-11-08,22.161330566648182,22.173861032529775,21.948300050696208,22.142532348632812,14302148,,
2017-11-09,22.180468965652164,22.287958796880062,22.02872175606358,22.256343841552734,14088713,0.303605,
2017-11-10,22.19311000960667,22.25001487885289,22.00342541731139,22.24369239807129,15858589,,
2017-11-13,22.26899004848832,22.433382213722208,22.21840510603376,22.31957244873047,25072657,,
2017-11-14,22.287963679986273,22.57249071363207,22.268996227961797,22.370161056518555,17278538,,
2017-11-15,22.306919595523933,22.44602179840316,22.27530719183215,22.357501983642578,13646138,,
2017-11-16,22.344862681931296,22.496609884723522,22.287957798660766,22.483964920043945,13625901,,
2017-11-17,22.36383628845215,22.439708631014184,22.237378994564953,22.36383628845215,15649265,,
2017-11-20,22.370156742898953,22.41441666463457,22.30060434779472,22.351186752319336,12455540,,
2017-11-21,22.38280126424267,22.59145336098898,22.370156298915635,22.47132110595703,13333100,,
2017-11-22,22.414417146123824,22.446029560747895,22.332219783675896,22.401769638061523,11122967,,
2017-11-24,22.45234795121569,22.483962902289882,22.363830664189933,22.4397029876709,6742754,,
2017-11-27,22.458672975200297,22.54086778045366,22.37015314596233,22.4397029876709,10848611,,
2017-11-28,22.502936952374505,22.692621630068995,22.458679566977885,22.66733169555664,13687033,,
2017-11-29,22.72422987563697,23.02140431383573,22.686292442865614,22.894947052001953,16122827,,
2017-11-30,22.89495211962749,23.06566933377945,22.812754754131156,22.92656707763672,24063663,,
2017-12-01,22.94553918991609,23.078318989881936,22.768499456628298,22.983476638793945,19588485,,
2017-12-04,23.071991893307352,23.15418671686298,22.79378738010103,22.80010986328125,14847487,,
2017-12-05,22.71159287125713,22.88230756523584,22.452355774981655,22.528230667114258,23525912,,
2017-12-06,22.496609884723522,22.686294523766914,22.452349966132566,22.483964920043945,18317677,,
2017-12-07,22.483965192448103,22.534547593991675,22.224730702313853,22.446027755737305,16661421,,
2017-12-08,22.332221308277592,22.616748312594684,22.332221308277592,22.5977783203125,15705759,,
2017-12-11,22.78745723544775,22.92656200301345,22.566160205003904,22.894947052001953,15138497,,
2017-12-12,22.98979445707999,23.28064393575536,22.920242057885186,23.128896713256836,23700139,,
2017-12-13,23.122570146344433,23.26799485999819,23.059340241477706,23.16683006286621,16639709,,
2017-12-14,23.223735759991385,23.324900560680177,22.977143698323488,23.05301856994629,15585393,,
2017-12-15,23.2553494960124,23.539876436383,23.211089580251713,23.520906448364258,39820015,,
2017-12-18,23.533551302706666,23.61574865191,23.432386507785147,23.476646423339844,17670415,,
2017-12-19,23.52090997334432,23.539879964206012,23.318580352237323,23.356517791748047,14817659,,
2017-12-20,23.388127925557573,23.482970243979867,23.027728640880298,23.05301856994629,15914557,,
2017-12-21,23.103600265211035,23.141537699864656,22.882300681575202,22.913915634155273,15566948,,
2017-12-22,22.93288820230195,23.002438055146946,22.79378595439933,22.850690841674805,9063557,,
2017-12-26,22.81907218645925,22.932884484773307,22.730552357396824,22.894947052001953,11480590,,
2017-12-27,22.958181500372802,23.05302384047857,22.907599088463925,22.970829010009766,8768964,,
2017-12-28,22.989792248281567,23.097279536114332,22.92023985576917,22.99611473083496,6939431,,
2017-12-29,22.907596210334614,23.07199093504352,22.901273727416992,22.901273727416992,12038261,,
2018-01-02,23.002439222361755,23.09095907026543,22.913919374458082,23.040376663208008,17059833,,
2018-01-03,23.046695385123442,23.249024980333207,22.907593152863647,23.211090087890625,14183151,,
2018-01-04,23.211094380173748,23.34387161270111,23.14154198007579,23.261676788330078,13046517,,
2018-01-05,23.28064052750387,23.31857796312771,23.14786077392663,23.305932998657227,13167517,,
2018-01-08,23.217410974993033,23.267993370320607,22.970821479994605,23.046693801879883,19964341,,
2018-01-09,23.040371711597878,23.166828973170855,22.989789315411127,23.021404266357422,16876226,,
2018-01-10,22.977151677624516,23.147868926954782,22.958184224238174,23.059349060058594,18755825,,
2018-01-11,23.16683148614623,23.204766380742054,23.02772924599078,23.116249084472656,15102555,,
2018-01-12,23.160506969660684,23.267994246000484,23.053017151108627,23.103599548339844,20240700,,
2018-01-16,23.122571173020308,23.381805659404847,23.05934126534608,23.141538619995117,30536699,,
2018-01-17,23.280644340166386,23.62839871554299,23.249029381600216,23.50826644897461,25332363,,
2018-01-18,23.501936756541255,23.501936756541255,23.20476233848756,23.388124465942383,19946528,,
2018-01-19,23.51458749046131,23.57149237862107,23.078313291619594,23.356517791748047,31133684,,
2018-01-22,23.324906268260094,23.43871606133102,23.223741442816376,23.35019874572754,21380495,,
2018-01-23,23.28064155578613,23.445036270013116,23.10360187653015,23.280641555786133,18527212,,
2018-01-24,23.38813364860916,23.43871606133102,23.223741442816376,23.35019874572754,18673191,,
2018-01-25,23.375484129220578,23.60942869583451,23.331224208930777,23.539878845214844,18988232,,
2018-01-26,23.58414224233524,24.71593046876021,23.58414224233524,24.665348052978516,51441419,,
2018-01-29,24.659022132369067,24.930901625977338,24.513594847273215,24.671667098999023,36779014,,
2018-01-30,24.15951512997446,24.500946984108637,23.615751122616757,23.900278091430664,48483684,,
2018-01-31,23.976157381214566,24.020417309549032,23.286968521271014,23.419748306274414,35859926,,
2018-02-01,23.36231177866678,23.86644344421904,23.36231177866678,23.502702713012695,29697926,0.322581,
2018-02-02,23.355931260517863,23.770723016882048,23.298499187363323,23.36231231689453,25588907,,
2018-02-05,23.279362369341186,23.419750779457903,21.696772720169225,22.124326705932617,42463657,,
2018-02-06,21.798867383866003,22.64121295329731,21.696765357104212,22.51358413696289,56035067,,
2018-02-07,22.417860700271007,22.749693533628612,22.31575868474006,22.322139739990234,30955980,,
2018-02-08,22.334912668924535,22.44339577978977,21.44151457139324,21.46065902709961,45850792,,
2018-02-09,21.81801391364049,21.971166959371832,21.186253430631467,21.79886817932129,49851776,,
2018-02-12,21.98392532631886,22.251945035009268,21.715908183392465,22.117935180664062,38743670,,
2018-02-13,22.060503726645027,22.354047663811762,21.958401710740432,22.296615600585938,21559570,,
2018-02-14,22.143460380955574,22.55187101716209,22.054123039869395,22.45615005493164,24494749,,
2018-02-15,22.571018683446553,22.80074695987649,22.385955232741377,22.78798484802246,22588379,,
2018-02-16,22.81989482025066,23.394220696381737,22.768843802312205,23.138965606689453,27659595,,
2018-02-20,22.985810301604158,23.285737922581394,22.89647037754835,22.979429244995117,27202370,,
2018-02-21,22.95390851182483,23.349554607914133,22.800752866841222,22.81989860534668,25872327,,
2018-02-22,22.89008776806881,23.068767604058728,22.724172610195634,22.80712890625,23983454,,
2018-02-23,22.928377912649307,23.16448983277639,22.864564781667383,23.138965606689453,17940029,,
2018-02-26,23.158104595548274,23.74519247873651,23.107053586825998,23.668617248535156,25407302,,
2018-02-27,23.655852942410295,23.764338582687294,23.445267848854296,23.483556747436523,23543093,,
2018-02-28,23.63033153342196,23.789865636446883,23.170869827270508,23.170869827270508,28360927,,
2018-03-01,23.04962437401305,23.145345347928686,22.46253385243656,22.736934661865234,30282896,,
2018-03-02,22.68588036819747,23.017713200865177,22.59015940811571,22.94113540649414,22271336,,
2018-03-05,22.858185331909812,23.15172934713109,22.826277481293666,23.04962730407715,22319609,,
2018-03-06,23.12619804381797,23.12619804381797,22.81351091866064,22.896467208862305,18003479,,
2018-03-07,22.717790140373918,23.024096212355364,22.685882295714244,22.928375244140625,23440328,,
2018-03-08,22.966666237765068,23.292118072509766,22.928377333836657,23.292118072509766,21646630,,
2018-03-09,23.36231446098005,23.56013748987016,23.31126343951695,23.46441650390625,19300743,,
2018-03-12,23.560135327629357,23.611186344407233,23.292118130986655,23.36231231689453,26571656,,
2018-03-13,23.483558464953028,23.58566049146362,23.24744656648565,23.451650619506836,29560695,,
2018-03-14,23.509083013815875,23.604803985713865,23.087912790076217,23.196395874023438,23378458,,
2018-03-15,23.19639627030031,23.489940247033672,23.19639627030031,23.343168258666992,20508310,,
2018-03-16,23.381456669562052,23.636711738361665,23.36869199179879,23.470796585083008,34125253,,
2018-03-19,23.483558832612335,23.483558832612335,23.02409714035697,23.18363380432129,20003761,,
2018-03-20,23.20915802846637,23.324022168648018,23.049623930266442,23.18363380432129,20295824,,
2018-03-21,23.28573278488626,23.43888580700586,23.100671920996888,23.145341873168945,19071392,,
2018-03-22,22.992184975781708,23.062381710524384,22.634827944522325,22.71778678894043,22094686,,
2018-03-23,22.647599555642266,22.653980613157053,21.97755259587983,22.00946044921875,29385731,,
2018-03-26,22.29023682369898,22.430630333283446,21.900971841305473,22.36043357849121,24926468,,
2018-03-27,22.449774527314624,22.69226752028939,22.19451685467242,22.341291427612305,28835227,,
2018-03-28,22.449770313441885,22.851797352033074,22.41148141315599,22.526348114013672,26349684,,
2018-03-29,22.666738276938005,22.762459241557142,22.3795753830806,22.647592544555664,24804731,,
2018-04-02,22.602921719657015,22.807125752110878,22.181748978397856,22.366809844970703,28323299,,
2018-04-03,22.405109474455635,22.80713667663913,22.2838642342717,22.768850326538086,21347927,,
2018-04-04,22.53910797536245,23.119814780137627,22.488056968665955,23.056001663208008,22010682,,
2018-04-05,22.762460582233295,22.973045690492878,22.67312066789155,22.80074691772461,25781789,,
2018-04-06,22.69227161682693,22.89009468108969,22.264717632019757,22.443397521972656,22288200,,
2018-04-09,22.526348368935114,22.92837541207588,22.47529735656429,22.628450393676758,20457297,,
2018-04-10,22.97304324844275,23.0368563665759,22.79436343875305,22.94113540649414,20667254,,
2018-04-11,22.800749942541778,23.017718701264656,22.711410016347923,22.839038848876953,13879915,,
2018-04-12,22.99218902252623,23.292116613034988,22.953902686761346,23.177249908447266,23817976,,
2018-04-13,23.234684543623306,23.292116613034988,23.056004713663086,23.177249908447266,17774340,,
2018-04-16,23.292118960925194,23.438890960111888,23.221922206751557,23.311262130737305,15932369,,
2018-04-17,23.451650986666593,23.470796720539795,23.14534490233928,23.18363380432129,17675580,,
2018-04-18,23.215539335298292,23.349549210800838,23.15172620848183,23.285736083984375,14652497,,
2018-04-19,23.221922206751557,23.413364167931125,23.1453469617385,23.311262130737305,16636652,,
2018-04-20,23.29211363085031,23.477174493077246,23.272967899654816,23.375072479248047,22371993,,
2018-04-23,23.400597894802395,23.54098881242778,23.355927940750494,23.483556747436523,25381058,,
2018-04-24,23.553752221458772,23.78348305984886,23.464412308431275,23.649473190307617,27106350,,
2018-04-25,23.56013547315461,23.636713281676688,23.29849933127251,23.406982421875,27730213,,
2018-04-26,23.483559501624555,23.675001451224126,23.451651654769805,23.515464782714844,20405651,,
2018-04-27,23.47080239761482,23.68138756080526,23.419748805447128,23.611190795898438,14425149,,
2018-04-30,23.694145208832975,23.726053056480843,23.228302435690917,23.36231231689453,28295789,,
2018-05-01,22.70503025169655,23.00495789691998,22.10518009277934,22.590166091918945,51278154,,
2018-05-02,22.443393142439387,22.571021976895686,22.16899230295247,22.264713287353516,29550260,,
2018-05-03,22.220042063311038,22.25833096805274,21.964786974640656,22.181753158569336,23517902,,
2018-05-04,22.054124180202738,22.32852240455774,21.932876424418325,22.23280143737793,19795912,,
2018-05-07,22.20090386474069,22.417870097249438,22.149852835575977,22.290241241455078,21580018,,
2018-05-08,22.27746978747494,22.392336479270305,22.149843550943295,22.322139739990234,28269650,,
2018-05-09,22.34767651889292,22.59655061374719,22.251955515813183,22.443397521972656,20430209,,
2018-05-10,22.55293526308119,22.75268936472779,22.482053271058394,22.57870864868164,30906653,0.322581,
2018-05-11,22.6367014834266,22.91378092504246,22.598041404810164,22.875118255615234,21619964,,
2018-05-14,22.881561822200155,23.145754573485732,22.868675129204025,23.107091903686523,21485052,,
2018-05-15,22.881564846973717,23.055545588663712,22.86223480492423,22.9975528717041,19345643,,
2018-05-16,23.02332658522515,23.119981978455602,22.92022784455416,22.99110984802246,21870711,,
2018-05-17,22.958887647832125,23.055543028970906,22.836456289344596,23.01043701171875,13021432,,
2018-05-18,22.94599817898751,23.036210202579667,22.8300101811645,22.965328216552734,15734639,,
2018-05-21,23.0104334307062,23.113532142434654,22.88800468208259,23.06842613220215,17802903,,
2018-05-22,23.06842366370254,23.255291030268033,22.997544278527798,23.016874313354492,14477322,,
2018-05-23,22.991109174728408,23.216636691787432,22.958889847658067,23.177976608276367,20358642,,
2018-05-24,23.1715250780711,23.255293753750845,23.049096328210386,23.126419067382812,17523066,,
2018-05-25,23.081321893812376,23.145757959028945,22.900897802232546,22.99110984802246,15005376,,
2018-05-29,22.791351293153102,23.023322119260534,22.759131971388985,23.003992080688477,28179639,,
2018-05-30,23.165085962071686,23.358396731514972,23.132869227705115,23.229524612426758,29093773,,
2018-05-31,23.165083576574855,23.32617759506241,23.126420908505413,23.152196884155273,30926468,,
2018-06-01,23.364840559905097,23.377727252488363,23.268182593098423,23.358394622802734,22345011,,
2018-06-04,23.461493158411997,23.558148522965393,23.345505166461667,23.487266540527344,19015319,,
2018-06-05,23.525933349001438,23.60970203725443,23.4163886832818,23.48082733154297,21476093,,
2018-06-06,23.455048251681955,23.564592902912146,23.319730217205045,23.442161560058594,19368093,,
2018-06-07,23.513046264648438,23.577482321027144,23.435720924345315,23.513046264648438,17083337,,
2018-06-08,23.538818199805633,23.654806203110137,23.4872688397183,23.629030227661133,16453783,,
2018-06-11,23.712793199942407,23.712793199942407,23.377721144645918,23.390607833862305,19505640,,
2018-06-12,23.44860052614611,23.455043870754302,23.29395248311928,23.390607833862305,16371887,,
2018-06-13,23.43571901651424,23.525931042587047,23.326176952344674,23.33906364440918,16029232,,
2018-06-14,23.339062445291173,23.448604503832673,23.229520386749673,23.300399780273438,19959387,,
2018-06-15,23.319732756883592,23.44860745958416,23.216634031047466,23.429277420043945,49156979,,
2018-06-18,23.28106974316982,23.339062445291173,23.023320370258595,23.300399780273438,24143451,,
2018-06-19,23.12642027129167,23.42927567048199,23.113533579227163,23.33906364440918,18484630,,
2018-06-20,23.38416940855397,23.571036804742896,23.332620050033984,23.493711471557617,21354251,,
2018-06-21,23.371277800037724,23.42927049232153,23.29395248311928,23.390607833862305,16893090,,
2018-06-22,23.513045619251866,23.609700996572307,23.455050320210987,23.52593231201172,27018447,,
2018-06-25,23.40349889437797,23.49371091736258,23.28751348814664,23.442161560058594,20424517,,
2018-06-26,23.455048251681955,23.577479594535507,23.39061220275461,23.442161560058594,25435023,,
2018-06-27,23.390613326629644,23.55170475209342,23.313290582363724,23.33262062072754,29396165,,
2018-06-28,23.26818339396553,23.513046106339857,23.26818339396553,23.429277420043945,16506167,,
2018-06-29,23.48726766203796,23.571036339533617,23.37772560119629,23.37772560119629,20974705,,
2018-07-02,23.197306841228556,23.435723645567464,23.197306841228556,23.409950256347656,14556372,,
2018-07-03,23.448609692218547,23.571041060062882,23.351954303692885,23.422836303710938,9608159,,
2018-07-05,23.54527013459183,23.783686983517246,23.52594008906205,23.75791358947754,20391106,,
2018-07-06,23.84167179553168,23.996322471672713,23.764349048271928,23.912553787231445,18955452,,
2018-07-09,24.015652120072772,24.144526817823376,23.848117344726642,23.944772720336914,22329412,,
2018-07-10,24.034980939700993,24.16385563091445,23.97054488949956,24.118749618530273,20253875,,
2018-07-11,24.002769541082852,24.10586828062788,23.94477682394017,23.976993560791016,17795314,,
2018-07-12,24.10586315689343,24.20251852852406,23.976988464449057,24.176742553710938,16974881,,
2018-07-13,24.16386248002817,24.22185779153956,23.983438379351227,24.183195114135742,15227243,,
2018-07-16,24.15097437953631,24.19608040208154,24.02854300668177,24.086538314819336,17888699,,
2018-07-17,24.138082641849763,24.337836732470002,24.13163670499469,24.26051139831543,15740014,,
2018-07-18,24.221854807892267,24.312064256307416,24.150972809581287,24.266958236694336,20803430,,
2018-07-19,24.131639256753108,24.228294639261662,24.041429811781246,24.073646545410156,16596811,,
2018-07-20,23.97055068263959,24.054319381713867,23.919001311858008,24.054319381713867,15532798,,
2018-07-23,24.060762258225537,24.170304345140732,23.93188753838867,23.976993560791016,20853074,,
2018-07-24,24.080086961296818,24.32494965193924,24.015650911070736,24.2927303314209,17804800,,
2018-07-25,24.27340344621926,24.531150271410272,24.2025214500349,24.47960090637207,17171030,,
2018-07-26,24.51181529442672,24.72445605853236,24.51181529442672,24.58913803100586,24840567,,
2018-07-27,24.550480489064686,24.795340622467414,24.531150448589845,24.750234603881836,22111971,,
2018-07-30,24.71801573762044,24.924213181476276,24.60202773234349,24.866220474243164,21981486,,
2018-07-31,24.62136015532899,25.768337961069925,24.576254141012733,25.72967529296875,50837371,,
2018-08-01,25.536359773596985,25.98097389668882,25.478367077682435,25.94875717163086,32734605,,
2018-08-02,25.747309107053013,26.137222698066484,25.688822590975295,25.766803741455078,31879284,0.322581,
2018-08-03,25.747309869615304,26.423160462438304,25.66282789229453,26.345176696777344,27368375,,
2018-08-06,26.22820495726834,26.787079929217647,26.20870770845381,26.670106887817383,27479572,,
2018-08-07,26.546630734003983,26.806574868071944,26.507641465478137,26.540132522583008,18928575,,
2018-08-08,26.45564264941065,27.060010098442564,26.371163313289784,26.91054344177246,25837440,,
2018-08-09,26.839058839200888,26.88454892000904,26.520630886414647,26.644102096557617,20121282,,
2018-08-10,26.520636408140064,26.845562638282857,26.449150860756127,26.598617553710938,18194148,,
2018-08-13,26.611613868769645,26.78057517763008,26.520633697509766,26.520633697509766,19860627,,
2018-08-14,26.54012656278852,26.670098600636255,26.345169812452372,26.455644607543945,17336824,,
2018-08-15,26.514138965607636,26.800075937688696,26.416660571165064,26.748085021972656,22428488,,
2018-08-16,26.79357175643196,26.949539258295047,26.689595163770637,26.91704559326172,16457472,,
2018-08-17,26.956041434148638,27.41743795856678,26.949543222760262,27.352453231811523,25910693,,
2018-08-20,27.42394347618424,27.79435987881552,27.35245791293502,27.5084228515625,22521029,,
2018-08-21,27.508414486665245,27.579900028176784,27.28746487734843,27.397939682006836,18633244,,
2018-08-22,27.391452505631587,27.51492378107711,27.170500194437007,27.33946418762207,15001687,,
2018-08-23,27.365445816488375,27.501916075118316,27.267967433591433,27.423934936523438,21032148,,
2018-08-24,27.57339891475521,27.61238817379733,27.29396021439481,27.55390167236328,21661703,,
2018-08-27,27.631888558411312,27.696873277075596,26.84556065950478,27.02102279663086,24485896,,
2018-08-28,27.04051329857531,27.150990700164314,26.852057381943915,26.969030380249023,19871694,,
2018-08-29,26.969030380249023,27.047014121032937,26.754579012399404,26.969030380249023,15785020,,
2018-08-30,26.7935682699206,27.235472650535094,26.77407364116,26.969030380249023,16015425,,
2018-08-31,26.832562290096398,27.021020834697566,26.702592862204607,26.98202896118164,20983559,,
2018-09-04,26.956047104749448,27.001537206909084,26.78708312162164,26.88456153869629,15274779,,
2018-09-05,26.832568579813856,27.24197942839302,26.81307394492172,27.196489334106445,21819908,,
2018-09-06,27.196483431581708,27.23547530577506,26.936541958411063,27.15099334716797,18356780,,
2018-09-07,27.027520581587567,27.52141331942038,26.943038619644586,27.423934936523438,21221658,,
2018-09-10,27.54090951262726,27.761859132858564,27.326458103241436,27.332956314086914,21482206,,
2018-09-11,27.293955993806918,27.57339465095645,27.261462336758925,27.495410919189453,19658786,,
2018-09-12,27.488918990112822,27.807346973019282,27.475922569472814,27.560401916503906,17508205,,
2018-09-13,27.618896139421285,27.8918340876588,27.57340604590311,27.846343994140625,18666129,,
2018-09-14,27.78135353908199,27.94381663222941,27.61889044593457,27.917823791503906,16800655,,
2018-09-17,27.956815592977026,28.060792181351466,27.774855256886262,27.9503173828125,16904263,,
2018-09-18,27.943809208462937,28.385710899236575,27.833334438987105,28.275236129760742,20464991,,
2018-09-19,28.21676194571899,28.38572327784185,27.937323183072376,28.11278533935547,23783088,,
2018-09-20,28.184270176277337,28.515697264446885,28.171273752823684,28.431215286254883,18419809,,
2018-09-21,28.450703405354435,28.72364388753274,28.34022861570308,28.63266372680664,37092579,,
2018-09-24,28.554681651182957,28.892606862363397,28.483196115211797,28.54818344116211,18089591,,
2018-09-25,28.678146734271685,28.78212591098123,28.437702563437604,28.457197189331055,15318520,,
2018-09-26,28.489696589642303,28.795128134111817,28.35972455220232,28.385717391967773,18384817,,
2018-09-27,28.45720169695294,28.710644938065116,28.385716164946214,28.528684616088867,14887434,,
2018-09-28,28.548187606336853,28.68465787529837,28.418215548344268,28.63916778564453,15454591,,
2018-10-01,28.613159447565053,28.931589931787997,28.535178338172802,28.769126892089844,16872537,,
2018-10-02,28.73015225497969,28.847125295629677,28.678161333722244,28.736650466918945,18167693,,
2018-10-03,28.77563651402801,29.139554598904112,28.77563651402801,29.120059967041016,23957631,,
2018-10-04,28.938099641243817,29.10706095613895,28.782134747601116,29.048574447631836,18960406,,
2018-10-05,29.05506559338051,29.243524107200887,28.983582681002378,29.18503761291504,18112568,,
2018-10-08,29.08106599743486,29.451482266272567,29.048572333797132,29.42548942565918,24679621,,
2018-10-09,29.237026202671306,29.769908091581357,29.107054181783063,29.5489559173584,21486844,,
2018-10-10,29.535967314009287,29.717927668823336,28.90560689586455,28.92510414123535,33746234,,
2018-10-11,28.827628284879424,28.912107646001694,27.553908302183554,27.820350646972656,44299198,,
2018-10-12,27.79435624698786,28.567685239447513,27.70987426977674,28.450712203979492,30417070,,
2018-10-15,28.366224432138768,28.40521630695341,27.9308208245959,28.021800994873047,24002742,,
2018-10-16,28.17126635698567,28.58067449126633,27.969811394855757,28.54818344116211,22353654,,
2018-10-17,28.4442123333092,29.113564674563378,28.43121329789302,28.96409797668457,23154167,,
2018-10-18,28.814627143826794,28.91860635730641,28.40521895232265,28.593677520751953,22498368,,
2018-10-19,28.62617180424659,29.133061055475107,28.580681709740546,28.918609619140625,19564875,,
2018-10-22,28.87961369959778,28.925103787745364,28.606673170712277,28.834123611450195,18026878,,
2018-10-23,28.522192525261513,28.801631277834026,28.39222307842839,28.658662796020508,23073114,,
2018-10-24,28.470203158330133,28.782135567371146,27.527912946138304,27.605894088745117,36927206,,
2018-10-25,27.547406338133364,28.554683838823724,27.073010841557842,28.21026039123535,38600642,,
2018-10-26,27.976313109746137,28.125779797563528,27.41093741265126,27.68387794494629,30295333,,
2018-10-29,27.91132308481982,28.385715901467698,27.657877233189353,28.093280792236328,31847559,,
2018-10-30,27.261467806200365,28.002305568008996,27.150993008091387,27.872333526611328,35424202,,
2018-10-31,27.95031801521468,28.372722588434268,27.75536125438378,27.98280906677246,28193235,,
2018-11-01,28.07379317253384,28.48320138252514,28.002310236214495,28.37922477722168,24278152,,
2018-11-02,28.43771745648274,28.489705765628987,27.60589928439928,27.898334503173828,24223028,,
2018-11-05,27.833342073721703,28.346729424064147,27.833342073721703,28.281742095947266,21628396,,
2018-11-06,28.32073365228757,28.327231862452095,27.742361593192626,27.9503173828125,22194183,,
2018-11-07,28.19076080899627,28.95759139254757,28.13227430630714,28.853614807128906,36794929,,
2018-11-08,28.722649049549332,28.945306345932373,28.46724996916474,28.716100692749023,25696520,0.322581,
2018-11-09,28.630963110173113,29.213798386940237,28.630963110173113,28.997692108154297,26042654,,
2018-11-12,28.997688196497162,29.174501682643182,28.748834905416736,28.8863582611084,21853847,,
2018-11-13,29.030434360605,29.11556825552732,28.388661236723138,28.499988555908203,20159015,,
2018-11-14,28.657153289671022,28.716091114249092,27.969539192515082,28.10051155090332,28398871,,
2018-11-15,27.96299530274521,28.414858216285758,27.73379230087011,28.296979904174805,25936305,,
2018-11-16,28.224948638903665,28.670260614988727,28.100521956024874,28.493444442749023,24604576,,
2018-11-19,28.565475044596162,28.991141851333445,28.493437867701335,28.932201385498047,23671575,,
2018-11-20,28.820872144673505,29.069722803301705,28.42140141985018,28.506532669067383,22968557,,
2018-11-21,28.48688670687625,28.48688670687625,28.00883046994468,28.224939346313477,19665848,,
2018-11-23,28.126708955330752,28.51963131546277,28.028478365297747,28.25113296508789,8844009,,
2018-11-26,28.36901579109463,28.480343108798557,28.08087232983279,28.382112503051758,20147948,,
2018-11-27,28.29043363703826,28.912561758857386,28.139813532413445,28.860172271728516,19765873,,
2018-11-28,29.00424242158192,29.41680993912038,28.87981575085968,29.40371322631836,19892669,,
2018-11-29,29.312023937314027,30.01273476656984,29.272731175301786,29.803176879882812,26065315,,
2018-11-30,29.698405565931722,30.29433760493639,29.65256443731333,30.27469253540039,45054495,,
2018-12-03,30.366371975552845,30.372920331457355,29.966901201104584,30.117521286010742,26771178,,
2018-12-04,30.274687072842262,30.43185549987503,29.541231780322097,29.560876846313477,28703898,,
2018-12-06,29.194147391473578,29.46264309645078,28.565471117605444,29.45609474182129,32188528,,
2018-12-07,29.35132172713528,29.429904631587117,28.604767020120782,28.761938095092773,27963885,,
2018-12-10,28.906007822433235,29.181051918510033,28.20529428866073,29.07627296447754,26187895,,
2018-12-11,28.86671820170859,29.14831331699954,28.532733603693075,28.820877075195312,23904931,,
2018-12-12,29.043537934297316,29.370971583458772,28.912562894811977,28.919111251831055,20180938,,
2018-12-13,29.115567722702156,29.403711182524432,28.951850924953476,29.187604904174805,23613921,,
2018-12-14,28.86671600884745,28.89291206473688,28.441049190141175,28.683351516723633,33024982,,
2018-12-17,28.48688627598468,28.794677382153246,28.146353395887104,28.231487274169922,38651866,,
2018-12-18,28.46724452986435,28.486889596511652,27.530777025662964,27.766530990600586,31125779,,
2018-12-19,28.04812593119262,28.152904885499986,27.21644001921467,27.484935760498047,36937957,,
2018-12-20,27.314673364867325,27.773081994319742,27.19679768767604,27.47184181213379,34494680,,
2018-12-21,27.26882551270064,28.074315251911795,27.14440151002533,27.458738327026367,61928192,,
2018-12-24,27.380162838977064,27.478393459413034,26.53538002983464,26.555025100708008,19778205,,
2018-12-26,26.627061804677272,27.635564051395573,26.469893341470847,27.629013061523438,25437131,,
2018-12-27,27.38015625411668,28.06122207641602,27.019978276818236,28.061222076416016,28894672,,
2018-12-28,28.172549674295478,28.513082557127607,28.03502632358821,28.133256912231445,25480977,,
2018-12-31,28.296975814631946,28.637508723125183,28.224941272947753,28.585119247436523,20534028,,
2019-01-02,28.238039632595964,28.48689031490742,27.923700127073975,28.32317352294922,26430315,,
2019-01-03,28.316620480050247,28.38210665938694,27.471835338135413,27.530773162841797,28503533,,
2019-01-04,27.792724226223083,28.388656117141178,27.67484593919618,28.15945053100586,27145348,,
2019-01-07,28.205298696828073,28.56547936977013,28.06777794381373,28.310077667236328,20995469,,
2019-01-08,28.526185380366147,28.617867633819788,28.257686976247015,28.441051483154297,19677231,,
2019-01-09,28.460698040862862,28.598218782481048,28.29043025328352,28.382112503051758,20107580,,
2019-01-10,28.303521988830244,28.310070343657458,27.524225635852634,27.707590103149414,39731162,,
2019-01-11,27.720692831412517,28.080873489379886,27.60281715286257,28.080873489379883,21064506,,
2019-01-14,27.86477437114304,27.91716387260028,27.615923580962342,27.746898651123047,17605173,,
2019-01-15,27.897514934019437,28.316633520677918,27.786187587967515,27.982648849487305,25865371,,
2019-01-16,27.890957692711098,28.02193006998452,27.52422871706391,27.576618194580078,30169380,,
2019-01-17,27.47183175070449,27.93679119907543,27.39324887236899,27.81236457824707,24177284,,
2019-01-18,28.06777247776359,28.08086918825551,27.674847465701124,27.85166358947754,38618455,,
2019-01-22,27.773076812417624,27.956441283200135,27.458739976533675,27.681394577026367,29444122,,
2019-01-23,27.49803624148299,27.635559612085128,27.209892788707293,27.609363555908203,24462813,,
2019-01-24,27.360509435846595,27.367057790810176,26.600858131531087,26.816967010498047,34394023,,
2019-01-25,26.915208139989282,27.013438768973884,26.528833981578547,26.613967895507812,35862455,,
2019-01-28,26.52227529081078,26.541920355739943,25.8543062207464,25.88705062866211,39329694,,
2019-01-29,25.867414285723886,26.75148999022707,25.847769212171116,26.699100494384766,51376808,,
2019-01-30,26.699088439364843,27.34086408147332,26.672895019787855,27.229534149169922,36067880,,
2019-01-31,27.335229478290948,28.15436235642391,27.315412839767742,28.042062759399414,40927452,0.341556,
2019-02-01,28.31951026673354,28.484659552723247,28.10812215542025,28.32611846923828,27239681,,
2019-02-04,28.299692741959053,28.299692741959053,27.71837279800404,28.035457611083984,19426485,,
2019-02-05,28.028851772317875,28.227028782413544,27.78443328279789,27.817461013793945,21127641,,
2019-02-06,27.691954541996985,27.989220102420077,27.606077116266693,27.96279525756836,16450410,,
2019-02-07,27.817458154411433,27.843882992521877,27.222927185236816,27.54661750793457,24248008,,
2019-02-08,27.43432207695711,27.90333978419153,27.407897234844622,27.8967342376709,27500125,,
2019-02-11,27.929761202189287,27.949577839321712,27.421104966131065,27.53340721130371,27102134,,
2019-02-12,27.55322243537696,27.7513994206563,27.341834359353534,27.658916473388672,30540177,,
2019-02-13,27.691947477468112,27.784430426810328,27.341834972689476,27.54661750793457,24757195,,
2019-02-14,27.546621676509602,27.82406791049207,27.49377464832104,27.724979400634766,19864949,,
2019-02-15,27.995816391037444,28.08169378836694,27.797639416295137,28.0090274810791,19168993,,
2019-02-19,27.903344158098367,28.312912010847725,27.87031376428767,28.141157150268555,24432985,,
2019-02-20,28.094910539103157,28.114727178158393,27.69855650975927,27.876916885375977,27354884,,
2019-02-21,27.75800460325272,27.956181585942037,27.652310566622344,27.837276458740234,19611883,,
2019-02-22,27.942975408033693,28.491264979467132,27.890128380427456,28.378965377807617,24779329,,
2019-02-25,28.43181831775061,28.649812019953938,28.365760183513647,28.458240509033203,25274815,,
2019-02-26,28.378975577531488,28.55733336379512,28.27328148433136,28.418611526489258,16548959,,
2019-02-27,28.392176506470797,28.55071758948925,28.279876904669806,28.359146118164062,16475074,,
2019-02-28,28.372355856627564,28.92064535125017,28.319506180395194,28.6365909576416,39002427,,
2019-03-01,28.80835112086422,28.9272562744179,28.596960344725378,28.64320182800293,26667781,,
2019-03-04,28.696042371262003,28.795130862167703,28.32611324469446,28.451623916625977,22805820,,
2019-03-05,28.46484826201131,28.57054233752849,28.30630449270509,28.33272933959961,26529812,,
2019-03-06,28.286482120460942,28.319509852351654,27.493774058605375,27.652315139770508,22410359,,
2019-03-07,27.652311598160033,27.672128234756414,27.24935207246374,27.341835021972656,29046132,,
2019-03-08,27.30220325785863,27.374866925826858,26.6482196220247,27.01154327392578,31306119,,
2019-03-11,27.15026795351175,27.4277141907278,26.952090931487433,27.41450309753418,29161545,,
2019-03-12,27.546622035109312,27.691952028527247,27.328625716967412,27.566438674926758,24170539,,
2019-03-13,27.65891514372621,27.83066993926051,27.44752707786496,27.75139808654785,23715316,,
2019-03-14,27.744795214156223,27.797642235712303,27.17008086670053,27.209716796875,32119596,,
2019-03-15,27.236141930604326,27.66552635129609,26.991723433414233,27.599468231201172,74768652,,
2019-03-18,27.592869113759786,27.79104617624847,27.513597226352097,27.619291305541992,18994345,,
2019-03-19,27.72497968042086,28.028853415609085,27.579652343458214,27.942975997924805,26403227,,
2019-03-20,27.876922646959695,28.009038913360094,27.599473706664053,27.85710334777832,23499035,,
2019-03-21,27.69856044651044,28.16757820841415,27.658924506736682,27.976009368896484,24262553,,
2019-03-22,27.87691547486845,28.154361687753095,27.632496992071406,27.645708084106445,19620105,,
2019-03-25,27.61929117476661,27.843893084004563,27.52680819190572,27.672138214111328,19823316,,
2019-03-26,27.87692376150571,28.207217096742596,27.83068226960766,28.02225112915039,20849279,,
2019-03-27,27.969393219577046,28.167570206114238,27.691947032042687,27.758005142211914,19455048,,
2019-03-28,27.86370642644946,27.9892197900414,27.78443720483948,27.936372756958008,16915541,,
2019-03-29,28.009029673886264,28.127937461658473,27.87030524950014,28.05527114868164,21681834,,
2019-04-01,28.1279437779838,28.3657567509012,28.10812448088975,28.29969596862793,20345046,,
2019-04-02,28.372356845873462,28.524292366257697,28.233632416993167,28.345932006835938,18625129,,
2019-04-03,28.398784486007667,28.451631518208185,28.10812448088975,28.29969596862793,16200402,,
2019-04-04,28.266664590031787,28.35254201036892,28.075095765015984,28.2336368560791,12990972,,
2019-04-05,28.3921733696797,28.590350365565488,28.33272080211989,28.398778915405273,15559043,,
2019-04-08,28.451626107842582,28.590350537000386,28.345932063540346,28.497867584228516,15410323,,
2019-04-09,28.392178938986376,28.40539003302896,28.1279437779838,28.29969596862793,18825072,,
2019-04-10,28.352540494786233,28.352540494786233,28.1741827728856,28.22702980041504,13202615,,
2019-04-11,28.266656030182705,28.29308086537283,27.73818588667293,27.92314910888672,20214877,,
2019-04-12,27.969399074734007,27.969399074734007,27.46735095787753,27.5532283782959,21338546,,
2019-04-15,27.65231707906926,27.824069265035916,27.39468747210423,27.80425262451172,18362788,,
2019-04-16,27.89012950758081,27.94297653732281,26.971908049764703,27.031360626220703,27506976,,
2019-04-17,27.01814800389242,27.084206123324325,26.02065738592424,26.344345092773438,42412117,,
2019-04-18,26.37737507268084,26.37737507268084,25.379884470134968,26.01405143737793,50579774,,
2019-04-22,25.78284346632067,26.09332006879421,25.637513484220968,25.749813079833984,31018904,,
2019-04-23,25.822474611225314,26.18579817109686,25.6837502009375,26.040468215942383,26672102,,
2019-04-24,26.093327539594906,26.185810523412663,25.868728284063682,26.007450103759766,21196994,,
2019-04-25,25.928172179620706,26.311315082409827,25.875325157445964,26.165985107421875,18130065,,
2019-04-26,26.205625818305425,26.41701662301965,26.060298458108118,26.4038028717041,20053193,,
2019-04-29,26.403791160627513,26.436821540220546,26.152767181396484,26.152767181396484,23229001,,
2019-04-30,26.687853690728538,27.203115552408036,26.291499638373566,26.82657814025879,34360400,,
2019-05-01,26.813368704102185,27.031362383959422,26.535919787892777,26.932273864746094,20703406,,
2019-05-02,26.958696439299324,27.09742088572277,26.806760899701267,27.09081268310547,20471210,,
2019-05-03,27.229532779837793,27.41449867885562,27.104022102668242,27.341835021972656,18664759,,
2019-05-06,27.02475850201071,27.592867463721962,26.978517013126528,27.513595581054688,25973406,,
2019-05-07,27.34183657366859,27.553224666811566,26.753911115588696,26.971904754638672,27603838,,
2019-05-08,26.952087572504027,27.10402309338526,26.714274644506983,27.051176071166992,23811968,,
2019-05-09,26.8579149427236,27.21779693458609,26.811263325298142,27.084508895874023,19732461,0.341556,
2019-05-10,27.07783293076965,27.20445947229612,26.571332123836847,27.137815475463867,17391527,,
2019-05-13,26.81125553892522,27.091165162188194,26.757939803006558,27.03784942626953,28010788,,
2019-05-14,27.051185830205224,27.2377923018648,27.031190748477428,27.097837448120117,26772759,,
2019-05-15,27.23111075496527,27.51768444145205,27.124479308734376,27.424381256103516,33520678,,
2019-05-16,27.424388623174437,27.977543753419695,27.424388623174437,27.75094985961914,25508486,,
2019-05-17,27.5243550678328,27.86424455765132,27.491034407763003,27.637653350830078,29187684,,
2019-05-20,27.590998902574114,27.797597692053593,27.51102396747853,27.717622756958008,24251591,,
2019-05-21,27.79760189691493,27.86424589985137,27.65098294678533,27.77094268798828,28785056,,
2019-05-22,27.78427247326419,28.130826097333916,27.69096926529311,27.984207153320312,25274604,,
2019-05-23,27.884241481227306,27.97754469477945,27.7576149258103,27.937557220458984,25495944,,
2019-05-24,28.030858953793516,28.197470295145955,27.904232405063244,27.957548141479492,15383341,,
2019-05-28,28.090841935378055,28.310769037519357,27.917563763132314,27.924230575561523,49440610,,
2019-05-29,27.790937711307766,27.884240922992003,27.511028076255055,27.80426597595215,26895761,,
2019-05-30,27.77761161427166,27.957551239772638,27.710964926675455,27.924230575561523,17344308,,
2019-05-31,27.784269187076376,27.977539712216423,27.624321997866584,27.670970916748047,22639288,,
2019-06-03,27.744286660899093,28.117496835520832,27.704299186578627,27.937557220458984,22643082,,
2019-06-04,28.310770686537754,28.490713002106826,28.017532746877784,28.1441593170166,18453537,,
2019-06-05,28.39074116541449,28.550688376471197,28.264114615252897,28.310766220092773,21418861,,
2019-06-06,28.524032069982603,28.717302623026892,28.310766440658742,28.464052200317383,24494222,,
2019-06-07,28.643987558591053,28.823929820470315,28.56401530410076,28.604000091552734,20023470,,
2019-06-10,28.817272065081937,28.817272065081937,28.437395063549214,28.7039737701416,15275727,,
2019-06-11,28.790607094187298,28.857251087604492,28.357414438009545,28.437389373779297,18813162,,
2019-06-12,28.30410263149438,28.77061868885263,28.297438499187376,28.710636138916016,16296843,,
2019-06-13,28.703982562079403,28.75063418497068,28.237469012754385,28.324108123779297,14464042,,
2019-06-14,28.337426364591664,28.5706817169105,28.310767155408097,28.497373580932617,13197872,,
2019-06-17,28.45737678969445,28.590667432797837,28.224121513745942,28.57733917236328,14094931,,
2019-06-18,28.53736241346973,28.87725193911686,28.53736241346973,28.7039737701416,22833434,,
2019-06-19,28.77061629926655,29.05052323084664,28.717300565651936,28.990543365478516,21753611,,
2019-06-20,29.21047110669004,29.397077518446594,28.997208167303473,29.057188034057617,23500300,,
2019-06-21,29.023877121676808,29.323779235750976,28.86392986342142,29.103849411010742,38141203,,
2019-06-24,29.117172475445514,29.25712461378489,28.970553525178122,29.1638240814209,24624075,,
2019-06-25,29.223803952078743,29.517041852613527,29.1638240814209,29.1638240814209,28429015,,
2019-06-26,29.11050110762052,29.190476042372477,28.32409342062934,28.650651931762695,41009348,,
2019-06-27,28.67065250637697,29.030534422639775,28.663988373800034,28.94389533996582,21994977,,
2019-06-28,28.957220882857442,29.13716316386595,28.643990603666797,28.87058448791504,39726209,,
2019-07-01,28.997215885526636,29.243802229671513,28.883920253769816,29.170494079589844,21341392,,
2019-07-02,29.11050008364005,29.47038459777832,29.097171821512347,29.47038459777832,16541898,,
2019-07-03,29.570351082718286,29.696974928506247,29.31043390109546,29.590343475341797,10297580,,
2019-07-05,29.530370880042156,29.557030089682446,29.177153099726194,29.270456314086914,18295227,,
2019-07-08,29.19048517665708,29.237136789929547,28.64399676374191,28.85725975036621,23955312,,
2019-07-09,28.937231118247823,29.19048155332572,28.85725616839717,28.903907775878906,14223308,,
2019-07-10,29.090514479601094,29.397080657602487,28.950559655838656,29.363759994506836,15298599,,
2019-07-11,28.870577671692775,29.030524839500462,28.24411458163016,28.643983840942383,38383518,,
2019-07-12,28.59733573685282,28.65065146595852,27.997531774723903,28.2574462890625,33580967,,
2019-07-15,28.170804650423825,28.504029936577066,28.150812258680787,28.49070167541504,20363912,,
2019-07-16,28.517366498676815,28.63732892281239,28.31076767218354,28.557353973388672,19553386,,
2019-07-17,28.717306904174354,28.78395091600574,28.477384710159363,28.48404884338379,16341532,,
2019-07-18,28.56401958269217,28.697307586669922,28.357418085311835,28.697307586669922,13728877,,
2019-07-19,28.783945570675012,28.79727383464873,28.50403594970703,28.50403594970703,23552579,,
2019-07-22,28.544025277439758,28.670651832184586,28.35741885132604,28.53736114501953,12552086,,
2019-07-23,28.557350535447554,28.810600938685393,28.490706538675447,28.717300415039062,19586904,,
2019-07-24,28.657324946518802,28.657324946518802,28.237463107884366,28.584016799926758,18117838,,
2019-07-25,28.544020835081366,28.657316427766514,28.344086175243387,28.437389373779297,17514634,,
2019-07-26,28.4307266736219,28.770616148374053,28.277443605335485,28.717300415039062,21062187,,
2019-07-29,28.10416641486254,28.65731884170307,27.55101398802201,27.624324798583984,64559186,,
2019-07-30,26.544679348260775,26.817922185515854,25.724945477321693,25.851572036743164,95739668,,
2019-07-31,25.724944294610147,26.43804397134186,25.664964423783637,25.884891510009766,56309423,,
2019-08-01,25.770536596880973,25.97906826406307,25.34674678353101,25.730175018310547,51624920,0.341556,
2019-08-02,25.7301760923355,25.925254809689,25.393835901072702,25.5620059967041,29153640,,
2019-08-05,25.400565377098836,25.447653442176026,24.492441885168187,24.862417221069336,46030183,,
2019-08-06,25.017129793581578,25.097852948828166,24.532796271413524,24.85568618774414,31985843,,
2019-08-07,24.653882416448212,24.741332055531807,24.122460807389313,24.606794357299805,32017253,,
2019-08-08,24.68751779371328,24.85569061297536,24.62025028880218,24.801876068115234,23356429,,
2019-08-09,24.734605452664695,24.77496703681153,24.290633436361887,24.45207977294922,25391703,,
2019-08-12,24.425167731066924,24.431894210040866,23.395959650282112,23.806299209594727,44212665,,
2019-08-13,23.83320874628022,24.088828509403267,23.64485919242802,23.678491592407227,45549453,,
2019-08-14,23.49686047791747,23.53049557491459,23.005803207830883,23.0327091217041,38633421,,
2019-08-15,23.073072707091615,23.261424939234104,22.851088079677847,23.194154739379883,30713665,,
2019-08-16,23.35559978949236,23.550678490116347,23.20088266566225,23.30851173400879,30012334,,
2019-08-19,23.463230058165152,23.759211363587717,23.429594958340278,23.665035247802734,21997296,,
2019-08-20,23.611219244270455,23.651580820622083,23.254696945033086,23.28160285949707,19932510,,
2019-08-21,23.503589059809272,23.624671078452614,23.42286591094336,23.456501007080078,19208728,,
2019-08-22,23.517046416905924,23.698672183512233,23.40941733471553,23.597766876220703,16933142,,
2019-08-23,23.685212780740656,23.779388888954387,22.98562115228632,23.099979400634766,27765311,,
2019-08-26,23.28833060696287,23.44977692116569,23.19415449189649,23.436321258544922,17468680,,
2019-08-27,23.550677801568703,23.604492334168604,23.07979726050005,23.099979400634766,24715351,,
2019-08-28,23.113436006363933,23.644857642417037,23.059621465268737,23.597766876220703,26047924,,
2019-08-29,24.075374000360874,24.075374000360874,23.69867221223789,23.765939712524414,19610302,,
2019-08-30,23.961015133349232,24.02828262435703,23.73230133647365,23.91392707824707,18873346,,
2019-09-03,23.954286341992347,24.40498470893892,23.88701615282364,24.29735565185547,26624989,,
2019-09-04,24.418440391655356,24.48570788368025,24.01483003019458,24.102279663085938,20649441,,
2019-09-05,24.290625913478454,24.539521821190714,24.14263528721068,24.445343017578125,22096794,,
2019-09-06,24.458796702228963,24.600060839254173,24.29062395139437,24.5529727935791,20873416,,
2019-09-09,24.61351598097231,24.78168604209526,24.304081770271505,24.774959564208984,24675616,,
2019-09-10,24.613517877436866,25.144939422607422,24.230086971133076,25.144939422607422,32250397,,
2019-09-11,25.387108408708187,25.400561366704423,24.822051716996473,25.16512107849121,16963181,,
2019-09-12,25.27274591317939,25.30638100718472,24.929676609222177,25.077667236328125,16692303,,
2019-09-13,25.15166142979359,25.29292286048815,24.626966456302764,24.828771591186523,24099605,,
2019-09-16,24.526066359140014,24.90277075801429,24.452072397735634,24.774959564208984,19877070,,
2019-09-17,24.74805145356795,24.754777930856516,24.452070224940396,24.5529727935791,22091945,,
2019-09-18,24.60006308621214,24.70096566406724,24.391531452598983,24.472251892089844,19679550,,
2019-09-19,24.49915901012739,24.73459654095435,24.44534178088415,24.55970001220703,17746409,,
2019-09-20,24.815323819049397,25.05749057241355,24.539524672617762,24.6807861328125,45990658,,
2019-09-23,24.472256485671526,24.61352066211583,24.371353888876435,24.378080368041992,17295191,,
2019-09-24,24.39825739455329,24.606789023585698,24.20317872103128,24.223358154296875,24186560,,
2019-09-25,24.156094765027728,24.45207606433855,24.01483059426723,24.149368286132812,20269685,,
2019-09-26,24.26372418668469,24.378079738859448,23.927381304496556,24.068645477294922,17059728,,
2019-09-27,24.122459172246185,24.445346380528974,24.02828306033311,24.364625930786133,17583671,,
2019-09-30,24.404984470449616,24.42516390420979,24.162817742050642,24.169544219970703,17205391,,
2019-10-01,24.169545204349678,24.230086212751296,23.833202362060547,23.833202362060547,22013001,,
2019-10-02,23.718850392593886,23.72557687180008,23.315240002975024,23.342145919799805,22458000,,
2019-10-03,23.348868524416655,23.86010784658939,23.274871864687505,23.846654891967773,22076135,,
2019-10-04,23.87356296355589,24.203179314226368,23.846657051875656,24.169544219970703,18065349,,
2019-10-07,24.09555318434902,24.39153447670768,24.082097522219474,24.102279663085938,11759373,,
2019-10-08,23.981192996295324,24.13591010872412,23.826475883866532,23.833202362060547,14761270,,
2019-10-09,23.98119760908203,24.142641230758542,23.900477150571778,24.008106231689453,13634333,,
2019-10-10,23.99465224088378,24.22336335225969,23.947564181837702,24.07537269592285,12198680,,
2019-10-11,24.310816300272258,24.606797653234068,24.263728234816686,24.290634155273438,18446054,,
2019-10-14,24.324259955529893,24.452071142775512,24.20317795048055,24.41843605041504,8700981,,
2019-10-15,24.51933770248116,24.714416362470008,24.492431793326904,24.5529727935791,15178232,,
2019-10-16,24.640424397979864,24.721144836617977,24.431890061914327,24.445343017578125,14435795,,
2019-10-17,24.546249873209995,24.76150799625691,24.465526724739643,24.52606773376465,15312090,,
2019-10-18,24.50588829897482,24.687511326049837,24.45207376821309,24.52606773376465,14219198,,
2019-10-21,24.653878934733452,24.67405836952328,24.45880024647637,24.52606773376465,13237081,,
2019-10-22,24.49244074777985,24.687516774433504,24.384808957847202,24.50589370727539,14549416,,
2019-10-23,24.425167713967827,24.741331158112335,24.36462669858894,24.734601974487305,14000598,,
2019-10-24,24.7211477720467,24.781688784377856,24.391534091212804,24.478981018066406,19998385,,
2019-10-25,24.48570872934672,24.808598652460457,24.425167713967827,24.734601974487305,17497665,,
2019-10-28,24.795141642511577,25.212204907694083,24.768233026376244,25.077667236328125,25800339,,
2019-10-29,25.562001987390417,26.073241378020906,25.50818745704276,25.703266143798828,32212032,,
2019-10-30,25.837803453615887,26.11360531315942,25.76380948194307,25.884891510009766,22019430,,
2019-10-31,25.824352693281206,25.952163915698385,25.68308851207989,25.81089973449707,24539860,,
2019-11-01,26.02614977242404,26.194322523372687,25.824344635009766,25.824344635009766,19263220,,
2019-11-04,26.039608741370596,26.05979088256656,25.582183837890625,25.582183837890625,17709730,,
2019-11-05,25.58218111664645,25.62926916822049,25.205479408709596,25.21220588684082,21688474,,
2019-11-06,25.299659729003906,25.38038018468919,25.124760449816613,25.299659729003906,18757722,,
2019-11-07,25.40152742993885,25.52377960809797,25.04835113317559,25.0687255859375,22727297,0.341556,
2019-11-08,25.048361432691365,25.238533993173995,25.014401266663764,25.163822174072266,26626886,,
2019-11-11,25.068733556022494,25.136653881743715,24.960064311822173,25.082319259643555,12542916,,
2019-11-12,25.014395553001247,25.190985099055123,24.92610077997431,25.109481811523438,13338370,,
2019-11-13,25.095906253017706,25.095906253017706,24.65443498828162,24.858190536499023,25855252,,
2019-11-14,24.831020596599185,24.96685578638778,24.66801399958136,24.82422637939453,25190600,,
2019-11-15,24.878567406248646,25.449082387678725,24.803855583116498,25.320035934448242,36378810,,
2019-11-18,25.394745082452484,25.428705246734683,25.102694769692093,25.279281616210938,18084532,,
2019-11-19,25.421910708197707,25.591708796669565,25.347201624674124,25.578123092651367,26475110,,
2019-11-20,25.51699861605646,25.59850192220471,25.13665622588615,25.163822174072266,19947582,,
2019-11-21,25.272485253926668,25.76829099513941,25.157024540754698,25.632455825805664,20942664,,
2019-11-22,25.666409519597284,26.08750339871407,25.59849194480893,26.03316879272461,25544006,,
2019-11-25,26.13505137661511,26.406727187838012,26.11467691963087,26.270889282226562,31592385,,
2019-11-26,26.17580348512005,26.209763644823163,25.84300429704841,26.00600814819336,34620633,,
2019-11-27,26.06713550209211,26.29126546682403,26.033175340759108,26.23693084716797,19201034,,
2019-11-29,26.175808697534862,26.40673291407021,26.15543423613247,26.1622257232666,9793873,,
2019-12-02,26.345601552841178,26.352393038622914,25.97883947427198,26.00600814819336,15645998,,
2019-12-03,25.78187539322651,25.944881974722083,25.700374833273163,25.84300422668457,20869832,,
2019-12-04,25.96525321606448,25.985627670830713,25.734331805537437,25.90412712097168,14501248,,
2019-12-05,26.060346198039976,26.060346198039976,25.666418124453678,25.829421997070312,13098058,,
2019-12-06,25.999216662411627,26.16222051355658,25.958465016926777,26.00600814819336,12868708,,
2019-12-09,25.876963464020143,26.067136001859687,25.876963464020143,26.026384353637695,15641571,,
2019-12-10,25.992421271023346,26.20296822179822,25.938086662139316,26.135047912597656,19171311,,
2019-12-11,26.060341411847315,26.196179312810848,25.94488069796518,25.958463668823242,15569372,,
2019-12-12,25.924503614980235,26.230136845279688,25.924503614980235,26.17580223083496,13414469,,
2019-12-13,26.162215188695757,26.270884400674678,25.85658200595734,26.03316879272461,16678496,,
2019-12-16,26.28447397666382,26.759902531885583,26.257305304265348,26.58331298828125,24187824,,
2019-12-17,26.78707226053714,26.78707226053714,26.379561232507864,26.420312881469727,29038016,,
2019-12-18,26.49502410911578,26.54256724339105,26.24372546531638,26.41352081298828,27339390,,
2019-12-19,26.488234551752875,26.590112313933584,26.359188111953067,26.467857360839844,22022276,,
2019-12-20,26.725949812298392,26.85499626321658,26.46785964125706,26.64444923400879,58199772,,
2019-12-23,26.77348589940976,26.841403485220884,26.576521896683733,26.705568313598633,17454345,,
2019-12-24,26.712364600536066,26.787073685277516,26.624069811554953,26.685195922851562,5187683,,
2019-12-26,26.69198991506901,26.875368247410986,26.624069586828455,26.74632453918457,9384078,,
2019-12-27,26.780277384911436,26.90932380182634,26.658025184292548,26.705568313598633,10117662,,
2019-12-30,26.69199316157342,26.773493742262154,26.41352578966617,26.427108764648438,11554264,,
2019-12-31,26.3456053466497,26.624069957772367,26.291267990982277,26.61048698425293,15175703,,
2020-01-02,26.691984947080844,26.725942374086067,26.40672617547121,26.58331298828125,16514072,,
2020-01-03,26.298063480374815,26.65123992452453,26.264103314138985,26.440692901611328,14922848,,
2020-01-06,26.36597900174682,26.48823395207277,26.284478432324274,26.40673065185547,15771951,,
2020-01-07,26.569736249042688,26.57652773603658,26.270894436541756,26.318437576293945,20108107,,
2020-01-08,26.325226648171874,26.637651405998273,26.31843516180104,26.528982162475586,16403507,,
2020-01-09,26.6716109429992,26.6716109429992,26.345603220078445,26.41352081298828,21971895,,
2020-01-10,26.474646661463133,26.916117838057676,26.467855175317855,26.82103157043457,21557357,,
2020-01-13,26.909326331256818,27.011204084947003,26.63085901474653,26.76669692993164,15392405,,
2020-01-14,26.78028603072298,27.221757308006758,26.691993959902394,27.2149658203125,20919160,,
2020-01-15,27.296463133287794,27.758308772120653,27.28287743009079,27.62247085571289,23925800,,
2020-01-16,27.703969553842352,27.710761038916402,27.38475063980283,27.581714630126953,16216422,,
2020-01-17,27.554553222649282,27.71755708362368,27.452675468190957,27.51380157470703,23083970,,
2020-01-21,27.425509987847065,27.61568254653727,27.29646627358937,27.398344039916992,23115696,,
2020-01-22,27.384755063715414,27.445881170050747,27.14703939375068,27.296463012695312,18097812,,
2020-01-23,27.296467315644254,27.731144345478796,27.255715661398504,27.649641036987305,27148510,,
2020-01-24,27.805854321599323,27.82622878197268,26.92291188444652,27.045164108276367,34143698,,
2020-01-27,26.76669614636326,27.459465943494216,26.65802690971419,27.276084899902344,31964026,,
2020-01-28,26.705566034482445,26.821026739745967,25.775080715069905,25.90412712097168,70202408,,
2020-01-29,25.890554444809638,26.067141315374155,25.5034178039789,25.523792266845703,34165726,,
2020-01-30,25.455174728544243,25.503203516259784,25.17386286354042,25.434589385986328,32316589,0.360531,
2020-01-31,25.34539830221197,25.695318819756448,25.31795209525494,25.55123519897461,33894005,,
2020-02-03,25.70218022021752,26.100132255232012,25.59239816056301,25.73648452758789,20875735,,
2020-02-04,26.127582347310767,26.23736167620053,25.818826950299385,25.859994888305664,31150865,,
2020-02-05,25.96976295537665,26.46377247984323,25.949180374644406,26.189321517944336,29443490,,
2020-02-06,26.374581438941163,26.415749367929042,26.093269556432244,26.25107765197754,21047748,,
2020-02-07,26.319690458793673,26.347133904274592,26.02465686773539,26.106992721557617,21903596,,
2020-02-10,26.21677664742189,26.22363751000288,25.880575070121896,25.942325592041016,19998385,,
2020-02-11,25.997212911597895,26.16188185731806,25.908016198157508,26.134435653686523,16027335,,
2020-02-12,26.13443206913488,26.20304618945789,25.880566444794084,25.894290924072266,22944315,,
2020-02-13,25.784513375184257,25.784513375184257,25.311089104189453,25.33853530883789,22099745,,
2020-02-14,25.365977802110187,25.414006589423764,24.988611123523235,25.05036163330078,21006747,,
2020-02-18,25.077798583083226,25.160134413921444,24.88568624227566,24.91999053955078,17988513,,
2020-02-19,24.97488408865725,25.043498211340587,24.84452222119983,24.858243942260742,17750941,,
2020-02-20,24.501463250244033,24.741607195251625,24.295626371291746,24.59752082824707,42953135,,
2020-02-21,24.53576987352049,24.576937800305977,24.37796178641757,24.508323669433594,32425256,,
2020-02-24,24.041762800079407,24.288767628102008,23.73986831679512,23.78789710998535,37969296,,
2020-02-25,23.794756938536295,23.835924867866943,23.12921748354215,23.28016471862793,41878898,,
2020-02-26,23.49286013194489,24.158399520749587,23.341912911871166,23.822200775146484,47920005,,
2020-02-27,23.63008212345493,24.5014582504517,23.396799087524414,23.396799087524414,55444827,,
2020-02-28,22.978271328931562,23.287025277515784,22.31959274427806,22.93024253845215,66057447,,
2020-03-02,23.26643888819193,23.980007008334287,22.950821370839915,23.931978225708008,42034469,,
2020-03-03,24.137819867903936,24.549493652867554,23.232136437507993,23.53403091430664,46174475,,
2020-03-04,24.08293446465057,25.01606150744711,23.98001600024374,24.97489356994629,38712155,,
2020-03-05,24.460298885558014,24.823946666119117,24.12410007226706,24.329936981201172,35096303,,
2020-03-06,23.80847289320541,24.130952629249254,23.41052369594004,24.028034210205078,40931036,,
2020-03-09,22.95768773904164,23.801617879005708,22.751850850397727,23.163524627685547,43183856,,
2020-03-10,23.719285706901058,23.781036224172553,22.6489332923317,23.733007431030273,40548329,,
2020-03-11,23.16352628997646,23.24586215481868,21.722666586723303,22.072589874267578,65350213,,
2020-03-12,20.913037820102527,21.955945297602618,20.583698544084346,20.597421646118164,62731445,,
2020-03-13,21.455074592701962,22.55973249762423,20.741505065727843,22.443092346191406,60553038,,
2020-03-16,20.542528270860508,22.148056432999095,20.343552293200137,20.707197189331055,50995050,,
2020-03-17,21.708937980442645,22.401923517598224,20.988509001088893,22.065723419189453,54220606,,
2020-03-18,21.112016913866064,22.374484552673593,20.796400693836713,22.202953338623047,43884976,,
2020-03-19,22.106893238775147,22.12747720281968,20.590561451220022,20.871871948242188,59820929,,
2020-03-20,20.775814334011827,21.043403107451162,19.835825265214016,19.904438018798828,52488989,,
2020-03-23,19.732904183499297,20.295525101298015,19.129115343190538,19.547651290893555,52853041,,
2020-03-24,20.24749776481274,20.61800357649646,19.828963166550604,20.37786102294922,44466784,,
2020-03-25,20.240638683481585,21.0777093329558,19.89757628613964,20.412168502807617,44601275,,
2020-03-26,20.508225184162196,21.94908323067382,20.501362943849774,21.784414291381836,43269967,,
2020-03-27,21.13259917337389,21.777554665375607,21.036541590916517,21.20121192932129,38290344,,
2020-03-30,21.304128673402044,22.539149905825145,21.304128673402044,22.415647506713867,29943508,,
2020-03-31,22.230393086201715,22.642066802351696,22.120613796386987,22.395063400268555,29466151,,
2020-04-01,21.901054445210796,22.14805923349356,21.633467074025123,21.784414291381836,26709625,,
2020-04-02,21.887334190024845,22.642068948041125,21.78441575123422,22.552873611450195,27186876,,
2020-04-03,22.388204447350063,23.252721309282496,22.388204447350063,23.08119010925293,32837370,,
2020-04-06,23.273305097703837,23.94570545032142,23.177247510374173,23.71928596496582,40503217,,
2020-04-07,24.014314227651653,24.130954375357966,23.046879087550643,23.06060218811035,24226295,,
2020-04-08,23.321335384598076,23.87709559905271,22.943967252601404,23.739870071411133,25523980,,
2020-04-09,24.034903194344448,24.54263460107236,23.91139939453243,24.28190803527832,30648107,,
2020-04-13,24.67298768503372,24.68671216367811,23.822196908783713,24.110366821289062,18270141,,
2020-04-14,24.652413217246956,25.13270116061516,24.247600275846647,25.002336502075195,21845309,,
2020-04-15,24.741609679524974,24.85824985365902,24.412268984918775,24.679859161376953,21312196,,
2020-04-16,24.782772814772976,24.87883038383022,24.412264260212314,24.618101119995117,20657451,,
2020-04-17,25.043500922427423,25.38656053822446,24.775910780635336,25.324810028076172,24404843,,
2020-04-20,24.96116601281076,25.324810984855652,24.755329132080075,24.755329132080078,22530620,,
2020-04-21,24.549491824402587,24.652410262978048,24.268182713018213,24.439712524414062,23975233,,
2020-04-22,25.359121866712783,25.386565316971424,24.782779065688924,24.871973037719727,20182624,,
2020-04-23,24.892557127570495,25.661015076375275,24.892557127570495,25.173866271972656,20185365,,
2020-04-24,25.276775066309288,25.681587852063785,25.235609908725323,25.64728355407715,17353794,,
2020-04-27,25.79136864705869,26.443183381870778,25.777644169832,26.299097061157227,23394057,,
2020-04-28,26.79311243207832,26.9097525827848,25.647287989986395,26.01093292236328,35666728,,
2020-04-29,26.388300065872695,26.45005057276354,25.87370791063309,26.155019760131836,26518535,,
2020-04-30,26.07268589926431,26.422609143238805,25.63356593926519,26.319690704345703,29450973,,
2020-05-01,25.96976805589376,26.031518568907693,25.654151870542705,25.825681686401367,22679867,,
2020-05-04,25.798233831992768,26.017795182334886,25.66787195270773,25.81195831298828,19893512,,
2020-05-05,26.628450052873134,26.66275436523839,26.257944168497147,26.4226131439209,24123952,,
2020-05-06,26.738229369822303,26.765675578404686,26.4226131439209,26.4226131439209,24047432,,
2020-05-07,26.616639204833497,26.672078672014752,25.563339479681694,25.611846923828125,33546080,0.360531,
2020-05-08,25.812807481014307,25.902893137842852,25.66728513987198,25.792016983032227,19893618,,
2020-05-11,25.812801639422524,26.47804448682254,25.750435731956177,26.401817321777344,25620421,,
2020-05-12,26.41568310789999,26.498836736716328,25.87517198277073,25.88903045654297,19335314,,
2020-05-13,25.85438279555625,25.930607183133255,25.355449906420905,25.674211502075195,24596882,,
2020-05-14,25.500970044814203,26.304803201519668,25.487111573021654,26.27708625793457,22362507,,
2020-05-15,26.304802367807163,26.45032467556422,25.909816430960763,26.16621208190918,25460002,,
2020-05-18,26.56813347591741,26.651287100971615,26.07612981743368,26.381032943725586,22635177,,
2020-05-19,26.228571823024023,26.346374374197463,25.854373681179016,26.110769271850586,19476234,,
2020-05-20,26.2978747056321,26.471116752643937,26.020691331068782,26.076128005981445,17504200,,
2020-05-21,26.03455013229,26.089986807903305,25.674210347712226,25.819732666015625,17652181,,
2020-05-22,25.71578788778695,26.006832516888043,25.61184377541978,25.986042022705078,15781226,,
2020-05-26,26.08998788828857,26.242439449083818,25.95139480042487,25.979114532470703,23260094,,
2020-05-27,25.923675537109375,26.01376117547669,25.61877244277575,25.923675537109375,25904158,,
2020-05-28,26.22164924761437,26.63742568550787,26.13849284556268,26.45725440979004,22521767,,
2020-05-29,26.519630031236346,26.63050340547661,26.041484773823303,26.46419334411621,48333067,,
2020-06-01,24.600117988943094,24.759498765083645,24.191270802179222,24.57240104675293,76884979,,
2020-06-02,24.620908106700355,25.057472229003906,24.426878369595524,25.057472229003906,42690900,,
2020-06-03,25.14755786211434,25.230714259782786,24.62783734214234,25.057472229003906,38751996,,
2020-06-04,24.745641139650044,25.147559104601587,24.738711903865703,24.953529357910156,27013388,,
2020-06-05,25.1129155754454,25.286157652283826,24.863449102297196,24.93967628479004,36705655,,
2020-06-08,24.808005618391196,25.36237509720147,24.724852007588147,25.355445861816406,30194149,,
2020-06-09,25.29308201889306,25.403955366456312,25.06440330163413,25.09212303161621,21675088,,
2020-06-10,25.196069818273223,25.25843573462607,24.87037619077222,24.89116668701172,29557217,,
2020-06-11,24.669417430961314,24.724854104926646,23.061746920510355,23.075605392456055,63166642,,
2020-06-12,23.616119517542547,23.62997799210799,22.902369070859297,23.38744354248047,37902472,,
2020-06-15,23.07560548311974,23.366650112218146,22.7014072358379,23.117183685302734,36247482,,
2020-06-16,23.27656180264571,23.532958829250507,22.67368629867384,23.144899368286133,55616945,,
2020-06-17,23.276570279984995,23.401303524567016,23.08947110965778,23.255781173706055,27509822,,
2020-06-18,23.054816199279898,23.193407875264754,22.853857224283477,23.034027099609375,32278855,,
2020-06-19,23.34585917976474,23.38050814322963,22.95087046928495,23.15876007080078,43986266,,
2020-06-22,23.096396494186656,23.117185596997324,22.805353234111465,22.943944931030273,23332503,,
2020-06-23,23.006308340659725,23.040957305934207,22.6875467759184,22.708335876464844,37690408,,
2020-06-24,22.66676249327812,22.680620967008856,22.174758814007983,22.306421279907227,30817695,,
2020-06-25,22.250983033351634,22.43808356028487,22.056954663131883,22.39650535583496,27418651,,
2020-06-26,22.34799499020562,22.368784089709795,21.904500237511655,22.202472686767578,42153992,,
2020-06-29,22.49351669258764,22.63903759904601,22.31334682351779,22.618249893188477,23956261,,
2020-06-30,22.542027503508177,22.784563312674873,22.33413926905348,22.65983009338379,25451676,,
2020-07-01,23.934875127825787,23.934875127825787,23.366648558681614,23.380508422851562,73503009,,
2020-07-02,23.990309758819052,24.149690521222393,23.588394628426606,23.914085388183594,45270881,,
2020-07-06,24.218988443089675,24.246705382890884,23.823999761465405,23.914085388183594,27150935,,
2020-07-07,23.595328962397417,23.80321720056027,23.532963048185106,23.581470489501953,25148018,,
2020-07-08,23.567612070380427,23.817078543473738,23.262710305933815,23.38744354248047,24256545,,
2020-07-09,23.37358200265911,23.477526120634636,22.937015035452273,23.186481475830078,20363702,,
2020-07-10,23.325072833673403,23.58839913610757,23.20727024464224,23.4428768157959,24459019,,
2020-07-13,24.066542224401534,24.752572856178546,23.921019899798473,24.39916229248047,56569129,,
2020-07-14,24.510035960923606,24.54468213982082,24.170483904453675,24.413021087646484,32854129,,
2020-07-15,24.939669700620055,24.946598936074956,24.579329953688877,24.7525691986084,26294454,,
2020-07-16,24.669416427612305,24.697133370376402,24.433808483205336,24.669416427612305,18421812,,
2020-07-17,24.849584595205965,25.175278171781144,24.759498960013953,25.11983871459961,23347365,,
2020-07-20,25.97911184303669,26.069197480131304,25.168346681550076,25.293081283569336,36815693,,
2020-07-21,25.597983779414605,25.694998650005747,25.306939167641183,25.424741744995117,23588520,,
2020-07-22,26.49190133126324,26.838382598172323,25.999897765081407,26.720577239990234,90705554,,
2020-07-23,27.18486901784489,27.316530085345782,26.45725738356579,26.61663818359375,59639536,,
2020-07-24,26.353309943692,26.436466344618378,25.868238368107942,26.096914291381836,33870501,,
2020-07-27,25.88903071135644,26.159287669672537,25.79894784476734,26.013765335083008,27640307,,
2020-07-28,26.706720067715764,27.261089564482933,26.374100041364898,27.039342880249023,56393954,,
2020-07-29,27.23337960205811,27.337323735206812,26.644360990093407,27.205659866333008,37033660,,
2020-07-30,26.785817549941406,27.247642281500468,26.729839050365825,27.107694625854492,32273796,0.360531,
2020-07-31,26.785809745661368,27.114683686524344,26.49192059845621,26.92575454711914,28472124,,
2020-08-03,27.016728231262963,27.051715848168275,26.74383269696082,26.83479881286621,31036400,,
2020-08-04,26.80680684309839,27.06570844331758,26.652865275037957,26.86278533935547,29448549,,
2020-08-05,26.918761909821963,26.960746482364634,26.68085402110299,26.904767990112305,24292697,,
2020-08-06,27.12868688190065,27.359600666080166,26.694852784868022,26.77882194519043,20922111,,
2020-08-07,26.799807965462477,27.02372193447179,26.701844900667478,26.904767990112305,23097251,,
2020-08-10,26.97474233186962,27.051714522606783,26.771819227907507,26.86278533935547,19964552,,
2020-08-11,26.981737621132847,26.99573435439066,26.358977240519767,26.442943572998047,21326847,,
2020-08-12,26.4709415301737,26.974748104298882,26.456944793053797,26.8208065032959,19957595,,
2020-08-13,26.63887081564825,26.71584019141508,26.505920131342474,26.708843231201172,15340021,,
2020-08-14,26.59688646968838,26.86278502717286,26.54090797408185,26.631874084472656,12901276,,
2020-08-17,26.617881777564147,26.876780577055747,26.55490350445178,26.83479881286621,17494187,,
2020-08-18,26.904774249106094,26.91177121058866,26.7088480739368,26.841798782348633,10846398,,
2020-08-19,26.92575780462023,27.01672390596221,26.67385600615565,26.77181625366211,15690055,,
2020-08-20,26.715847666396485,27.142687679597476,26.68086285553834,27.093706130981445,21957455,,
2020-08-21,27.226650750312363,27.28962902907901,26.988742811555834,27.205659866333008,25467170,,
2020-08-24,27.303611773608132,27.317605690531916,26.967738073545416,27.177658081054688,25011947,,
2020-08-25,26.946750962798326,26.98173575999539,26.554898726883007,26.87677574157715,26221201,,
2020-08-26,26.72283526021661,26.778813745486133,26.35197392686266,26.6248722076416,24083689,,
2020-08-27,26.56189478397061,26.5898854341909,26.36597148608232,26.49192237854004,22156556,,
2020-08-28,26.498918225466323,26.631868884958664,26.17004427630944,26.52690887451172,32830519,,
2020-08-31,26.477931186022,26.603882091446284,26.240020481603814,26.442943572998047,30032465,,
2020-09-01,26.442939886424796,26.463933576677796,25.54728131323886,25.806182861328125,36145560,,
2020-09-02,25.729219374038546,26.100078017326705,25.47031773852633,26.030105590820312,29068688,,
2020-09-03,26.149055748322134,26.233024898621572,25.260393963544175,25.470314025878906,35956788,,
2020-09-04,25.533291700510702,25.631254769106704,25.09945485195501,25.442325592041016,26872257,,
2020-09-08,25.561283431350898,25.617261934294937,24.96651078254013,25.141443252563477,26736818,,
2020-09-09,25.393345110415876,25.645249752474815,25.288385077342475,25.316375732421875,27490533,,
2020-09-10,25.330370014657777,25.41433635426614,24.896533141927716,24.945514678955078,21650741,,
2020-09-11,25.00848334753586,25.267384883416664,24.805563107414383,25.239397048950195,24109301,,
2020-09-14,25.442326116067555,26.26801244259982,25.386347620490273,25.897153854370117,29565543,,
2020-09-15,26.02310397260411,26.135060960345033,25.757205423365964,25.862165451049805,22003726,,
2020-09-16,26.086082422295245,26.10707611829122,25.694232920201436,25.736217498779297,22208412,,
2020-09-17,25.736214277979993,25.869162144522136,25.575272944670438,25.764202117919922,17894390,,
2020-09-18,25.736216137702346,25.939136432171253,25.589271527158147,25.631256103515625,31694623,,
2020-09-21,25.44932396006309,25.526296152538368,24.756588294855366,25.204416275024414,26608968,,
2020-09-22,25.05746762976241,25.42133202518873,25.008486100640678,25.3653507232666,22727297,,
2020-09-23,25.42833381714698,25.456324476524493,25.169434988330366,25.190425872802734,23102521,,
2020-09-24,25.155437438584595,25.218412903379868,24.868547959666454,25.022489547729492,20859925,,
2020-09-25,24.868540133296392,25.295377143418722,24.8545462151713,25.225404739379883,14365598,,
2020-09-28,25.302375548520107,25.596264726423165,25.302375548520107,25.463314056396484,15044269,,
2020-09-29,25.491306064955065,25.56827543655354,25.211410791073718,25.30937385559082,13512491,,
2020-09-30,25.379343999926093,25.862159452605248,25.365347269644534,25.680227279663086,22629275,,
2020-10-01,25.82718501825753,25.95313877454618,25.30238473392456,25.449329376220703,22520396,,
2020-10-02,25.232403938081642,25.652244026406613,25.21141024561722,25.456317901611328,21461759,,
2020-10-05,25.561283632068083,25.806191342755266,25.428332928148112,25.715225219726562,19400029,,
2020-10-06,25.89015246944478,25.911146162363405,25.253395363497287,25.30937385559082,25233392,,
2020-10-07,25.372354846968594,25.603265799987053,25.211413499817567,25.519296646118164,22160034,,
2020-10-08,25.610257851686036,26.01610399523779,25.547282405062287,25.813180923461914,17857395,,
2020-10-09,25.771197677286025,25.974120759476964,25.603262206532225,25.743209838867188,23667465,,
2020-10-12,25.680232971272652,26.016106744447985,25.519294451376837,25.764202117919922,19413837,,
2020-10-13,25.65924047583245,25.981117495358955,25.631252637654615,25.820178985595703,21543233,,
2020-10-14,25.897158229769786,26.100078552137752,25.589275045370044,25.792198181152344,22120298,,
2020-10-15,25.631254821747035,25.708224196708365,25.477313258410557,25.575273513793945,16089205,,
2020-10-16,25.93913114961253,26.673854052705664,25.904146354284315,26.55489730834961,42993503,,
2020-10-19,26.883782366367534,27.18466857943106,26.337988443436682,26.4499454498291,31931352,,
2020-10-20,26.49893085890175,26.51292759680409,26.135069128319408,26.2330322265625,22384852,,
2020-10-21,26.135059007578505,26.205031416334922,25.93213592742997,25.94613265991211,18984859,,
2020-10-22,25.946135177940654,26.289003108876773,25.911147563460172,26.1910400390625,19243616,,
2020-10-23,26.54090884053048,26.78581652518791,26.344982692804535,26.71584129333496,30557884,,
2020-10-26,26.49892123207098,26.603881254426835,26.22602573662848,26.53390884399414,33783124,,
2020-10-27,25.9181445236735,26.67385842792054,25.799190573219242,26.1910400390625,36851529,,
2020-10-28,25.75021094252085,25.981121900291733,24.714604486089172,24.805570602416992,33857537,,
2020-10-29,24.826562651670216,24.93851965545322,24.210796317449518,24.686614990234375,27545341,,
2020-10-30,24.658625479794114,24.86154859046946,24.37873017583516,24.826560974121094,25631067,,
2020-11-02,25.14143269044576,25.36534660815389,24.868537251562348,25.35135269165039,21430666,,
2020-11-03,25.491304444177633,25.624252299416607,25.24639679845649,25.323366165161133,21636617,,
2020-11-04,25.932143552532224,26.67386368246574,25.862171123201072,26.12107276916504,40870536,,
2020-11-05,26.333146451449938,26.36849104150772,25.72518539428711,25.72518539428711,33926995,0.360531,
2020-11-06,25.72518701721143,25.95847553804733,25.51310809409566,25.732255935668945,23870676,,
2020-11-09,29.592092933178034,29.683994549081646,27.13197595356762,27.711658477783203,230153864,,
2020-11-10,28.595327838612928,28.65895095508469,27.188536145147314,27.34406089782715,80091668,,
2020-11-11,27.485439477212882,28.418584867979817,26.79264864075444,27.216806411743164,58980997,,
2020-11-12,27.061286521946034,27.103702875062574,26.326079209084654,26.54522705078125,46767877,,
2020-11-13,26.771446019749696,27.329921890108743,26.658337630338508,27.30164337158203,40175634,,
2020-11-16,26.76437634584816,26.82799945780406,26.050375749599297,26.38970375061035,75530167,,
2020-11-17,27.18885506432436,27.196304856117962,26.689633743739503,26.853557586669922,46984500,,1.054
2020-11-18,27.516712896237074,27.88181255574685,27.04729620594747,27.062198638916016,63442700,,
2020-11-19,27.270811273445133,27.293166331167516,26.71943578363793,26.96531867980957,43261800,,
2020-11-20,27.345331192016598,27.799845316556898,27.151602462369443,27.3453311920166,60633800,,
2020-11-23,27.591214139408393,27.63592142522274,26.98022877835043,27.211212158203125,43673100,,
2020-11-24,26.920619707584546,27.375133794692086,26.83865777812615,27.270816802978516,42485300,,
2020-11-25,27.218660354614258,27.24101541738384,27.002582258389676,27.218660354614258,26955800,,
2020-11-27,27.40493873615834,27.76258850464542,27.382586513861554,27.740236282348633,25277000,,
2020-11-30,28.2767086685621,28.910046184721423,28.015920458936776,28.544946670532227,65425900,,
2020-12-01,29.357115102109308,30.17672882206581,29.06652199254691,29.364564895629883,72499700,,
2020-12-02,30.154376043427984,30.854773157712927,30.027706817130444,30.400259017944336,84347500,,
2020-12-03,30.534369542582947,30.571624183830085,29.446518101023656,29.871227264404297,68570100,,
2020-12-04,29.722212841269382,30.13947231138805,29.722212841269382,30.057510375976562,35368100,,
2020-12-07,30.295943951284492,30.847322442647506,30.079862999105227,30.73555564880371,48253700,,
2020-12-08,30.847316691716003,31.868108705280182,30.81005920581564,31.711637496948242,87039300,,
2020-12-09,32.09163955242261,32.09909218657484,30.646138342725106,31.1826114654541,86118500,,
2020-12-10,31.160262092699593,31.458304954364394,30.88457429318545,31.093202590942383,57749200,,
2020-12-11,31.272037209755098,31.34654652385278,30.318301503685532,30.638696670532227,60737000,,
2020-12-14,31.011241243722562,31.04104609891774,29.111225781415293,29.215539932250977,94809700,,
2020-12-15,29.103781047357376,29.193192786136244,28.47044055494157,28.842992782592773,65712800,,
2020-12-16,28.448091208320523,28.66417220437803,28.120246238071633,28.19475555419922,56515300,,
2020-12-17,28.187302263303593,28.40338039021156,27.799847614332137,28.336320877075195,52036400,,
2020-12-18,28.30651244527082,28.38102173527228,27.94141010263034,28.075529098510742,60259200,,
2020-12-21,27.777489050335287,27.866903618155597,27.50180123875809,27.852001190185547,40891800,,
2020-12-22,27.725332537961116,27.814747107601455,27.270818423839202,27.37513542175293,33634400,,
2020-12-23,27.57630487567561,28.053173945787886,27.479443377274283,27.896699905395508,36182000,,
2020-12-24,27.866901049089297,27.993567411636032,27.70297719887847,27.770036697387695,14790100,,
2020-12-28,27.837095134899393,28.00101897886234,27.3304240193295,27.434738159179688,26993700,,
2020-12-29,27.49434569625885,27.71787638436931,27.412383780737407,27.606109619140625,23152100,,
2020-12-30,27.591213525848172,27.747687601544982,27.34533056520615,27.37513542175293,24889800,,
2020-12-31,27.315521282653144,27.509247134122173,27.039833510134763,27.427288055419922,30796500,,
2021-01-04,27.471992490648947,27.52414955998088,27.024931084276055,27.427288055419922,33565700,,
2021-01-05,27.360231145361823,27.84454724096857,27.270816581761224,27.71042823791504,29909400,,
2021-01-06,27.442190483303268,27.926506533185115,27.397483205723837,27.47199249267578,34962500,,
2021-01-07,27.59866492468919,27.68062685534701,27.322974277504258,27.613567352294922,27809500,,
2021-01-08,27.688077929277075,27.963765746872372,27.49435204613249,27.665725708007812,33462400,,
2021-01-11,27.732782775225928,28.187296850046142,27.680625701952852,28.142589569091797,47286900,,
2021-01-12,28.0904249755958,28.15748445790084,27.434732575540586,27.702970504760742,47831100,,
2021-01-13,27.56885461180954,27.69552095786163,27.30061665270292,27.464540481567383,31027900,,
2021-01-14,27.40493965590829,27.539058678885638,27.278273268845123,27.382587432861328,30272000,,
2021-01-15,27.330428763401617,27.404938064128906,27.121800447487104,27.3453311920166,34287800,,
2021-01-19,27.390035632390646,27.568861933402427,27.285721474445282,27.36768341064453,33451300,,
2021-01-20,27.412383307063752,27.427285731659865,27.16649756474821,27.19630241394043,35400100,,
2021-01-21,27.11434841937104,27.26336986651135,26.935524956680823,27.181407928466797,33829700,,
2021-01-22,27.06218692072466,27.44219169100566,27.0100298490935,27.23356056213379,26271200,,
2021-01-25,27.233564754846533,27.784943251423527,27.062191087053762,27.777490615844727,31728500,,
2021-01-26,27.770043695814948,28.01592669074979,27.688081750054018,27.799848556518555,27718700,,
2021-01-27,27.561406911773723,27.59866155506578,26.95041882392617,27.002578735351562,50561200,,
2021-01-28,27.077901781655342,27.36412240421388,26.99504821670932,27.010112762451172,39466700,0.39,
2021-01-29,27.778390645307404,27.778390645307404,26.829344264059007,27.040245056152344,60251900,,
2021-02-01,27.062840072244164,27.258673440875985,26.904666635279774,26.964921951293945,40395800,,
2021-02-02,26.934787497592502,26.949852041915893,25.812506241546334,26.35481834411621,84062400,,
2021-02-03,26.35482111286116,26.58078355491475,26.19664481748214,26.241838455200195,38524200,,
2021-02-04,26.219239936111013,26.422606971608953,26.136386380174663,26.279495239257812,34284900,,
2021-02-05,26.30209159851074,26.42260795582947,26.196642659124958,26.302091598510742,31749600,,
2021-02-08,26.33222699503884,26.369886929087347,26.166522710571655,26.226778030395508,31633900,,
2021-02-09,26.211708811093928,26.40754503047745,26.181579719916726,26.33975601196289,30170200,,
2021-02-10,26.362346754647007,26.42260492639759,26.136384357117873,26.166513442993164,29039900,,
2021-02-11,26.211716163191728,26.21924987473329,25.820046487833928,25.933029174804688,30885200,,
2021-02-12,25.940554149084804,26.324692899333634,25.880298836718744,26.15145492553711,25578600,,
2021-02-16,26.2493682407425,26.256901950028098,26.03093951701991,26.128854751586914,28730300,,
2021-02-17,26.03846828013462,26.36234879519416,25.955614724198274,26.279495239257812,26389400,,
2021-02-18,26.196647190308713,26.271969926661345,26.000813822329064,26.030942916870117,24052500,,
2021-02-19,26.106260799296283,26.121325345423877,25.910427446174328,25.940553665161133,28145300,,
2021-02-22,25.85770476873805,25.887830989818934,25.639273144607273,25.804977416992188,34322500,,
2021-02-23,25.609144158996493,25.75225304786125,25.368117149714482,25.54135513305664,37624200,,
2021-02-24,25.511225625741968,25.646803675427673,25.36058302906135,25.420841217041016,30686100,,
2021-02-25,25.47356414794922,25.691995756207938,25.26266624936473,25.47356414794922,37506100,,
2021-02-26,25.48863232903948,25.533825973724944,25.12709179136211,25.22500991821289,41462800,,
2021-03-01,25.30032673240377,25.556418274840937,25.240068546762824,25.375646591186523,30407800,,
2021-03-02,25.368107974858386,25.526281353755447,25.23252997201303,25.240060806274414,27670400,,
2021-03-03,25.240067420280372,25.948086703619936,25.187342946831894,25.90289306640625,46020200,,
2021-03-04,25.80497737401532,26.430143151016996,25.4886305036785,25.75978660583496,45449600,,
2021-03-05,25.82757321098508,26.023406559041106,25.57901251621226,25.90289306640625,30589900,,
2021-03-08,25.970680785815286,26.26443222983185,25.857701008337926,25.87276268005371,24352300,,
2021-03-09,26.015874801698374,26.249368069198017,25.94055207567574,25.94808578491211,25167100,,
2021-03-10,26.091197818257392,26.46780287423286,26.000813409338477,26.309629440307617,33501800,,
2021-03-11,26.41507698396534,26.452736912895674,26.10626096950717,26.1439208984375,24557900,,
2021-03-12,26.030943772318484,26.347290655589774,25.993280966270163,26.317161560058594,16342400,,
2021-03-15,26.369884094466762,26.68623382765966,26.332224164466496,26.67116928100586,21896100,,
2021-03-16,26.7163622243853,27.010113693304202,26.59584872756553,26.987518310546875,25022400,,
2021-03-17,26.987520834231105,27.085436084181485,26.452739448395246,26.9573917388916,42540100,,
2021-03-18,26.761555798553612,27.092970104541557,26.754024961266936,26.94232749938965,24729800,,
2021-03-19,26.927259945161982,26.97998442008824,26.716362045456947,26.761552810668945,48348900,,
2021-03-22,26.723898498337196,27.123098999039332,26.633514075649146,27.115568161010742,25427500,,
2021-03-23,26.979984626783157,27.06283819466442,26.603379589699898,26.633508682250977,27970500,,
2021-03-24,26.723895460519156,27.062840598656265,26.64104188527801,26.821813583374023,22883400,,
2021-03-25,26.85194272016288,26.957391680353492,26.55065751395942,26.86700439453125,24875300,,
2021-03-26,26.874532161771466,27.333990706653125,26.844403073160333,27.303861618041992,27944500,,
2021-03-29,27.138159776608195,27.672941146920092,27.040244529500157,27.58255386352539,27004800,,
2021-03-30,27.55995817333332,27.59008726746372,27.1306286384151,27.19841766357422,26303300,,
2021-03-31,27.228545880186967,27.439443785765853,27.145692310632842,27.288801193237305,26582700,,
2021-04-01,27.34153175354004,27.45451444139394,27.130633801033145,27.34153175354004,21319900,,
2021-04-05,27.446971462790838,27.54488956765256,27.1908799469535,27.326457977294922,22096900,,
2021-04-06,27.311394547806273,27.416846366031315,27.11556120335342,27.153221130371094,20722900,,
2021-04-07,27.138157764631217,27.296334062210722,26.93479070197332,27.047773361206055,21933800,,
2021-04-08,27.08543395996094,27.228545714965474,27.017644937397858,27.085433959960938,18129400,,
2021-04-09,27.040242960475677,27.725664016802966,27.040242960475677,27.567487716674805,31686700,,
2021-04-12,27.47710572710773,27.891370731937133,27.364125929391715,27.846179962158203,29944900,,
2021-04-13,28.17758894249308,28.35836062570424,27.7859193565926,27.989286422729492,33967400,,
2021-04-14,27.996814727783203,28.154991013766175,27.8386413150684,27.996814727783203,23842900,,
2021-04-15,28.064608133065995,28.4261515233434,28.064608133065995,28.32069969177246,24945800,,
2021-04-16,28.524062008822693,29.14922769047543,28.478871247534734,29.05130958557129,52829500,,
2021-04-19,29.07390143196808,29.345057459806448,28.870537284357095,29.32246208190918,30905100,,
2021-04-20,29.186889201269025,29.555963387019897,29.186889201269025,29.39778709411621,26459400,,
2021-04-21,29.480643503269928,29.879843945612084,29.473112666342285,29.774394989013672,29365000,,
2021-04-22,29.736736795709053,29.75180134371331,29.01365573111723,29.104040145874023,33373600,,
2021-04-23,29.096501376768956,29.24714394247745,28.945858811060464,29.119096755981445,24375000,,
2021-04-26,29.17182855745663,29.17936226793358,28.991059731771376,29.13416862487793,19773400,,
2021-04-27,29.00612445984723,29.081447206203023,28.88561093894694,28.960933685302734,19061500,,
2021-04-28,29.028719101734726,29.330001429793793,29.01365455434148,29.232086181640625,21963300,,
2021-04-29,29.367666049284026,29.3751968868116,28.85548289934478,29.073911666870117,23569400,,
2021-04-30,28.998585798509374,29.29987095611286,28.99105496253998,29.111568450927734,28413200,,
2021-05-03,29.405321934392006,30.007889418033564,29.34506374939365,30.00035858154297,46638600,,
2021-05-04,30.12839630989397,30.256440615042486,29.6990668923394,30.090736389160156,52802200,,
2021-05-05,30.263987439698305,30.949408637882314,29.322474646958238,30.10581398010254,76627500,,
2021-05-06,29.269110459376687,29.839584292684243,28.87358158676052,29.809158325195312,54944900,0.39,
2021-05-07,29.702680837058697,30.32639888309476,29.702680837058697,30.105817794799805,33807800,,
2021-05-10,30.295966687722785,30.6382486843782,30.25793277557875,30.318784713745117,30831900,,
2021-05-11,30.18186463907033,30.478510523575373,29.83957981018777,29.93085479736328,30568600,,
2021-05-12,29.99931995275003,30.364422902702206,29.900439898641118,30.189477920532227,26208600,,
2021-05-13,30.044957207846977,30.6382491052178,30.044957207846977,30.50133514404297,25415000,,
2021-05-14,30.607821089538504,30.66867011712431,30.364416274456218,30.440481185913086,18041100,,
2021-05-17,30.47852520955479,30.729535172210184,30.43288624318628,30.50895118713379,18095000,,
2021-05-18,30.562179816837737,30.691485804104506,30.295959900947647,30.46329689025879,15805500,,
2021-05-19,30.34921109788446,30.34921109788446,29.991713210218194,30.29596710205078,20209500,,
2021-05-20,30.219900318973586,30.615429193388326,30.212295277856754,30.51654624938965,18621100,,
2021-05-21,30.585002437497216,30.881648360267857,30.356813489333643,30.387239456176758,21144800,,
2021-05-24,30.486125030915908,30.53176108354257,30.257933161461985,30.28075408935547,16922300,,
2021-05-25,30.288359293908382,30.318785263543308,29.847194340522634,29.915651321411133,25916300,,
2021-05-26,29.88521653013742,29.89282156951118,29.497292785751434,29.60378074645996,28036500,,
2021-05-27,29.641824201730966,29.80155619427594,29.36038832734573,29.398422241210938,38471200,,
2021-05-28,29.47448346211015,29.67985440474544,29.421239466046945,29.459270477294922,16154100,,
2021-06-01,29.618995809941,29.664634754131367,29.269105942553406,29.284318923950195,23642400,,
2021-06-02,29.390813579733315,29.61139750780914,29.314751557021737,29.50490951538086,19629000,,
2021-06-03,29.482084134148874,29.69506298841598,29.3832040998753,29.64181900024414,17376300,,
2021-06-04,29.702669291118504,30.044954159325528,29.67985126709799,29.77873420715332,19375300,,
2021-06-07,29.72549280724403,30.12101879877504,29.64182284310397,29.65703582763672,24110700,,
2021-06-08,29.717880829634016,29.748306794568826,29.269108002374548,29.550540924072266,18880300,,
2021-06-09,29.664641264674152,30.3035721156688,29.649428279938547,30.28075408935547,29824000,,
2021-06-10,30.3492129492844,30.97293085416787,30.341605005655392,30.9425048828125,42613700,,
2021-06-11,30.927290545425222,30.934895587141515,30.387242634582222,30.539369583129883,21386900,,
2021-06-14,30.44808793324291,30.47851389953139,29.953679038164427,30.143836975097656,23408300,,
2021-06-15,30.204687859943366,30.303570805660062,29.96128591785614,30.113412857055664,20206900,,
2021-06-16,30.13622607624301,30.30356597283304,29.87761119132185,29.892824172973633,19177500,,
2021-06-17,29.870018801353126,30.113420807704188,29.717891821988516,30.02975082397461,19580100,,
2021-06-18,29.892828570496643,29.999316556144958,29.436450660123867,29.52012062072754,37775900,,
2021-06-21,29.5733633085667,30.02974119880087,29.5733633085667,29.984102249145508,19488100,,
2021-06-22,29.976504623560817,30.189480638142946,29.862408671988632,30.128631591796875,15975900,,
2021-06-23,30.14384275678349,30.166660785086496,29.64943086529537,29.702674865722656,22025400,,
2021-06-24,29.77112731662414,29.93085929357106,29.72549126697071,29.809158325195312,13436500,,
2021-06-25,29.75591348820021,29.976497393863287,29.580968532474976,29.649425506591797,22774300,,
2021-06-28,29.672248531277724,29.82437548846113,29.588581461328204,29.755918502807617,19225700,,
2021-06-29,29.76352451088428,29.87761754516659,29.64942857502179,29.740703582763672,14516600,,
2021-06-30,29.77113154229447,29.870014499878803,29.52772957099486,29.786344528198242,21248100,,
2021-07-01,29.79394829267843,30.143841150299664,29.74831223850454,30.09059715270996,20035900,,
2021-07-02,30.014531097773826,30.29596696197074,29.953682060636748,30.21990203857422,16592700,,
2021-07-06,30.02974621571872,30.15905514388864,29.69506923373953,29.88522720336914,18931900,,
2021-07-07,29.83197477024795,29.93846273888263,29.641816854377588,29.93085479736328,17665200,,
2021-07-08,29.6646394182922,29.908041355751788,29.611395425821662,29.85479736328125,23021200,,
2021-07-09,30.067779643870217,30.5013396173156,30.014535640224686,30.128631591796875,21578700,,
2021-07-12,30.166659532046303,30.61543244670721,30.1210205757556,30.242721557617188,24513000,,
2021-07-13,30.250323072046857,30.27314109455257,30.067770187262145,30.159048080444336,12222000,,
2021-07-14,30.212294499198688,30.448088488283094,30.166655548934013,30.387239456176758,15888600,,
2021-07-15,30.38723684976087,30.569786832001842,30.318779881025595,30.493724822998047,20250800,,
2021-07-16,30.531761995910284,30.69149398803711,30.372030003783454,30.69149398803711,24270400,,
2021-07-19,30.478517643078735,30.691493630097337,30.18187168927991,30.539369583129883,29818400,,
2021-07-20,30.615427456119132,31.725949097278708,30.577396449533083,31.22393226623535,48804100,,
2021-07-21,31.368460320359514,31.368460320359514,30.82080443279855,31.201120376586914,27530200,,
2021-07-22,31.27718452057581,31.60425648648625,31.10984746706344,31.543407440185547,18913300,,
2021-07-23,31.535790813027358,31.8172266421185,31.505364847464026,31.7031307220459,21609200,,
2021-07-26,31.65749151277205,31.900893432112962,31.482546564594507,31.802013397216797,23720000,,
2021-07-27,31.809622286802554,32.098663189087,31.627072275997723,32.02259826660156,32544100,,
2021-07-28,32.21275697782028,33.27003766337546,32.13669495512661,33.04945373535156,53822400,,
2021-07-29,33.17992074353115,33.233646960300355,32.711732630663,32.84221267700195,29015000,0.39,
2021-07-30,32.91130451861363,33.14923417805322,32.765473640520426,32.85757827758789,24763300,,
2021-08-02,33.233659180912234,33.87837694707622,33.19528371594563,33.7402229309082,43066900,,
2021-08-03,33.90140527926585,35.198517800527924,33.824654341094636,35.06036376953125,45643300,,
2021-08-04,34.80707600839747,35.1524610422781,34.546118752561036,34.68427276611328,43391200,,
2021-08-05,34.53844704237793,34.64589952027433,34.30819131433417,34.58449935913086,23505400,,
2021-08-06,34.60751385366412,34.77636937079744,34.25445497953044,34.5921630859375,20413000,,
2021-08-09,34.62287263436694,35.32899054605535,34.62287263436694,35.29061508178711,32374300,,
2021-08-10,35.45946303383821,37.27848658638364,35.221530521822544,36.9868278503418,81189400,,
2021-08-11,36.67215344604487,36.9024120946305,35.505521142794976,35.54389953613281,50878200,,
2021-08-12,35.689727401775386,36.38049749037323,35.566924155786914,36.257694244384766,29676400,,
2021-08-13,36.388164520122295,37.2247623899173,36.3190875243462,37.20941162109375,35379200,,
2021-08-16,37.017533328705646,37.585500093290705,36.464917333742875,37.53944778442383,38045800,,
2021-08-17,37.439668596196746,38.75213156146089,37.385942367380885,38.698402404785156,68817000,,
2021-08-18,38.55258406304656,39.80364426161431,37.7390106522727,37.846466064453125,88598000,,
2021-08-19,37.22476521046068,38.345345068748976,37.04055889848041,37.455020904541016,57741600,,
2021-08-20,37.59317368497599,38.16881436540145,37.34756722888991,37.393619537353516,35157500,,
2021-08-23,38.59863470949384,39.41988200732473,38.069043305643305,38.32232666015625,88652400,,
2021-08-24,38.17649659081142,38.41442623173335,37.025215067815246,37.132667541503906,52624100,,
2021-08-25,36.87170429226764,37.055907666435886,36.0197556351249,36.46491622924805,51036800,,
2021-08-26,36.6107454474655,36.96380433883516,36.30373593366422,36.36513900756836,29029300,,
2021-08-27,36.357467169894576,36.45724571480962,35.71274944434985,35.766475677490234,32924500,,
2021-08-30,35.459476090785,36.19629565833662,35.42877454350518,35.889286041259766,25774400,,
2021-08-31,35.858585300846265,36.18094274463527,35.25224295330731,35.35969543457031,34547800,,
2021-09-01,35.45178866865921,35.50551489644792,34.860797235123556,35.33666229248047,32900100,,
2021-09-02,35.67437935192639,35.97371210387049,35.40574814578695,35.950687408447266,26106300,,
2021-09-03,35.996739727154264,36.0965153592286,35.56692686947061,35.950687408447266,20817200,,
2021-09-07,36.06581338549177,36.457247810567765,35.72042834697749,35.88160705566406,26236900,,
2021-09-08,35.69740295410156,35.91231084029202,35.49784876820378,35.69740295410156,15839600,,
2021-09-09,35.66670205243457,35.85858230375542,35.19083692109947,35.3289909362793,21695300,,
2021-09-10,35.513197944544565,35.574598103653386,34.92988032977889,34.99128341674805,20801500,,
2021-09-13,35.10640766388537,35.17548466280577,33.924424761407444,34.21608352661133,37086200,,
2021-09-14,34.285166830373285,34.73800440571673,34.19306511629719,34.31586837768555,24100200,,
2021-09-15,34.200733083946965,34.82242315231214,34.1316560843664,34.36191177368164,28674600,,
2021-09-16,34.446336260610536,34.530764021815166,33.79394178721273,34.13165283203125,22424200,,
2021-09-17,33.9014131980771,34.12399506976994,33.241347363186556,33.68650817871094,56370500,,
2021-09-20,33.30273400056804,34.26981205019441,33.30273400056804,33.9244270324707,41873000,,
2021-09-21,33.962805592700796,34.331215335922444,33.65579600941924,33.70952224731445,23645600,,
2021-09-22,33.76324548382116,34.070252085328136,33.64044225764639,33.7325439453125,22616700,,
2021-09-23,33.98582886853515,34.32353998162493,33.8860532468134,33.916751861572266,19719200,,
2021-09-24,33.82465496756768,34.08561226118791,33.625100767910176,33.724876403808594,16150700,,
2021-09-27,33.70951861167555,33.870700235837816,33.394835140288365,33.440887451171875,19955900,,
2021-09-28,33.057128085838464,33.2183067875452,32.56591513138355,33.03410339355469,28512200,,
2021-09-29,33.172257141560394,33.53299000522409,33.06480467460269,33.410186767578125,18037200,,
2021-09-30,33.609742385320075,33.80929653979939,32.98037545399145,33.01107406616211,21103300,,
2021-10-01,32.63498924491393,33.08014984750371,32.005622336792584,32.94967269897461,38483000,,
2021-10-04,32.949672467008426,33.272029839594396,32.39705648216405,32.55823516845703,28906500,,
2021-10-05,32.64266597547129,32.8422230676293,32.45078573262867,32.48148727416992,19342600,,
2021-10-06,32.28192605265179,32.38937849669563,31.997941247267924,32.251224517822266,30483800,,
2021-10-07,32.63499271257737,32.972700892765545,32.397060152621485,32.80384826660156,19778300,,
2021-10-08,32.79617326204128,32.93432728167637,32.49684052878539,32.581268310546875,12778600,,
2021-10-11,32.58126168853096,32.71173883174491,32.2435506301235,32.28192901611328,11984200,,
2021-10-12,32.35868681755153,32.397062283846935,31.97492629887665,32.12075424194336,16222300,,
2021-10-13,32.04400717894375,32.166810442634855,31.422314009585868,31.79072380065918,28205700,,
2021-10-14,31.898170601630458,32.20517721399629,31.867469062035884,31.982595443725586,17590300,,
2021-10-15,32.15912388275081,32.258899482389005,31.760012700619217,31.844440460205078,23550300,,
2021-10-18,31.813746829267707,32.00562708405477,31.499063328531328,31.71396827697754,21733000,,
2021-10-19,31.928875543260393,32.38938994489602,31.882826152599215,32.304962158203125,17159800,,
2021-10-20,32.327977252463384,33.087824179172294,32.31262648418183,32.849891662597656,22788300,,
2021-10-21,33.049462766966045,33.07248746524303,32.56592360812296,32.895957946777344,22142300,,
2021-10-22,32.86525197815858,33.149233954214324,32.719424028910616,33.1262092590332,17183000,,
2021-10-25,33.15690191637523,33.187603453627126,32.673362952166954,33.118526458740234,22846200,,
2021-10-26,33.2566790257197,33.586710289549025,32.94199267414035,33.43320846557617,29729100,,
2021-10-27,33.35646083501026,33.43321468914398,32.7577954120681,32.980377197265625,22317500,,
2021-10-28,32.965026314017535,33.51763942259488,32.957349464700265,33.14155578613281,18023400,,
2021-10-29,33.07248311777227,33.64044999945135,32.89595362251188,33.571372985839844,30307500,,
2021-11-01,33.87837412083306,33.993503433988714,33.341108872540076,33.49461364746094,32681500,,
2021-11-02,34.599852849565444,35.33667240833462,33.04178301408358,34.88383483886719,69248000,,
2021-11-03,34.93755673558215,35.29829254729078,34.13933418228917,34.400291442871094,44593100,,
2021-11-04,34.29189311716299,34.43125981615939,33.53312050793834,33.95121765136719,38172500,0.39,
2021-11-05,37.23406610196701,37.79153278859821,36.04170811269906,37.636680603027344,173959100,,
2021-11-08,37.636690330511094,37.77605703818926,36.85468792036576,37.419898986816406,57423300,,
2021-11-09,37.419905517186294,37.45861784195047,36.50628047565864,36.62241744995117,29920400,,
2021-11-10,36.69983848482081,38.10124388397557,36.69983848482081,37.95413589477539,42696200,,
2021-11-11,38.116722499075806,39.10003055254727,37.72959348370405,38.85226821899414,42370400,,
2021-11-12,39.03809757587201,39.09229836791084,38.37997927803123,38.50386047363281,27780600,,
2021-11-15,38.50385653411675,38.79033121584217,38.22512313414158,38.441917419433594,27763200,,
2021-11-16,38.30254682187435,38.83678381509055,37.853475733486185,38.4031982421875,31297200,,
2021-11-17,38.66645241327078,39.55685050094321,38.47288786843421,39.386512756347656,36889800,,
2021-11-18,39.56458253389234,40.03688038545102,39.185197768697904,39.804603576660156,32872600,,
2021-11-19,40.23044507231942,40.91179294102968,39.23939577496623,39.332305908203125,47966200,,
2021-11-22,39.44844523733206,39.851059747132005,39.007118418689004,39.64200973510742,27287900,,
2021-11-23,39.16198508859499,39.835588962935816,38.94519076250158,39.54911422729492,24946200,,
2021-11-24,39.62652834750816,39.74266823969196,39.26262610865506,39.40199279785156,18556800,,
2021-11-26,41.840915190688705,42.53774582109946,41.229250484042694,41.80994415283203,66561300,,
2021-11-29,42.70033477450627,43.12617613259196,40.34658947593341,40.57112503051758,72660800,,
2021-11-30,40.50144221587831,42.16609535634172,40.19173779490081,41.600887298583984,64598400,,
2021-12-01,40.625327368252364,42.71582207691918,40.15302940915516,42.3364372253418,59810400,,
2021-12-02,41.67057076433528,42.64613762570141,40.85760034890369,41.066650390625,46361700,,
2021-12-03,41.58540771714878,42.127389054429564,41.11310973685496,42.01899337768555,37574800,,
2021-12-06,41.639599648346994,41.72476851186649,39.68072760163949,39.85880661010742,53724000,,
2021-12-07,39.68073346699033,40.6485562344779,39.02261516652306,40.04463577270508,41575400,,
2021-12-08,40.84212636488603,41.0976330281008,39.51040110983929,39.796878814697266,37429200,,
2021-12-09,39.88203818562501,40.919544281444715,39.88203818562501,40.323368072509766,38325700,,
2021-12-10,39.642022336944436,40.919546656239284,39.5723389774512,40.86534881591797,26079400,,
2021-12-13,41.376355777869726,43.14940770615234,41.376355777869726,42.739051818847656,54923200,,
2021-12-14,42.40612110614653,43.31974599985384,42.057704332519066,43.00230026245117,48685700,,
2021-12-15,43.44362527126816,45.619288782599575,43.2732875331202,45.5263786315918,75202900,,
2021-12-16,45.18571112606941,47.56268367433294,44.71341312953404,47.423316955566406,75183600,,
2021-12-17,46.40129997253332,47.376864127124215,45.44896262171142,46.05288314819336,104192100,,
2021-12-20,46.9200492535993,47.779476392553136,46.323872994070015,47.2452392578125,55712200,,
2021-12-21,46.46322492932095,46.486454679565966,44.25659063745172,45.642513275146484,63877900,,
2021-12-22,45.87479407520815,46.912300084671735,45.077309148660305,46.10707092285156,62594900,,
2021-12-23,46.316122580985116,46.51743135521452,45.14699406687607,45.456695556640625,39203200,,
2021-12-27,45.56509033747937,45.975449159919464,45.08505111788801,45.836082458496094,27362600,,
2021-12-28,45.719940129903414,46.029644550755904,44.19465368413959,44.914710998535156,36901700,,
2021-12-29,44.372737047814184,44.93020092508248,44.186913786351056,44.581787109375,26170200,,
2021-12-30,44.713409624010644,45.47992651713175,44.54307188030361,45.216678619384766,24559000,,
2021-12-31,45.317329400477384,46.300637623329955,45.247646047564665,45.71994400024414,28579600,,
2022-01-03,45.29410123243337,45.33281354875755,43.621703766609016,43.861724853515625,57219200,,
2022-01-04,43.52880095034421,43.6913944784354,41.763490083654084,42.22030258178711,66993100,,
2022-01-05,43.23456918799058,43.69912283181565,42.87066696307292,43.07197570800781,52956400,,
2022-01-06,42.70807423116965,43.071976462461464,42.189322751597146,42.46031188964844,37000400,,
2022-01-07,42.86292920701579,43.18037491223181,42.29772114424386,43.14166259765625,27703400,,
2022-01-10,43.13391460771764,43.55975593809906,42.382886318937324,43.544273376464844,34044700,,
2022-01-11,43.93915293598798,44.46564874930317,43.21135128984552,43.892696380615234,33576600,,
2022-01-12,43.621703766609016,44.25659520571897,43.281031247971605,43.861724853515625,27608500,,
2022-01-13,43.768814210871014,43.939151956546795,42.75453787977399,43.00230026245117,28117900,,
2022-01-14,42.56872088339784,42.87842538412254,42.204818538080474,42.545494079589844,27072500,,
2022-01-18,42.19706746296621,42.23577977818347,41.368611512363444,41.89510726928711,35598000,,
2022-01-19,41.53894617254992,42.189323062221604,41.38409396956902,41.45377731323242,27300400,,
2022-01-20,41.778972343573066,42.21255800487862,41.08988300856938,41.848655700683594,35105300,,
2022-01-21,42.13512357414359,42.4835403031565,40.61757843617645,40.873085021972656,41059000,,
2022-01-24,40.06785548070736,40.3078765478348,38.573537155963315,39.9052619934082,59036400,,
2022-01-25,39.765898624655996,40.911800319782635,39.672988474662056,40.67952346801758,43983200,,
2022-01-26,40.70274639764593,41.51571677831734,40.617577537598045,41.043418884277344,39644800,,
2022-01-27,41.363280144836956,42.58030717751625,41.34767689077507,41.636329650878906,36957200,0.4,
2022-01-28,41.948386997916366,42.65051554477293,41.4256884251074,42.38526916503906,28590400,,
2022-01-31,42.12782197287402,42.23704177590032,40.871788286038665,41.105831146240234,38644600,,
2022-02-01,41.14484407016971,41.47250350553274,40.87179156468385,41.40229034423828,27883300,,
2022-02-02,41.2228561331311,42.229243756121804,40.91860010199824,42.01860427856445,32039300,,
2022-02-03,41.60513549494183,42.042014803064454,41.417899380019925,41.644142150878906,22635800,,
2022-02-04,41.36329002536719,41.68314937000022,41.05903393852322,41.347686767578125,24932200,,
2022-02-07,41.581722100890836,41.80016469409255,40.75477042096622,41.51150894165039,32358500,,
2022-02-08,39.506541342916606,40.41150940140618,38.765403016115165,40.33349609375,67922000,,
2022-02-09,40.28668357293345,40.349096595610625,39.70937799325318,40.15406036376953,38522200,,
2022-02-10,39.81859985785203,40.07604614961382,39.31150443853961,39.47533416748047,34200600,,
2022-02-11,39.264694165057804,39.97462590356291,39.06965794045732,39.61575698852539,34997800,,
2022-02-14,38.86683388256306,39.39733286014745,37.82143918861942,38.85123062133789,42973100,,
2022-02-15,38.8512144459968,39.038450526726976,38.39092884755237,38.843414306640625,29150000,,
2022-02-16,38.68738571690001,39.61575707669863,38.56256265191855,38.757598876953125,27672600,,
2022-02-17,38.85902549494516,38.97604546527818,38.03207068157951,38.14909362792969,21231700,,
2022-02-18,38.0554640650213,38.63277255185342,37.602981608653515,37.86042785644531,26955300,,
2022-02-22,37.08809104929532,37.688803008394395,36.93986160649441,37.08028793334961,34814800,,
2022-02-23,37.12708908824952,37.57177136146155,36.49517076399322,36.56538391113281,25793000,,
2022-02-24,35.77744781615829,36.479576484233256,35.41858185407442,35.85546112060547,44227300,,
2022-02-25,35.73843532123909,37.47035480016137,35.68382542185061,37.228511810302734,31199200,,
2022-02-28,36.52638999115724,36.799439560687034,36.151920734651895,36.6200065612793,35296100,,
2022-03-01,36.42496649578597,36.77603231705954,35.44978531225759,35.69163131713867,29854500,,
2022-03-02,35.97248665108426,37.39235032188074,35.886670224384964,37.21291732788086,36516200,,
2022-03-03,37.19731193496518,37.90724372960245,37.041282347744676,37.314334869384766,30553300,,
2022-03-04,37.05689528660255,38.047680001913825,36.98668210280828,37.954063415527344,33217300,,
2022-03-07,37.641982508841664,38.1022680098557,37.072477223860886,37.43134307861328,33171300,,
2022-03-08,37.1192935801903,37.77461240054596,36.25333231612541,37.01007080078125,32913300,,
2022-03-09,37.548369776719035,38.39872772140571,37.446950120192305,38.03205871582031,24718900,,
2022-03-10,37.68880064508131,38.453342278897864,37.48596130744669,38.38312911987305,24542300,,
2022-03-11,38.33632323174425,39.70938004129125,38.180293643020704,39.21788787841797,33701900,,
2022-03-14,39.568952432588524,41.27746878515341,39.31150317309719,40.7625732421875,42314500,,
2022-03-15,41.051224499228205,41.28526737798446,39.92781689558815,40.73136520385742,30172100,,
2022-03-16,40.98881016823473,41.55831553820476,40.70795755268428,41.28526306152344,29891400,,
2022-03-17,41.2852656808402,42.32285980122924,41.183848989025385,42.315059661865234,30598600,,
2022-03-18,42.4242867210249,42.90797579672135,41.90158801379052,42.52570343017578,51815000,,
2022-03-21,42.31506401120348,43.14201576554719,42.04981460531551,42.27605438232422,34592500,,
2022-03-22,42.28385906073138,42.3774756262633,40.957611982291866,41.37889099121094,32253600,,
2022-03-23,41.36328094130644,41.73775011795302,40.69235588380849,40.71575927734375,29183700,,
2022-03-24,40.98881012612264,41.23065311902989,40.79377391841481,41.02781677246094,25177500,,
2022-03-25,41.144848555319825,41.54272119534893,40.965412586660925,41.17605209350586,17429600,,
2022-03-28,40.98101146104925,41.784562747747934,40.95760806590835,41.56612014770508,21863700,,
2022-03-29,42.127833148589836,42.19024618174268,41.05123213484105,41.14485168457031,39970000,,
2022-03-30,41.50370503443002,41.90938069810081,40.54412726259993,40.91079330444336,27599600,,
2022-03-31,40.56754029398295,41.254068732242814,40.364703901960524,40.38810729980469,26055200,,
2022-04-01,40.66115000844161,40.692356517652364,39.86540187966651,40.23207092285156,19073100,,
2022-04-04,40.39590337021203,40.466116532687,39.29589914211524,39.74058151245117,20462800,,
2022-04-05,39.63916588273545,40.68456023218815,39.592356114485284,39.97462844848633,21176700,,
2022-04-06,39.912214481242614,41.41789443352541,39.912214481242614,41.24626159667969,31717500,,
2022-04-07,40.957605891563425,43.22782735622657,40.957605891563425,43.03279113769531,36305700,,
2022-04-08,42.79094985921932,43.36045829882931,42.486693801027336,43.04059600830078,24612200,,
2022-04-11,43.26683625169308,43.93776135444619,41.956192557016465,42.07321548461914,22054300,,
2022-04-12,41.58172485031392,42.073216997494974,41.074632423173774,41.43349838256836,22810700,,
2022-04-13,41.449099882943685,41.9873987992356,41.11363733371322,41.42569351196289,15777800,,
2022-04-14,41.65974205094989,42.057614671069466,41.3788893892105,41.44129943847656,17240100,,
2022-04-18,41.215051732968206,41.433491327401555,40.27887736594257,40.44270706176758,17065000,,
2022-04-19,40.302296605413034,40.473929483394436,38.51576357411505,39.147682189941406,33441500,,
2022-04-20,39.00724631458072,39.13206938374671,38.39093110856633,38.81221008300781,24751800,,
2022-04-21,38.95263824840488,39.0150482979285,38.164690169049,38.31291961669922,19105600,,
2022-04-22,38.188092744115835,38.3051126913422,37.36894120946505,37.54837417602539,22156800,,
2022-04-25,37.329937609225254,38.375332043657934,36.76043210796211,38.1880989074707,27390600,,
2022-04-26,38.21930381736004,39.2022851811106,38.16469093091348,38.25050735473633,25366500,,
2022-04-27,38.31292066823509,38.93703606068509,37.61078899171825,38.804412841796875,25819200,,
2022-04-28,39.35051094017273,39.607960206959945,38.60937560467056,39.405120849609375,28225400,,
2022-04-29,38.90583080570727,39.27249991264123,38.2271054804614,38.281715393066406,28343300,,
2022-05-02,37.197315998028806,38.03987109942486,37.02568313573711,37.71221160888672,36228400,,
2022-05-03,38.125680035602606,39.03845110669575,37.21291194052605,38.45334243774414,33716900,,
2022-05-04,38.141288572729394,38.90583031558515,37.37674682987364,38.742000579833984,28613700,,
2022-05-05,38.585964415565584,38.65617757265078,37.09588783832771,37.79801940917969,28333000,,
2022-05-06,37.517166384764806,38.39873090863516,37.47815973702183,38.258304595947266,19891400,,
2022-05-09,37.74341073819642,38.35972294159289,37.26752187753611,37.94624710083008,25012300,,
2022-05-10,38.25830539623936,38.92923046511236,37.98525290429384,38.609371185302734,27335900,,
2022-05-11,38.28172241437746,39.1944937907914,38.250515894017525,38.57817840576172,29699500,,
2022-05-12,38.53883973547394,39.66354489022595,38.31861875421985,39.632083892822266,33468400,0.4,
2022-05-13,39.62422378652427,39.94669153884395,39.07366828248708,39.262428283691406,22423700,,
2022-05-16,39.223101395767756,40.15117985191858,39.223101395767756,39.8523063659668,19435600,,
2022-05-17,40.07253518849088,40.52084397134153,39.466924394048405,40.3792724609375,19918200,,
2022-05-18,40.28489298372641,40.442191997099954,39.45119441152936,39.639957427978516,22276000,,
2022-05-19,39.325347649581694,40.0253383576985,39.00287991886656,39.836578369140625,19865500,,
2022-05-20,40.324215417204634,41.44892069978172,40.2141049140633,41.26802444458008,31250400,,
2022-05-23,41.354536948453934,42.23542389402079,41.27588445313534,41.59048843383789,24035800,,
2022-05-24,41.45678020324526,42.164637651338786,41.45678020324526,42.0073356628418,26729800,,
2022-05-25,41.84217270050727,42.510702445606796,41.724195451237435,42.243289947509766,24003900,,
2022-05-26,42.518575307545724,43.1949688996913,42.377003788186144,42.46352005004883,23516300,,
2022-05-27,42.408456553931934,42.79384630909296,42.093855549993314,42.40059280395508,21407500,,
2022-05-31,41.9365524791068,42.078123977371305,40.85117199250759,41.716331481933594,66058200,,
2022-06-01,41.88150005452169,41.905094305728404,40.772525243512,41.18937301635742,17430600,,
2022-06-02,41.18937493192894,41.480384711681516,40.14332207587065,41.43319320678711,21903400,,
2022-06-03,41.260150485350664,42.10171261265146,41.260150485350664,41.842166900634766,18125000,,
2022-06-06,41.83430708413009,42.25115784263721,41.68487183125315,41.88936233520508,16544400,,
2022-06-07,41.9051010321615,42.44779289931676,41.69274373635553,42.43992614746094,15091200,,
2022-06-08,42.518558786404576,42.911812187313764,42.00732816510848,42.05451965332031,12789800,,
2022-06-09,41.89723491883495,42.19610846648689,40.66241897231166,40.725337982177734,17572700,,
2022-06-10,40.35567736781718,40.40286587011035,39.28602731164019,39.3017578125,23826000,,
2022-06-13,38.3972780741914,38.75907063606728,37.52425467467037,37.681556701660156,26989000,,
2022-06-14,37.555706423530125,38.121992381002585,37.13885870499394,37.68941116333008,23290300,,
2022-06-15,37.657956569616424,38.52311308258655,37.10740106123264,38.1534538269043,25748000,,
2022-06-16,37.50852285860878,37.752341141920155,37.013025541327366,37.34335708618164,20424500,,
2022-06-17,37.264709014502024,37.77593685370055,36.39954936308767,36.59617614746094,45047700,,
2022-06-21,37.21750317980445,38.098389994631674,36.92649649103113,37.838844299316406,19622100,,
2022-06-22,37.77593449588321,38.995022883136336,37.571443973024586,38.593902587890625,20382900,,
2022-06-23,38.71974446116568,39.45906006056544,38.52311768470214,39.396141052246094,20061700,,
2022-06-24,39.8365891896672,40.615229604465306,39.561309881176435,40.575904846191406,24343200,,
2022-06-27,40.48938536857168,41.07926569678564,40.31635284553724,40.80398941040039,16154300,,
2022-06-28,40.764659019852715,40.87476951918491,39.647817526013114,39.844444274902344,16417900,,
2022-06-29,39.89949719399881,40.45791640815774,39.844441947548546,40.06466293334961,13925700,,
2022-06-30,40.65454434156915,41.598353308931564,40.18264135803094,41.2365608215332,33495700,,
2022-07-01,40.929820355848506,41.18936607624963,40.308479176282106,41.14217758178711,16143300,,
2022-07-05,40.70173918506719,40.81184969025635,39.63995588470167,40.6152229309082,18406800,,
2022-07-06,40.615223611542795,41.653412678276226,40.568035108691646,41.48824691772461,21305500,,
2022-07-07,41.645549108126396,42.10958838998414,41.51970809950157,42.01520538330078,17847600,,
2022-07-08,41.724193004337536,42.40845320923059,41.496105269277884,41.818572998046875,11322700,,
2022-07-11,41.68486676616086,42.266883207172626,41.48824003613179,41.598350524902344,12921400,,
2022-07-12,41.44105643913863,41.511842195451685,40.670279870555476,40.92982864379883,14633500,,
2022-07-13,40.78824768597705,41.1421763855843,40.51296847504444,40.733192443847656,12927300,,
2022-07-14,39.91522282464269,40.575888701751644,39.820842842280136,40.41858673095703,14023800,,
2022-07-15,40.143317211237125,40.82757744771104,39.66354747061901,40.70173645019531,19885700,,
2022-07-18,40.86690253650269,40.8747692865737,39.73433354944896,39.91522979736328,15742900,,
2022-07-19,40.14332059688451,40.51297687060251,39.80512232498404,40.40286636352539,13402100,,
2022-07-20,40.41859609342225,40.473651345910405,39.726469061774644,39.97028732299805,12774400,,
2022-07-21,39.773659534493575,40.22196829331336,39.4669222784891,40.20623779296875,15103800,,
2022-07-22,40.316349377960684,40.52870663788741,40.07253411678596,40.292755126953125,10932100,,
2022-07-25,40.379273790458306,40.80398833565446,40.379273790458306,40.717472076416016,12995800,,
2022-07-26,40.77252299087241,41.566893740568474,40.67027624081523,41.134315490722656,16632500,,
2022-07-27,40.851172556469514,41.09499080691016,40.261292305652624,40.859039306640625,19203500,,
2022-07-28,40.304212801252,41.4772781313282,38.91714545575175,40.201175689697266,38984900,0.4,
2022-07-29,40.074350466580945,40.19324011618158,39.059807919971135,40.03471755981445,25037900,,
2022-08-01,39.884125582672674,40.66088283725461,39.74938336565838,40.113983154296875,19709900,,
2022-08-02,40.34384106430075,40.795628420004384,39.33722622965174,39.38478088378906,17802000,,
2022-08-03,39.46405260660942,39.68598243896081,39.107377502068125,39.519535064697266,16500100,,
2022-08-04,39.55124019033809,39.67012987614039,39.004337355519034,39.519535064697266,17026300,,
2022-08-05,39.34515230890593,39.60671500964545,38.88544017004549,39.05188751220703,16376600,,
2022-08-08,39.14699522471419,39.479892893295094,38.79032023107973,39.28966522216797,16071800,,
2022-08-09,39.43234602048442,39.71768609354911,39.25004609015244,39.45612335205078,12095600,,
2022-08-10,39.57500208813763,39.670114404398156,39.139067363080386,39.59085464477539,17355100,,
2022-08-11,38.21964496758106,38.940919754146414,37.89467507525087,38.27512741088867,44048800,,
2022-08-12,38.481201981820476,39.939604013354725,38.481201981820476,39.717674255371094,25835500,,
2022-08-15,39.60672150642363,39.68598129467316,39.14700626858847,39.43234634399414,15797800,,
2022-08-16,39.13908262770895,39.77317002268948,39.12323006488854,39.519535064697266,12874800,,
2022-08-17,39.353080100570736,39.519527442732276,39.036034952444034,39.05188751220703,13607200,,
2022-08-18,39.14700557341549,39.25004571516377,38.34647084146958,38.5049934387207,18916300,,
2022-08-19,38.71106552122819,39.19455801757409,38.62387795322265,38.9567756652832,15350200,,
2022-08-22,39.00433600148352,39.15493383126584,38.63181137062121,38.758628845214844,13601200,,
2022-08-23,38.378169704410936,38.457432508133266,37.85504729411079,38.053199768066406,16248900,,
2022-08-24,37.9660143963919,38.05319894324649,37.553856896669906,37.59348678588867,15551500,,
2022-08-25,37.66481468901465,38.00563711440711,37.46666225674305,37.966007232666016,14460000,,
2022-08-26,37.744072497271304,38.01355991214329,37.01487303559768,37.1099853515625,16546700,,
2022-08-29,36.76124574496705,37.006952863754485,36.555165490459345,36.64235305786133,13400500,,
2022-08-30,36.729536115628534,36.73746088279815,36.30152612287875,36.341156005859375,16303000,,
2022-08-31,36.46797760032288,36.6899104127184,35.770483114413004,35.8497428894043,26416800,,
2022-09-01,35.77841379823298,36.97525655403193,35.77841379823298,36.95940399169922,19947600,,
2022-09-02,37.04658594014458,37.09414059634534,36.087525718018526,36.22227096557617,14667700,,
2022-09-06,36.42834755454989,36.80879991527496,36.08752508114827,36.26982498168945,17153500,,
2022-09-07,36.22227259799724,36.626502311754216,35.96863767494055,36.56309509277344,15378900,,
2022-09-08,36.475914272860216,37.34778410430758,36.35702155785951,37.31608200073242,18271000,,
2022-09-09,37.41118718846139,38.03734972346404,37.33192438579644,37.91845703125,17501700,,
2022-09-12,38.10868709396844,38.32268911549902,37.799566679782934,37.85504913330078,13744800,,
2022-09-13,37.35570043558746,37.50629520795456,36.47590308052938,36.61064529418945,16603200,,
2022-09-14,36.61857886584961,36.78502622319872,36.285681127584496,36.578948974609375,17162500,,
2022-09-15,36.54724373217567,36.68991375902552,36.222273787365886,36.412498474121094,15802000,,
2022-09-16,36.531390996232986,36.95147328241048,36.174715930814884,36.48383331298828,30629500,,
2022-09-19,36.206424934394654,36.364947538637466,35.49307472708559,36.016197204589844,16256200,,
2022-09-20,35.6674454829324,35.88145051865801,35.22358285066075,35.485145568847656,15369000,,
2022-09-21,35.51685736784796,35.65159962480368,34.795582344532214,34.811431884765625,17505200,,
2022-09-22,34.61326817221165,35.667440647093166,34.49437851752785,35.32661819458008,18508100,,
2022-09-23,35.2235808740219,35.318696233606914,34.54193893839585,34.9382438659668,18871700,,
2022-09-26,34.72423685747917,35.13639432142282,34.613268944306036,34.740089416503906,18680200,,
2022-09-27,35.04921476700332,35.33455484751324,34.66876233417914,34.94617462158203,21562700,,
2022-09-28,35.40587711819473,35.516845026240524,35.04920513910112,35.21565246582031,16532600,,
2022-09-29,35.19980039526813,35.36624772429367,34.835200620193206,35.00164794921875,13559900,,
2022-09-30,35.00957840283152,35.35832869960377,34.66083112962614,34.684608459472656,22962300,,
2022-10-03,34.9303116264729,35.09675894920264,34.470599541281295,34.98579406738281,22834300,,
2022-10-04,35.07298594533709,35.54062587888425,34.94616848998023,35.23943328857422,28198800,,
2022-10-05,34.96995162963867,35.16810412553757,34.62120432534078,34.96995162963867,15673400,,
2022-10-06,34.684603944961324,34.70045650398461,34.1139269379555,34.15355682373047,22068200,,
2022-10-07,34.121852026643616,34.121852026643616,33.22620208658545,33.54324722290039,20095000,,
2022-10-10,33.567025881411205,33.78103090337795,33.091461181640625,33.091461181640625,17888000,,
2022-10-11,33.02012289394959,33.741397663634686,32.85367556792218,33.226200103759766,20981200,,
2022-10-12,33.3609465008012,34.19318618353984,33.2262012629592,33.31338882446289,18803600,,
2022-10-13,33.0993943196861,34.20904959784098,33.05183965182375,34.06637954711914,23135200,,
2022-10-14,33.99503739975057,34.38341757280881,33.574955129281534,33.97126007080078,16980500,,
2022-10-17,34.232820699353056,34.72424101729036,34.232820699353056,34.5974235534668,16678400,,
2022-10-18,34.91446949628823,35.16017968196447,34.57364695829773,34.94617462158203,18442800,,
2022-10-19,34.803494087725795,34.93031152709713,33.87614212924161,34.16940689086914,23054700,,
2022-10-20,34.29623101075138,34.4071959138702,33.93955594817886,34.01089096069336,17715000,,
2022-10-21,34.32794285863786,35.79427026326732,34.07430788079458,35.62782287597656,36575700,,
2022-10-24,35.73085534539415,36.357014861510116,35.6595203342459,36.095455169677734,24972000,,
2022-10-25,35.88145112926086,36.3173859767573,35.58025851568082,36.13508605957031,23127000,,
2022-10-26,36.39664240364242,36.975250247615264,36.15886005634166,36.50761032104492,21407900,,
2022-10-27,36.30946118123943,36.547243550283454,36.206421046012494,36.25397872924805,20377700,,
2022-10-28,36.444201857144016,37.66482179590915,36.40457196792525,37.59348678588867,27854000,,
2022-10-31,37.31606988903063,37.56177698571734,36.8880598822284,36.8959846496582,29961700,,
2022-11-01,38.04527499947757,38.378169704410936,37.56971027141083,38.053199768066406,30614500,,
2022-11-02,37.862971088936604,38.180013199654226,37.213031284864016,37.308143615722656,25813100,,
2022-11-03,37.06033269505317,37.41206900386504,36.90045144578188,37.228206634521484,20124600,0.4,
2022-11-04,37.947668782116466,38.00362675906466,37.26018158020323,37.74781799316406,24528500,,
2022-11-07,37.69985217171178,38.09156105427876,37.3720970044541,37.64389419555664,20304400,,
2022-11-08,37.6039325304035,38.171508150078814,37.372104838035284,37.85174560546875,18054500,,
2022-11-09,37.699854132420555,37.971651337658834,37.332129398710286,37.34811782836914,15348100,,
2022-11-10,37.99562579026512,38.171495436171334,37.45203147517376,37.87571716308594,20480600,,
2022-11-11,37.62790348606226,38.131528290414295,37.02035847485281,38.05158615112305,20909800,,
2022-11-14,38.36335970924865,39.826265933738995,38.315394420936414,39.362613677978516,26143000,,
2022-11-15,39.44255190549356,39.594437407576365,38.515244364949965,38.82701110839844,25440500,,
2022-11-16,39.01087207932411,39.21871860054157,38.411319732666016,38.411319732666016,15822200,,
2022-11-17,38.211465218847415,38.77104796431092,37.995626029190895,38.63515090942383,13231100,,
2022-11-18,38.88296910088587,39.03485765251,38.26742830354646,38.555213928222656,20666500,,
2022-11-21,38.45129362368377,38.5951864470981,38.14752259601463,38.5152473449707,14736000,,
2022-11-22,38.6431547381514,39.370611602119936,38.56321562981787,39.23471450805664,16358600,,
2022-11-23,39.13877329544708,39.346619799869984,38.787037044975364,39.050838470458984,10710800,,
2022-11-25,39.11479875646685,39.34662641596603,39.04285234660438,39.33863067626953,6760200,,
2022-11-28,39.314648501472185,39.76231537854947,39.21872097405602,39.62641525268555,20704000,,
2022-11-29,39.57045454247645,39.70635160947755,39.250692073855994,39.562461853027344,17160900,,
2022-11-30,39.682368751789504,40.07407760620117,39.202728119369404,40.07407760620117,35572700,,
2022-12-01,40.21797436371669,40.897465834761434,40.19399019509884,40.83351516723633,23592600,,
2022-12-02,40.41781910146077,41.03335981278628,40.35386539403342,40.697608947753906,16881600,,
2022-12-05,40.69761902414666,40.79354655955794,40.24995210975842,40.55372619628906,17959800,,
2022-12-06,40.5057610406058,40.64965386894923,39.31465191090681,39.73833465576172,21787100,,
2022-12-07,39.77030513780631,40.88947072328568,39.77030513780631,40.16201400756836,15929900,,
2022-12-08,40.11405301732746,41.46504333416136,39.98614862667739,41.393096923828125,26116800,,
2022-12-09,41.36911967233138,42.24046936808535,41.27319213274311,41.34513854980469,19933500,,
2022-12-12,41.66489203806102,42.0406125008328,41.36911372134763,41.696868896484375,18532200,,
2022-12-13,42.44830133695342,43.199742166273424,42.27243473710717,42.424320220947266,29461800,,
2022-12-14,42.48028653444498,43.911219027141485,42.28843146975391,43.55148696899414,36260300,,
2022-12-15,43.22373136743621,43.511517011264104,42.6881326799086,42.85600662231445,21627100,,
2022-12-16,42.3763615181587,42.48028478612002,41.089324951171875,41.089324951171875,65689500,,
2022-12-19,41.185246899658395,41.41707452390138,40.52973662037052,41.057342529296875,16081900,,
2022-12-20,40.937432905994456,41.17725323129377,40.641654606441335,41.025367736816406,12433800,,
2022-12-21,41.25719918202929,41.696870327253414,40.92944399564608,41.29716873168945,12925000,,
2022-12-22,41.09731896282434,41.329146625930974,40.72959421757457,41.28118133544922,14822300,,
2022-12-23,41.21722810224774,41.528994847296815,40.96141933454177,41.433067321777344,10666500,,
2022-12-27,41.45705339149248,41.51301137551796,40.809535655578586,40.87348937988281,12033800,,
2022-12-28,40.80952713357897,41.08132430615137,40.569706816481144,40.609676361083984,10053900,,
2022-12-29,40.7855472789091,41.30515747378803,40.76156616130141,41.033363342285156,8971300,,
2022-12-30,41.00139533571696,41.089330185233194,40.569716828718086,40.96142578125,11396200,,
2023-01-03,40.77755854975861,41.03337039596548,40.6256730296658,40.97740936279297,15603800,,
2023-01-04,40.201981978145255,40.47377914971151,39.58644123520164,40.07407760620117,21808400,,
2023-01-05,39.75431841984859,39.9621649472705,39.106800768315594,39.698360443115234,20057400,,
2023-01-06,39.95417047826709,41.24920277302405,39.61842260719277,40.70560836791992,29635900,,
2023-01-09,40.01012993016525,40.178003871884414,38.61917005666181,38.68312072753906,30839100,,
2023-01-10,38.65114517206212,38.74707575583806,37.8757261081686,38.06758117675781,29212000,,
2023-01-11,38.13153338739055,38.16351024738133,37.46003457499001,37.93168258666992,23022200,,
2023-01-12,37.787786273545436,38.147518291489504,37.23619921235181,38.139522552490234,23345300,,
2023-01-13,37.971652054953964,38.49925804573829,37.963659364714125,38.251441955566406,18737500,,
2023-01-17,37.20423067963212,37.364111951100234,36.54072447035799,36.83650588989258,29391400,,
2023-01-18,36.4128156878468,36.65263604149222,35.94916341072983,35.97314453125,33835000,,
2023-01-19,35.749310870273064,36.188982005500755,35.68535715268593,35.941165924072266,26614900,,
2023-01-20,36.19697419167956,36.31688588574598,35.757303062571076,36.06107711791992,25197600,,
2023-01-23,36.005118607124665,36.22895051328607,35.829248938294405,35.9571533203125,19398600,,
2023-01-24,35.909187863150855,35.933172031183666,35.293650124127026,35.74131393432617,18853100,,
2023-01-25,35.997121653945804,36.06107536753857,35.64538537762828,36.02909851074219,20828000,,
2023-01-26,35.65800106584517,35.73867404401812,35.18202310868034,35.69833755493164,38465500,0.41,
2023-01-27,35.674135513717104,35.77094370094878,35.319167031406344,35.32723617553711,23798600,,
2023-01-30,35.32723685679698,35.609595357283084,35.01260793411908,35.13361740112305,24402200,,
2023-01-31,34.68991167196299,35.72254061601017,34.447889647886555,35.625732421875,49722500,,
2023-02-01,35.424052242620434,35.6418730204521,35.02068111570493,35.47245788574219,24482300,,
2023-02-02,35.198156569995604,35.86775087247854,35.093279241603085,35.77094268798828,35279200,,
2023-02-03,35.787077385902926,35.81127866230979,35.39984157600979,35.5450553894043,23742000,,
2023-02-06,35.64993126055687,35.738673381387855,35.27883064387892,35.30303192138672,18071200,,
2023-02-07,35.351436226665754,35.415977067565855,34.89159350642088,35.16588592529297,22999500,,
2023-02-08,35.13361520319917,35.57732270940951,35.117479993112674,35.48051452636719,19362300,,
2023-02-09,35.59346073665405,35.762878917233074,34.88352990151843,34.964202880859375,20809200,,
2023-02-10,35.0932746923618,35.48051045760105,34.89965527100403,35.399837493896484,18619600,,
2023-02-13,35.238487690606846,35.50471092678109,35.101339962444904,35.48857879638672,17878000,,
2023-02-14,35.56926094088918,35.65800306834917,35.15782380513845,35.27076721191406,17506900,,
2023-02-15,35.028743512058135,35.182026493802816,34.77865540917307,34.94807052612305,18994700,,
2023-02-16,34.81091948500506,34.835120760875824,34.5043566549101,34.64957046508789,17832000,,
2023-02-17,34.601168183085335,34.988404021860646,34.351080101623694,34.85932540893555,18293400,,
2023-02-21,34.536629541822656,34.633437729698684,34.38334657708574,34.4478874206543,17356600,,
2023-02-22,34.464024039317316,34.60116872128731,34.13325989620957,34.18973159790039,17394200,,
2023-02-23,34.11712466783011,34.4882253008944,34.060652966167154,34.12519073486328,21104300,,
2023-02-24,33.907371035997315,33.923506248035835,33.48786475542691,33.68148422241211,16806100,,
2023-02-27,33.43139068977934,33.66534663159107,32.85860455153144,32.89894104003906,26370300,,
2023-02-28,32.673054819372155,32.842469920581856,32.34229068380598,32.72952651977539,31086900,,
2023-03-01,32.721460779288456,32.882806737777344,32.38262749601264,32.41489791870117,21104400,,
2023-03-02,32.31808576167958,32.89893791140013,32.116400260844664,32.769859313964844,19110600,,
2023-03-03,33.00381783621688,33.221638563593174,32.8666731620226,33.19743728637695,20922000,,
2023-03-06,33.149033550647665,33.28617823268686,32.931212810811665,33.16516876220703,19434800,,
2023-03-07,33.124831116036425,33.181302815784946,32.35035637559975,32.543975830078125,23205800,,
2023-03-08,32.52784226575154,32.72952779719964,32.19707811727573,32.366493225097656,16756100,,
2023-03-09,32.600449136785834,32.729527753641754,31.71303403058599,31.834043502807617,18585100,,
2023-03-10,31.696893940724316,32.21320832868855,31.648488312798982,31.77756690979004,26328100,,
2023-03-13,31.672694966918886,32.681122638881725,31.672694966918886,32.156742095947266,35299400,,
2023-03-14,32.31001625808602,32.39069230400657,31.8824439858748,32.18900680541992,24583600,,
2023-03-15,32.07606863632591,32.697260501916446,31.83404659092788,32.495574951171875,25498400,,
2023-03-16,32.31809198462298,32.664991359053666,32.04379952757261,32.568180084228516,21095900,,
2023-03-17,32.77793246236149,32.90701107556827,32.261618009534374,32.35035705566406,57457800,,
2023-03-20,32.3826302539878,32.963485601944335,32.22128120428019,32.92314910888672,20825400,,
2023-03-21,32.96348067844016,33.00381716547302,32.51977316612532,32.80213165283203,19982000,,
2023-03-22,32.834398212226354,32.9554076590946,32.26161216227819,32.27774429321289,15444200,,
2023-03-23,32.40682877429059,32.67305514525565,32.26968409407966,32.41489791870117,16958100,,
2023-03-24,32.342282855355464,32.640776496304575,32.164798652775715,32.58430480957031,17218100,,
2023-03-27,32.70532365432052,32.76986141844452,32.24548092908393,32.447166442871094,20262800,,
2023-03-28,32.43103467886135,32.51170766195851,32.156742227863155,32.261619567871094,13537500,,
2023-03-29,32.398759976134244,32.48750209230828,32.26161530748464,32.47136688232422,14429500,,
2023-03-30,32.60851551535972,32.66499029590819,32.471370830036726,32.57624816894531,12634500,,
2023-03-31,32.713395474907266,32.93928538276597,32.49557471240633,32.91508102416992,23393600,,
2023-04-03,32.82633407310214,33.455594987147265,32.79406672883779,33.35878372192383,20817200,,
2023-04-04,33.43138492173633,33.50399181951363,32.88280015574704,32.99574661254883,19514500,,
2023-04-05,33.310374796522424,34.06064503240018,33.21356354981314,33.52012634277344,29697600,,
2023-04-06,33.82670056891238,33.96384526522345,33.37492383066712,33.479801177978516,25931800,,
2023-04-10,33.19743922707625,33.673417197506815,33.1732348709683,33.665348052978516,15137300,,
2023-04-11,33.72181881340822,33.875101780397515,33.64114583523891,33.71375274658203,15304100,,
2023-04-12,33.58467456122244,33.7137531744175,33.29424691216435,33.37491989135742,17035100,,
2023-04-13,33.503995661548714,33.64114340751145,33.318445363168124,33.45559310913086,22880900,,
2023-04-14,33.48785919061282,33.64920820670895,33.01995042915819,33.22970199584961,20627500,,
2023-04-17,33.173232095141536,33.30231069950097,33.0441534907821,33.22163772583008,17608600,,
2023-04-18,33.30230392589436,33.34264348200151,32.69724751399961,32.713382720947266,18541500,,
2023-04-19,32.616578666710645,32.72145598634782,32.43102837964576,32.46329879760742,17214300,,
2023-04-20,32.33421974374039,32.42295877565923,32.10026383305773,32.14866638183594,20131600,,
2023-04-21,32.3422901700689,32.51170526858755,32.19707634920239,32.4390983581543,19227100,,
2023-04-24,32.422961677925144,32.4310308217614,32.03572586565499,32.19707489013672,17633700,,
2023-04-25,32.06799235634799,32.20513700999155,31.688822656901905,31.729162216186523,24492400,,
2023-04-26,31.592016240105142,31.616217515039338,30.978893681119324,31.164443969726562,22401400,,
2023-04-27,31.156377822913477,31.325795996176122,30.90628975127053,31.253189086914062,22434000,,
2023-04-28,31.220922822742672,31.390337941086703,31.1563819714818,31.374202728271484,21015300,,
2023-05-01,31.46294913172585,31.882455489446173,31.35000570416222,31.63236427307129,23917800,,
2023-05-02,31.696904800817343,32.366499290415625,31.164455021115046,31.511354446411133,38834100,,
2023-05-03,31.62429415490642,31.777574061618918,30.946630598819954,31.019237518310547,27721900,,
2023-05-04,30.79334355884022,31.00309822195391,30.672334093945516,30.84174919128418,23675100,,
2023-05-05,30.962762013587334,31.05957020187369,30.72880607087489,31.051504135131836,19225100,,
2023-05-08,31.083774804613913,31.245123854001932,30.938560967912416,31.196718215942383,20101700,,
2023-05-09,31.043441772460938,31.19672169385527,30.97083484601573,31.043441772460938,15987900,,
2023-05-10,31.196715686409313,31.23705525359331,30.72074079939787,30.898221969604492,15858200,,
2023-05-11,30.66173249186303,30.70250856258096,30.343699049238808,30.64542579650879,28566400,0.41,
2023-05-12,30.66988529028752,30.759587657918313,30.360005232320354,30.457860946655273,16541300,,
2023-05-15,30.417094467386672,30.466023890359754,30.18060692251671,30.302928924560547,16650400,,
2023-05-16,30.188761393372875,30.368166155013405,30.0338228969963,30.180604934692383,25451700,,
2023-05-17,30.156142172653293,30.213224941049507,29.772869489897957,29.968584060668945,23206400,,
2023-05-18,29.935961643614117,29.993044406664602,29.495606233701274,29.748403549194336,27772400,,
2023-05-19,29.887036167931413,30.702507789312598,29.781023986134198,29.984891891479492,33068300,,
2023-05-22,30.05828276464881,31.69737926233436,29.96858039363738,31.599523544311523,85718600,,
2023-05-23,31.436430305070036,32.73303030432054,30.987921536564702,32.325294494628906,75379500,,
2023-05-24,32.70041205240204,32.733031665120016,31.477204572475117,31.501670837402344,39326400,,
2023-05-25,31.403822242407227,31.403822242407227,30.70251900488758,30.84930419921875,30266600,,
2023-05-26,31.020541224280024,31.34672800636979,30.62911521930588,30.661731719970703,20234600,,
2023-05-30,30.466021883736637,30.466021883736637,30.107212360455577,30.180604934692383,24371100,,
2023-05-31,30.253995012228984,31.167325440865298,30.066436918163653,31.004230499267578,46166300,,
2023-06-01,31.085776414677802,31.15916898285791,30.74327983702214,31.004230499267578,20256100,,
2023-06-02,31.191789856226887,31.526133100189334,31.118397285075257,31.281492233276367,22736400,,
2023-06-05,31.379348777198825,31.819704215606254,31.371195429425715,31.517980575561523,18392200,,
2023-06-06,31.648459521833004,31.68923248689974,31.224413841427694,31.289649963378906,19508200,,
2023-06-07,31.273341920033687,31.85232925545535,31.093940241460363,31.71369743347168,25295100,,
2023-06-08,31.836018034806337,31.958336931485952,31.583220671090544,31.87679100036621,17347600,,
2023-06-09,32.03172103539156,32.284518332194935,31.697377829052673,31.778926849365234,19775100,,
2023-06-12,31.81155055138893,32.67595169780927,31.795243854410327,32.537322998046875,28334600,,
2023-06-13,32.34976401753008,32.92059488565221,32.170362341269616,32.84720230102539,26533800,,
2023-06-14,32.87981785521002,32.896127662086705,32.06434617604157,32.09696578979492,22056400,,
2023-06-15,32.13773284177003,32.480232501642654,32.03172067195505,32.41499328613281,19905900,,
2023-06-16,32.50470592378358,32.912441817236406,32.49654946387885,32.66780090332031,60338600,,
2023-06-20,32.3823777772691,32.512853114027045,32.07250079670485,32.08065414428711,26881200,,
2023-06-21,31.966488400120884,31.999108011787012,31.607678893348233,31.721847534179688,17982900,,
2023-06-22,31.754464008438465,31.795240078375624,31.322265041945556,31.583215713500977,18039800,,
2023-06-23,31.566912048236848,31.697387409395283,31.21625893185267,31.232568740844727,23492200,,
2023-06-26,30.188760597695527,30.213223751537182,29.48745448697854,30.082748413085938,56135500,,
2023-06-27,30.139831683243706,30.172451296096355,29.585310707858653,29.69947624206543,32414900,,
2023-06-28,29.764714098485832,29.79733370983786,29.381441442042878,29.59346580505371,30062000,,
2023-06-29,29.348823013263058,29.536381100048704,29.161261815700257,29.454832077026367,26284900,,
2023-06-30,29.52822260393658,29.968577965526702,29.471139847150113,29.911495208740234,30867900,,
2023-07-03,29.764713385621224,29.960427938268683,29.642391401369405,29.887035369873047,14115800,,
2023-07-05,29.82995647011875,30.188762900535558,29.675014855229243,29.732097625732422,26829400,,
2023-07-06,29.520076421461997,29.577159192101202,29.047101338134073,29.05525779724121,30177300,,
2023-07-07,28.96555957164218,29.16942752771164,28.826927743910314,28.973712921142578,22903300,,
2023-07-10,29.0063249991947,29.365131388708875,28.981861846275674,29.096027374267578,17777500,,
2023-07-11,29.063405236839465,29.389595097699825,29.04709543271874,29.3732852935791,17731300,,
2023-07-12,29.520069914183022,29.560842868397824,29.291735771181514,29.34882164001465,17229700,,
2023-07-13,29.365138227908975,29.650555225140263,29.29174564128128,29.405914306640625,16664400,,
2023-07-14,29.601623465263184,29.756565086370614,29.36513591467234,29.61793327331543,17915100,,
2023-07-17,29.45483244394787,29.45483244394787,29.177571983772367,29.24281120300293,20557300,,
2023-07-18,29.291740527620473,29.7484057770005,29.259124025418515,29.55269432067871,22808300,,
2023-07-19,29.63424005905782,29.92781035250224,29.528227872919004,29.71578598022461,18589700,,
2023-07-20,29.683168262586115,30.229532755738376,29.6505486511443,29.984891891479492,22358400,,
2023-07-21,30.0093646020455,30.52311275815167,30.0093646020455,30.49864959716797,24149700,,
2023-07-24,30.50679673942182,30.824830210606837,30.47417712422907,30.588342666625977,19414700,,
2023-07-25,30.498636867344224,30.759587511513363,30.213219961625004,30.221376419067383,21771000,,
2023-07-26,30.066436133986702,30.457862117145897,29.976733762908665,30.34369659423828,20983700,,
2023-07-27,30.384930690578408,30.516859712978075,29.83247889222855,29.848970413208008,25346300,0.41,
2023-07-28,29.972648581062746,30.05510617627251,29.700546380459617,29.74177360534668,24054100,,
2023-07-31,29.832477929150787,29.84072211665637,29.618091308774837,29.733531951904297,40265200,,
2023-08-01,29.585101359053287,30.442638112822276,29.164575594155234,29.362470626831055,40931600,,
2023-08-02,29.378972319591398,29.593355795944973,29.09037542801875,29.148094177246094,34301600,,
2023-08-03,29.007915675436795,29.090370117728266,28.79352909278241,28.859495162963867,25676500,,
2023-08-04,28.81826926525006,29.139846008564174,28.579146968014,28.875988006591797,25746500,,
2023-08-07,28.86773978869425,29.560367808971996,28.777041158966373,29.420194625854492,31069100,,
2023-08-08,29.989142915064473,29.989142915064473,29.181077278772744,29.387216567993164,25225500,,
2023-08-09,29.354227058055365,29.733525657166638,29.280016804472208,29.552122116088867,17210500,,
2023-08-10,29.535634764081014,29.758265556224618,29.354231197422735,29.45318031311035,18955200,,
2023-08-11,29.370723485179845,29.914931053958014,29.34598777832858,29.717039108276367,16609400,,
2023-08-14,29.535634335475724,30.104577587962734,29.535634335475724,29.74177360534668,20295500,,
2023-08-15,29.585110423652512,29.609846130777715,29.156340342679485,29.181076049804688,20484300,,
2023-08-16,28.97493761487814,29.395463520894108,28.851255930206772,29.255287170410156,22215600,,
2023-08-17,29.354234910569563,30.27774123452492,29.345990722603926,30.104581832885742,31113600,,
2023-08-18,30.05510382205946,30.384924740756773,29.947910529401025,30.228260040283203,24145100,,
2023-08-21,30.26948496853113,30.665271928241786,30.21176623349636,30.5168514251709,28496500,,
2023-08-22,30.5168535560362,30.632294179601637,29.4531774036696,30.376680374145508,18524100,,
2023-08-23,30.58281980832347,30.61580284382382,30.145805596967723,30.228260040283203,19370900,,
2023-08-24,30.079840823113994,30.21176982536923,29.733528371732316,29.815982818603516,19380800,,
2023-08-25,29.79948806307218,30.252993762471252,29.651067558478275,29.99738311767578,16421300,,
2023-08-28,30.046859823662547,30.112825901981076,29.70879153586944,29.85721206665039,15101900,,
2023-08-29,29.898435979948257,30.459135001783835,29.684052540039545,29.807737350463867,21076500,,
2023-08-30,29.83247562452415,29.890194368912024,29.535634570280422,29.601600646972656,16833000,,
2023-08-31,29.63457859918042,29.67580896713081,29.172828674316406,29.172828674316406,27919500,,
2023-09-01,29.387215626951114,29.733531257378328,29.35423258682741,29.502653121948242,17522500,,
2023-09-05,29.651070117273484,29.923175447655883,29.148089824459078,29.172828674316406,25856100,,
2023-09-06,29.073878263138408,29.09036978049259,28.249321268041133,28.340023040771484,35370200,,
2023-09-07,28.42248359335827,28.562656787342583,28.06792379683418,28.26581573486328,26777700,,
2023-09-08,28.224585905542384,28.356514900533593,28.076165392997858,28.241077423095703,19467700,,
2023-09-11,28.23283371814918,28.282305126216826,27.65564317568855,27.985464096069336,27574400,,
2023-09-12,28.010207922300495,28.208099880602678,27.828804339326854,28.158628463745117,17987200,,
2023-09-13,28.208094611514625,28.546162860448213,28.034938393985673,28.10090446472168,23853300,,
2023-09-14,28.232838734467425,28.34827623438303,28.018452109964766,28.158628463745117,23759900,,
2023-09-15,28.08441099633308,28.381248857721026,27.878271757754277,28.092655181884766,58063800,,
2023-09-18,28.133883209177984,28.133883209177984,27.573184212492404,27.738096237182617,25421900,,
2023-09-19,27.66389002243596,28.043185532798176,27.639154316023205,28.026697158813477,30323300,,
2023-09-20,28.100905842712997,28.10915002924158,27.663888466245265,27.721607208251953,24651400,,
2023-09-21,27.59792423764031,27.696870198499884,27.070208252475414,27.08669662475586,26980600,,
2023-09-22,27.276345169586854,27.284589355020973,26.79810063309507,26.95476531982422,28570800,,
2023-09-25,26.954765441248213,27.19388771057129,26.723890502831527,27.19388771057129,19443700,,
2023-09-26,26.9795066453445,27.17739856829289,26.682665615486517,26.715648651123047,26015500,,
2023-09-27,26.740384209251523,26.79810294858287,26.303368425757803,26.468278884887695,26430100,,
2023-09-28,26.435299619637327,26.649683064301147,26.196177325078686,26.46003532409668,28197600,,
2023-09-29,26.67442076110599,27.400031885319997,26.633193535449262,27.350557327270508,42421400,,
2023-10-02,27.169154408599145,28.001955613903686,27.01248656189052,27.985464096069336,44620600,,
2023-10-03,27.903015289407183,28.12564610699453,27.795821974546005,27.952489852905273,31059900,,
2023-10-04,27.98546250909065,28.10090312738478,27.21862427317339,27.465993881225586,23722300,,
2023-10-05,27.581439386501213,27.853541630992403,27.25161524333526,27.597930908203125,21279400,,
2023-10-06,27.639154124946042,27.672137163558833,27.26810280414136,27.317577362060547,23760400,,
2023-10-09,27.25985815130197,27.597926427715866,27.020735843599653,27.375295639038086,17468100,,
2023-10-10,27.27635020834982,27.5402082270757,27.218628317907573,27.350557327270508,19212100,,
2023-10-11,27.408273986331555,27.482484236523526,27.061958436957323,27.30108070373535,24221200,,
2023-10-12,27.301088499719263,27.39179029201377,27.020738935098052,27.144420623779297,21809900,,
2023-10-13,27.160906947340614,27.202137314447423,26.40231600319327,26.476526260375977,32388100,,
2023-10-16,27.070208057833625,27.968972176118417,26.847577288423825,27.433012008666992,63317400,,
2023-10-17,27.210383116743948,27.367047826574453,26.550738094516056,27.004243850708008,40015800,,
2023-10-18,26.831088150092985,26.94652563807486,25.882846249495042,25.899337768554688,30307600,,
2023-10-19,25.874598354770214,25.973545888245027,25.48705712515572,25.717933654785156,26880300,,
2023-10-20,25.61073897679439,25.65196776881059,25.132495998429754,25.27267074584961,39407900,,
2023-10-23,25.37162352185381,25.882848066855814,25.173729997396457,25.42934226989746,29412100,,
2023-10-24,25.462322098833138,25.586006919786687,25.000570571484797,25.091272354125977,26923800,,
2023-10-25,25.116007519996973,25.561269091331155,24.918114012532158,25.338638305664062,28857900,,
2023-10-26,25.23969150728062,25.866355046645374,25.148989729576403,25.69319725036621,27162700,,
2023-10-27,25.61074378919685,25.668462536147594,24.75320519945252,24.827415466308594,33877100,,
2023-10-30,24.93460760731653,25.297413187567056,24.827415871617788,25.19021987915039,33063500,,
2023-10-31,24.97583233739035,25.412846541769415,24.4893435805506,25.198461532592773,42648200,,
2023-11-01,25.19846141269794,25.62723142901113,25.12425115707767,25.15723419189453,23568300,,
2023-11-02,25.15723829850238,25.272675793769803,24.909870215149148,25.14899253845215,29640900,,
2023-11-03,25.478812794762348,25.88284556472747,25.42933981161011,25.775653839111328,28071000,,
2023-11-06,25.82512949823208,25.899339767008904,25.52828842312479,25.709692001342773,27381200,,
2023-11-07,25.627233606524882,25.882845857203936,25.47056732326839,25.76740837097168,18086400,,
2023-11-08,25.495303536808233,25.80863451751883,25.190216742440413,25.4128475189209,29398300,,
2023-11-09,25.47970045075014,25.496414313541933,24.761020289919934,24.802804946899414,28737700,0.41,
2023-11-10,24.861302076020916,24.919799002348785,24.25961735589205,24.635669708251953,33844100,,
2023-11-13,24.51867572067745,24.53538958351393,24.176049502138113,24.217832565307617,35519900,,
2023-11-14,24.30975763219069,24.827874637597265,24.226189910502676,24.45182228088379,40084300,,
2023-11-15,24.41003646327917,25.362705894983346,24.41003646327917,25.2289981842041,43614600,,
2023-11-16,25.295850581419266,25.446272145855303,24.627310472139264,24.878013610839844,32407200,,
2023-11-17,25.003368377685547,25.078579171918996,24.852946789218645,25.003368377685547,27009200,,
2023-11-20,24.98665299304859,25.187214567491694,24.869659139770537,25.05350685119629,26335700,,
2023-11-21,25.086935139759653,25.37106444173889,24.869659697427192,25.3209228515625,25988700,,
2023-11-22,25.396135787871852,25.55491431566409,25.187217259590124,25.33763885498047,19226800,,
2023-11-24,25.38777840443931,25.655195454783456,25.38777840443931,25.488059997558594,11129700,,
2023-11-27,25.696975548726623,25.696975548726623,25.095290841397507,25.187213897705078,26066700,,
2023-11-28,25.162148047098775,25.162148047098775,24.76938019396285,24.81116485595703,29497700,,
2023-11-29,24.878018802025174,25.2540711976629,24.84459107232126,25.13707733154297,26185200,,
2023-11-30,25.32928017840085,25.496415627086012,25.0367939401627,25.462987899780273,45356600,,
2023-12-01,24.20947608561119,24.56881617369189,23.649574421515577,24.15933609008789,103624000,,
2023-12-04,24.25126093606446,24.76937794640366,24.25126093606446,24.468536376953125,47410400,,
2023-12-05,24.41003722190618,24.73595117174094,24.293043369818758,24.309757232666016,39853000,,
2023-12-06,24.30975881910045,24.56881733445212,24.000558711934808,24.059057235717773,33410500,,
2023-12-07,24.08412488383491,24.150978741351775,23.816709453767448,23.92534637451172,35782900,,
2023-12-08,23.94206261589875,24.209478072532637,23.89192261626036,24.050701141357422,31890700,,
2023-12-11,24.050695994203643,24.07576519169679,23.76656673385694,23.933700561523438,37833900,,
2023-12-12,23.91699363205623,24.117555226368253,23.691361240734505,23.88356590270996,48587500,,
2023-12-13,21.961514464904656,22.337566828604565,21.526963579191126,22.279069900512695,158100700,,
2023-12-14,22.3626381194797,22.830615148510343,21.735882572164424,21.836162567138672,101889800,,
2023-12-15,21.836160804911245,22.55484095122196,21.794377742697595,22.253997802734375,138388400,,
2023-12-18,22.496346515527982,22.81390196768206,22.329211060338366,22.613340377807617,63329400,,
2023-12-19,22.797188860144427,23.599435190182184,22.788831928299643,23.532581329345703,70094700,,
2023-12-20,23.557654571704212,23.616151506771715,23.072963631816695,23.089675903320312,56184300,,
2023-12-21,23.28187990942946,23.699716941004738,23.215026048134284,23.65793228149414,51056600,,
2023-12-22,23.766568670044027,24.059054884690205,23.549293241847483,23.73314094543457,35162300,,
2023-12-26,23.75821281020195,23.8417805315722,23.607791230519837,23.741498947143555,30119100,,
2023-12-27,23.791636841287556,24.008912260093297,23.657929136471957,23.908632278442383,35000700,,
2023-12-28,23.90863564811945,24.259618821208274,23.883564852212466,24.059057235717773,30472900,,
2023-12-29,24.05070030374878,24.12591109754794,23.85013871825828,24.059057235717773,30363100,,
2024-01-02,24.134265968985137,25.304210919276112,24.092482903869783,24.844589233398438,57948700,,
2024-01-03,25.070221610433563,25.103649337663256,24.57717379124796,24.844589233398438,43426500,,
2024-01-04,24.894729680946504,25.028437395881184,24.259617238045934,24.309757232666016,45558200,,
2024-01-05,24.25126124874935,24.644027477388168,24.02562887331095,24.6273136138916,33612800,,
2024-01-08,24.535392457626255,24.80280791864858,24.376613929923547,24.719240188598633,32972100,,
2024-01-09,24.735952588876344,24.953228036573442,24.501963277374443,24.568817138671875,39856900,,
2024-01-10,24.53539066746485,24.560459868905408,24.13426591127652,24.2261905670166,37413300,,
2024-01-11,24.092481015378024,24.167691801827658,23.624504028297117,23.73314094543457,46884700,,
2024-01-12,23.783283483155696,24.18440825177992,23.766571212984452,23.98384666442871,30373500,,
2024-01-16,23.900277679067692,24.000557670500683,23.582720653712514,23.666288375854492,38826000,,
2024-01-17,23.532582167127646,23.841782280705285,23.340377509620325,23.52422523498535,33312600,,
2024-01-18,23.43230369196976,23.507512898294102,23.064606623423746,23.47408676147461,50321100,,
2024-01-19,23.423941693529258,23.71642630465318,23.340373978670314,23.63286018371582,35549300,,
2024-01-22,23.666289213396258,23.916992388694496,23.34037683882251,23.65793228149414,41663900,,
2024-01-23,23.766569974824048,23.94206075689318,23.52422373986565,23.75821304321289,33466700,,
2024-01-24,23.850140682873306,24.05070228488473,23.67464828491211,23.67464828491211,42720700,,
2024-01-25,23.59830601828382,23.68313131051079,23.28445454032427,23.30141830444336,47605500,0.42,
2024-01-26,23.43713812484336,23.674648619497308,23.208111939110783,23.30141830444336,47073800,,
2024-01-29,23.34383104683152,23.437137409315486,23.165697776802443,23.309900283813477,67082700,,
2024-01-30,23.6576826473839,24.064843716336092,22.860329126899003,22.919706344604492,86072400,,
2024-01-31,23.04694081132497,23.33534579367797,22.716123997764385,22.970598220825195,81192100,,
2024-02-01,22.987563362535052,23.1826603727228,22.673710313961493,23.148731231689453,53883000,,
2024-02-02,23.055425215852512,23.07239059676038,22.639783091056497,22.84336280822754,51718500,,
2024-02-05,22.85184361942252,22.85184361942252,22.495578739194283,22.53799057006836,42633400,,
2024-02-06,22.6143307435366,23.521957417682543,22.53798816179465,23.326860427856445,56958700,,
2024-02-07,23.36927533615441,23.454100617933104,23.15721294066151,23.377758026123047,36843000,,
2024-02-08,23.377761129095866,23.48803449541726,23.250523998493247,23.38624382019043,29048400,,
2024-02-09,23.377758026123047,23.40320609602896,23.22507284250293,23.377758026123047,29062700,,
2024-02-12,23.36079449704679,23.767953912155498,23.343829116940338,23.462583541870117,30323700,,
2024-02-13,23.360794348215357,23.60678588656094,22.78398437153236,22.877290725708008,37927500,,
2024-02-14,22.911222687100675,23.046942498388983,22.826397400568542,22.996047973632812,25270200,,
2024-02-15,23.11480302552221,23.589822377803156,23.089354953506014,23.33534812927246,36111600,,
2024-02-16,23.36927488839825,23.65767987017536,23.080869906621146,23.428653717041016,35935300,,
2024-02-20,23.420171251356603,23.869742490029047,23.343828660278703,23.40320587158203,34232000,,
2024-02-21,23.411690213096644,23.47955011907458,23.20811049516284,23.471067428588867,27348300,,
2024-02-22,23.4032106278952,23.496518617710965,23.063911052985134,23.369279861450195,31957500,,
2024-02-23,23.53892636747998,23.827331360514155,23.488031844564457,23.547409057617188,33182600,,
2024-02-26,23.471067776434115,23.471067776434115,22.96211766510298,23.0554256439209,45685500,,
2024-02-27,23.004529712374776,23.07238961521155,22.74157117321303,22.809431076049805,38598400,,
2024-02-28,22.868808781139247,23.106319255135208,22.750054353095134,22.936670303344727,31010200,,
2024-02-29,22.962114130493454,23.06390478425394,22.52102399404394,22.52950668334961,54643200,,
2024-03-01,22.758538065542613,22.817915282231525,22.487098436160274,22.55495834350586,46392100,,
2024-03-04,22.308965784973555,22.444685603417042,21.72367467465146,21.961183547973633,86777700,,
2024-03-05,21.94421715177657,22.410753769474095,21.79153196986606,22.12234878540039,73646100,,
2024-03-06,22.817910682858102,23.157210151193922,22.72460434025793,23.06390380859375,84919500,,
2024-03-07,23.072389672796312,23.17417871835167,22.699159397308673,22.724607467651367,46423800,,
2024-03-08,22.80094668404666,23.157211551824307,22.77550023357456,23.089351654052734,45906600,,
2024-03-11,23.165694633684172,24.081804078072015,23.165694633684172,24.06484031677246,52600100,,
2024-03-12,24.01394805824266,24.039396131164157,23.54741138003699,23.75947380065918,48758200,,
2024-03-13,23.996985651699294,24.336285220307214,23.91216035507032,23.937606811523438,39273000,,
2024-03-14,23.963050119739865,23.988498189039436,23.55589071839256,23.86125946044922,36428000,,
2024-03-15,23.717057985373952,23.988499215798058,23.632234319893364,23.70009422302246,75727900,,
2024-03-18,23.759472402833246,23.7764377837828,23.42017287338111,23.513479232788086,36226500,,
2024-03-19,23.47106454683938,23.564372512818217,23.17417688792201,23.4371337890625,29026600,,
2024-03-20,23.30990121317257,23.530446327859448,23.08087340739298,23.496517181396484,34468000,,
2024-03-21,23.538926134441464,23.78491929226195,23.437135471710437,23.462583541870117,29633700,,
2024-03-22,23.301415255099563,23.61526830989456,23.191143522170744,23.20810890197754,28830100,,
2024-03-25,23.106320590874862,23.309900315536705,22.987566155965744,23.267488479614258,31110600,,
2024-03-26,23.28445144897537,23.437135013223507,23.165695408461048,23.40320587158203,38220300,,
2024-03-27,23.504994188979037,23.700092814549926,23.360793319068662,23.564373016357422,34247600,,
2024-03-28,23.598304293092724,23.85278015116978,23.513479007067037,23.53892707824707,40466700,,
2024-04-01,23.54740999468719,23.640717972001944,23.394724801956784,23.513479232788086,26596600,,
2024-04-02,23.386245244672697,23.538930457859227,23.250525414708672,23.369279861450195,32451500,,
2024-04-03,23.335344794666923,23.538924487981635,23.07238789304053,23.089351654052734,36828600,,
2024-04-04,23.165698703350806,23.24204130528702,22.59737134333004,22.605854034423828,41922700,,
2024-04-05,22.52951072343358,22.648266777101227,22.35137906979388,22.614336013793945,39880500,,
2024-04-08,22.563437928416626,22.750052243453492,22.495578030411618,22.546472549438477,24431400,,
2024-04-09,22.707644704538,23.25900668224727,22.60585402934329,22.716127395629883,45127800,,
2024-04-10,22.495578290301268,22.55495549950318,22.19020793679703,22.325927734375,44541600,,
2024-04-11,22.351374382163026,22.436199654733453,22.164758458926592,22.342891693115234,32814500,,
2024-04-12,22.26655253675887,22.325929751324985,21.910287631454416,21.93573570251465,43034100,,
2024-04-15,21.978147506713867,22.198692601881636,21.84242769705797,21.978147506713867,35660200,,
2024-04-16,21.90180233478735,22.046004817819725,21.78304791978689,21.79153060913086,28885300,,
2024-04-17,21.79153158350237,21.79153158350237,21.42678401494038,21.562503814697266,43828900,,
2024-04-18,21.50312492355662,21.596431267403077,21.401334272742524,21.53705406188965,35788400,,
2024-04-19,21.537056372903933,22.054489135742188,21.50312723093017,22.054489135742188,38372800,,
2024-04-22,22.054490756440952,22.478615578680202,21.995113540192705,22.275035858154297,35678700,,
2024-04-23,22.334410423962076,22.453164842365897,22.21565600555825,22.325927734375,24297800,,
2024-04-24,22.266552456878458,22.342895051877516,22.08842081381915,22.283517837524414,24547800,,
2024-04-25,22.28351678254816,22.41923658547489,21.41830182545948,21.42678451538086,47661400,,
2024-04-26,21.48616073979435,21.66429398414409,21.375889011697918,21.5455379486084,46526500,,
2024-04-29,21.698228088702358,21.927255904733777,21.66429894072065,21.749122619628906,39995300,,
2024-04-30,21.757605117171153,21.910290326497847,21.706710586698236,21.732158660888672,38017700,,
2024-05-01,22.334413121027445,23.28445343670608,22.07145618370435,23.0554256439209,97388900,,
2024-05-02,23.08087340739298,23.700096913897934,23.004532423374343,23.496517181396484,69649000,,
2024-05-03,23.632234312451054,23.674646145177995,23.343829319766286,23.589820861816406,60568900,,
2024-05-06,23.734025917670362,24.03091363249886,23.71706053558693,23.88671112060547,59899700,,
2024-05-07,23.996983146430704,24.166632104069446,23.242039864947177,23.555892944335938,65606400,,
2024-05-08,23.496514692656895,24.03939392182592,23.343829504976174,23.980016708374023,39087800,,
2024-05-09,23.902524384125353,24.32443473645965,23.523665471746877,24.264162063598633,47831100,0.42,
2024-05-10,24.31582182557478,24.350264288135193,24.04028869431952,24.117782592773438,25849800,,
2024-05-13,24.272772809139482,24.668851314222426,24.2555515761427,24.488033294677734,39609800,,
2024-05-14,24.582744215431017,24.694680575872706,24.272770265508097,24.43636703491211,23530900,,
2024-05-15,24.531083744794678,24.961604698495478,24.52247312864381,24.815227508544922,38376300,,
2024-05-16,24.858277607244652,24.996044164517553,24.68606858950007,24.901329040527344,40077800,,
2024-05-17,24.884109345952048,24.89271996160135,24.548303547164295,24.66023826599121,26106400,,
2024-05-20,24.677459775018306,24.720511211442325,24.505250744708174,24.56552505493164,22423300,,
2024-05-21,24.513862374850227,24.686071412286456,24.384706417926605,24.59135627746582,28119900,,
2024-05-22,24.51386107637854,25.512669499065865,24.470809640453417,25.486839294433594,46987500,,
2024-05-23,25.340463662717404,25.340463662717404,24.6860716143337,24.703292846679688,42031300,,
2024-05-24,24.68607193852708,24.961605090452988,24.582746185401295,24.86688995361328,22589100,,
2024-05-28,24.79800599520844,24.866889281327634,24.22110785809505,24.36748504638672,32371200,,
2024-05-29,24.246939864331782,24.2555504804412,23.842250761031558,23.954185485839844,24241700,,
2024-05-30,24.03167867422564,24.281381607055664,23.92835456859787,24.281381607055664,23298600,,
2024-05-31,24.40192846884872,24.754955529361123,24.315823947241682,24.677461624145508,78290100,,
2024-06-03,24.677461816814283,25.426569025644824,24.660240583896993,25.237138748168945,38177200,,
2024-06-04,25.228527658343705,25.598775947582627,25.116592931095887,25.392126083374023,46309500,,
2024-06-05,25.4523972368772,25.50406093157789,25.11659143285787,25.44378662109375,27346700,,
2024-06-06,25.280190704096572,25.435178508832344,24.78939708397135,24.798006057739258,35360400,,
2024-06-07,24.754953000006473,25.013264896127225,24.58274397438798,24.60857582092285,27526200,,
2024-06-10,24.410537352769197,24.410537352769197,23.79058615504361,24.169445037841797,36977900,,
2024-06-11,24.066120760138745,24.39331594590369,24.014457065828207,24.1350040435791,29573500,,
2024-06-12,24.2555511818774,24.307213237720827,23.730315080163294,23.81641960144043,32507900,,
2024-06-13,23.678651967366335,23.86808059187472,23.42034005737244,23.80780792236328,33945200,,
2024-06-14,23.89391549565879,24.298604644354644,23.618382318478016,23.704486846923828,29461900,,
2024-06-17,23.63560201963795,23.661432226881264,23.13619775781203,23.230911254882812,32194600,,
2024-06-18,23.230907988118247,23.64420766896423,23.205077784507214,23.60115623474121,29817800,,
2024-06-20,23.420339828067757,24.074730212619542,23.37728674861892,23.88530158996582,29693400,,
2024-06-21,23.911133437635122,24.014457543698224,23.730313788564114,23.88530158996582,52487000,,
2024-06-24,24.06612234266928,24.46220083791976,23.876692069021548,24.41914939880371,35414100,,
2024-06-25,24.453590103748958,24.496643184964586,24.04890099416477,24.100563049316406,24721600,,
2024-06-26,24.031678228980095,24.048899460368006,23.30840293375797,23.60976791381836,30745800,,
2024-06-27,23.566719277399237,23.96279779253352,23.30840570281377,23.936965942382812,28399600,,
2024-06-28,23.919742086180108,24.212496433125597,23.799195115945132,24.091949462890625,33189200,,
2024-07-01,24.066122981236084,24.65163012336292,24.057512364722974,24.298603057861328,26209000,,
2024-07-02,24.29859912838995,24.35026281911376,23.842248023144656,23.962793350219727,21989800,,
2024-07-03,24.040291139479958,24.152225869572266,23.781979213231757,23.850862503051758,15180100,,
2024-07-05,23.902524188531395,24.186667959913315,23.82503028339931,24.152225494384766,17268700,,
2024-07-08,24.152222797332673,24.212497105276864,23.92835336562496,24.048898696899414,25694400,,
2024-07-09,24.005844789160257,24.057508479896214,23.506440608194367,23.868078231811523,36867800,,
2024-07-10,23.962797418625907,24.462201684263285,23.93696556887827,24.410539627075195,29873600,,
2024-07-11,24.780787378535376,25.168255262306303,24.470811757672916,24.677461624145508,47322600,,
2024-07-12,24.884107810291503,25.090757646200856,24.7893943286082,24.901329040527344,28397000,,
2024-07-15,24.996045616062432,25.202695463972145,24.8238365883175,25.056318283081055,30534400,,
2024-07-16,25.142423944007376,25.452397908860156,25.073540658228197,25.40073585510254,26912100,,
2024-07-17,25.331852019873487,26.089568147009558,25.237136888116336,25.857088088989258,45395000,,
2024-07-18,25.753763452135217,26.42537673461103,25.51267112558585,25.581554412841797,47279700,,
2024-07-19,25.779595437504813,25.831257492644106,25.443787973331595,25.8054256439209,30021200,,
2024-07-22,25.92597083855928,26.02929494170238,25.297409034826234,25.486839294433594,46483200,,
2024-07-23,25.50406160492485,25.521281194639336,25.254358667533392,25.40073585510254,25528300,,
2024-07-24,25.409348196848338,25.82264793959364,25.237139149550867,25.814037322998047,29579400,,
2024-07-25,25.805424552857072,26.63202561167236,25.805424552857072,25.986244201660156,42296200,,
2024-07-26,26.32679084204672,26.96422187045157,26.20454425180055,26.86817169189453,35657100,0.42,
2024-07-29,26.798315828557847,27.00788212224588,26.580017397780544,26.82451057434082,41713700,,
2024-07-30,27.077738724169443,27.540532017000547,26.003710798026333,27.4095516204834,89857500,,
2024-07-31,27.243643199842307,27.29603435376359,26.606210554280196,26.667335510253906,40978700,,
2024-08-01,26.824509063402267,26.9030966272943,26.11722265385873,26.763385772705078,39753100,,
2024-08-02,26.964219488165874,27.34842516490415,26.204541936632275,26.5712833404541,42364700,,
2024-08-05,25.40120494393892,26.204543217015658,25.191638655156055,25.968780517578125,37838000,,
2024-08-06,25.960046691368806,26.23946839156287,25.540914141077707,25.60203742980957,29031800,,
2024-08-07,25.872728976584096,26.029904111360405,25.095587105173273,25.191638946533203,32866100,,
2024-08-08,25.26149153455466,25.331346957096912,24.92094655784677,25.113048553466797,32094400,,
2024-08-09,25.01699957510979,25.10431927961411,24.842361831585986,24.92967987060547,25795600,,
2024-08-12,24.955873982404768,24.982070390988028,24.72884343780391,24.84235954284668,21141600,,
2024-08-13,24.929679833411075,25.278958650907246,24.720113542204274,25.191638946533203,34620700,,
2024-08-14,25.147979040091517,25.479793593887653,25.03446458673066,25.21783447265625,23677700,,
2024-08-15,25.261493015629384,25.33134844226724,24.903483745924774,25.06938934326172,28676800,,
2024-08-16,25.016998120130886,25.016998120130886,24.31844385569364,24.711380004882812,50332900,,
2024-08-19,24.75504166428329,25.226565395015694,24.693918371918425,25.147977828979492,26382500,,
2024-08-20,25.147978451704166,25.48852513478873,25.147978451704166,25.23529815673828,21301300,,
2024-08-21,25.305155229875858,25.471062513658936,25.26149620726792,25.34881591796875,16729700,,
2024-08-22,25.34008234678128,25.43613252418187,24.920949757710908,25.130516052246094,20241500,,
2024-08-23,25.165442725807956,25.270226704945866,25.00826758984352,25.23529815673828,21885300,,
2024-08-26,25.252761840820312,25.366276288873046,25.121783119071836,25.252761840820312,16506000,,
2024-08-27,25.305152368189372,25.35754518797589,24.938410957107582,25.165441513061523,16184600,,
2024-08-28,25.130513119742616,25.392470540972326,25.00826487974871,25.10431671142578,19874100,,
2024-08-29,25.20910156600986,25.226564173350717,24.912215589913902,25.078121185302734,19229800,,
2024-08-30,25.078123345211615,25.366277209712674,25.03446432487216,25.331350326538086,37137600,,
2024-09-03,25.016998120130886,25.252760808935236,24.571669151995366,24.711380004882812,44499600,,
2024-09-04,24.702650453409156,24.92094887735734,24.624062887549027,24.789968490600586,23510500,,
2024-09-05,24.824897073297677,25.147977808530634,24.755041644153945,24.894752502441406,25927200,,
2024-09-06,24.938411712646484,25.121783256485223,24.69391854150792,24.938411712646484,31214500,,
2024-09-09,24.92094649804041,25.837799124892744,24.842358939683397,25.68062400817871,36558400,,
2024-09-10,25.689358799200967,25.986244791347904,25.488524647302988,25.968780517578125,32378800,,
2024-09-11,25.916388146852455,25.933852419803546,25.444862770081425,25.898923873901367,31943100,,
2024-09-12,25.829071309689635,25.942585765480736,25.113052694200572,25.462329864501953,32511800,,
2024-09-13,25.462328286516055,25.602039145978257,25.313885290151866,25.558380126953125,19987700,,
2024-09-16,25.82033825587589,26.318058414076752,25.706823804113444,26.256935119628906,29224600,,
2024-09-17,26.23946718225742,26.318054740000704,25.846531059025633,26.047365188598633,27055300,,
2024-09-18,26.195810782809218,26.318057366840524,25.960048086047582,25.97751235961914,25812800,,
2024-09-19,26.0997580163847,26.501427966836104,25.776677294213204,25.898923873901367,22653200,,
2024-09-20,25.794143645581993,25.802874117276275,25.523452389482774,25.689359664916992,56877400,,
2024-09-23,25.6980895592885,25.733016439472003,25.479791145316273,25.593305587768555,23126200,,
2024-09-24,25.540915974115922,25.837801968250414,25.453596270167278,25.759214401245117,21446200,,
2024-09-25,25.846531569441225,25.942581735425097,25.244027503339385,25.261491775512695,30712700,,
2024-09-26,24.8685544600626,25.331347688698987,24.72011147468751,25.296419143676758,32310400,,
2024-09-27,25.340081769870633,25.523451648857368,25.25276206609774,25.40120506286621,25013000,,
2024-09-30,25.41867043543587,25.488525868376712,25.130516566369295,25.270227432250977,27464700,,
2024-10-01,25.36627482879369,25.392471237829444,24.91221539723355,25.034461975097656,30725100,,
2024-10-02,24.973340693153183,25.1217836919827,24.781237009088603,24.982072830200195,24957200,,
2024-10-03,24.886022055518787,24.903486330361847,24.676455753856818,24.74631118774414,25678900,,
2024-10-04,24.702648206683133,24.96460562540179,24.65898752657359,24.955873489379883,28769000,,
2024-10-07,25.645698312897423,26.056098730096487,25.41866776333473,25.497255325317383,51426600,,
2024-10-08,25.50598638551163,25.75048121349369,25.322616513638653,25.47979164123535,29126600,,
2024-10-09,25.514718302793444,26.571283503953833,25.409935995619445,26.361717224121094,44244800,,
2024-10-10,26.099760828088236,26.265668108027167,25.567113769576277,25.619504928588867,34347700,,
2024-10-11,25.636969282395103,25.70682471645538,25.278959974650576,25.462329864501953,29617600,,
2024-10-14,25.462326738961977,25.47105887533324,25.191637173391584,25.392471313476562,23594200,,
2024-10-15,25.40120521668561,25.968780796419185,25.38374094272831,25.706823348999023,29009900,,
2024-10-16,25.75921462493471,26.03863634760897,25.698091331285323,25.907657623291016,28414800,,
2024-10-17,25.74175000544046,25.785410689950407,25.514719442443177,25.558380126953125,23779200,,
2024-10-18,25.584574437944905,25.645699395221403,25.392472425816,25.514719009399414,24244900,,
2024-10-21,25.514717060087015,25.514717060087015,25.217831095079422,25.261491775512695,23395700,,
2024-10-22,25.235296350219564,25.313883912575935,24.973338919354806,25.182905197143555,29036400,,
2024-10-23,25.209101017448358,25.41866729034089,25.03446162396224,25.200368881225586,22217600,,
2024-10-24,25.20037012438293,25.305152433255856,24.886019866794605,25.00826644897461,31473600,,
2024-10-25,25.04319367886428,25.086852694351695,24.833627406652262,24.84235954284668,26091100,,
2024-10-28,24.973338335887508,25.270224305523094,24.93840979099641,25.200368881225586,37922500,,
2024-10-29,25.331348909174213,25.471059765025075,24.47561950071649,24.851091384887695,102267000,,
2024-10-30,24.720114697527006,24.973341685498095,24.6153323797689,24.903486251831055,47104000,,
2024-10-31,24.842360386763946,25.00826598363983,24.702649533876496,24.711380004882812,37909600,,
2024-11-01,24.86855633422922,24.92094915571104,24.493082774366936,24.528011322021484,46894600,,
2024-11-04,24.53674270396014,24.571669585055197,24.213660310035834,24.239856719970703,41347800,,
2024-11-05,24.222392573450612,24.449423130953353,24.08268171736966,24.440690994262695,44175800,,
2024-11-06,24.388299346544372,24.44069050014434,23.64608439769172,23.890579223632812,65749500,,
2024-11-07,24.03902068841552,24.091411838691897,23.87311343614158,23.977895736694336,48484800,,
2024-11-08,24.03997382407521,24.075443211310784,23.685269803594764,23.694137573242188,55951300,0.42,
2024-11-11,23.69413448445965,23.791678246511317,23.250756208012287,23.268491744995117,54329300,,
2024-11-12,23.259628630431347,23.445848423303254,23.01133782840779,23.224159240722656,53035200,,
2024-11-13,23.25962700864317,23.720740882184458,23.037937841519955,23.694137573242188,47983100,,
2024-11-14,23.711870337180766,23.80941410053129,22.913789767219356,23.073406219482422,45262200,,
2024-11-15,22.789646118878085,22.789646118878085,21.70780194537451,21.99156379699707,131074400,,
2024-11-18,22.142311361527952,22.390603814697172,21.90288836854238,22.044769287109375,64221700,,
2024-11-19,21.902887064904014,22.26645710851184,21.82307884154094,22.25758934020996,52381200,,
2024-11-20,22.230984997295128,22.257588300958613,21.858547202775284,22.115707397460938,46170800,,
2024-11-21,22.053637806933423,22.364001269771325,21.97382957610253,22.28419303894043,45048400,,
2024-11-22,22.328529157505034,22.83398009679813,22.257588704470106,22.745304107666016,41897000,,
2024-11-25,22.833983049013028,23.454713361838493,22.82511527981792,23.2064208984375,57707600,,
2024-11-26,23.197555385411153,23.268495854517596,22.709839871723638,22.851720809936523,33001000,,
2024-11-27,22.842849795119943,23.01133401957288,22.78964487368626,22.904922485351562,28242100,,
2024-11-29,22.904921306061897,23.25962358294739,22.85171638736754,23.24188804626465,22023000,,
2024-12-02,23.1177443723339,23.25075752452887,22.816246991969837,22.896055221557617,43866400,,
2024-12-03,22.904921499347697,22.966994186907232,22.630027443860946,22.665496826171875,49064300,,
2024-12-04,22.567955109732424,22.612292261153907,22.32853043280703,22.372867584228516,42541500,,
2024-12-05,22.372869448631164,22.869454380974112,22.293061216338693,22.78964614868164,43647900,,
2024-12-06,22.825115709425493,23.14434864104184,22.692102551703368,22.816247940063477,31830700,,
2024-12-09,22.84285075810689,23.44584553095561,22.683234295722933,23.14434814453125,37464800,,
2024-12-10,23.144347604324828,23.153215373289626,22.621161074879655,22.674365997314453,43280500,,
2024-12-11,22.505880729846876,22.621160029708985,22.319662664251954,22.372867584228516,39569400,,
2024-12-12,22.32853077695415,22.5945570722911,22.222119244007008,22.49701499938965,38705100,,
2024-12-13,22.47040999530161,22.75417180657915,22.399469542482223,22.683231353759766,29043600,,
2024-12-16,22.692099463679863,22.833980371456335,22.36399880735063,22.390602111816406,40194000,,
2024-12-17,22.96699577602059,23.46357900220993,22.931526391255495,23.43697738647461,71440300,,
2024-12-18,23.22415597192977,23.51678558409446,22.931526359765076,22.958127975463867,47575100,,
2024-12-19,22.78964811088766,23.13548268636229,22.6832365615509,22.851720809936523,50324700,,
2024-12-20,22.789645408988925,23.4901822469414,22.789645408988925,23.37490463256836,116340100,,
2024-12-23,23.3749049395751,23.72073947859042,23.224156247197186,23.68526840209961,35350400,,
2024-12-24,23.578857047852953,23.738473499148707,23.392637290889937,23.711870193481445,19716400,,
2024-12-26,23.6231941801793,23.694134637214074,23.481313266109762,23.55225372314453,31406000,,
2024-12-27,23.436978789013793,23.8094166537821,23.428111019453343,23.6054630279541,35218300,,
2024-12-30,23.481315046652693,23.56999104750876,23.268493659410545,23.428110122680664,32859100,,
2024-12-31,23.41037263285277,23.632061770836895,23.374903250279335,23.525651931762695,27085500,,
2025-01-02,23.720737323192157,23.8182810833245,23.55225310787825,23.59659194946289,32899200,,
2025-01-03,23.676405016660034,23.800550415786855,23.516788537008853,23.578861236572266,33417000,,
2025-01-06,23.68526651629582,24.16411586267203,23.552253372753725,23.84488296508789,43951000,,
2025-01-07,23.95129698353647,24.447880226992556,23.889224289523714,24.057706832885742,35030000,,
2025-01-08,23.986765619146,24.066573849338308,23.259625469708524,23.818283081054688,35430700,,
2025-01-10,23.827152426599415,23.986767206190674,23.66753595565404,23.694137573242188,32836900,,
2025-01-13,23.632064431447432,23.77394536042259,23.37490588193774,23.765077590942383,28359600,,
2025-01-14,23.773947114848927,23.827153735656623,23.295099367059155,23.41924476623535,25856900,,
2025-01-15,23.51678520963717,23.632062822322364,23.24188944853083,23.250757217407227,35949700,,
2025-01-16,23.117745025112036,23.561123339184316,23.02020125478284,23.490182876586914,29981100,,
2025-01-17,23.410373230836953,23.552254147462623,23.25075677679459,23.321697235107422,35380300,,
2025-01-21,23.45471310936198,23.62319564819336,23.401506494764057,23.62319564819336,39745600,,
2025-01-22,23.507915303729643,23.587723525008112,23.029065976058828,23.064537048339844,41890400,,
2025-01-23,23.06453904697505,23.481314034269317,22.922658128264064,23.445844650268555,40987000,,
2025-01-24,23.454858804611458,23.617114057048443,23.40077257425539,23.51795768737793,31300200,0.43,
2025-01-27,23.653170457496238,24.3112041372608,23.599085945008706,24.21204948425293,50648600,,
2025-01-28,24.13993526570266,24.212048519250423,23.878523647019783,24.112892150878906,40589600,,
2025-01-29,24.15796391483623,24.40134680667692,23.950638511852993,23.995710372924805,34418200,,
2025-01-30,24.031764096867974,24.34726022025264,23.959650844607097,24.257118225097656,32289600,,
2025-01-31,24.302189210802712,24.34726106961032,23.815425170889856,23.905567169189453,37307000,,
2025-02-03,23.707253388430573,23.86049426301866,23.572041256574156,23.61711311340332,49626200,,
2025-02-04,23.526972228571978,24.266133522273098,23.076263954918552,23.31964683532715,68748300,,
2025-02-05,23.391760227625294,24.058808270229395,23.166406089475977,23.833454132080078,50426800,,
2025-02-06,23.815424288437747,23.86049442625972,23.238518271601855,23.283588409423828,45182000,,
2025-02-07,23.310631982619828,23.400772260038355,23.013164596918177,23.20246124267578,36512800,,
2025-02-10,23.238519208524284,23.54500097215386,22.995136328115684,23.31964683532715,39632700,,
2025-02-11,23.283590720011265,23.355703979272036,22.950065821357875,23.013166427612305,36593300,,
2025-02-12,22.96809220647902,23.094291686707628,22.68865357046486,22.959077835083008,31671600,,
2025-02-13,22.977109702938726,23.202463860542263,22.832883179617728,23.112321853637695,30612500,,
2025-02-14,23.19344871610637,23.283590720011265,22.959080193679938,23.013166427612305,33214600,,
2025-02-18,23.08527685791809,23.20246024511336,22.914007243418375,23.040205001831055,40499700,,
2025-02-19,23.049222059292095,23.36471821140842,22.986123172731972,23.337675094604492,37292400,,
2025-02-20,23.310633454861676,23.508944484749087,23.211477080260128,23.346689224243164,37139000,,
2025-02-21,23.33767376444625,23.950637289206373,23.301617996745097,23.70725440979004,54611500,,
2025-02-24,23.797396715670843,24.103878482013123,23.328659694286696,24.022750854492188,43823300,,
2025-02-25,24.085849277843415,24.36528964254732,23.92359574521884,24.103878021240234,43560100,,
2025-02-26,24.049794387563,24.139936388519356,23.752326987927983,23.815425872802734,30103300,,
2025-02-27,23.698243360650856,23.887540022348865,23.44584609240445,23.526973724365234,28268300,,
2025-02-28,23.490915118090843,23.8785245147387,23.355702977689777,23.824440002441406,51531700,,
2025-03-03,23.77035641707369,24.2481061130751,23.409788402856236,23.662185668945312,54048600,,
2025-03-04,23.662183631971047,23.71626814172148,23.13936211954202,23.211475372314453,51315000,,
2025-03-05,23.16640597753772,23.599085508057982,23.130348490336555,23.38274574279785,37062400,,
2025-03-06,23.373730987990402,23.85148065036799,23.346687873032664,23.653169631958008,46998300,,
2025-03-07,23.797396499828047,24.239090401593835,23.599085478417575,24.094863891601562,54337700,,
2025-03-10,24.013736724853516,24.55458700734355,23.92359644386822,24.013736724853516,53013500,,
2025-03-11,23.950637931546762,23.995709791526515,23.319647365671116,23.42781639099121,44841400,,
2025-03-12,23.382745968536778,23.40978736488309,22.986122202073023,23.175418853759766,37331000,,
2025-03-13,23.220489934463323,23.499928576336217,23.013164545954908,23.076263427734375,36717900,,
2025-03-14,23.094292704098397,23.220490470570947,22.986121961896483,23.184432983398438,30298300,,
2025-03-17,23.20246439570666,23.57204508515557,23.067252241889026,23.481903076171875,32676900,,
2025-03-18,23.62612844222174,23.797398078945815,23.526973784594734,23.716270446777344,32958700,,
2025-03-19,23.734296070800188,23.88753694260081,23.50894194870018,23.62612533569336,42522700,,
2025-03-20,23.66218731663436,23.70725746189209,23.45486189754346,23.608102798461914,35378900,,
2025-03-21,23.554016093488734,23.905569752921803,23.445847059290713,23.68922996520996,349996500,,
2025-03-24,23.526972567204172,23.635141591621164,23.337674195500973,23.56302833557129,37944400,,
2025-03-25,23.58105939278561,23.617116884005718,22.99513891498535,23.03119468688965,47607600,,
2025-03-26,23.004150833674842,23.121334229007278,22.65259720904628,22.72471046447754,49487400,,
2025-03-27,22.715697495712366,22.742738891550363,22.382172619413705,22.5444278717041,51302000,,
2025-03-28,22.56245692924393,22.7337248363209,22.364144187321244,22.72471046447754,32352500,,
2025-03-31,22.35513028329483,22.923023686101253,22.183862372633804,22.841896057128906,53498100,,
2025-04-01,22.796828181779766,22.8509127000309,22.1027369401795,22.120765686035156,54444200,,
2025-04-02,22.08470585210064,22.30104562147681,21.913436223267805,22.264989852905273,41965000,,
2025-04-03,22.301043099995887,22.41822820306399,21.88639235206988,21.89540672302246,53501800,,
2025-04-04,21.579914948818463,21.724141474380367,20.687512677160758,20.70553970336914,80002600,,
2025-04-07,19.95736158403348,20.876806864641168,19.605809684695792,20.39905548095703,86106100,,
2025-04-08,20.642438381252486,20.723566007237054,19.326371060730576,19.68693733215332,72406000,,
2025-04-09,19.028903604203226,20.31792952435539,18.85763398114331,20.272857666015625,95954400,,
2025-04-10,20.065531301754376,20.074545672984833,19.01087393820814,19.46158218383789,72960700,,
2025-04-11,19.461585101613807,19.831165780894302,19.182146428836894,19.750038146972656,55078100,,
2025-04-14,19.903277382064648,20.03848952088384,19.713980731580904,19.939334869384766,61900900,,
2025-04-15,19.984404146860697,20.669480902540176,19.948346661096515,20.227787017822266,51814700,,
2025-04-16,20.27285825318835,20.444127881208832,19.78609420422967,19.86722183227539,37641200,,
2025-04-17,19.96637559283979,20.326941857314424,19.921305454523797,19.957361221313477,54073700,,
2025-04-21,19.948347741005467,19.984405228721627,19.71398094811299,19.86722183227539,32021000,,
2025-04-22,19.993418068493902,20.326941207731284,19.966374954779177,20.308914184570312,36052600,,
2025-04-23,20.534266118482943,20.78666160898453,20.0475004394036,20.18271255493164,50781000,,
2025-04-24,20.191731961522613,20.606384501123838,20.03849106721804,20.534271240234375,35009600,,
2025-04-25,20.525255010806404,20.831736771688412,20.263843389159444,20.66046714782715,35847700,,
2025-04-28,20.75962380877214,20.993992318579068,20.642438694210863,20.777650833129883,55888900,,
2025-04-29,20.579343132263347,21.74217149714674,20.24581819773617,21.444704055786133,98540200,,
2025-04-30,21.814283423837875,22.030623211597117,21.615970662238386,22.00358009338379,53941700,,
2025-05-01,21.904421212684813,21.931464327811778,21.45371294312903,21.570898056030273,46891700,,
2025-05-02,21.886394719729417,21.90442174426928,21.606954347916037,21.814281463623047,41685800,,
2025-05-05,21.81428259736016,21.859352740025674,21.498786440754376,21.516815185546875,40811800,,
2025-05-06,21.48075706946739,21.534841582951753,20.59736923218812,20.62441062927246,60872600,,
2025-05-07,20.72356766030731,20.813709665182312,20.480184762939526,20.543285369873047,48270500,,
2025-05-08,20.57032755056933,20.81371045719847,20.290888872207617,20.70553970336914,55669800,,
2025-05-09,20.677980183436247,20.760655498975822,20.44832691851863,20.466699600219727,39059800,0.43,
2025-05-12,20.420767595015445,21.265891667541858,20.374837643554958,21.21077537536621,77480900,,
2025-05-13,21.036237612618752,21.109726583453064,20.65960641807849,21.00868034362793,41193200,,
2025-05-14,20.999496568497605,21.03624018234562,20.18192969696457,20.227861404418945,59394000,,
2025-05-15,20.393211468183488,20.760656356811523,20.29216346676749,20.760656356811523,51800100,,
2025-05-16,20.806586539834186,20.990309862227893,20.62286496955593,20.97193717956543,37786800,,
2025-05-19,20.88926173207058,21.15566037270227,20.797400071434982,21.128101348876953,31513700,,
2025-05-20,21.284264725568963,21.771130279395095,21.27507838469126,21.60577964782715,57047500,,
2025-05-21,21.55984857694374,21.569034918091372,21.164846420288086,21.164846420288086,42984700,,
2025-05-22,21.164846420288086,21.27507900982883,20.95356407812339,21.164846420288086,38602800,,
2025-05-23,21.082170348385777,21.486358831739295,21.01786596265124,21.422056198120117,35405400,,
2025-05-27,21.63333753482812,21.734385535247057,21.46798865066361,21.68845558166504,36155400,,
2025-05-28,21.6884571536027,21.71601442690304,21.229150576031213,21.293453216552734,36737200,,
2025-05-29,21.431242863981964,21.54147720336914,21.27507857191744,21.54147720336914,26091400,,
2025-05-30,21.569034026663672,21.697641045299893,21.27507813055005,21.57822036743164,56618600,,
2025-06-02,21.624151812299758,21.642522741500336,21.330194167591234,21.550661087036133,30443900,,
2025-06-03,21.47717274918931,21.62415245194894,21.183216847900805,21.449615478515625,37887100,,
2025-06-04,21.504731324054813,21.624152001537958,21.449615031740084,21.486358642578125,24500100,,
2025-06-05,21.53229055376002,21.53229055376002,21.20158929245425,21.23833465576172,33173600,,
2025-06-06,21.376126503193497,21.660896063552315,21.35775382133412,21.449615478515625,30426200,,
2025-06-09,21.532291677885453,22.175319800298144,21.513918995272544,22.019155502319336,42542600,,
2025-06-10,22.019155791297177,22.432532394935457,22.009969449870162,22.322298049926758,40439200,,
2025-06-11,22.34985450159173,22.680555746436454,22.340668161222123,22.487646102905273,38558700,,
2025-06-12,22.53357838063378,22.855091541210395,22.53357838063378,22.818347930908203,42465400,,
2025-06-13,22.772419848653207,22.919397806153277,22.469275840179428,22.542766571044922,46368400,,
2025-06-16,22.506023352357573,22.588698680351808,22.303929079547007,22.414161682128906,35102100,,
2025-06-17,22.2947407445281,22.340670699479233,21.964039462110424,22.046714782714844,40408800,,
2025-06-18,22.009970458498422,22.120204808558718,21.835435219733323,21.936481475830078,37076200,,
2025-06-20,22.046714526238695,22.129389845881327,21.835433932536617,22.019155502319336,63098100,,
2025-06-23,21.927294208373723,22.129388448003382,21.835432553227392,22.07427215576172,31959100,,
2025-06-24,22.17531954476312,22.414159159632316,22.14776227327676,22.331483840942383,34404200,,
2025-06-25,22.239621274385193,22.386600975487212,22.111016007050704,22.285552978515625,25603300,,
2025-06-26,22.340670374606812,22.44171837656846,22.193692418361934,22.267181396484375,31835300,,
2025-06-27,22.368230404260167,22.432533043994315,22.12020443490086,22.22125244140625,39528800,,
2025-06-30,22.23962237264517,22.39578667016978,22.15694880535844,22.267181396484375,44730900,,
2025-07-01,22.30392710887292,23.286842863607717,22.285554426027385,23.002073287963867,59259900,,
2025-07-02,23.08474608879894,23.296028430264904,22.99288618185725,23.2592830657959,36772100,,
2025-07-03,23.28684244757778,23.443006744743908,23.1674217633308,23.31439971923828,27104600,,
2025-07-07,23.29602917513854,23.452193474894234,23.09393316832795,23.185794830322266,34905900,,
2025-07-08,23.185792404376365,23.847193147724756,23.158233383026946,23.534866333007812,51275800,,
2025-07-09,23.599170360363527,23.736961971032922,23.277655434058005,23.47974967956543,38362200,,
2025-07-10,23.49812329571236,23.929870826871223,23.46137968239364,23.681846618652344,39499200,,
2025-07-11,23.562423706054688,23.626726337371345,23.351143131124157,23.562423706054688,34864400,,
2025-07-14,23.498121013220175,23.54405096343603,23.277654098376544,23.286840438842773,25918000,,
2025-07-15,23.277656159888476,23.369517820570916,22.533580037380066,22.60706901550293,54458000,,
2025-07-16,22.671371652346004,22.928582199718296,22.533580037380066,22.60706901550293,44218200,,
2025-07-17,22.49683251627932,22.763231131516562,22.46008890679693,22.57950782775879,47393900,,
2025-07-18,22.698929155858146,22.763233545473305,22.404973240364992,22.47846221923828,36309400,,
2025-07-21,22.58869521731503,22.64381151015619,22.285552978515625,22.285552978515625,33663400,,
2025-07-22,22.386600490973834,23.093931198120117,22.359041469092038,23.093931198120117,48091600,,
2025-07-23,23.31439906709502,23.45219243000498,23.194980138303833,23.29602813720703,42073300,,
2025-07-24,23.3235840485924,23.46137740347055,23.204165126762003,23.286840438842773,25672400,,
2025-07-25,23.33356341264358,23.33356341264358,23.00650246691639,23.165361404418945,35643400,0.43,
2025-07-28,23.062570297464863,23.109292781470938,22.65140566528705,22.71681785583496,31096600,,
2025-07-29,22.716818608463335,22.735508315624376,22.3617230841464,22.707473754882812,38499800,,
2025-07-30,22.726162932762573,22.80091997731711,22.240241251983797,22.24958610534668,35649500,,
2025-07-31,22.053349477091114,22.277620610198664,21.62349513520692,21.7636661529541,62768300,,
2025-08-01,21.77300906130895,21.97859226854997,21.595462196226183,21.950557708740234,51332700,,
2025-08-04,21.903836027084726,22.128107166732182,21.866456612635858,21.987937927246094,57010700,,
2025-08-05,22.6794408186106,23.258807477781154,22.6794408186106,23.12798309326172,113955100,,
2025-08-06,23.062570919244443,23.090603697464463,22.296310753855536,22.361722946166992,65689200,,
2025-08-07,22.585993895199767,22.866332369152023,22.371067613013135,22.642061233520508,45494400,,
2025-08-08,22.698130221409922,22.997158400502677,22.57664890968565,22.96912384033203,36377000,,
2025-08-11,22.987813547112463,23.28684172620522,22.922401355729487,22.96912384033203,38115700,,
2025-08-12,23.04388121521842,23.14667282163479,22.866332562957936,23.034536361694336,34402700,,
2025-08-13,23.127982146428277,23.54849162566637,23.118637293295375,23.511112213134766,40176500,,
2025-08-14,23.445702000532275,23.529803903471503,23.193396291714595,23.464391708374023,32514000,,
2025-08-15,23.567179145314178,23.64193618674652,23.333563168044556,23.492422103881836,31844800,,
2025-08-18,23.492421770049752,23.57652366325959,23.37094224782912,23.42700958251953,35623300,,
2025-08-19,23.49242545962422,23.763420887494203,23.455047824743122,23.660629272460938,29170500,,
2025-08-20,23.726040639502706,24.006380911864092,23.67931815195013,23.71669578552246,38111000,,
2025-08-21,23.744729452949716,24.193271733012033,23.707351820785483,24.053102493286133,37068100,,
2025-08-22,24.2026172437746,24.39885561059787,24.071792854124844,24.183927536010742,34560500,,
2025-08-25,24.183925182718106,24.19327003569071,23.464389327312496,23.492422103881836,32684200,,
2025-08-26,23.492421855016786,23.585868601404407,23.240117956823184,23.286840438842773,43938700,,
2025-08-27,23.37094224782912,23.520456328569175,23.221428167089062,23.42700958251953,31840300,,
2025-08-28,23.427011372523385,23.427011372523385,22.903712049949092,22.98781394958496,44306800,,
2025-08-29,23.062570150870226,23.249461868055082,22.90371121097142,23.137327194213867,37030000,,
2025-09-02,23.10929287359424,23.42701075667794,23.090603166977896,23.34290885925293,44725000,,
2025-09-03,23.249461517357027,23.473734426353495,23.09994743292503,23.165361404418945,30957600,,
2025-09-04,23.15602050884933,23.15602050884933,22.754200669884277,22.93174934387207,41695500,,
2025-09-05,22.959778804287552,23.25880698100142,22.903711466740834,23.249462127685547,34613200,,
2025-09-08,23.26815043983868,23.33356262678107,22.716816603683665,22.94108772277832,49242900,,
2025-09-09,22.941088788414348,23.165361700275117,22.90371115800322,23.09060287475586,32751300,,
2025-09-10,23.025191932906544,23.03453678660301,22.84764505971949,22.959779739379883,32975900,,
2025-09-11,22.987813089517623,23.23077392578125,22.93174575264094,23.23077392578125,36784100,,
2025-09-12,23.18404932612878,23.212083885337936,22.27761996654768,22.305654525756836,81378200,,
2025-09-15,22.417789055996725,22.539270362785654,22.12810574206295,22.399099349975586,50760200,,
2025-09-16,22.38975607563008,22.632716923990245,22.30565595730213,22.333688735961914,57010800,,
2025-09-17,22.40844568658241,22.791575773639305,22.333688639896884,22.473857879638672,46351600,,
2025-09-18,22.47385595790398,22.651404596980676,22.389754064780725,22.567302703857422,34419000,,
2025-09-19,22.66075110799649,22.66075110799649,22.25893131863769,22.455169677734375,86577600,,
2025-09-22,22.688784908463532,23.174704798472796,22.455168925485584,22.464513778686523,67863300,,
2025-09-23,22.5205817239415,22.76354256668402,22.473857456674544,22.548614501953125,38955200,,
2025-09-24,22.585995147500007,22.595340001463022,22.40844648690001,22.51123809814453,39669400,,
2025-09-25,22.511235641384186,22.56730297669473,22.034658835373435,22.053348541259766,56738300,,
2025-09-26,22.1748310379976,22.24958808921781,22.062696352341636,22.202865600585938,33374500,,
2025-09-29,22.230897081448177,22.296309269404603,22.090726070286188,22.286964416503906,39184300,,
2025-09-30,22.2869651816067,23.95030984336671,22.249585768720696,23.81014060974121,164867300,,
2025-10-01,24.268028436274445,25.651036453751974,23.903588061674547,25.4267635345459,150879900,,
2025-10-02,25.165115259630475,25.389386400886746,24.87543192496803,25.30528450012207,69684100,,
2025-10-03,25.41741974627117,25.87530686056334,25.26790565925122,25.576278686523438,70524000,,
2025-10-06,25.482833502213335,25.56693540412284,24.6605041907312,24.69788360595703,62945600,,
2025-10-07,24.688537690350756,24.838051780126577,24.34278524377633,24.548368453979492,47744200,,
2025-10-08,24.68853716907586,24.763294212385347,23.950309806839734,23.997034072875977,48693300,,
2025-10-09,24.0904821496963,24.202616829663555,23.55783618163174,23.58587074279785,47278700,,
2025-10-10,23.60455957133165,23.754073660619934,23.00650321417851,23.156017303466797,64963900,,
2025-10-13,23.21208458854127,23.314876193073754,22.997158308472017,23.10929298400879,45356600,,
2025-10-14,23.03453494355889,23.16536110249312,22.87567600812682,22.913055419921875,42277000,,
2025-10-15,22.885023141950757,22.969125044523334,22.623372580352896,22.791576385498047,47729800,,
2025-10-16,22.838299591165924,22.997158535031815,22.623371526630745,22.642061233520508,44390000,,
2025-10-17,22.614026114216003,22.92239911657584,22.576646704306512,22.903709411621094,40101900,,
2025-10-20,22.959778218271722,23.109292302812523,22.903710882156044,23.071914672851562,35856800,,
2025-10-21,23.099946614217213,23.324217732916594,22.987811946041727,23.22142791748047,40726900,,
2025-10-22,23.16536285865701,23.29618724516057,23.006503911181863,23.09994888305664,48662900,,
2025-10-23,23.137328371782772,23.15601807915702,22.903712376650493,23.053226470947266,34219900,,
2025-10-24,23.08125985729326,23.202739384345993,23.062570150870226,23.137327194213867,27429200,,
2025-10-27,23.118636736442575,23.174704071541008,23.01584513680507,23.146671295166016,34974900,,
2025-10-28,23.156017770726123,23.156017770726123,22.782230757614325,22.894367218017578,50152400,,
2025-10-29,22.922400782643198,23.015845749512046,22.64206053499116,22.698129653930664,65438400,,
2025-10-30,22.716817577895338,23.081259721608134,22.56730349208698,22.698129653930664,157478000,,
2025-10-31,22.688785693046015,23.109293407538452,22.57664923310556,23.034536361694336,132697400,,
2025-11-03,22.9784682724627,23.127982359268067,22.810264479219533,23.043880462646484,140871300,,
2025-11-04,22.79157565475893,23.548492753643977,22.61402878377475,22.707473754882812,166162000,,
2025-11-05,22.782231880052777,23.053227299675417,22.57665043859153,22.997159957885742,107240900,,
2025-11-06,23.12798117243529,23.48307666478887,22.931744611953988,23.22142791748047,124137200,,
2025-11-07,23.135845750286958,23.421120558984093,22.92664434482459,23.230937957763672,117794500,0.43,
2025-11-10,23.449650041366386,23.668360860850935,22.736461167082172,23.192901611328125,148958600,,
2025-11-11,23.287993466194383,24.257930755615234,23.2404482674658,24.257930755615234,139673800,,
2025-11-12,24.153328845248094,24.676335093503557,24.01069143708135,24.600261688232422,96008000,,
2025-11-13,24.66682640767153,25.180321454734873,24.410077977273307,24.524188995361328,123083100,,
2025-11-14,24.410076001162114,24.505168206248452,23.74443237929071,23.830015182495117,96507600,,
2025-11-17,23.877563470234623,24.31498509782382,23.725416659444203,23.849035263061523,88042200,,
2025-11-18,23.820507389918973,24.257930837375127,23.75394338598138,24.200876235961914,66511800,,
2025-11-19,24.105784481998846,24.248421895105785,23.506704807723338,23.658851623535156,62000200,,
2025-11-20,23.66836151130087,23.772963129465122,23.08830244428046,23.202411651611328,51983200,,
2025-11-21,23.383086760660973,24.26744128235372,23.383086760660973,23.81100082397461,73079400,,
2025-11-24,23.877564579241117,24.219894012552714,23.820508162244906,23.98216438293457,63074900,,
2025-11-25,24.12480251275791,24.695352146865247,24.11529311035838,24.457622528076172,39130300,,
2025-11-26,24.43860489937456,24.54320469557413,24.32449388729057,24.44811248779297,33461000,,
2025-11-28,24.581244226756375,24.59075362965155,24.40056919921431,24.476642608642578,22627600,,
2025-12-01,24.49565866955718,24.666824275024005,23.991671254986308,24.029708862304688,53198600,,
2025-12-02,24.077256039944054,24.077256039944054,23.811000021726933,23.915599822998047,43827000,,
2025-12-03,24.077255654957,24.619278899070057,24.058236850036142,24.314985275268555,56121200,,
2025-12-04,24.372038541281636,24.476640148883583,24.105782541906443,24.4386043548584,35454000,,
2025-12-05,24.50517184423598,24.837993704581734,24.38155141515142,24.752410888671875,47443700,,
2025-12-08,24.76191733183181,24.90455473671908,24.495659512638035,24.505168914794922,45209300,,
2025-12-09,24.72387879262497,24.847497388545598,23.89657897344464,24.086763381958008,43483800,,
2025-12-10,24.23891172654914,24.524188357482544,23.98216330282899,24.514678955078125,43635400,,
2025-12-11,24.533695220947266,24.761917244441054,24.3530220218031,24.533695220947266,35570200,,
2025-12-12,24.571734112394815,24.76191853732533,24.457623094689886,24.58124351501465,51599700,,
2025-12-15,24.55271539463106,25.341977677558404,24.54320599197735,25.132776260375977,60360000,,
2025-12-16,25.142284582052387,25.20884858403341,23.696888088027457,24.276948928833008,111695500,,
2025-12-17,24.153330260892364,24.238913073555093,23.801491421041735,23.81100082397461,61255300,,
2025-12-18,23.782472615175983,23.991674038499784,23.753944406377354,23.81100082397461,47062500,,
2025-12-19,23.782470558907377,24.26743918415399,23.75394235257534,23.953636169433594,87590000,,
2025-12-22,23.963146753804615,24.153329364202154,23.896580935745735,23.972654342651367,38758900,,
2025-12-23,24.020201671388058,24.096275079293967,23.61130642374388,23.658851623535156,43692900,,
2025-12-24,23.696889167963924,23.906090585685785,23.687379765285687,23.801490783691406,19328500,,
2025-12-26,23.791981298560867,23.877564108635287,23.696889085841164,23.858545303344727,21617800,,
2025-12-29,23.820507769837565,23.963146996245193,23.74443436216228,23.77296257019043,33067700,,
2025-12-30,23.782469425873867,23.820505218771498,23.696886624688055,23.763450622558594,28821700,,
2025-12-31,23.744433800176722,23.791980812431618,23.65885099185097,23.67786979675293,29409200,,
2026-01-02,23.753943611670586,24.05823724040961,23.611306199915806,23.944128036499023,35976700,,
2026-01-05,23.963146203299964,24.153328809328443,23.72541658546458,23.93461799621582,52620900,,
2026-01-06,23.953635948047495,24.733388776586455,23.953635948047495,24.181856155395508,50977300,,
2026-01-07,24.334005042940444,24.543206464147556,23.906090983956418,24.039220809936523,51395800,,
2026-01-08,23.9441273309245,24.305475550970773,23.887072730650463,24.048728942871094,42977300,,
2026-01-09,24.096274534720873,24.295966545810952,23.991672921064314,24.229402542114258,34190200,,
2026-01-12,24.32449306409036,24.505168071386777,23.858543256837866,24.029708862304688,50256300,,
2026-01-13,24.077256039944054,24.143820044498337,23.744434203439557,23.915599822998047,47656100,,
2026-01-14,23.991673475641907,24.448113923312675,23.96314708124568,24.324495315551758,53738100,,
2026-01-15,24.29596742008939,24.619279861450195,24.01069259005721,24.619279861450195,55263200,,
2026-01-16,24.619280104513845,24.619280104513845,24.295967659961008,24.39105987548828,59470600,,
2026-01-20,24.181857984951268,24.391059404081506,23.8585455466471,24.267440795898438,55425400,,
2026-01-21,24.219894011165266,24.64780806994667,24.134311199408984,24.619279861450195,47264100,,
2026-01-22,24.628789113249173,25.018665558311074,24.48615169910779,24.818973541259766,49883900,,
2026-01-23,24.731955911915634,24.83830971385515,24.664276890359588,24.79963493347168,45402300,0.43,
2026-01-26,24.780297055579542,25.060683675496335,24.7512928149778,25.022008895874023,41441900,,
2026-01-27,25.0800221176153,25.94051571505145,25.041347336370272,25.621456146240234,75575400,,
2026-01-28,25.399081385269202,25.515102039398496,24.905988994932095,25.002674102783203,44976700,,
2026-01-29,25.041348098870838,25.360407677397312,25.022010707659504,25.234718322753906,44373800,,
2026-01-30,25.26372201996323,25.59245028699749,25.04134755817978,25.563446044921875,51599400,,
2026-02-02,25.544108501312326,25.805157743121665,25.476429478053998,25.776151657104492,52129500,,
2026-02-03,24.519249771259553,25.244385295149815,24.42256466591785,24.91565704345703,91964900,,
2026-02-04,25.02200964083113,26.08554213861341,25.002674094559307,25.892173767089844,83025800,,
2026-02-05,25.872835113807245,26.28857976625655,25.582779804507403,25.611785888671875,72650700,,
2026-02-06,25.785819670672172,26.462613573591348,25.64079293265093,26.317584991455078,50691600,,
2026-02-09,26.278912323624215,26.46261384385529,25.90184243209494,26.153221130371094,49288200,,
2026-02-10,26.278911709527666,26.810677023315005,26.19189529903665,26.694656372070312,43760600,,
2026-02-11,26.636643756636985,27.013715477160407,26.40460061391525,26.81067657470703,41699300,,
2026-02-12,26.733328469823853,26.965371609154843,26.501285330492863,26.559295654296875,58805100,,
2026-02-13,26.68498871207357,27.0137169768747,26.636645235417475,26.665651321411133,36986700,,
2026-02-17,26.917031672021977,26.946037757804792,26.298249928242413,26.462614059448242,32119900,,
2026-02-18,26.530293082159748,26.568966019088442,26.30791677938829,26.462614059448242,24779800,,
2026-02-19,26.462612941636344,26.491617182078926,25.69880264532201,25.969520568847656,40316800,,
2026-02-20,25.824493635581035,25.892174503860968,25.48609851475688,25.766483306884766,44786900,,
2026-02-23,25.679465792546786,26.211232955864237,25.62145546633371,26.16288948059082,34166100,,
2026-02-24,26.240238189697266,26.510956129125784,26.1822278612894,26.240238189697266,34686100,,
2026-02-25,26.162890352467954,26.385266657906307,25.843830781490848,26.191896438598633,32680300,,
2026-02-26,26.35625830597092,26.36592700051661,25.979188439263627,26.201562881469727,30508300,,
2026-02-27,26.259574776540727,26.752667163198144,26.19189575478452,26.73332977294922,41879700,,
2026-03-02,26.655980547772796,26.694655326082284,26.269241985252563,26.356258392333984,41321700,,
2026-03-03,25.8341609892976,26.056537285294734,25.47642849611592,25.698802947998047,41486100,,
2026-03-04,25.88250499546878,25.892173690633665,25.476429019118818,25.737478256225586,30893500,,
2026-03-05,25.51510040617719,25.824491256204592,25.33140074154525,25.727807998657227,38908600,,
2026-03-06,25.66013058488591,26.230568847713382,25.36040656658388,26.153221130371094,53181800,,
2026-03-09,26.01786201412362,26.21123222157007,25.486096709818323,25.92117691040039,42789500,,
2026-03-10,25.93084663094307,26.38526608318343,25.640793152414574,26.25957489013672,42814600,,
2026-03-11,26.298250434321705,26.50128750636344,26.104880213611874,26.394933700561523,40560100,,
2026-03-12,26.21123240781574,26.22090110266826,25.747144275469633,25.969520568847656,38542800,,
2026-03-13,26.12421630594451,26.375596842725834,25.698802947998047,25.698802947998047,34270800,,
2026-03-16,25.8148244057418,25.99852407037374,25.640791591572654,25.727807998657227,28551500,,
2026-03-17,25.93084598960028,26.839683027487865,25.93084598960028,26.539960861206055,60097500,,
2026-03-18,26.24023568095238,26.472278816514027,25.950182222529047,26.414268493652344,47478300,,
2026-03-19,26.385264904396465,26.810676408017255,26.346590125459144,26.501285552978516,47939600,,
2026-03-20,26.501285772524675,26.636643811696736,25.911508297649295,26.07587242126465,66805700,,
2026-03-23,26.133884037031294,26.28857946255811,25.74714362909932,25.882503509521484,42945200,,
2026-03-24,25.718140273698936,26.230568196833165,25.56344484285294,26.066204071044922,35605300,,
2026-03-25,26.27891189399613,26.61730884337941,26.14355385188883,26.37559700012207,37603900,,
2026-03-26,26.346592093047065,26.88802612979966,26.336923397590667,26.655982971191406,28835000,,
2026-03-27,26.810676112430535,26.84935089094147,26.124215390895902,26.143552780151367,29124600,,
2026-03-30,26.510954934921024,26.89769351374436,26.249905702672145,26.84935188293457,46696000,,
2026-03-31,27.06205624084483,27.3714470879045,26.868687883489994,27.149072647094727,44841500,,
2026-04-01,27.33277664304482,27.690509150990152,27.110402181985283,27.603492736816406,44208500,,
2026-04-02,27.55514968645936,27.79686152581427,27.28443176250047,27.38111686706543,30920600,,
2026-04-06,27.255427624347675,27.294100559849873,26.888024594444335,26.90736198425293,25169300,,
2026-04-07,26.7429968672239,26.76233425631528,25.89217203246734,26.201562881469727,46620500,,
2026-04-08,26.346589904272204,26.578633043603194,26.07587198632858,26.559295654296875,33789100,,
2026-04-09,26.30791629637166,26.588302921445752,26.278912055236425,26.317584991455078,27047600,,
2026-04-10,26.414269240368302,26.452944019446015,25.882503936854526,26.027530670166016,27882400,,
2026-04-13,25.940514724093422,26.65598155275918,25.79548798819489,26.43360710144043,44156200,,
2026-04-14,26.298249551023318,26.40460150913802,26.182227053671333,26.211233139038086,24558900,,
2026-04-15,26.278911246010214,26.452944063922594,26.07587234374078,26.2885799407959,29648900,,
2026-04-16,26.30791629637166,26.568965531278913,26.249905969986166,26.317584991455078,21905300,,
2026-04-17,26.423938263507658,26.752666513293445,26.22090120317143,26.646312713623047,30080400,,
2026-04-20,26.67531833167234,26.926698862059183,26.59797061802369,26.60763931274414,25023000,,
2026-04-21,26.607639042268204,26.704324144374915,26.29824819081868,26.404600143432617,29833000,,
2026-04-22,26.443275715672225,26.481948651206796,25.853498234821313,25.911508560180664,35246800,,
2026-04-23,25.87283450631089,25.94051352365726,25.505431491980737,25.785818099975586,38718400,,
2026-04-24,25.805157206455245,26.394932856951694,25.69880340405251,26.10487937927246,42500200,,
2026-04-27,26.162889507595377,26.443276132125533,25.90184211730957,25.90184211730957,34764200,,
2026-04-28,26.617308368489557,26.66564999863254,25.447422109056635,25.60211753845215,58079000,,
2026-04-29,25.48609703121201,25.66979670207623,25.33140160095004,25.38941192626953,29969700,,
2026-04-30,25.515101050845914,26.01786211690075,25.408749096033716,25.8148250579834,39082900,,
2026-05-01,25.718139602086225,25.727808296775983,25.418417443163538,25.457090377807617,29318700,,
2026-05-04,25.370075000767276,25.63112423565505,25.283058589138015,25.428085327148438,34583400,,
2026-05-05,25.708472440641014,25.86316787667322,25.147701023995506,25.5731143951416,57656100,,
2026-05-06,25.67946543754748,25.795487932484733,25.341068491771736,25.650461196899414,40357100,,
2026-05-07,25.63112362300693,25.83416068254542,25.292726679661126,25.60211753845215,48346000,,
2026-05-08,25.710226441267896,25.7495396141297,25.159855143089466,25.238479614257812,38903400,0.43,
2026-05-11,25.346590556665564,25.729884643360105,25.238481199062335,25.36624526977539,43558000,,
2026-05-12,25.37607329880585,25.641431605850894,25.297448823520877,25.425214767456055,26819500,,
2026-05-13,25.356417199357725,25.641432099348275,25.199168245761353,25.5136661529541,39420000,,
2026-05-14,25.62177365651813,25.651258536141047,25.27779089247181,25.307275772094727,24102700,,
2026-05-15,25.307275861121227,25.385900332503663,24.80604415309996,24.89449691772461,37110100,,
2026-05-18,24.884668624482398,24.953464802622623,24.75690456144416,24.89449691772461,34111300,,
2026-05-19,24.865013309998435,25.513665700724978,24.806045422083848,25.21882438659668,41036700,,
2026-05-20,25.317105161215018,25.582463465642167,25.228652393072633,25.346590042114258,35574200,,
2026-05-21,25.326933953033322,25.513665912068884,25.130371825615985,25.50383949279785,20181500,,
2026-05-22,25.55297771369872,25.700398364059,25.31710429821121,25.454696655273438,22320000,,
2026-05-26,25.425214219482726,25.454697225482064,25.218823804710773,25.40555763244629,29084700,,
2026-05-27,25.40555779302024,26.08369505362089,25.40555779302024,25.759366989135742,39024700,,
2026-05-28,25.720055712065857,25.828165066989637,25.562806763752356,25.690570831298828,25651800,,
2026-05-29,25.73971148724869,25.788851079088236,25.48418148566147,25.729883193969727,48284200,,
2026-06-01,25.454696982878904,25.46452527630345,25.041918031824423,25.18933868408203,35553600,,
2026-06-02,25.159855425368825,25.258136484070732,24.83552924384123,25.110713958740234,31295700,,
2026-06-03,24.99277825082824,25.17951207537619,24.855185893032534,24.904325485229492,30957100,,
2026-06-04,25.22865159511825,25.562806069852687,25.169683709740195,25.248308181762695,31272000,,
2026-06-05,25.405557054806106,25.759366240640908,25.34658916959285,25.5922908782959,32218500,,
2026-06-08,25.52349291771218,25.76919462730548,25.15985543726505,25.17951202392578,42028800,,
2026-06-09,25.28761975499901,25.43504040732207,25.03208974951324,25.258136749267578,35273200,,
2026-06-10,25.356417049823246,25.40555851912943,25.140200208542176,25.15985679626465,30376300,,
2026-06-11,25.346590738275626,26.024726146585568,25.346590738275626,25.720056533813477,45268700,,
2026-06-12,25.83799333777844,26.034553585719202,25.661087802443024,25.759366989135742,38773000,,
2026-06-15,25.79868023212139,25.965757474321155,25.533321928412008,25.552978515625,34194100,,
2026-06-16,25.60211729703538,25.680741768838143,25.258136404495332,25.5922908782959,32829600,,
2026-06-17,25.582463144333925,25.82816485840897,25.425214197290316,25.474353790283203,31117500,,
2026-06-18,25.14019918961797,25.21882366276586,24.511203404434852,24.776559829711914,119614300,,
2026-06-22,24.7863884426866,24.8748412104376,24.53085843302319,24.64879608154297,41119100,,
2026-06-23,24.560343118649495,24.806044832771107,24.26550181152569,24.294984817504883,82009200,,
2026-06-24,24.373610051419753,24.678281536115147,23.518569109353002,23.626678466796875,76962600,,
2026-06-25,23.77409865639101,23.92151931164643,23.213899041687213,23.263038635253906,57859500,,
2026-06-26,23.331834410367378,23.931347189144265,23.331834410367378,23.872379302978516,59958900,,
2026-06-29,23.87237955441942,24.078768095451014,23.685645725946554,23.951004028320312,47528000,,
2026-06-30,24.009971695243884,24.03945470108966,23.371147616329534,23.66598892211914,60046000,,
2026-07-01,23.73478541217818,23.823238179982688,23.331834747537776,23.46942710876465,49385200,,
2026-07-02,23.73478585302776,24.147564818930647,23.71512926547158,23.90186309814453,53104800,,
2026-07-06,23.744613194191157,23.7839263677263,23.213898473353783,23.312177658081055,58576100,,
2026-07-07,23.636503767907907,23.931346944837294,23.51856799678038,23.656160354614258,44101400,,
2026-07-08,23.636505126953125,23.95100490867188,23.479256173371443,23.636505126953125,38181300,,
2026-07-09,23.69547457638624,23.88220653469229,23.597193513061526,23.833066940307617,29190500,,
2026-07-10,23.931347752180447,23.990315639733538,23.685646033727988,23.75444221496582,27523200,,
2026-07-13,23.862550401087052,24.294984054683574,23.8134089350725,24.059110641479492,42953400,,
2026-07-14,23.951004591208346,24.009972479381027,23.724957583194897,23.833066940307617,40863300,,
2026-07-15,23.921519821168875,24.393266677856445,23.892034939667635,24.393266677856445,44162500,,
2026-07-16,24.511203426109116,24.93381067261096,24.432578952891703,24.707763671875,49990000,,
2026-07-17,24.963293144961234,25.208994852833992,24.54068590749125,24.61931037902832,45629600,,
2026-07-20,24.6586250124812,24.727421194831184,24.294985638488665,24.32447052001953,38685900,,
2026-07-21,24.33429823003897,24.579999946568577,24.226188874908235,24.51120376586914,27328800,,
2026-07-22,24.747077757649812,24.756906051483558,24.353955377076836,24.393266677856445,32988300,,
2026-07-23,24.462062275077194,24.668452691538867,24.324469913806297,24.579999923706055,30876700,,
2026-07-24,24.6200008392334,24.75,24.510000228881836,24.540000915527344,28905700,0.43,
2026-07-27,24.56999969482422,24.8799991607666,24.440000534057617,24.670000076293945,38355200,,
2026-07-28,24.969999313354492,25.5,24.940000534057617,25.25,49942700,,
2026-07-29,25.350000381469727,25.3700008392334,25.059999465942383,25.149999618530273,30395000,,
2026-07-30,24.84000015258789,24.979999542236328,24.549999237060547,24.90999984741211,44954500,,
2026-07-31,24.81999969482422,25.18000030517578,24.670000076293945,25.010000228881836,45080200,,
2026-08-03,25.149999618530273,25.389999389648438,24.8700008392334,25.030000686645508,40645800,,
2026-08-04,25.040000915527344,25.639999389648438,24.700000762939453,25.40999984741211,62189500,,
2026-08-05,25.5,25.809999465942383,25.299999237060547,25.809999465942383,47058300,,
2026-08-06,26.010000228881836,26.200000762939453,25.809999465942383,26.200000762939453,51074500,,
2026-08-07,26.219999313354492,26.760000228881836,26.049999237060547,26.760000228881836,42744100,,
2026-08-10,26.59000015258789,27.190000534057617,26.520000457763672,27.049999237060547,49786800,,
2026-08-11,26.940000534057617,27.200000762939453,26.469999313354492,26.6200008392334,37943600,,
2026-08-12,26.389999389648438,26.440000534057617,26.18000030517578,26.309999465942383,32591400,,
2026-08-13,26.489999771118164,26.950000762939453,26.40999984741211,26.799999237060547,35355800,,
2026-08-14,26.65999984741211,26.920000076293945,26.420000076293945,26.790000915527344,23174200,,
2026-08-17,26.760000228881836,27.020000457763672,26.549999237060547,26.8700008392334,29261200,,
2026-08-18,27.149999618530273,27.399999618530273,27.100000381469727,27.25,34660100,,
2026-08-19,27.600000381469727,28.440000534057617,27.579999923706055,28.239999771118164,59804200,,
2026-08-20,28.0,28.15999984741211,27.649999618530273,27.790000915527344,29297000,,
2026-08-21,27.770000457763672,28.43000030517578,27.65999984741211,28.06999969482422,37109600,,
2026-08-24,28.100000381469727,28.15999984741211,27.809999465942383,27.969999313354492,23845600,,
2026-08-25,27.920000076293945,28.579999923706055,27.84000015258789,28.56999969482422,31915700,,
2026-08-26,28.440000534057617,28.5,28.149999618530273,28.299999237060547,35070000,,
2026-08-27,27.969999313354492,28.18000030517578,27.829999923706055,28.020000457763672,31174400,,
2026-08-28,28.0,28.020000457763672,27.770000457763672,27.959999084472656,27175800,,
2026-08-31,27.850000381469727,28.700000762939453,27.639999389648438,28.459999084472656,45930300,,
2026-09-01,28.81999969482422,29.09000015258789,28.469999313354492,28.549999237060547,42493400,,
2026-09-02,28.790000915527344,29.09000015258789,28.709999084472656,29.020000457763672,39277900,,
2026-09-03,29.09000015258789,29.209999084472656,28.440000534057617,28.809999465942383,26724300,,
2026-09-04,28.579999923706055,28.690000534057617,28.3799991607666,28.450000762939453,23782900,,
2026-09-08,28.020000457763672,28.149999618530273,27.719999313354492,27.790000915527344,31772900,,
2026-09-09,27.760000228881836,27.979999542236328,27.56999969482422,27.780000686645508,29128600,,
2026-09-10,27.690000534057617,27.75,27.399999618530273,27.649999618530273,28805300,,
2026-09-11,27.799999237060547,27.850000381469727,27.420000076293945,27.719999313354492,25529754,,
