date,open,high,low,close,volume,div,split
2016-09-12,114.33615564673889,117.55365604748242,113.77117420139872,117.20892333984375,936000,,
2016-09-13,115.93533198144469,116.85461679882938,115.65763021799104,116.24176025390625,964000,,
2016-09-14,116.44284987545025,116.63437210653902,114.60428029195458,115.43738555908203,907500,,
2016-09-15,114.92983712347178,117.14187284614738,114.51807353057761,116.82586669921875,606300,,
2016-09-16,116.95035010971182,118.73146635860131,116.37579813074015,118.2718276977539,1301200,,
2016-09-19,118.17610719650399,119.70824872134888,117.65900806202627,118.04203796386719,1079300,,
2016-09-20,118.18563714268788,119.66990307173407,117.16101716576829,117.30465698242188,1024800,,
2016-09-21,117.42913089996078,118.30054035564604,116.40451101053215,117.59192657470703,680700,,
2016-09-22,117.87923205148296,119.16240541108883,117.82177903588864,118.98046112060547,838700,,
2016-09-23,118.8559871630254,119.85188091689382,117.7164535522461,117.7164535522461,448300,,
2016-09-26,117.1610309351208,117.1610309351208,115.45652341859812,115.93531799316406,957100,,
2016-09-27,115.64802528522445,117.20890009802805,115.64802528522445,116.5577392578125,719700,,
2016-09-28,116.70139427981914,117.85049835658357,116.41411460771525,117.74516296386719,377700,,
2016-09-29,117.53450050167353,118.27184830290375,116.45242729766261,116.99825286865234,770400,,
2016-09-30,117.6685869362191,118.3772083770715,115.94493033974031,117.99417114257812,629000,,
2016-10-03,117.62065614977571,117.62065614977571,114.93940408383409,115.64801788330078,990100,,
2016-10-04,115.91616943559909,116.36623019883987,115.17882169943627,115.77252960205078,653000,,
2016-10-05,116.24173639953173,116.7109529972994,114.74789979106535,114.98729705810547,800700,,
2016-10-06,114.84367765982674,115.33205021706875,114.08718128475023,114.90113067626953,1016300,,
2016-10-07,115.16926242829784,115.42781563175474,114.33616440917953,115.06393432617188,796300,,
2016-10-10,115.39908628012125,117.42917087978127,115.39908628012125,117.18977355957031,755900,,
2016-10-11,116.90247860940941,117.2280553952989,114.90111359946081,115.95446014404297,695900,,
2016-10-12,116.06940201813792,117.48663744361137,115.52357639130443,116.68225860595703,866700,,
2016-10-13,116.15558112543093,119.91890724073228,116.06939429228517,119.38265228271484,1124800,,
2016-10-14,119.89016496764114,120.03380480886617,118.07075133154343,118.12820434570312,947100,,
2016-10-17,117.99414913036797,118.38675692575636,117.43874560925639,118.22396850585938,622000,,
2016-10-18,119.45928731330187,120.93397598529168,118.91346160338202,120.51263427734375,843700,,
2016-10-19,118.73145413746883,118.74103207278284,116.36620821676462,118.58781433105469,1096000,,
2016-10-20,118.47292571404108,119.56457671364737,118.03243560067583,119.21026611328125,441500,,
2016-10-21,118.55913763806407,118.55913763806407,117.12275358214053,118.31974029541016,377400,,
2016-10-24,118.96132776258567,119.449693069238,118.48253308920556,119.14326477050781,587800,,
2016-10-25,118.90385221961216,119.95719890510324,116.40454375989798,116.4428482055664,921800,,
2016-10-26,115.75336913828505,115.76294707502863,113.29236541459531,114.0392837524414,1382200,,
2016-10-27,114.2595693724957,119.69867757367666,112.44014801221032,117.16106414794922,1656300,,
2016-10-28,116.76844018244688,117.64942057450543,113.72330595265623,115.4182357788086,1708400,,
2016-10-31,115.87787876128917,116.36624402522436,114.78622758593501,115.5905990600586,783300,,
2016-11-01,116.0694036005103,116.2226214024673,113.9531320253109,115.18842315673828,848300,,
2016-11-02,115.10221281410044,116.8258762050294,114.89154933816505,115.77252960205078,691900,,
2016-11-03,116.03107180495988,117.58236880795897,113.36897522286249,113.61795043945312,650300,,
2016-11-04,114.03928526753387,116.16513429169315,113.85734830193954,115.245849609375,492500,,
2016-11-07,117.32381111130071,120.94350397812968,117.3046625442238,119.59329986572266,1383200,,
2016-11-08,119.21028243796961,123.73011212537627,118.67403480145195,122.62887573242188,944600,,
2016-11-09,106.29242005017129,115.1213952088566,100.88203864951517,114.20211029052734,3560600,,
2016-11-10,117.26637312429159,117.26637312429159,114.69045582592867,115.86829376220703,1471500,,
2016-11-11,115.27457768026902,115.80125462794142,112.57417660620172,113.70413208007812,1181700,,
2016-11-14,114.09675398407647,117.41958965787224,114.0105671575434,116.01193237304688,1032700,,
2016-11-15,116.62479332444634,117.39086032577869,115.26501836977496,117.20892333984375,703900,,
2016-11-16,116.47156468577955,117.42915382756922,114.11589627367603,115.00645446777344,882900,,
2016-11-17,115.22669685042352,118.86553100568611,114.92026863412957,118.63571166992188,772900,,
2016-11-18,118.54954446203736,120.00507681403587,117.14188718596978,117.45789337158203,635200,,
2016-11-21,117.419592835011,119.29646683028734,117.22807060743631,117.84092712402344,527600,,
2016-11-22,117.87921783058458,118.24310636765193,115.65761139043043,116.13640594482422,627000,,
2016-11-23,115.09264574491877,117.17061250964449,114.95858384434457,116.9024887084961,341500,,
2016-11-25,117.31423830277889,118.22394499145453,117.22805148797053,117.94624328613281,166400,,
2016-11-28,117.44832517597122,117.8409329768035,116.5290403554326,117.54408264160156,577900,,
2016-11-29,117.11281139218816,118.57912363805352,116.90197613351523,118.05201721191406,397700,0.1,
2016-11-30,117.84116652541103,118.39702284345967,116.76778956419115,117.89866638183594,772400,,
2016-12-01,118.14784075845007,121.28171444345733,117.93699820939366,118.92411804199219,851000,,
2016-12-02,119.44166682064791,122.74804816039791,118.26287565385671,119.4608383178711,933200,,
2016-12-05,119.77706653981402,120.44792250713081,117.21821349469047,119.58538818359375,928600,,
2016-12-06,120.13166575863924,121.25295678920098,119.73873790092861,121.10920715332031,666400,,
2016-12-07,121.58840357733852,122.61385917681372,105.13318524961582,106.72408294677734,5206600,,
2016-12-08,111.61177892638275,111.61177892638275,104.82651698770721,107.79747009277344,5883900,,
2016-12-09,107.79743799511883,108.40120833505127,104.70190033329841,107.40450286865234,2668100,,
2016-12-12,107.81662463277834,108.29580963114624,106.1203129557404,107.31827545166016,1492000,,
2016-12-13,107.71121083749108,107.75913226537304,103.3793813682321,104.45275115966797,2303300,,
2016-12-14,102.69892763809027,103.38894786211752,95.56865285043303,97.32247161865234,7246000,,
2016-12-15,98.24251920289636,104.36650344503656,97.87833389201043,104.05023956298828,3311000,,
2016-12-16,104.17483125280737,105.22904425582486,102.21017685364112,102.62227630615234,2350000,,
2016-12-19,102.36349028674604,103.360195895286,101.29012064045864,102.20056915283203,1099100,,
2016-12-20,102.64144727907996,102.96729695022827,101.79808413268121,101.94184112548828,741400,,
2016-12-21,102.14306337260521,102.78516943616665,101.20385767479233,102.30598449707031,685900,,
2016-12-22,102.40182732108791,103.29311166380351,101.68304986121348,102.37307739257812,735600,,
2016-12-23,102.78519007852134,103.95440273461456,102.05682677751871,103.43688201904297,789200,,
2016-12-27,103.59978805120895,104.48148663266684,102.36348996313365,102.70850372314453,387800,,
2016-12-28,103.23560836086628,103.75312899211536,101.69263221356314,101.72138214111328,659600,,
2016-12-29,101.66388009294766,102.55516438668641,100.7055101991117,101.9705581665039,548700,,
2016-12-30,101.98016563106677,102.60310034529856,101.3284736719987,101.95140838623047,576800,,
2017-01-03,102.36350522273891,103.36979672474497,100.83970031535168,102.26766967773438,990200,,
2017-01-04,102.8618518132771,104.65399899816644,101.92264601473354,104.28023529052734,990700,,
2017-01-05,103.65729104623202,104.89358177275682,102.76600675404721,104.24188995361328,1169100,,
2017-01-06,104.51982829203351,104.75942078843872,103.22603027380198,103.99272918701172,728800,,
2017-01-09,104.12688759484092,107.07866854237959,104.01188057846787,106.89657592773438,1091000,,
2017-01-10,106.9061859977255,108.22873408391246,106.71450759349177,107.66329193115234,886100,,
2017-01-11,107.4620132446289,108.09454088233862,106.02445840814174,107.4620132446289,448600,,
2017-01-12,107.30868766510366,107.8932939369453,106.03405383884025,107.72078704833984,666000,,
2017-01-13,107.36616662316752,108.29578649125175,107.1840740229255,107.97952270507812,459300,,
2017-01-17,108.03703144994775,110.19336351349533,107.11699000179985,109.54167175292969,791000,,
2017-01-18,109.85793891813339,109.85793891813339,108.35329846879111,108.87081909179688,492700,,
2017-01-19,108.32455940907758,109.12959400733247,106.95409002319818,107.09784698486328,644200,,
2017-01-20,107.2799436228676,108.26706358503154,107.12660090823321,108.05622100830078,467000,,
2017-01-23,107.56743787969214,107.56743787969214,105.30568428131674,106.7911605834961,757400,,
2017-01-24,107.13617621575538,107.68244678778767,106.24489188119932,107.557861328125,430100,,
2017-01-25,107.58663416753232,109.65670987172665,107.58663416753232,109.25419616699219,1133600,,
2017-01-26,108.97625038847468,109.88670626356293,108.14246586720535,108.40122985839844,510900,,
2017-01-27,108.83248439898007,108.83248439898007,107.49077237737505,108.22871398925781,440800,,
2017-01-30,108.2478920898107,108.31497769951748,106.39823763728597,108.05622100830078,667700,,
2017-01-31,108.34371351737838,108.68872724529622,106.83907315854061,107.94119262695312,758700,,
2017-02-01,108.42038592851475,109.71419116410705,107.71119423821136,109.19667053222656,724800,,
2017-02-02,108.91875549866157,109.12001232778191,107.67287153349787,108.05622100830078,622300,,
2017-02-03,108.48745552323214,109.58958222600475,108.42995567654559,109.11039733886719,734200,,
2017-02-06,109.3595777448467,109.76209130337614,108.13286557878676,108.199951171875,344400,,
2017-02-07,108.5066573998219,109.76211981593556,107.29910909877134,108.6695785522461,1049800,,
2017-02-08,108.29580754774976,109.16792773765724,107.73037277020923,109.0433349609375,510300,,
2017-02-09,109.04334801564214,111.43927324822975,108.92834828401939,111.4296875,795900,,
2017-02-10,111.30508051988026,111.88010100227065,111.18049506409336,111.6021728515625,658900,,
2017-02-13,112.00473047843933,113.05893626029237,111.77471636067229,112.9726791381836,713100,,
2017-02-14,112.82887951369337,116.42276625549164,112.61803698828952,116.25025939941406,1508700,,
2017-02-15,115.96275894504568,117.37156388062682,115.6752450477418,117.3140640258789,856100,,
2017-02-16,117.09365201763096,117.60158696997789,116.27903894433211,117.04573059082031,678700,,
2017-02-17,116.30777642184593,117.85075260910736,116.12568379360316,117.83158111572266,605100,,
2017-02-21,117.97536168977972,119.82501633548928,117.97536168977972,119.4608383178711,735200,,
2017-02-22,119.29788746986718,119.29788746986718,118.32034608463833,118.59827423095703,562900,,
2017-02-23,118.8666185287884,119.58539595984544,118.64619754452889,119.36497497558594,337500,,
2017-02-24,119.50873860614736,120.8312939136964,118.56954008085616,120.73545837402344,723200,,
2017-02-27,120.37099639770898,121.79051415664166,119.88183731162913,121.4739990234375,657200,0.1,
2017-02-28,120.48605989014487,121.15744878032798,119.60365365471696,120.46687316894531,1014600,,
2017-03-01,123.54568901058951,124.43768864757064,120.33260091561111,120.42851257324219,1521600,,
2017-03-02,119.64201818216912,120.03526546801899,117.5894780966244,117.8100814819336,833700,,
2017-03-03,118.01149884573199,120.4764656350894,117.83885494416809,120.44769287109375,791500,,
2017-03-06,120.51484389746868,121.95354078287198,120.06405103589445,121.38764953613281,1082300,,
2017-03-07,120.39974204133632,120.81216876263251,117.9443684359956,118.69248962402344,834100,,
2017-03-08,118.82676276914536,119.7091617093979,118.37596993817563,118.75003051757812,507100,,
2017-03-09,118.79800071270748,119.94895531960265,117.64704610581231,118.8747329711914,703900,,
2017-03-10,118.75963990074051,119.01860213772973,116.3234454667311,116.84137725830078,855300,,
2017-03-13,117.10993360531985,117.5223603687819,116.16039564017376,116.99484252929688,525000,,
2017-03-14,115.81511923208572,116.20836662763678,114.4243815969153,115.14373016357422,789100,,
2017-03-15,115.36430016457766,116.84136309836279,115.14370408528211,116.50566864013672,638700,,
2017-03-16,116.78384278104424,116.78384278104424,114.35724147935353,115.76715850830078,449600,,
2017-03-17,116.00690950888962,116.15078064471344,114.67371779759623,115.17247009277344,821000,,
2017-03-20,115.32596617806156,115.69044082078723,113.90645569693842,114.6162109375,471100,,
2017-03-21,114.7408713478035,115.36430813764775,112.98566668274684,113.24462890625,726400,,
2017-03-22,113.54193362269412,114.11741811973076,112.70749427365182,113.8680419921875,534000,,
2017-03-23,113.92562753866774,115.33555188007462,113.65707191508393,113.97358703613281,628800,,
2017-03-24,114.6833315619872,117.86764724952587,114.41477596338378,116.90851593017578,1428400,,
2017-03-27,117.6086962109123,123.23880022588901,117.6086962109123,120.82178497314453,2173200,,
2017-03-28,120.2175171064401,120.59158505644255,118.2417089129257,120.34220886230469,1355700,,
2017-03-29,119.97773694272765,120.84095662040897,119.34471405748897,119.46939849853516,619400,,
2017-03-30,119.07613163205922,121.09030554795275,118.72125047849724,120.52442169189453,585200,,
2017-03-31,120.46692489887546,120.92731127668932,119.09536644774639,119.36392211914062,782100,,
2017-04-03,119.56530947788355,120.23669845021992,118.92268595568619,119.95854949951172,581200,,
2017-04-04,119.82427027765257,119.95854807052028,116.87014419938127,118.01151275634766,874800,,
2017-04-05,118.56780773869062,121.32050974245332,118.20333318049602,118.5965805053711,595500,,
2017-04-06,118.59658611265746,119.05696503649338,117.40726535555844,118.91310119628906,411900,,
2017-04-07,118.75965306688214,118.77883247569268,117.61828432646486,118.22254180908203,320600,,
2017-04-10,118.05944396796562,118.91307738190581,117.618244538651,118.40473175048828,453700,,
2017-04-11,117.76214696784473,118.36640440666086,115.73837921699865,117.84847259521484,702300,,
2017-04-12,118.10742531287242,118.27047587435978,116.70709452124574,118.03069305419922,280600,,
2017-04-13,118.24168047529601,118.24168047529601,116.69747882361501,116.83175659179688,381600,,
2017-04-17,116.06446971980374,117.04278033383221,115.63285628493998,117.01400756835938,407200,,
2017-04-18,116.63035552138385,117.01400947498387,112.45813615526113,114.99024200439453,1396400,,
2017-04-19,115.41225699425954,116.04527976982487,115.04778246150082,115.18206024169922,495900,,
2017-04-20,115.09576129581744,115.09576129581744,112.07449609828394,114.26131439208984,1164400,,
2017-04-21,114.14622745144622,114.43396247456027,113.33096724290219,113.98316955566406,468500,,
2017-04-24,115.30675198968069,116.16037815713315,114.81759303743134,115.9589614868164,564800,,
2017-04-25,116.22752843795645,116.9468768956965,115.60409164439689,116.45771789550781,781100,,
2017-04-26,115.59452636211404,118.3664231581191,111.53740417278335,113.62831115722656,1501700,,
2017-04-27,113.81051205247955,114.47230760654192,113.06238356741588,113.37889862060547,678200,,
2017-04-28,113.35970981917441,115.93018152265576,113.35970981917441,115.82467651367188,761200,,
2017-05-01,115.78632443618517,116.43853397193428,114.9998371122751,115.51776885986328,604500,,
2017-05-02,115.95895890308832,120.27504913036762,115.95895890308832,119.31591796875,1050700,,
2017-05-03,119.27758115890026,120.37099036646318,117.5799144877529,118.65414428710938,1176000,,
2017-05-04,118.14577790924339,118.8459468836516,116.31383386061252,117.49356842041016,1683300,,
2017-05-05,117.70460179148552,117.87724572916734,116.48650086517716,117.00443267822266,656700,,
2017-05-08,116.99483127505863,117.67581357385608,115.83427604112951,116.36180114746094,624200,,
2017-05-09,116.48647776405632,118.19373739481837,116.42893223543842,117.49356842041016,509400,,
2017-05-10,117.44563165329731,118.92269482012789,117.38808611354791,118.5582275390625,428100,,
2017-05-11,118.07863703442132,118.68288702751869,116.59198081767717,117.8100814819336,467900,,
2017-05-12,117.70458675943797,117.92518284644204,116.4193470947019,117.29216003417969,281400,,
2017-05-15,116.97567564256939,117.75256980784162,116.50570326139416,116.87017059326172,474000,,
2017-05-16,117.54154274539293,117.7525454828273,115.88224239072218,115.92060852050781,269300,,
2017-05-17,115.92062211603502,116.0548999272377,113.75298309326172,113.75298309326172,536200,,
2017-05-18,113.81052668197862,114.44354955213784,113.44605209475571,113.58032989501953,603400,,
2017-05-19,114.58741121830538,114.86556015796955,113.4460426930611,113.82969665527344,518700,,
2017-05-22,113.61868723385004,115.27798751955055,113.61868723385004,114.98065185546875,438100,,
2017-05-23,115.11494487546608,115.51778561597247,113.8201189774736,113.98316955566406,291800,,
2017-05-24,112.36220624354465,112.83217841862488,110.30007298082015,111.3167495727539,1423600,,
2017-05-25,111.79634516907183,113.12953712861884,111.47983739243048,112.51569366455078,585500,,
2017-05-26,112.71709997927505,112.71709997927505,110.72211256367021,111.32636260986328,579100,,
2017-05-30,111.35515531513947,111.57594893181484,110.49119143843164,110.51998901367188,537200,0.1,
2017-05-31,110.46240122435772,110.55839558952225,108.59048546999719,109.1088638305664,911800,,
2017-06-01,109.29126935513179,111.51837269241021,109.2816677198262,111.16319274902344,771200,,
2017-06-02,111.47038115415488,111.94075875790257,109.08968090508338,109.57926177978516,696600,,
2017-06-05,109.31047696187103,110.71201549210868,109.0224864824939,110.24163055419922,684500,,
2017-06-06,110.26082819708755,110.39522179422924,108.84968810319789,108.95528411865234,506200,,
2017-06-07,108.84007076878883,109.92482834855392,107.72652293539097,108.41769409179688,552200,,
2017-06-08,108.41769797991725,108.7248843577918,106.07539727118575,107.83212280273438,1020100,,
2017-06-09,107.59214200299756,109.128074017807,107.37134834278986,108.8880844116211,573300,,
2017-06-12,108.91686230131242,111.22076356895192,108.91686230131242,110.9615707397461,997900,,
2017-06-13,111.54716949186323,112.13274473506512,110.84640392140969,111.20158386230469,635300,,
2017-06-14,111.8543312461213,112.3151144252538,110.92317790253507,112.20951843261719,440600,,
2017-06-15,112.20953697927276,112.48792579461028,110.32801939096869,111.38397216796875,473300,,
2017-06-16,111.49915137439355,111.69114009340794,110.05921401008516,110.46239471435547,879900,,
2017-06-19,110.36642877509607,111.31678562957214,109.39686864943346,110.89440155029297,989400,,
2017-06-20,110.60640944224052,110.9999885828733,109.43525900735511,109.56005096435547,575600,,
2017-06-21,109.9440360999442,110.7599992879274,107.98572005444363,108.68649291992188,726700,,
2017-06-22,108.69606581189431,111.87352498172206,108.40807543398323,110.5967788696289,841500,,
2017-06-23,111.00957375626832,111.15356896154759,109.78082834249925,110.8079833984375,1087700,,
2017-06-26,110.97118018875092,112.24792651049398,110.47200508549011,111.2399673461914,380000,,
2017-06-27,111.23036884689249,114.04304690800373,111.23036884689249,113.3134765625,900000,,
2017-06-28,113.94703810457081,116.62532242476337,113.89904458777596,115.5981674194336,970300,,
2017-06-29,115.79978491154466,117.62370742698805,115.01261927737247,116.9997329711914,1123500,,
2017-06-30,117.42211465666982,117.6909018447695,116.1357738782209,117.19172668457031,698700,,
2017-07-03,117.44127909785128,117.53728077404905,116.58691691176833,116.6733169555664,314300,,
2017-07-05,116.83653629974157,117.60450595137004,116.42375389367399,117.42211151123047,509200,,
2017-07-06,116.76932627579502,116.91332148464991,114.571020904052,114.94540405273438,511400,,
2017-07-07,115.44458055009068,117.33569946383899,114.76301107527026,117.15330505371094,675500,,
2017-07-10,116.91333054904769,117.2301185683092,115.74218016794838,116.87493133544922,472300,,
2017-07-11,116.99012782014022,117.62369652850116,116.27975336144023,117.24931335449219,559700,,
2017-07-12,117.9308628907825,118.49724203473977,117.29729428997418,117.89246368408203,715600,,
2017-07-13,118.17085690130955,118.57403760103703,117.16290515199083,118.14205932617188,588400,,
2017-07-14,118.02687475188048,119.27482352109821,116.17415486620236,119.18843078613281,409400,,
2017-07-17,119.15000923378624,119.55318990249908,118.12285429745617,119.13080596923828,710900,,
2017-07-18,119.46680562596603,119.64920004374476,117.69088426368526,118.51644897460938,524600,,
2017-07-19,118.43006874733122,119.33242465014624,118.05568556260879,118.72765350341797,550700,,
2017-07-20,118.77563773667626,121.05073410650901,118.68923768557235,119.99478149414062,865000,,
2017-07-21,119.82200361212648,120.09079078426498,119.03483804062036,119.43801879882812,443500,,
2017-07-24,119.40922632564299,119.98519990826951,118.94845038910236,119.35163116455078,663500,,
2017-07-25,118.45886866793802,119.24603426725578,115.87657821426936,117.97888946533203,1195800,,
2017-07-26,114.08142678786484,114.08142678786484,106.71854929260016,108.36007690429688,3510700,,
2017-07-27,107.4481284394072,107.92810756987468,105.32662156160895,105.94099426269531,1495400,,
2017-07-28,105.9314010615279,107.62092978595193,105.30742667747177,107.03535461425781,1413300,,
2017-07-31,107.2945372288316,107.2945372288316,104.88504714073667,106.39218139648438,980200,,
2017-08-01,106.44020468694126,108.15853142357606,106.44020468694126,106.72819519042969,1142400,,
2017-08-02,106.4305425602335,106.60333528744806,104.0786411440412,104.28983306884766,1043200,,
2017-08-03,104.15548084158179,104.93304476043745,103.44511371418402,104.040283203125,840700,,
2017-08-04,104.44347877708056,104.44347877708056,103.41632356308031,103.76190185546875,587500,,
2017-08-07,103.69468524778644,104.0402707980505,102.75393027954547,102.95552062988281,734300,,
2017-08-08,102.55237274201802,104.1171025279946,101.66921264161046,103.06114959716797,673300,,
2017-08-09,103.301095809254,103.32989338156818,101.69796747663597,102.57152557373047,1025300,,
2017-08-10,102.21636455677191,102.55234850208745,100.72842623964497,101.15081024169922,1270500,,
2017-08-11,101.5443915144518,103.98268656445946,100.94922203398988,103.28191375732422,852200,,
2017-08-14,103.78107984943206,104.17465889641113,103.2243023450229,103.37789916992188,857200,,
2017-08-15,103.98267071824854,104.37625709112989,103.27230370922581,103.91547393798828,659500,,
2017-08-16,103.82907967147287,104.40505311140448,103.82907967147287,104.32825469970703,421000,,
2017-08-17,103.85788846393731,104.83704268520238,102.39874777966334,102.8883285522461,1159700,,
2017-08-18,102.70595794214358,104.64507821499835,102.30277712957455,103.6659164428711,765200,,
2017-08-21,103.81948840637473,104.55865305205116,103.32990763778885,103.52189636230469,610600,,
2017-08-22,103.58910791404189,104.27067745610775,103.11872305455486,104.13628387451172,401200,,
2017-08-23,103.79069320668114,104.04987872310238,103.08992043074133,103.64669799804688,290300,,
2017-08-24,104.00187356699185,104.98103508598825,103.61789612508763,104.27066802978516,320900,,
2017-08-25,104.45307394735372,105.2402395634007,103.80030192498049,104.57787322998047,286300,,
2017-08-28,104.80824797694478,105.39382312859446,104.22267282529512,104.70265197753906,748900,,
2017-08-29,104.0498919832517,104.0498919832517,102.34116717691272,102.64835357666016,694200,,
2017-08-30,102.6483087076654,103.03265280022553,101.74510118976212,102.36965942382812,790300,0.1,
2017-08-31,102.90777943693669,104.52201943060756,102.60030550151161,103.8974609375,529600,,
2017-09-01,103.98393919370506,105.09852943183272,103.56115979436869,104.8294906616211,767500,,
2017-09-05,104.75260446119707,105.28107863022376,103.63801439209836,103.8205795288086,604500,,
2017-09-06,104.32981900744923,104.32981900744923,102.35044928196675,103.26326751708984,540000,,
2017-09-07,103.25366392500175,106.43409737390728,103.25366392500175,105.7422866821289,1235600,,
2017-09-08,105.23306235770866,106.49179009567395,104.90637447491733,106.1747055053711,439500,,
2017-09-11,107.07788944733326,108.35582348332576,106.11703259968887,108.18286895751953,803200,,
2017-09-12,108.08680793713236,108.27898374636074,107.31812669249155,108.0579833984375,470700,,
2017-09-13,108.06755942741161,108.19246816535657,106.89531302402507,107.19317626953125,291300,,
2017-09-14,107.13552721059591,107.46221498556976,106.13623531477057,107.19317626953125,414600,,
2017-09-15,107.19320536272103,107.32772475725004,105.84801141743087,106.33804321289062,661300,,
2017-09-18,106.5494137951586,106.64549801246096,103.99353842728777,104.65652465820312,726000,,
2017-09-19,104.66616271900904,104.77185758497792,102.63875368016254,103.76295471191406,650000,,
2017-09-20,103.68607665663862,105.8576080784437,103.41703055367641,105.83839416503906,533700,,
2017-09-21,105.93445848432223,105.93445848432223,104.03195886152041,104.18569946289062,540100,,
2017-09-22,104.60850389343047,105.68465903829299,104.137678686796,105.0120620727539,525100,,
2017-09-25,104.64694074572569,105.67505745582704,103.37860245175223,103.66686248779297,579900,,
2017-09-26,104.11845303089369,105.00243960898798,103.69567365408498,104.74301147460938,679100,,
2017-09-27,105.02168757880334,105.78075826287555,104.06083044571551,105.48289489746094,640100,,
2017-09-28,105.32912724586069,105.68463957757156,104.44513340009983,105.43482208251953,547900,,
2017-09-29,105.24264625168053,106.78962631731207,105.24264625168053,106.59745788574219,621900,,
2017-10-02,106.72237000383755,108.33660980457724,106.72237000383755,107.83696746826172,973600,,
2017-10-03,107.85617835967409,108.3269961502361,106.58784764680392,108.20208740234375,424600,,
2017-10-04,108.48073980370951,109.52807025118169,107.32770718554758,107.71205139160156,570200,,
2017-10-05,107.53909098354997,108.44229871876234,107.4814419215596,107.75048065185547,626100,,
2017-10-06,107.41419652025445,108.1636637487972,105.6366126752416,105.82878112792969,667500,,
2017-10-09,105.6846511232795,105.6846511232795,102.55226282606823,102.93659973144531,795400,,
2017-10-10,103.19605223448126,104.24338293673688,101.43768201228707,102.40814971923828,727900,,
2017-10-11,102.32168176007109,103.6380587706662,102.32168176007109,103.53236389160156,810700,,
2017-10-12,103.24406611371928,103.28250126760118,101.10135943278512,101.77395629882812,1057600,,
2017-10-13,98.87219200946124,101.92771772472969,97.296387032355,101.41846466064453,1203800,,
2017-10-16,101.13978864775073,101.91808030857874,100.69779540019684,101.46647644042969,1003900,,
2017-10-17,101.97574023612056,104.82948640422977,101.38001364934784,104.21453857421875,1400100,,
2017-10-18,104.50281250313935,106.02096103724219,104.16651400921648,104.27220153808594,814600,,
2017-10-19,103.95510732386657,106.56863918853566,103.4842821784587,106.21311950683594,805400,,
2017-10-20,106.7319725817638,108.63446489559294,106.09780358998378,108.43268585205078,1359400,,
2017-10-23,108.64407068175254,109.40314838173356,108.25972652178358,108.53837585449219,464100,,
2017-10-24,108.34623327951162,108.74018082263538,106.83768813973168,107.13555145263672,1038400,,
2017-10-25,106.17467989609419,106.43410801510412,102.38890163359521,106.4148941040039,2069800,,
2017-10-26,105.10812302471577,105.29068815953389,98.99707329146786,99.79458618164062,2763000,,
2017-10-27,99.79459132277262,100.9572272117218,98.50703935377342,99.43907165527344,1249700,,
2017-10-30,99.09317038795938,99.8522482257744,97.34441110677678,98.27644348144531,1116100,,
2017-10-31,98.16114403230526,99.98676627043834,97.83444887561144,98.68000030517578,778000,,
2017-11-01,98.43976543130731,99.07393436851746,96.83513651067648,98.12268829345703,1338500,,
2017-11-02,97.68068418144337,99.40061102160747,97.68068418144337,98.39171600341797,941700,,
2017-11-03,98.79529575896171,98.79529575896171,97.45009477449636,97.63265991210938,656500,,
2017-11-06,97.93053293857994,98.58391592014038,97.2867605785773,97.7671890258789,591300,,
2017-11-07,97.9977974028132,98.87218073826863,96.71025262007363,97.09459686279297,576300,,
2017-11-08,96.61416458534717,97.2771508638898,95.6629109726773,96.79672241210938,715700,,
2017-11-09,96.65259994653682,97.17146359460685,95.21131447881686,95.88391876220703,1149800,,
2017-11-10,95.42269207508029,95.74938721828997,93.0493744665569,93.88532257080078,1507400,,
2017-11-13,93.55866169028876,94.8846418949118,91.84832983551071,93.93339538574219,1763500,,
2017-11-14,93.56823268669211,93.76040844543664,92.24225293975516,93.20310974121094,1121000,,
2017-11-15,92.73231020304736,92.9148680463222,91.5312389649576,92.02127075195312,1029100,,
2017-11-16,92.72270515786015,94.7981599008826,92.71309453476536,94.52911376953125,1043200,,
2017-11-17,94.39458348496929,94.87501195370699,93.36646685510091,93.41451263427734,688500,,
2017-11-20,93.4241047985437,93.4433187079642,92.1653774742221,93.08779907226562,824600,,
2017-11-21,93.28960661815844,95.07680130138158,92.46327630696295,94.90384674072266,866800,,
2017-11-22,94.65400164997851,97.6230455249411,94.50026104934022,96.64297485351562,757600,,
2017-11-24,96.41240166220828,96.65261594659381,95.19211632306346,96.54692840576172,384300,,
2017-11-27,96.44121004947596,97.45971602140841,95.93194973275331,96.79672241210938,747100,,
2017-11-28,97.13302551259966,98.4974479523548,96.43160404464217,98.32449340820312,555800,,
2017-11-29,98.6895877144251,104.12803998640214,98.61271742142964,103.26326751708984,1747300,,
2017-11-30,103.61912616373809,106.71596781355241,102.86896101131512,104.20579528808594,1618200,0.1,
2017-12-01,104.32122455232584,104.82133228678978,101.080118169808,103.9269027709961,1055300,,
2017-12-04,104.15772968568217,106.17740713022772,102.13804490355221,102.19575500488281,876400,,
2017-12-05,102.04187778166705,102.84013364048971,100.06067116406444,101.89761352539062,1014800,,
2017-12-06,101.89760371987308,103.76340462297806,101.24361218025989,103.54220581054688,1113000,,
2017-12-07,103.48449950755766,107.26418464150753,102.90744985439568,106.11969757080078,1556200,,
2017-12-08,106.27356765568862,107.37958362821927,105.60995660465353,107.29302215576172,1492700,,
2017-12-11,107.74506458843675,108.28364330643635,106.39861045585303,106.7352294921875,1015600,,
2017-12-12,108.64910105475494,109.76472931729985,107.59117555167053,108.13937377929688,1025200,,
2017-12-13,108.37019277091213,110.58222483887114,107.45653149886778,109.5242919921875,1101600,,
2017-12-14,109.56277379824512,110.4956743076913,108.4952286108979,108.61064147949219,1046500,,
2017-12-15,109.2261450800868,109.86090475204824,108.37018661644194,109.10111999511719,1335900,,
2017-12-18,109.51468700332904,110.39949695402262,108.25478707644,108.79337310791016,875100,,
2017-12-19,108.85105242034213,109.6012175359466,107.38919313577735,108.7164077758789,926100,,
2017-12-20,108.63949289244805,108.71643480486563,107.09107175857103,108.46637725830078,668800,,
2017-12-21,108.87031406608546,111.14966875083731,108.4856191693649,110.38026428222656,1157400,,
2017-12-22,109.99555306462803,110.8707433636689,109.75511512106088,110.6591567993164,714300,,
2017-12-26,110.85153442025322,111.76519585922088,109.40890646130308,110.00518798828125,484200,,
2017-12-27,109.83204271301744,110.33215771293085,109.0818775507306,109.7935791015625,368800,,
2017-12-28,110.29368511219597,110.50527165994588,109.48580986965848,109.99554443359375,299100,,
2017-12-29,110.20713468563825,110.71686930064487,108.9857131343187,109.01456451416016,507300,,
2018-01-02,109.79357229347556,111.29390252501669,109.01454846452837,111.1784896850586,754000,,
2018-01-03,110.76495663627271,110.76495663627271,108.01434581208392,109.05303955078125,845900,,
2018-01-04,109.78398109874506,109.78398109874506,107.87009686797623,108.47599792480469,689000,,
2018-01-05,109.09151958073792,109.09151958073792,106.49479235553615,107.68736267089844,1201800,,
2018-01-08,107.5142538485109,107.52387342275638,105.07140295870894,105.93698120117188,1543500,,
2018-01-09,106.15815324451097,107.11029273963099,104.46547548390882,106.55247497558594,1228600,,
2018-01-10,106.52361815522794,107.2930150968508,105.72536249962889,106.138916015625,732800,,
2018-01-11,106.24471445966822,110.57259723132972,106.24471445966822,110.53412628173828,982300,,
2018-01-12,110.60146247610051,112.35185054526238,110.42834685002585,112.1883544921875,1637300,,
2018-01-16,112.19795826233712,112.52495032243073,110.84188482615505,111.96713256835938,620400,,
2018-01-17,112.34222368111307,112.4961074887852,111.30353732966142,111.61129760742188,642500,,
2018-01-18,112.21720493458399,112.91928700600748,111.19775033266626,112.83272552490234,803300,,
2018-01-19,113.52518188885388,115.60256193452702,112.4287854379962,113.5732650756836,1839900,,
2018-01-22,113.68866484579598,113.68866484579598,111.78440063458117,113.30396270751953,710200,,
2018-01-23,113.40014814217486,113.60211512164474,111.39008324397459,112.76538848876953,410300,,
2018-01-24,113.45785712142042,113.58288220959413,112.33260931510587,113.47708892822266,684000,,
2018-01-25,114.08301339934208,114.70814626635556,112.97699724314293,114.57350158691406,359800,,
2018-01-26,114.71774230753678,116.70856804527766,114.15992455708606,116.5931625366211,991000,,
2018-01-29,116.67012185372359,117.22793972254226,115.52564207038465,115.6698989868164,632800,,
2018-01-30,115.13129018142358,120.99797383192384,113.21740643515113,117.84342956542969,905300,,
2018-01-31,118.00695117331041,118.15121542091084,113.44824937719386,116.85285186767578,1124900,,
2018-02-01,116.36233520471819,117.88190463967484,114.67926974307944,116.65086364746094,594000,,
2018-02-02,115.81414919482852,116.65087589657784,113.82332327608634,114.73699188232422,637800,,
2018-02-05,114.59270811178912,115.3524927795334,109.19728088378906,109.19728088378906,1045600,,
2018-02-06,107.79314723514926,112.96736945667048,107.24494898368249,112.39031982421875,1034500,,
2018-02-07,111.89019308534183,114.16954733388144,111.32276308496176,112.64036560058594,497700,,
2018-02-08,112.50572970169848,114.81392817028396,110.47643280029297,110.47643280029297,669700,,
2018-02-09,111.57285552885024,111.82290577465092,107.17764902658028,110.87077331542969,917600,,
2018-02-12,111.18812561035156,112.28452206967833,109.58200187367265,111.18812561035156,430100,,
2018-02-13,110.25522376644149,112.00561171720956,109.6397032126055,111.75555419921875,386800,,
2018-02-14,111.21697278088885,113.0731539685468,110.45718801106166,112.38069152832031,739300,,
2018-02-15,112.70769025454148,114.03490503182691,110.81303812758132,113.96758270263672,552000,,
2018-02-16,113.45785577665102,114.5446326188963,112.94812852022108,113.39053344726562,563900,,
2018-02-20,113.15009885330649,113.62135517293548,112.1210247379463,112.69807434082031,622400,,
2018-02-21,112.87118462515325,113.81369721990154,110.98615209807322,111.05347442626953,666900,,
2018-02-22,111.03423114428458,113.89063487538385,111.03423114428458,112.24604034423828,1066200,,
2018-02-23,112.66921373861842,112.82309019591662,111.13041247772053,111.95751953125,412000,,
2018-02-26,111.94794640723903,112.90007893596508,110.0917645524498,112.25570678710938,643000,,
2018-02-27,112.6692196498433,115.18900455377013,111.82287340875824,113.10200500488281,613100,,
2018-02-28,113.21751775392141,114.10308063943297,109.84852181032763,109.92552185058594,1159500,0.1,
2018-03-01,111.18649313506847,115.25816123500242,109.40573961728947,111.67739868164062,1468100,,
2018-03-02,111.58114915238009,120.7255671448882,111.57152873678675,119.20470428466797,2302300,,
2018-03-05,119.30096772809728,119.35871959723202,117.1833086192685,119.2143325805664,1288700,,
2018-03-06,119.61861470706778,121.21648502037048,119.03145354722088,120.27316284179688,976800,,
2018-03-07,119.29136284077646,122.13094288971837,119.01221651338889,121.47639465332031,721800,,
2018-03-08,122.06352808629644,122.9009668272246,121.38010410666323,122.50630950927734,768100,,
2018-03-09,122.87211686380662,123.0357520743949,121.42826121874151,121.91917419433594,674800,,
2018-03-12,121.9095288957989,123.35337698932173,121.01433823088792,121.55337524414062,849100,,
2018-03-13,122.05390571555698,122.05390571555698,119.09881546097776,119.25282287597656,810600,,
2018-03-14,119.4742267453236,120.36941740657946,117.81860467557483,118.64641571044922,873700,,
2018-03-15,119.09883567886578,121.28386719789218,118.7619301726972,119.1950912475586,713100,,
2018-03-16,119.06993779830158,119.51272657888566,117.9822360521728,118.88705444335938,928300,,
2018-03-19,118.99294045537874,119.23358302497023,117.06779989864681,118.4635238647461,609900,,
2018-03-20,118.94480126346278,119.10843643761743,117.51057369830342,118.29988098144531,657200,,
2018-03-21,118.62718095657566,120.66783296733944,118.25177906619328,119.57050323486328,858200,,
2018-03-22,119.07958172642454,121.48600769456947,118.37690945627058,118.42503356933594,578000,,
2018-03-23,119.02182117226141,119.73412115060795,116.50951205724907,116.6346435546875,744000,,
2018-03-26,117.54907737142048,117.63570516578602,113.82392799331573,115.72982025146484,813100,,
2018-03-27,116.50953239945079,117.34697136527872,115.27744335351775,115.93199157714844,787300,,
2018-03-28,116.11484903087016,117.69346368622573,115.3736731542256,116.83677673339844,640300,,
2018-03-29,116.84642203132495,116.91380166658831,113.41967370565189,113.97796630859375,964400,,
2018-04-02,113.97795736765875,114.89239625219028,111.16724639642858,112.02393341064453,758000,,
2018-04-03,112.42821057469482,113.90094191410746,111.47526071898093,113.62179565429688,719000,,
2018-04-04,112.74585942891242,115.13303706419497,112.65923162477289,114.88276672363281,1178600,,
2018-04-05,115.3351750330843,118.02074709746739,114.9405250220972,117.11592864990234,595300,,
2018-04-06,116.20148233600935,116.43249714089251,113.17901232340353,114.0645751953125,560700,,
2018-04-09,114.28598404516673,116.09561370939883,114.22822482876681,114.69026184082031,473600,,
2018-04-10,116.06671853101548,116.59612774408073,115.14265200393385,115.5758056640625,674600,,
2018-04-11,114.57473941051512,115.72020039531111,114.276344973331,114.61324310302734,677100,,
2018-04-12,115.37366812389848,116.21110686609691,114.53622938170005,115.60468292236328,876700,,
2018-04-13,115.90310193861622,115.90310193861622,114.43036310164283,115.16191864013672,616400,,
2018-04-16,115.91272583297813,116.4710184276296,114.91165173548112,116.0378646850586,460200,,
2018-04-17,116.48062071599118,117.34693535551739,115.08488953458014,116.30735778808594,1465700,,
2018-04-18,116.78868867967128,118.38655200241462,116.13414040022892,116.95232391357422,1216500,,
2018-04-19,116.92342562470077,117.79936085463945,116.13411820421385,116.96192932128906,686300,,
2018-04-20,117.16405325721627,117.54908283009696,115.72019786678491,116.00896453857422,657700,,
2018-04-23,116.18224845781418,116.3170077310812,113.72769825716802,115.6432113647461,979900,,
2018-04-24,116.2688929578382,117.30847087271034,115.19081134124895,115.99937438964844,770400,,
2018-04-25,115.9993224793991,117.57793682421332,114.35332852269013,117.47205352783203,754600,,
2018-04-26,108.80892848565253,111.09984275357372,107.17255485671402,110.71481323242188,3026700,,
2018-04-27,110.16617843561522,110.8688580531159,109.0496005995978,110.06029510498047,1281700,,
2018-04-30,110.04103292671594,110.70520876276379,109.69450704215431,109.92552185058594,1070000,,
2018-05-01,110.20466717621339,110.84959483268898,108.39503772848077,110.70520782470703,1180600,,
2018-05-02,110.68597533530955,114.26673862786892,110.68597533530955,113.29454040527344,1227300,,
2018-05-03,112.66885257683181,113.38115251742516,110.89771946853818,112.96724700927734,1253600,,
2018-05-04,112.96726553338183,113.67956559077648,111.88918401486411,113.3619155883789,802200,,
2018-05-07,113.48703662605385,113.98756993659964,112.65922560398212,112.98649597167969,513500,,
2018-05-08,113.10201813446922,113.41966811813182,111.09987000837836,111.61003112792969,947800,,
2018-05-09,111.33087629149425,112.91911129542761,110.90734304040373,112.88060760498047,833800,,
2018-05-10,113.40041928659342,113.96833965547054,112.60149141608827,113.3619155883789,644000,,
2018-05-11,113.20791224381081,114.32449015719611,112.84213811325576,113.92984008789062,695700,,
2018-05-14,114.03570880859114,114.4014828922607,113.87207361409386,114.2667236328125,640100,,
2018-05-15,113.83355644947993,114.03569531473312,112.6977232943706,113.01537322998047,839300,,
2018-05-16,113.2752670968534,114.80575026638527,112.9479893936894,114.04532623291016,345000,,
2018-05-17,114.06458420827128,115.53731563949205,113.77581017147831,114.25709533691406,953300,,
2018-05-18,114.51698568694037,114.70949680255174,113.37152472071632,113.44853210449219,506400,,
2018-05-21,114.19933007928705,115.190776228843,113.85280421329088,114.29558563232422,815100,,
2018-05-22,114.75763576963972,115.3063005632791,114.09345989277092,114.24747467041016,397400,,
2018-05-23,113.91056190653093,114.10308036628672,111.0036029305876,112.1683120727539,897800,,
2018-05-24,112.11057183136695,112.42822181502956,110.8881033526033,111.61003112792969,703900,,
2018-05-25,111.20573407329952,112.51483013330383,111.1576099695779,112.32231903076172,565000,,
2018-05-29,111.65815482028457,111.94692884786846,110.6282048928506,111.28275299072266,768400,,
2018-05-30,111.51376967013222,113.35228249922952,111.51376967013222,112.61109924316406,392900,,
2018-05-31,112.71707116457218,112.71707116457218,110.27005010513992,110.7710189819336,1094800,0.1,
2018-06-01,111.31051411669009,111.32015011216573,109.78835023641982,109.97139739990234,689100,,
2018-06-04,110.1833631536009,111.42614216847046,110.11592587450467,111.26235961914062,996300,,
2018-06-05,111.56099952701862,112.27390884614091,111.474290267199,111.87891387939453,974800,,
2018-06-06,111.85000708050141,112.19682940044987,110.72283821572424,111.79220581054688,653800,,
2018-06-07,112.12940760691914,112.57256788797532,111.61881005157424,112.27391815185547,909000,,
2018-06-08,112.25464952263688,112.74598245009757,110.13518596710396,111.07931518554688,854900,,
2018-06-11,111.2912492617283,113.29511014271502,111.2912492617283,112.46659088134766,736400,,
2018-06-12,112.68817043045937,113.09279404975206,111.35868232405319,111.76331329345703,1189700,,
2018-06-13,112.23537115931225,113.0542543715683,110.76137990722917,110.96369171142578,1102900,,
2018-06-14,111.11783955369197,111.60917245940561,110.27969163524628,110.39529418945312,1219300,,
2018-06-15,110.07738958376031,111.46467180813325,109.88470639279727,111.25273132324219,1279700,,
2018-06-18,110.79029620016944,111.54174225055267,110.52054708978694,110.94444274902344,731100,,
2018-06-19,110.32784984455233,111.21417768729333,110.32784984455233,110.86735534667969,715400,,
2018-06-20,111.18528779033231,112.64000721219378,110.87699470213136,112.148681640625,777500,,
2018-06-21,112.75561480360807,113.54559745061273,111.0600396038987,111.30088806152344,638400,,
2018-06-22,111.42612654658167,111.48392782052841,110.69394522610821,110.79991912841797,664000,,
2018-06-25,110.81920499417241,110.87700627918944,109.8076457558117,110.41458129882812,600900,,
2018-06-26,110.23154228305735,110.68433864962019,110.18337699200342,110.37605285644531,394300,,
2018-06-27,110.3278657543911,110.84809934033188,108.89241090714152,109.34520721435547,708000,,
2018-06-28,108.80567570699714,108.89237760308063,107.68813560118845,108.03495788574219,988400,,
2018-06-29,107.68816898932576,108.35291313250575,106.57063588714183,107.3606185913086,880600,,
2018-07-02,107.26426496612963,107.26426496612963,105.36638530464279,106.91744995117188,716600,,
2018-07-03,106.91745124270528,107.78449981574074,106.33940906053274,107.32207489013672,331500,,
2018-07-05,107.58218813460802,107.87120922607733,107.03305394090565,107.30280303955078,1030600,,
2018-07-06,107.41841030458356,108.48777802656636,106.965614035802,107.97718048095703,805600,,
2018-07-09,108.16983809530313,110.30857317925035,108.16983809530313,109.66310119628906,976900,,
2018-07-10,109.92323884194069,111.13711717335566,109.55715181823035,111.0215072631836,653400,,
2018-07-11,110.89628264917201,111.27200571683021,110.3086117279399,110.62653350830078,447200,,
2018-07-12,111.35868130167522,111.7247756349123,110.03883655322683,110.33748626708984,622800,,
2018-07-13,110.49165252347792,111.19492597847743,110.25080404023736,110.5398178100586,649800,,
2018-07-16,110.7806361979258,110.81917282678867,110.18333682582728,110.5108871459961,738600,,
2018-07-17,110.41453789446689,111.07928181129961,109.83650322118653,110.76136016845703,413100,,
2018-07-18,108.95986053462453,109.88471789774324,108.35292495729712,108.55523681640625,605500,,
2018-07-19,108.30472801149779,109.5089702479273,107.59181866556267,108.64191436767578,553900,,
2018-07-20,108.30473716468343,108.94058064730883,107.69780167226894,108.54558563232422,432600,,
2018-07-23,110.79029099765793,112.37989229503798,109.2681269747068,111.27198791503906,1121000,,
2018-07-24,111.04077005437321,111.17564459667395,110.0003029993865,110.14481353759766,1012800,,
2018-07-25,111.11782562893177,114.21995451333763,110.14480328577164,113.79606628417969,1423600,,
2018-07-26,114.13326558950904,121.86931669035738,112.86158605717934,120.34715270996094,2094300,,
2018-07-27,120.69396671520802,121.01188841381402,118.71901395591783,120.40495300292969,1062500,,
2018-07-30,120.39531714779754,121.77297049325149,120.21226998473028,120.38568115234375,806500,,
2018-07-31,120.44351022402135,120.5494841481397,115.8384882491069,117.63040161132812,1120000,,
2018-08-01,115.5687341452524,118.12172951175916,114.75948677781696,116.97528839111328,875300,,
2018-08-02,116.57066221849924,118.27586619210892,116.25274046660368,118.1217269897461,658700,,
2018-08-03,118.11206013621641,119.67276049679205,117.75560918943617,119.64385986328125,686200,,
2018-08-06,119.28740660020503,120.66505987320089,118.75753712977948,119.8076400756836,678800,,
2018-08-07,119.46084241018657,120.35679902226745,118.95988082122543,120.17375183105469,721600,,
2018-08-08,120.55906978345301,120.87699142299938,118.18912250249831,118.35289764404297,421800,,
2018-08-09,118.52634994183921,119.34523328405916,118.00611635557766,119.1429214477539,620100,,
2018-08-10,118.54559607102597,120.13518977375851,118.54559607102597,119.8558120727539,701500,,
2018-08-13,119.92325662082676,120.27007160695122,119.40302311647363,119.86544799804688,572900,,
2018-08-14,120.42419274834926,121.12747326804777,119.47043519981297,120.53016662597656,571900,,
2018-08-15,120.57837974404549,122.16797374216296,119.73058843826348,120.86739349365234,872600,,
2018-08-16,120.93483989165419,121.74409462183696,120.43387827781719,120.78070068359375,659700,,
2018-08-17,120.78070228299357,123.4782009357279,120.78070228299357,123.12174987792969,541900,,
2018-08-20,123.006116964582,123.45890586281922,122.1486970964755,122.6303939819336,424300,,
2018-08-21,122.84233272349248,123.74791780325846,122.59184830350542,123.69974517822266,639400,,
2018-08-22,123.65160949929871,124.58610273227521,123.25661448325218,124.24890899658203,536000,,
2018-08-23,124.10439395620152,124.10439395620152,122.3413742223836,123.03501892089844,539300,,
2018-08-24,123.0446493888813,123.8635399462401,122.7941649589794,123.4107437133789,396800,,
2018-08-27,123.6805255670894,123.73832685465277,122.51481236706728,122.77493286132812,530600,,
2018-08-28,122.62076357649026,123.10246048390898,122.35101448435363,122.7556381225586,478300,,
2018-08-29,122.95795077882056,124.24890232155013,122.60149976897517,123.69013214111328,350500,,
2018-08-30,123.34330499752222,124.6920504151209,122.51478575521945,124.50901794433594,594700,,
2018-08-31,124.17155019765502,125.57920068612968,123.81482320284368,125.492431640625,660400,0.1,
2018-09-04,125.32854065247403,125.51171486075069,123.32312805900918,123.54487609863281,735200,,
2018-09-05,123.55450245067105,123.58342546609583,121.65515333168665,122.55180358886719,545600,,
2018-09-06,122.75427125152223,122.97602662800244,121.21164914058087,122.17578887939453,555000,,
2018-09-07,121.91548254373517,122.76393032956503,121.25023104124985,122.3686294555664,555000,,
2018-09-10,122.72535297122944,122.72535297122944,120.65245098164367,120.88384246826172,623400,,
2018-09-11,120.66210684618162,120.95134439524452,119.38944250521577,119.50513458251953,692600,,
2018-09-12,119.54367087443435,119.93897165421474,118.63738462258469,119.59188079833984,557100,,
2018-09-13,120.14145953985812,121.60694878068325,119.81364818700602,121.49125671386719,807200,,
2018-09-14,121.64552253876897,122.56145980545656,121.25022902714004,121.34664154052734,488600,,
2018-09-17,121.6551815485015,121.6551815485015,120.43072702476907,121.51055908203125,450500,,
2018-09-18,123.91123006332309,127.88348065353708,123.03385946430683,123.18811798095703,1215000,,
2018-09-19,122.92783091810432,122.92783091810432,121.51054416117883,121.6262435913086,554500,,
2018-09-20,122.2047119140625,122.4843133210592,121.39483806411542,122.2047119140625,470600,,
2018-09-21,122.25291411260577,123.49664782411885,121.79012383061333,122.19506072998047,726300,,
2018-09-24,122.15652543994469,122.54218288074166,120.86458147244927,122.45541381835938,384700,,
2018-09-25,122.36862758560727,122.6771520423389,120.89349479699034,121.47197723388672,407400,,
2018-09-26,121.47196285542495,122.76391392217698,120.34392113363117,121.82869720458984,538400,,
2018-09-27,122.00225027312386,123.77627131703171,121.5683829528483,121.7997817993164,426800,,
2018-09-28,121.47197330549874,123.33276344380332,121.14416929898645,123.25563049316406,877400,,
2018-10-01,124.23905153187924,124.41258962916177,123.458100670897,124.07514953613281,493200,,
2018-10-02,124.19083471960236,124.20048553220913,120.79706614885332,120.9995346069336,584300,,
2018-10-03,121.52018523357941,121.60695428762077,120.39214339622278,120.48855590820312,813100,,
2018-10-04,120.440353851838,121.36592726783306,120.27645183517093,120.62354278564453,399900,,
2018-10-05,121.02848023505372,122.31078806495657,120.29573185285156,120.80673217773438,405900,,
2018-10-08,120.59460705822241,122.18543918762707,119.89078177287026,121.7997817993164,353800,,
2018-10-09,121.83833560414872,123.49664969657687,121.39483222824097,122.99530029296875,401700,,
2018-10-10,123.23635475497098,124.21013805853029,121.2791520455759,121.34664154052734,848700,,
2018-10-11,121.34663896986845,121.44305148121332,116.40060431542615,116.51629638671875,929500,,
2018-10-12,117.4129501989743,118.45422300629497,116.55486631770172,118.14569854736328,918600,,
2018-10-15,117.75039092586412,119.26409011506037,117.57684546792684,118.50242614746094,560800,,
2018-10-16,118.77239508424792,120.48856290691425,117.5286537467889,120.15111541748047,554000,,
2018-10-17,120.45961899317523,121.69371665807756,118.96519948457494,121.13451385498047,490600,,
2018-10-18,121.52981616341361,123.573787687582,121.11523578441302,121.84797668457031,924600,,
2018-10-19,122.17577152287477,122.92779923538656,120.55601669754115,121.27912139892578,757900,,
2018-10-22,121.39485219924799,122.6867960691116,120.42106888988002,121.66481018066406,1197100,,
2018-10-23,120.19929708992484,121.40447173955303,117.52863330290178,121.04774475097656,1046500,,
2018-10-24,120.62352863518097,122.42647267442464,117.52864081969203,117.64433288574219,702300,,
2018-10-25,117.68292160038212,119.31232049268502,117.09479563413566,117.19121551513672,743300,,
2018-10-26,116.60307776205049,119.04235044639802,110.92429453908547,111.4642105102539,1469600,,
2018-10-29,111.7920131324114,114.83869860193055,111.78237703004949,114.49160766601562,1598100,,
2018-10-30,114.79047760477624,116.71875712701096,112.90076455568253,116.50664520263672,1097400,,
2018-10-31,116.92122713514067,118.3481572369541,116.72840212269686,117.2008285522461,891000,,
2018-11-01,118.05892390352847,119.72688911185266,117.46116189303584,119.06163024902344,606700,,
2018-11-02,119.41835697858275,121.16344767386285,117.87573475989844,119.03269958496094,614100,,
2018-11-05,119.31228707549197,120.44032875154048,118.56990274801962,119.64973449707031,419000,,
2018-11-06,119.39906765314836,121.89619352569804,119.10018667313075,121.42376708984375,675800,,
2018-11-07,122.44574522077284,125.07784255390706,122.262556318948,124.8464584350586,678800,,
2018-11-08,124.98144640847897,126.02271915309582,124.33547451083446,125.57920837402344,571500,,
2018-11-09,125.44420190420823,127.29534814070838,125.44420190420823,126.77471923828125,541300,,
2018-11-12,126.64936532759424,127.44960287810727,125.2127921762008,125.41526794433594,552600,,
2018-11-13,126.05163708255719,126.15769304425456,121.86726671361384,123.26526641845703,682300,,
2018-11-14,124.10406956037366,124.2968945676851,122.09865711880356,122.72534942626953,496500,,
2018-11-15,121.84797245651815,124.40294412887503,120.71993077458995,123.41951751708984,825800,,
2018-11-16,123.78590584326452,128.36556980113284,123.20742344606276,128.2305908203125,1224000,,
2018-11-19,128.2498971994886,130.18781315643923,125.93595254789174,126.39875030517578,1195100,,
2018-11-20,125.81065304581952,127.36291927055433,125.12610706851687,125.43463897705078,724800,,
2018-11-21,125.43454833228648,127.18927448129125,125.18386265985689,125.99373626708984,775100,,
2018-11-23,125.38637139150983,127.4785527828627,124.6150566863335,127.11217498779297,306500,,
2018-11-26,128.05704350359667,129.24293122912752,126.6976029800149,127.50747680664062,653300,,
2018-11-27,126.97725104952603,128.07637019948763,126.06132087649317,127.93175506591797,1028700,,
2018-11-28,128.71270273008207,130.32281492393406,128.08601755274452,130.2649688720703,833600,,
2018-11-29,129.72503513176972,133.86118910528214,129.49363624417143,132.9163360595703,745500,,
2018-11-30,133.27329105873352,134.09339583859366,131.6909547938634,133.13821411132812,1216300,0.1,
2018-12-03,134.23814081957818,134.72056062877982,131.5944749651309,132.16372680664062,741600,,
2018-12-04,132.18302452584834,133.60133990839745,128.59382005437106,129.85775756835938,868500,,
2018-12-06,128.87365351508214,128.87365351508214,123.1907405694308,127.01150512695312,1127800,,
2018-12-07,126.62557362402481,127.24307047286091,121.28035318421563,121.78207397460938,1357200,,
2018-12-10,121.94611291590982,123.44161768750922,118.32796333411534,122.84341430664062,879400,,
2018-12-11,123.4705308505517,125.60281822673977,122.99776148446472,124.5318603515625,960100,,
2018-12-12,126.03699090743076,128.7578306917394,126.03699090743076,126.65448760986328,1286600,,
2018-12-13,126.59659181359562,127.75439621921129,125.2072206379441,127.32986450195312,702600,,
2018-12-14,125.10112326899564,125.58354313532159,116.10880989398254,116.89033508300781,1396400,,
2018-12-17,114.33351062709838,116.00268663718178,111.3135648529511,114.32386016845703,1802200,,
2018-12-18,115.87723982022288,118.45335990409697,114.86416261028816,115.49130249023438,996100,,
2018-12-19,115.77111415889689,115.99303052998242,111.38109791718537,111.97929382324219,1198100,,
2018-12-20,111.20742752837823,113.5037433983397,110.8697351006108,111.31356048583984,1127400,,
2018-12-21,111.53545965746427,113.31076840289347,109.95312325455032,110.4934310913086,1766900,,
2018-12-24,109.86628825615112,110.93726080449463,108.88214773873936,109.4321060180664,383300,,
2018-12-26,109.68299052332434,113.43621681682498,108.83393413567406,113.30113983154297,967900,,
2018-12-27,111.90210812026397,112.60643695683943,108.82426721864265,112.59678649902344,827000,,
2018-12-28,112.75117000045499,113.43620531669178,111.72844225524835,112.11437225341797,683200,,
2018-12-31,112.7511705594473,113.27218489293078,111.13988998955796,112.46171569824219,623100,,
2019-01-02,111.24602689571438,113.54234286672619,110.81184458849886,113.31078338623047,731200,,
2019-01-03,113.61952065936373,115.20185711616799,111.63194595004721,111.90210723876953,834200,,
2019-01-04,113.17570281400586,114.46858451360862,112.31699604668333,114.39139556884766,983000,,
2019-01-07,114.39137880987845,115.17290387908521,113.52302907253602,114.1405258178711,1028600,,
2019-01-08,115.62639183038083,117.78763816523993,114.73874102917607,117.71044921875,796600,,
2019-01-09,118.47267109537184,120.59531555271022,117.97095031452557,119.93922424316406,700600,,
2019-01-10,119.7365982340092,121.44436852450062,118.9840244901895,121.25139617919922,577300,,
2019-01-11,120.82687581648811,122.00397403738178,120.41199446152686,121.30929565429688,817600,,
2019-01-14,120.66283900760664,123.28720391885993,120.06464316184352,120.84616088867188,1026900,,
2019-01-15,120.70144249715636,123.20038109617919,120.13219061929827,122.56358337402344,702300,,
2019-01-16,122.94952278168013,126.50977625509466,121.83995565881736,125.08181762695312,975600,,
2019-01-17,124.61867249748387,126.50974966001807,124.43535063817772,125.93085479736328,703500,,
2019-01-18,126.49045888428108,127.60001837252072,125.84400349154957,127.32986450195312,571000,,
2019-01-22,126.40366840851382,126.40366840851382,124.2038346419761,126.01773834228516,568100,,
2019-01-23,126.45191765838709,127.69656940064084,124.64767171771048,125.85372161865234,797500,,
2019-01-24,125.83438859340994,126.15278745269899,124.77307378473151,125.26513671875,549600,,
2019-01-25,126.23963599666551,127.13694466695144,125.50636304811951,126.52909088134766,406700,,
2019-01-28,125.95980778742322,126.04663981467165,124.58007955791443,125.8440170288086,526100,,
2019-01-29,126.68343165289717,128.12103311239997,126.08522114060837,127.89912414550781,413200,,
2019-01-30,128.07280265626628,128.89290741151208,127.44564813748492,128.34295654296875,707600,,
2019-01-31,128.24645738828886,128.94114296715154,127.68684874296717,127.87017059326172,580800,,
2019-02-01,128.07284336275956,130.89981697651828,127.41674462774675,130.76473999023438,746100,,
2019-02-04,130.45591261403817,130.61027569462718,129.17267473197992,129.9445343017578,499900,,
2019-02-05,130.30162667478635,131.71028463279512,129.62624171394052,130.1665496826172,601400,,
2019-02-06,129.7130376819336,130.5621012378071,129.08588311096926,130.3112335205078,420600,,
2019-02-07,129.95429325116325,130.46565723912863,128.15004728314537,128.2658233642578,731500,,
2019-02-08,127.84124291877448,127.87018692806775,125.00461222976612,126.86676025390625,708000,,
2019-02-11,126.95362483915993,128.3526396288194,126.08526017081846,128.03424072265625,423400,,
2019-02-12,128.4491110461774,129.18238390145132,127.79301240953427,128.661376953125,470700,,
2019-02-13,129.30777553463392,129.8480832222786,128.44906909056712,129.3946075439453,502500,,
2019-02-14,128.79644778848873,129.67444066475971,127.48426529994708,129.0279998779297,654700,,
2019-02-15,130.05075322142667,131.12172601349457,129.6262360661682,130.76473999023438,651100,,
2019-02-19,130.19551703652448,131.01562223515555,129.76134196403856,130.513916015625,638500,,
2019-02-20,130.42699207085144,130.47523698865356,129.51039752173872,129.5972442626953,437300,,
2019-02-21,130.05073545315307,130.2726591820962,129.0955535814647,129.81918334960938,527800,,
2019-02-22,130.1761289770622,131.71987789287917,129.7515972890985,131.25674438476562,860600,,
2019-02-25,131.64273502769998,132.36636482471042,129.64550972125403,129.67445373535156,743300,,
2019-02-26,130.16651204666272,130.55244199204859,128.81572779324475,128.9315185546875,630400,,
2019-02-27,128.6806874168507,129.6455272768491,126.82819665232839,128.57455444335938,692000,,
2019-02-28,128.8738902859718,136.5404744932507,128.8738902859718,134.04931640625,1405800,0.1,
2019-03-01,135.49767578998956,137.32259220985944,134.54176157640214,135.9514923095703,796500,,
2019-03-04,134.10722858857406,134.55139466100522,131.40364553031986,132.51405334472656,933400,,
2019-03-05,133.46995890242675,133.89480958307942,131.46158324237794,132.50439453125,676600,,
2019-03-06,132.5044136208542,132.77477050506593,128.1786887401212,128.2559356689453,741000,,
2019-03-07,128.0338383338844,128.96077185653775,124.43227271077026,125.05989837646484,1152900,,
2019-03-08,124.3646872188364,124.81850362737892,123.2832525296855,124.74125671386719,721900,,
2019-03-11,125.44609839718701,126.13165545803784,123.9977521052552,125.23367309570312,736400,,
2019-03-12,125.69716144770076,127.21310456653235,125.11783167108474,126.5758285522461,591800,,
2019-03-13,127.184144149689,128.748353765516,126.30547700828396,128.12074279785156,602000,,
2019-03-14,128.39107191519395,130.26426880685088,128.03381787847144,129.50146484375,552500,,
2019-03-15,129.40491479083505,130.22563549914972,129.1731740849544,129.61734008789062,786500,,
2019-03-18,129.82011296014795,131.2491439522693,129.82011296014795,131.16224670410156,540100,,
2019-03-19,131.43259910211273,131.87676513338488,130.27392496547108,130.766357421875,900900,,
2019-03-20,130.76635685499963,131.16224172608284,128.99938727595205,129.40492248535156,418300,,
2019-03-21,128.32350728819068,132.2630119439319,127.87935589955933,131.8671417236328,388600,,
2019-03-22,130.73742522164645,132.1954370216195,130.64087761326707,130.65052795410156,565900,,
2019-03-25,130.1580591606078,130.73738884974554,129.27939218874042,129.74285888671875,600200,,
2019-03-26,129.96494848973512,130.87256647064294,128.9028219659677,129.52078247070312,549100,,
2019-03-27,129.08626949244126,129.93597063226423,127.53171067072292,128.1979522705078,455700,,
2019-03-28,128.4875940734461,129.05727323325115,128.1013596769663,128.9124298095703,463800,,
2019-03-29,129.74288878259017,129.7911699511453,128.57456406361425,129.16355895996094,917000,,
2019-04-01,130.24495012279607,130.92084209419826,129.878031024032,130.10977172851562,815000,,
2019-04-02,129.78147138473446,130.19665686667105,128.4296728342319,129.14419555664062,464300,,
2019-04-03,129.99393332831465,130.47671550395768,128.98973815230516,129.62701416015625,548400,,
2019-04-04,129.88770696062056,130.29324217738636,129.03800570644015,129.3566436767578,416400,,
2019-04-05,129.75255269456815,130.3705133398462,129.70427152644532,130.08084106445312,626900,,
2019-04-08,130.3028603019998,130.35114144920405,128.15930701950145,128.42001342773438,553000,,
2019-04-09,127.7635017027589,129.36632757530066,127.63797360309756,129.24081420898438,617900,,
2019-04-10,129.34698628522565,130.53462612194727,129.24077363424468,129.85873413085938,815000,,
2019-04-11,130.48634401455493,130.52496009947552,127.73448018040867,127.8600082397461,425800,,
2019-04-12,128.71936114895132,129.646309263652,127.666899706918,128.2269287109375,817100,,
2019-04-15,128.2076529625117,128.65181911459865,127.5510761753819,128.16903686523438,456700,,
2019-04-16,129.27938369987535,129.27938369987535,121.12036956353624,121.97972106933594,1389300,,
2019-04-17,122.14389814528467,122.18252160577391,116.73673891021117,118.4361343383789,1321900,,
2019-04-18,118.4650929097475,120.39622161709794,117.35469242968671,120.22241973876953,1223800,,
2019-04-22,120.15481649467074,121.45832674654882,117.75055623083216,118.6678466796875,1071500,,
2019-04-23,118.9381980730167,125.04056350297378,118.60025207742379,123.66946411132812,1114100,,
2019-04-24,123.59221151860024,128.73867021936772,123.59221151860024,125.82266235351562,1732200,,
2019-04-25,125.13714158105007,128.3331571182086,124.1039806881673,127.1648178100586,879200,,
2019-04-26,124.35501843462714,125.01160981320818,119.5368620565483,124.77986907958984,1444200,,
2019-04-29,124.02674266343071,124.84747828637944,120.69554847226486,122.8294448852539,863600,,
2019-04-30,123.26393340715244,123.64050286834166,120.83070741690001,122.50113677978516,950500,,
2019-05-01,122.43353385125046,123.01287085222845,120.33825410382015,120.4541244506836,929200,,
2019-05-02,120.0389607688412,120.22242035431367,118.77407381638524,119.72998046875,1217200,,
2019-05-03,120.33824820137474,120.64722841118586,118.4071200483879,118.7643814086914,1101200,,
2019-05-06,117.09399120365126,120.9176326991215,117.05537511043552,120.20310974121094,949300,,
2019-05-07,119.94238854317338,120.78242469959692,117.75055363924008,118.71611785888672,725000,,
2019-05-08,118.3105855788118,118.9285461053256,117.02638336694041,117.81814575195312,675200,,
2019-05-09,117.42227437800199,119.0926964812198,117.06501293723467,118.65819549560547,828800,,
2019-05-10,118.89959920266756,119.71067712644455,115.86772758681302,118.56165313720703,707700,,
2019-05-13,116.5918714947928,117.96297082428772,116.0221921804264,117.64433288574219,636600,,
2019-05-14,117.79886104484352,119.20858423564184,117.30642112043053,118.32026672363281,614300,,
2019-05-15,117.60571139410919,118.61954928830956,116.28288591310164,117.66364288330078,542800,,
2019-05-16,117.79884276438109,119.37270989685452,117.20019025570814,117.50917053222656,517300,,
2019-05-17,116.56290988351988,118.9961283944732,116.36979262603461,117.6829605102539,508700,,
2019-05-20,117.03603880779305,119.26648980981867,116.61118819153278,119.00579071044922,506400,,
2019-05-21,119.15062796271958,121.50659968461623,118.90923690419164,120.51206970214844,681100,,
2019-05-22,120.270675369359,121.2362395771841,119.81685901301395,121.12037658691406,758400,,
2019-05-23,120.37691382586453,120.48312650082696,117.71196134500369,118.72579956054688,684400,,
2019-05-24,118.22369980413731,119.49824443457483,117.8760960534115,118.85131072998047,547600,,
2019-05-28,118.60025305780083,119.61409105296019,118.22368360721731,118.27195739746094,666200,,
2019-05-29,117.77952910873363,117.77952910873363,115.15319320011615,115.46217346191406,691300,,
2019-05-30,115.51044643975187,116.7174017299357,114.93110937379772,115.95460510253906,503700,,
2019-05-31,115.3361178683109,116.22517541844664,113.80925335428927,115.5293960571289,608800,0.1,
2019-06-03,115.52942206676902,117.69408665920783,115.14287297491656,117.37518310546875,687600,,
2019-06-04,118.4285268523575,120.0713512442002,117.81970964857689,118.2932357788086,770900,,
2019-06-05,119.04698634178129,119.04698634178129,116.28317071672721,117.32685089111328,862800,,
2019-06-06,117.42349057430825,118.12893576338712,116.73736951976434,117.03694152832031,1254300,,
2019-06-07,117.42349830738338,119.65580832008081,116.87266827673817,119.54950714111328,867500,,
2019-06-10,120.1679670550196,120.84442968514435,119.4045347658726,119.42386627197266,498300,,
2019-06-11,119.99404573411306,119.99404573411306,117.3945179475548,118.86339569091797,496600,,
2019-06-12,118.83440097333403,119.7911042500526,117.63610543876052,119.74279022216797,495300,,
2019-06-13,119.62680266216758,120.2549438988696,118.64110229126672,119.78141784667969,338900,,
2019-06-14,119.86838172024491,120.38055598273372,118.61209938474485,118.62176513671875,496700,,
2019-06-17,119.19193768021898,119.35622599806105,118.07095357979888,119.26924896240234,513900,,
2019-06-18,119.61714340756498,120.9217399713997,118.58312896093335,119.76210021972656,489800,,
2019-06-19,120.00369940030987,121.21166061694497,118.67977125266614,121.06670379638672,361100,,
2019-06-20,121.57887484609951,122.36163870657295,118.67976800549704,120.17764282226562,873500,,
2019-06-21,120.17764790636744,121.3179636068244,118.85371973893876,121.09569549560547,801200,,
2019-06-24,121.29863371225669,122.29399997604345,120.31294057567328,122.19735717773438,570900,,
2019-06-25,122.33266109471458,125.1931201249769,121.91712945871427,124.313720703125,723200,,
2019-06-26,124.53595309403825,125.18341847544833,121.85911453516448,122.79649353027344,515800,,
2019-06-27,123.37631885883772,124.04311577624397,122.56457250096037,123.84017181396484,431700,,
2019-06-28,124.04310188868833,126.00482940673828,123.11538870948874,126.00482940673828,1064100,,
2019-07-01,126.75863007199258,127.29013601351467,124.37169727193859,125.69563293457031,643700,,
2019-07-02,125.91785089059535,126.31406561646592,124.71954833391982,125.62793731689453,497000,,
2019-07-03,125.61831547576631,126.77795536225105,124.91285546725693,126.68131256103516,341400,,
2019-07-05,126.12081963768618,127.17417311078455,125.57965532799611,126.9615707397461,317700,,
2019-07-08,126.81659644756387,127.35776071420952,125.81157920173915,127.28046417236328,477100,,
2019-07-09,126.43004055277257,127.64766001593858,123.45362267497026,124.55528259277344,554100,,
2019-07-10,124.58428959124558,126.04350147142503,124.07211520138561,125.29940795898438,326700,,
2019-07-11,126.71030437418106,128.13086804899845,125.15444962298209,126.82627868652344,358300,,
2019-07-12,126.47838040263218,128.7106904503478,125.90821148161454,128.43043518066406,404400,,
2019-07-15,128.43044240284777,129.6094138377822,127.51239474334876,129.2615203857422,447200,,
2019-07-16,129.48379378996862,129.97663669503538,128.9329563558163,129.46446228027344,435600,,
2019-07-17,129.2325070006802,129.52242061561446,128.2178167212197,128.41110229492188,348800,,
2019-07-18,128.41113560139098,129.16490234835598,127.04855157971473,128.70103454589844,396900,,
2019-07-19,128.73005158680868,128.73005158680868,127.47376863897237,128.1695556640625,489900,,
2019-07-22,128.18887466305097,129.15524390964956,127.74435306716535,128.2082061767578,401300,,
2019-07-23,128.2661890757178,129.26154824414758,126.77798688802298,129.21324157714844,363000,,
2019-07-24,129.33880324602248,132.68244595253452,128.07286241279073,132.3925323486328,1021700,,
2019-07-25,132.16061194117148,132.9047201594609,130.9236608681194,132.36355590820312,932600,,
2019-07-26,140.70330039629266,152.48332344906183,140.70330039629266,146.78175354003906,2955300,,
2019-07-29,144.68475107044395,148.32796590645944,141.27347007593838,147.51620483398438,1349000,,
2019-07-30,144.9746930379189,148.02840811409453,141.91130483377677,147.7288360595703,934500,,
2019-07-31,147.641833920845,148.08637008653358,144.01795067940728,145.78640747070312,803300,,
2019-08-01,146.01832597363247,146.8687204579718,140.58732349907038,142.21083068847656,876300,,
2019-08-02,141.7760304414043,142.44281279659634,140.65503864135542,141.52476501464844,818200,,
2019-08-05,140.16212640412553,141.0511986898447,137.54327517368304,138.51930236816406,681200,,
2019-08-06,139.50506843614056,141.66006777991538,138.19080563884128,141.466796875,784300,,
2019-08-07,141.13821952306813,142.2012167573877,138.98322041350033,141.22518920898438,749700,,
2019-08-08,141.88231729137894,142.72305368356672,140.47141192773182,141.534423828125,509200,,
2019-08-09,141.56339740550473,142.71336410714537,140.64533507660187,141.99826049804688,379100,,
2019-08-12,142.06588320474353,142.42344971601625,140.3554209104381,141.75665283203125,436700,,
2019-08-13,142.18186095943975,145.17759570172777,141.31212010216706,143.95997619628906,521000,,
2019-08-14,142.5201165854788,142.55877960861324,139.53403948293763,140.9256134033203,586600,,
2019-08-15,141.0995241179379,141.69868288986964,140.33609914072179,140.48104858398438,419600,,
2019-08-16,141.0608461178427,143.0902263695196,140.42303921067375,142.39443969726562,494900,,
2019-08-19,143.81507079364113,144.10496975587566,142.20122126054233,143.21591186523438,337900,,
2019-08-20,142.5683951534636,143.01293131220086,140.58733606333212,140.74195861816406,657300,,
2019-08-21,141.8242425190371,142.36542129117566,140.36503132282834,142.19146728515625,456600,,
2019-08-22,142.2205056315352,142.90663402118196,140.9932130309315,141.04153442382812,422900,,
2019-08-23,140.31677313707297,142.15288304893406,137.93951370059807,138.6546173095703,595600,,
2019-08-26,139.6210173478949,139.9399209521379,137.7076104680607,139.37942504882812,469100,,
2019-08-27,140.01718028041654,140.12348144236998,135.90045434094606,135.94876098632812,511300,,
2019-08-28,135.31099586655733,137.8235465001033,135.17570479202502,137.80422973632812,571500,,
2019-08-29,138.92520087087814,140.6839995128156,138.18110736447744,139.38906860351562,609600,,
2019-08-30,140.521268262142,140.60835867571285,139.1761510657639,139.91160583496094,592500,0.2,
2019-09-03,138.97294692563773,141.32447705394202,138.69231729405746,141.1986846923828,477000,,
2019-09-04,142.41798909950248,143.07604008691933,140.35676047983475,141.53736877441406,348200,,
2019-09-05,143.22115919067653,143.62759584347592,140.0664281621341,140.45350646972656,884600,,
2019-09-06,141.1309352854343,143.8018264634423,140.3083899898188,143.47279357910156,692400,,
2019-09-09,143.5309036752468,145.62114822855864,141.91481329906077,144.69215393066406,758800,,
2019-09-10,144.6340953282425,150.61454233509957,144.3921675736072,150.35325622558594,1320800,,
2019-09-11,149.59840978211346,151.9886566514479,148.4178014188756,150.10162353515625,1194000,,
2019-09-12,150.47902066231083,151.0499664572956,147.71136734437312,148.0210418701172,848900,,
2019-09-13,148.69843500802097,151.8628384782672,146.79204367975706,147.59524536132812,676100,,
2019-09-16,146.7436560831306,149.13390279319827,146.17271029015905,148.92100524902344,640500,,
2019-09-17,148.6790999616345,148.6790999616345,145.49533764319358,146.96624755859375,800000,,
2019-09-18,146.84045448176164,148.42749973685514,145.50500874007577,147.08238220214844,676000,,
2019-09-19,146.91787465941619,148.32105249910265,145.11793181028634,145.1663055419922,768900,,
2019-09-20,145.60176847866694,146.76301844567868,144.4114736038425,145.27273559570312,1117900,,
2019-09-23,144.43082583146003,145.9694823416814,143.8792236300068,145.12757873535156,579900,,
2019-09-24,145.41793358205902,145.43727717013292,142.70833987584058,143.6566925048828,864100,,
2019-09-25,143.65665126099253,144.34373235889612,142.15669671442907,142.59217834472656,982400,,
2019-09-26,143.05669465006648,143.58893856305676,141.08255627571987,141.82769775390625,990800,,
2019-09-27,142.51476910000298,143.4824798691039,141.59544682257598,142.08897399902344,519000,,
2019-09-30,142.31151198838063,144.6823998971224,142.14700296580824,143.9469451904297,608500,,
2019-10-01,143.66635509096756,146.29851494126274,141.7212468889913,142.3599395751953,491500,,
2019-10-02,141.51801785611235,142.2728310196105,140.43417183291254,141.50833129882812,586600,,
2019-10-03,141.39225893768574,141.90514460140457,140.0664995540463,140.6761474609375,695900,,
2019-10-04,141.3825146651251,142.09861100867653,139.68902123372396,141.4115447998047,563100,,
2019-10-07,141.1018997152792,141.83736932317598,140.0277402102508,140.38580322265625,710200,,
2019-10-08,139.72776537767396,140.027753370734,138.11169007247338,138.57618713378906,715100,,
2019-10-09,139.5245231535305,140.88899879921132,139.28259547590312,140.43417358398438,364500,,
2019-10-10,140.15355083877836,141.66317725852932,139.77614423384063,141.1212615966797,383300,,
2019-10-11,141.95346033527852,144.2082276473035,141.35348453044548,141.4115447998047,356800,,
2019-10-14,140.8503094642253,141.15996924091277,139.31165284077446,139.34068298339844,339100,,
2019-10-15,140.143873777279,141.59543985954892,140.09548528798456,140.5599822998047,715100,,
2019-10-16,140.75354394552048,142.5631733243871,139.6697124896703,140.047119140625,559800,,
2019-10-17,140.6180414002152,141.9631587011844,140.23096302129642,141.57608032226562,652000,,
2019-10-18,140.62773710334872,141.55673117960825,138.87616819468008,141.37286376953125,606900,,
2019-10-21,141.95353651508725,142.23416622295454,140.6180905387906,140.62777709960938,563000,,
2019-10-22,141.2083347678535,142.73731935045387,140.53094027330712,141.6534881591797,433600,,
2019-10-23,141.84706840057095,142.2148032752572,139.40843274809296,139.8922882080078,645500,,
2019-10-24,140.4922528064707,140.56967144568097,138.60521961976914,140.0277557373047,928300,,
2019-10-25,133.49572248923346,138.09234949794424,126.56690854908189,133.4763641357422,1407900,,
2019-10-28,133.25378613402822,135.62467485302216,133.15702390502423,133.62152099609375,744600,,
2019-10-29,134.41503232792593,135.46016182694967,133.70860753578708,134.32794189453125,837700,,
2019-10-30,133.8053724970378,134.77308326844542,131.4828577860028,134.5795440673828,769600,,
2019-10-31,134.5602021810886,134.69568111501795,132.05383452034778,133.02154541015625,685400,,
2019-11-01,134.05696939646796,135.38272840257835,133.7763397752534,134.26986694335938,530300,,
2019-11-04,134.63759508642443,135.47949867446582,134.0376044084939,135.02467346191406,388600,,
2019-11-05,135.82786471476075,136.73751507018724,135.00530477223444,135.34400939941406,836100,,
2019-11-06,135.60529482044828,135.7988339925353,134.2988795681992,135.40206909179688,562400,,
2019-11-07,136.40852676378478,137.25043047104077,134.763406519769,135.16017150878906,323900,,
2019-11-08,135.2279111565379,136.9891371165696,135.1891944559116,136.57302856445312,395200,,
2019-11-11,135.76983547146827,136.99883238785804,134.61825719516014,134.7440643310547,348400,,
2019-11-12,134.56985992949305,136.36980258732544,134.06664618480474,136.03111267089844,618200,,
2019-11-13,135.53756957125543,137.37622891409288,135.32467201823115,136.9891357421875,536900,,
2019-11-14,137.1342560551701,137.91809916674757,136.00202182056958,136.63104248046875,446700,,
2019-11-15,136.0117927445011,140.59873372899443,135.46019035132335,139.61167907714844,780900,,
2019-11-18,139.17615940135926,140.5309484694671,136.96009363826948,137.1826629638672,775500,,
2019-11-19,137.34717935350727,138.0536188310198,136.61172450094116,137.21170043945312,475500,,
2019-11-20,136.71817686934077,137.34718296554243,135.55692689460983,135.96336364746094,564500,,
2019-11-21,136.2440000264603,137.44396676060242,135.8569216043991,136.0504608154297,687400,,
2019-11-22,136.1182010617139,137.15364391188234,134.60857461632764,134.82147216796875,655000,,
2019-11-25,135.79885796746154,137.6278307838551,135.2375839330531,136.75689697265625,653800,,
2019-11-26,137.17297223557537,137.17297223557537,134.10533152435448,135.24722290039062,836800,,
2019-11-27,136.0504785910403,136.77626180180334,135.40211402802365,135.76016235351562,323000,,
2019-11-29,134.9472452196157,135.4988473697891,134.2601789371559,134.9859619140625,236700,,
2019-12-02,135.51821115596786,136.2923827333116,134.99565383176525,135.30532836914062,377600,,
2019-12-03,134.30857573819972,136.2052954075645,133.5924791948835,135.79885864257812,440400,,
2019-12-04,135.9345123193102,137.1749486530474,135.64378181889765,136.6613311767578,475200,0.2,
2019-12-05,136.71950429747508,137.84365459240328,136.22527268942235,137.4560089111328,712600,,
2019-12-06,138.41537694125907,140.33417447298194,138.17310400285888,140.23727416992188,559100,,
2019-12-09,140.07252541214058,140.2954271779082,139.05499082901727,139.2778778076172,468200,,
2019-12-10,139.38446356020683,140.3438696843089,138.64795917798162,140.1112823486328,696900,,
2019-12-11,140.169441695016,140.43110062951422,138.89993376370538,140.2275848388672,358300,,
2019-12-12,140.4408044178517,142.1367153399918,138.99685208076272,141.74908447265625,523900,,
2019-12-13,141.55529368378743,142.19488324752677,139.40390798502807,139.87875366210938,353600,,
2019-12-16,140.2760492639064,140.46017908657282,136.83577014145115,137.29124450683594,1146400,,
2019-12-17,136.06051144130302,137.98900985256742,135.29493526452856,137.14590454101562,1077700,,
2019-12-18,137.35911062508117,139.02595011141963,137.1749807721342,137.27188110351562,628500,,
2019-12-19,137.9986684572957,139.87870894320037,137.48505097863116,139.5782928466797,741600,,
2019-12-20,140.1985288403956,141.78783902659848,139.83996955537202,139.8496551513672,1082500,,
2019-12-23,140.50867127070623,140.50867127070623,137.75643842206566,139.3457489013672,340700,,
2019-12-24,138.97744297476686,139.07434327158109,138.22155263865386,138.89022827148438,139400,,
2019-12-26,139.00654038334267,139.52015789215125,138.10527725371824,138.42507934570312,176700,,
2019-12-27,138.4250956646049,139.06469992397749,138.02776440161554,138.91934204101562,180000,,
2019-12-30,139.44264619079652,139.52986092118906,137.6692060702969,138.240966796875,213600,,
2019-12-31,138.09558999106022,139.0646818506466,138.09558999106022,139.0259246826172,243400,,
2020-01-02,139.8011793209444,139.8011793209444,136.65163093543174,137.9114532470703,403400,,
2020-01-03,136.4093474490293,137.77577034583996,135.7697581414546,137.5819549560547,262700,,
2020-01-06,136.74856859512067,138.01807671095904,136.3706233179843,137.4753875732422,434300,,
2020-01-07,136.8648332548663,138.53167236405844,136.35121577452816,138.02774047851562,645700,,
2020-01-08,138.25065507122875,140.92534341251616,137.87270981879502,140.59585571289062,828000,,
2020-01-09,140.82844010490706,141.49710108565947,139.46201699543082,139.86903381347656,417500,,
2020-01-10,140.28575171888141,141.87506199745062,140.27606612232336,141.535888671875,546000,,
2020-01-13,141.8847634115244,142.6018820284561,139.907807448722,140.4020538330078,449000,,
2020-01-14,139.7721479288487,140.99321342541452,139.2876018840964,140.96414184570312,463600,,
2020-01-15,140.63465953509825,141.44870824567866,139.51052378775427,139.8400115966797,447900,,
2020-01-16,140.47955136744702,140.7121239315758,139.29725820923542,139.49107360839844,417400,,
2020-01-17,139.99500391920856,141.43894119600841,139.73334500030623,140.54737854003906,798600,,
2020-01-21,140.7896666123952,140.7896666123952,139.48138666446235,140.50863647460938,830900,,
2020-01-22,141.01257028115046,141.66186014063297,139.44264598769038,141.08041381835938,640200,,
2020-01-23,140.93500039113027,143.30928691210957,140.22756758271638,143.21237182617188,404100,,
2020-01-24,143.33833819492028,143.40616691574462,141.22571087522334,142.7084197998047,656500,,
2020-01-27,141.0707073129351,142.11731349533812,139.89809967131794,140.49893188476562,434100,,
2020-01-28,141.8750429075833,143.68725474768004,140.54739178642552,140.7315216064453,517500,,
2020-01-29,141.40021590801035,141.59403134871087,139.4232599662222,139.45233154296875,291200,,
2020-01-30,138.861153858948,139.229413465144,135.8860498006199,136.5740966796875,565000,,
2020-01-31,135.92484159405046,135.93454197805346,132.50394794158612,132.87220764160156,695600,,
2020-02-03,133.71527961293978,135.4402617977078,132.7946453797247,133.0175323486328,568600,,
2020-02-04,134.3549221025702,136.40939253016327,133.71531779645002,134.20956420898438,564200,,
2020-02-05,135.20769463886646,138.82240298096562,134.9363501126973,137.6110382080078,574700,,
2020-02-06,138.24096439290028,139.23912794471113,136.60321137549622,136.71949768066406,583800,,
2020-02-07,136.64196108296414,137.13619264009608,133.67654216583412,133.8606719970703,579900,,
2020-02-10,133.7055966577331,135.36273535279705,133.30826547132182,135.29490661621094,472000,,
2020-02-11,135.68258229080584,137.38819388445086,135.5566103705823,137.30096435546875,278300,,
2020-02-12,137.8726930150953,138.60919745164176,135.91512346014662,135.9732666015625,358500,,
2020-02-13,135.48869763267336,137.54316714437607,135.48869763267336,137.12646484375,452200,,
2020-02-14,137.31066840182024,137.31066840182024,135.25619778615354,135.6050567626953,507200,,
2020-02-18,135.64379068781375,136.32215204168526,133.5311627147071,134.79098510742188,468100,,
2020-02-19,135.23679637825433,135.44029742469314,134.02543133507248,134.7328643798828,454600,,
2020-02-20,134.8297731977754,135.93453747404612,133.46334994399655,135.7019500732422,559000,,
2020-02-21,135.37248975168052,138.5801825195776,135.37248975168052,138.308837890625,467800,,
2020-02-24,135.8957609485668,137.8145736696082,135.03326969858466,136.86485290527344,927800,,
2020-02-25,137.40753980302424,138.26034544296738,131.16660012443424,131.29257202148438,852700,,
2020-02-26,132.02909309476175,133.63777449964616,130.3816249437448,131.0309295654297,1034500,,
2020-02-27,129.98430269019823,129.98430269019823,122.3769252777336,124.27635192871094,1681700,,
2020-02-28,121.13159211489656,122.4127913193463,117.82182318374014,120.10274505615234,1386900,0.2,
2020-03-02,120.74332988783863,128.63435021192163,119.69507413408465,127.94522857666016,1050200,,
2020-03-03,127.38227454280843,130.7114443875091,121.05392236746383,121.65569305419922,1092700,,
2020-03-04,125.79052207338796,128.67322258663054,124.89755167262427,127.8385009765625,1091800,,
2020-03-05,123.88808674283632,125.256644066829,120.98597834046339,123.82014465332031,889500,,
2020-03-06,119.72419967952318,122.87866789007678,118.39447474235959,122.2671890258789,966700,,
2020-03-09,117.41414746093879,117.41414746093879,109.7657714506299,111.2216796875,1044800,,
2020-03-10,114.17234683610982,116.45327617541373,110.51316657296788,116.04561614990234,889400,,
2020-03-11,113.04644747738868,113.11438958043189,104.63129780483494,106.90251159667969,822900,,
2020-03-12,99.34147960457354,101.47681632306433,95.13875566710082,96.86643981933594,1587700,,
2020-03-13,102.14653837607618,102.85508377162253,94.71170281356363,102.00094604492188,1024800,,
2020-03-16,92.82873991496919,94.18758954227732,79.27908357352446,79.29849243164062,1059900,,
2020-03-17,80.99703236262832,82.3752979085766,75.2025232936847,78.3861083984375,1568000,,
2020-03-18,73.04778696802582,73.06719582374372,64.06968425376934,65.70030212402344,1687000,,
2020-03-19,64.7102740446366,83.14207985416782,63.28348261745523,82.34617614746094,2253800,,
2020-03-20,84.20005222321694,87.80099881296547,71.38805876629134,73.20308685302734,1866000,,
2020-03-23,72.96043635861255,78.83260442272655,68.9421289307706,69.72831726074219,1727400,,
2020-03-24,74.6007208810155,76.60987347314509,70.9803600027152,75.86251068115234,1833000,,
2020-03-25,76.66814958661281,90.76134986089583,74.06692576275917,85.36477661132812,2065900,,
2020-03-26,87.30596745476905,95.09022821912993,84.49121724537015,89.14041137695312,1770900,,
2020-03-27,86.33538142303836,89.42190810872764,83.6856317827152,86.37420654296875,1375700,,
2020-03-30,86.5780310405273,97.45852815310975,86.0733193023588,97.18675231933594,1399300,,
2020-03-31,97.76910322534766,99.62295603046273,93.45961208519113,96.1676025390625,1479400,,
2020-04-01,91.1495807999159,92.9646086391524,83.8797390975624,85.33564758300781,1036700,,
2020-04-02,82.91886137921479,91.86784885907736,82.36561631878534,86.10244750976562,965400,,
2020-04-03,85.70448994512486,87.11186530838778,80.83204497542961,82.87031555175781,571900,,
2020-04-06,87.21863074845832,94.52729064838024,86.65567765261379,93.6634521484375,925400,,
2020-04-07,98.89501423911994,101.00122683213438,94.8475902449566,95.49789428710938,779400,,
2020-04-08,96.7402599611362,106.82485171809493,96.7402599611362,103.8450927734375,883000,,
2020-04-09,104.82539958323403,107.32956368384313,100.4285576188696,101.43798828125,775700,,
2020-04-13,100.34122217919281,101.05947578314077,95.5173177061428,97.75941467285156,669100,,
2020-04-14,99.97239726990406,104.55365782476392,99.4870943705356,104.38865661621094,549100,,
2020-04-15,99.31235988286826,101.61269770923602,98.49705477284387,100.05972290039062,601100,,
2020-04-16,100.0791549947898,100.83622626107746,96.08025681795527,98.68148040771484,453900,,
2020-04-17,102.30184262187286,105.28160183517792,101.49623811079915,104.62158966064453,559600,,
2020-04-20,101.96211558213672,103.04918905450812,99.25412521984127,99.6714859008789,665300,,
2020-04-21,96.38113204691578,100.273254888738,94.69227309379377,94.90580749511719,692300,,
2020-04-22,97.37116899446235,99.05032020799311,95.10965580926307,95.21642303466797,639800,,
2020-04-23,96.09965959804839,100.23443399622695,95.11934589851427,98.22528076171875,497100,,
2020-04-24,99.03088341362681,99.97237198510388,96.51701858516411,98.66205596923828,480000,,
2020-04-27,100.1179648022846,103.3015498481345,99.71031224510126,101.9912338256836,706000,,
2020-04-28,100.34121724078163,105.24277911682712,98.64265722108148,102.2727279663086,1266900,,
2020-04-29,103.26272976312342,110.18314506357832,102.86478531559008,107.28103637695312,706300,,
2020-04-30,104.60217488149418,105.6989640811856,102.47655339637602,102.58332061767578,836600,,
2020-05-01,99.95299504813845,100.61300733130362,94.73113076496436,96.2355728149414,750600,,
2020-05-04,94.83785268591794,96.2258187032529,92.828699805383,95.53668975830078,749900,,
2020-05-05,97.35177147290032,101.40890429528058,97.35177147290032,98.90473937988281,610900,,
2020-05-06,99.17648889923845,99.5356156674855,92.47930821131283,92.78990173339844,689200,,
2020-05-07,94.23610273383888,97.06056884159344,93.47903148169586,93.69256591796875,537700,,
2020-05-08,95.7599668218368,99.33178887187746,95.0028881167425,99.06002044677734,538200,,
2020-05-11,97.82734342572475,97.82734342572475,94.85729253449281,95.5755386352539,422900,,
2020-05-12,96.26467369047758,97.28381263825389,90.77104187011719,90.77104187011719,569200,,
2020-05-13,90.35368314171708,91.30488000790662,87.44186597458265,89.10160827636719,544800,,
2020-05-14,87.71364267002825,88.97542567859585,84.1029881620293,88.791015625,629800,,
2020-05-15,88.4610032491374,90.83898426131903,87.84952432161083,89.9072036743164,443200,,
2020-05-18,93.39168763917515,98.24471645097901,93.39168763917515,97.18675231933594,903700,,
2020-05-19,96.47820722904025,99.38031617357625,94.51757958507292,97.55558013916016,590700,,
2020-05-20,98.52617954801904,100.88475152448478,97.33233136518415,100.24414825439453,723700,,
2020-05-21,99.77825328323273,103.02978038757539,98.93382379073685,102.46682739257812,714800,,
2020-05-22,102.78712968810781,102.9812478369274,98.22527913952032,101.10797882080078,571600,,
2020-05-26,104.56337563145956,106.4948792762308,102.75804808635077,103.2530517578125,770400,,
2020-05-27,105.23305591730919,107.84398731479084,103.84508963232695,107.18397521972656,573900,,
2020-05-28,108.59135150366423,108.59135150366423,103.24331999701525,104.09745025634766,470600,,
2020-05-29,103.45686997744663,103.80628866228155,100.15681613977092,102.35037994384766,903600,,
2020-06-01,101.91357680675652,104.49539097365783,100.11795812499726,101.515625,692900,,
2020-06-02,101.61272558755645,102.35038067849403,100.08887474752989,100.97212219238281,422900,,
2020-06-03,102.17565678007153,104.72835446037361,101.25358434517987,101.3603515625,475000,,
2020-06-04,99.80739004675124,102.00095368801112,98.62324985882938,99.88504028320312,676000,,
2020-06-05,102.3795098441684,109.64934569572543,102.3795098441684,105.95133972167969,924300,,
2020-06-08,107.28103556559034,111.17316608713355,106.77632391287256,107.94104766845703,791100,,
2020-06-09,109.84343351443839,110.46462050342448,104.02950806824053,106.0095443725586,920000,,
2020-06-10,105.53396298637398,105.65043093325926,99.39002701362111,99.43855285644531,649800,,
2020-06-11,95.44935188712329,96.88585144448241,89.50925030850617,92.1104736328125,1330200,,
2020-06-12,95.8958519105814,96.5170390036672,90.11103507287676,92.77050018310547,886700,,
2020-06-15,89.79072086289135,97.78850846435533,88.53863882371445,97.5749740600586,1102600,,
2020-06-16,100.83621398924721,102.07858795761221,96.02201115926636,99.00177001953125,861100,,
2020-06-17,99.3609103881408,99.3609103881408,93.60521816272575,94.01287078857422,855900,,
2020-06-18,93.18785742535613,95.5949554685942,90.69340101648461,94.8961181640625,688600,,
2020-06-19,96.85672650623,98.87558778125354,93.02283022840177,93.85755157470703,1468900,,
2020-06-22,93.48873076664688,93.78961613194497,90.94574143775215,93.28490447998047,979800,,
2020-06-23,94.4496431126639,94.67288569330432,91.61547610140227,92.73167419433594,936100,,
2020-06-24,90.91662890028041,90.94574588478037,86.44213628883128,86.67508697509766,1294000,,
2020-06-25,86.13153651658594,89.36365485348401,85.27740627777725,87.78157043457031,1021100,,
2020-06-26,87.75243732800246,90.18865153807953,85.8694604918117,86.71388244628906,1187300,,
2020-06-29,87.90775829972141,90.58663211573102,86.4130246272064,89.55778503417969,512300,,
2020-06-30,88.87833939098708,90.67395796479643,86.60712622744194,90.15953826904297,635800,,
2020-07-01,90.56723139515182,93.1781635561068,89.54809967433796,90.44105529785156,669200,,
2020-07-02,92.2366489828689,95.4978843912686,90.59632314923184,90.85839080810547,1077700,,
2020-07-06,92.65403168250991,94.02258945785549,90.26634222831265,92.03284454345703,967800,,
2020-07-07,90.73222413764516,91.23693584362762,88.0727591866771,88.49011993408203,476300,,
2020-07-08,89.04335094715549,89.17923513153671,86.37418568874445,88.03392028808594,480500,,
2020-07-09,87.11186099193321,87.68451479663604,84.12239367871054,86.00537109375,563400,,
2020-07-10,85.58800054575859,87.27685218556952,84.44268566240797,87.1215591430664,457300,,
2020-07-13,87.25745772338409,89.29572830141122,86.4712620365435,87.43216705322266,614100,,
2020-07-14,87.05361797493187,90.20808615106287,86.19948031410973,89.95572662353516,624200,,
2020-07-15,92.1104807799356,95.70171884428846,92.06194753374149,95.0708236694336,564400,,
2020-07-16,94.52728508227706,96.52673038169537,92.73166608380718,95.50759887695312,503200,,
2020-07-17,96.11908373104454,96.28408492700936,93.77992778521582,94.73111724853516,612500,,
2020-07-20,94.73109521009007,94.76992031866133,92.2366393741625,93.20724487304688,595900,,
2020-07-21,93.84784917931424,98.48734233465473,93.84784917931424,97.25466918945312,1180300,,
2020-07-22,99.11824295513865,103.81597033487162,98.56499807934146,102.8938980102539,1096500,,
2020-07-23,102.65125896615181,104.73806266275473,102.64155083589775,104.3401107788086,862100,,
2020-07-24,105.02922934374881,105.58247423035883,103.55391211449972,104.9030532836914,657000,,
2020-07-27,103.95187221297917,107.02869060017275,102.67067294544887,106.1551513671875,980700,,
2020-07-28,108.70782734470978,111.0469903982875,104.91275588919399,105.86395263671875,1014500,,
2020-07-29,106.92191496864342,111.45464128059287,106.92191496864342,109.79490661621094,743200,,
2020-07-30,108.23223531438329,109.73666959001436,105.36894427762752,108.77577209472656,588300,,
2020-07-31,107.99929603011083,108.29048071038598,105.1942460703207,106.66957092285156,652700,,
2020-08-03,107.05780334707042,107.60134012716132,103.96156903519565,104.58275604248047,945500,,
2020-08-04,103.84508685358796,105.8542400677943,103.32095896225594,103.57331848144531,684500,,
2020-08-05,104.75745455123308,106.57248954782202,104.07803364616369,104.9612808227539,650400,,
2020-08-06,105.09718881335503,105.95132660766856,103.6412801968306,104.65071105957031,535600,,
2020-08-07,104.0586296629814,106.8733874969568,104.0586296629814,106.22308349609375,770100,,
2020-08-10,106.39779157631803,110.74610064162097,106.28131623514386,109.30960845947266,642600,,
2020-08-11,110.74609240199693,112.0467076970415,109.36783429041289,109.63960266113281,559000,,
2020-08-12,110.49372824763832,110.84314682536828,109.03781997547429,110.1249008178711,449400,,
2020-08-13,109.19314518022732,109.678448047695,107.62076122378377,108.63990020751953,414400,,
2020-08-14,108.21282147276071,111.08581329826029,108.08664540454285,110.8043441772461,426300,,
2020-08-17,111.23141420352512,111.89142639035434,110.12492427341935,111.027587890625,449600,,
2020-08-18,111.33817905403181,111.37700417068122,108.10606029302306,108.81460571289062,515900,,
2020-08-19,109.04754785891946,110.40639730679911,108.41665267899671,108.59136199951172,463200,,
2020-08-20,107.49456808850374,109.0863606488258,105.95130876928157,106.98014831542969,332100,,
2020-08-21,106.8151374878646,108.05751133432958,104.99039442137845,105.50481414794922,778400,,
2020-08-24,106.57250628943923,109.3678479731619,105.0292394124442,107.81488037109375,457700,,
2020-08-25,108.31958550513154,108.31958550513154,104.96129095492935,106.47543334960938,406800,,
2020-08-26,106.26189963121757,106.36865942975803,103.59273434965347,105.11658477783203,541000,,
2020-08-27,106.17456474748374,110.03757897614948,105.60191089678746,108.64961242675781,359700,,
2020-08-28,108.79518125647006,109.3775505572076,107.69839956299646,109.30960845947266,202200,,
2020-08-31,108.67872241531452,109.36785158004892,106.97045429413508,107.10633850097656,562100,,
2020-09-01,106.23278141298533,107.44603842960295,105.37865113913448,107.31986236572266,458400,,
2020-09-02,107.20338259716098,109.56195443622633,105.69894840179087,109.03782653808594,505700,,
2020-09-03,110.1637274554281,111.23139205546742,107.79544759687604,108.80487823486328,576100,,
2020-09-04,110.01814739891279,111.47405585343337,108.20311959822911,110.23168182373047,619000,,
2020-09-08,110.40641251589196,110.40641251589196,105.85426883020898,106.10662841796875,656900,,
2020-09-09,106.93160589436377,109.27076869806523,106.54336221429368,107.95074462890625,552900,,
2020-09-10,108.78549342068614,110.8140558684953,108.40695777343818,109.56197357177734,672300,,
2020-09-11,109.59107424700642,110.64903072314127,108.96017916975148,109.87254333496094,956200,,
2020-09-14,110.64904020608766,113.85204170042242,110.39668067253122,113.44438171386719,547500,,
2020-09-15,113.99762874288498,115.42442020958165,113.46380008730414,114.24028015136719,842000,,
2020-09-16,115.09442554441983,119.37479282558782,114.72559063957902,117.91888427734375,941800,,
2020-09-17,116.40473050398144,118.81183566264262,113.9393913786628,118.44300079345703,698400,,
2020-09-18,117.74417612286565,118.36536318386526,114.33735541788985,114.46353149414062,1270500,,
2020-09-21,103.96155945732305,105.51452683246178,98.07969228423958,104.67009735107422,1924800,,
2020-09-22,104.41774200118743,104.53420992249833,100.93326438770025,103.30154418945312,834400,,
2020-09-23,103.44715209703118,104.33039938908104,98.21558822872016,98.59412384033203,831200,,
2020-09-24,98.15734232262547,100.85563212909328,96.54614086645333,99.61325073242188,720500,,
2020-09-25,98.48737181268763,102.76773954444485,98.48737181268763,102.29214477539062,478800,,
2020-09-28,103.5830391290924,105.74748564390912,100.75857305197242,101.3409423828125,1135500,,
2020-09-29,100.17619399006833,100.94297323305065,97.0217260765355,99.51618194580078,737600,,
2020-09-30,100.42858328511507,105.4174965034273,100.29269906556061,103.87422943115234,747800,,
2020-10-01,103.97127854921625,104.92246792704006,101.49623121167198,103.07831573486328,647300,,
2020-10-02,101.03034970641842,106.73751629769772,100.32181165058014,105.94161987304688,482600,,
2020-10-05,106.8054666787438,108.59137785577522,105.97074507052504,108.2613754272461,551600,,
2020-10-06,109.32902107564915,110.43551093691023,106.99956600794503,107.38780975341797,579300,,
2020-10-07,108.09635389572037,110.4743347759332,105.44659721322218,106.28131866455078,717100,,
2020-10-08,107.18397407403903,109.89196452020414,106.88308871506497,109.57166290283203,363300,,
2020-10-09,116.47270014527466,116.48240827705784,108.23225868343422,108.44579315185547,562800,,
2020-10-12,107.97016182238093,108.49428972019987,105.29129577370568,106.59190368652344,374300,,
2020-10-13,105.73776901028748,107.81486425605367,104.46627072806295,106.21336364746094,502300,,
2020-10-14,105.99013261925704,109.54255280584188,105.99013261925704,107.78575897216797,409500,,
2020-10-15,106.07749538690261,109.51344037400831,105.56307556262809,109.39696502685547,482500,,
2020-10-16,109.49401267950554,111.27993079035043,108.45546500919558,109.57166290283203,445400,,
2020-10-19,109.12520015281284,109.9210965379418,106.83457008729359,107.10633850097656,403700,,
2020-10-20,107.85372462721483,110.86260127865935,107.2422382029423,109.40669250488281,323500,,
2020-10-21,108.84372155250756,109.82403537346033,106.77633409735807,108.59136199951172,353800,,
2020-10-22,109.15430890019068,110.69757571159452,107.61104949392018,108.8340072631836,471700,,
2020-10-23,109.47461129772924,112.44466219390699,109.20284290267159,112.18260192871094,419900,,
2020-10-26,109.9793327823651,112.3573212614743,108.8631421181323,111.41583251953125,871600,,
2020-10-27,110.81406673595008,111.86232281811576,107.86342410011417,108.11578369140625,458000,,
2020-10-28,105.92219833372654,106.99957126288726,102.67067069032763,103.24333190917969,767200,,
2020-10-29,102.68038977069604,103.83541305696335,100.31210921906717,102.35037994384766,688600,,
2020-10-30,106.27163074578607,109.33874873726556,102.89392658860734,106.32987213134766,1215700,,
2020-11-02,108.23224668115782,110.79464520778916,106.98016440482799,110.53257751464844,968700,,
2020-11-03,111.75553154221082,115.38559452160904,110.46462427827528,114.73529052734375,949300,,
2020-11-04,115.83208859840282,115.83208859840282,107.86341614551533,108.9796142578125,1525400,,
2020-11-05,110.12492421128256,116.17180111111007,109.71727158571234,114.35676574707031,623900,,
2020-11-06,114.0170451693723,114.95853382048301,113.07555651826158,113.19203186035156,405700,,
2020-11-09,122.70397538646134,130.56588777335867,121.6654275449895,123.04368591308594,991400,,
2020-11-10,124.07251729770454,130.05145142876324,124.00457520099401,128.6149444580078,699200,,
2020-11-11,128.50820030464757,128.67321632151274,123.53870341333526,125.80021667480469,624200,,
2020-11-12,124.74223433520181,127.72198578946706,121.73335108784758,123.40279388427734,624000,,
2020-11-13,124.52870626852533,130.1970396377542,123.46103414303815,129.28466796875,432500,,
2020-11-16,132.43911060232267,132.59441102868266,127.71226680325232,129.003173828125,475900,,
2020-11-17,127.68315744037056,130.12908746550664,125.8875313278581,129.35260009765625,497100,,
2020-11-18,129.1584906952872,130.81821793120457,127.17844703281388,128.71200561523438,519600,,
2020-11-19,127.81905566285846,130.2358541628749,125.3828260934233,130.0126190185547,512600,,
2020-11-20,130.23587549497978,130.43970922380106,126.3243354151288,127.1202392578125,437600,,
2020-11-23,128.21701082940695,129.61467050887097,126.41168374854921,127.37257385253906,445000,,
2020-11-24,128.65377708321478,130.8085227308726,127.8093401281491,130.0126190185547,523200,,
2020-11-25,129.5078928099061,130.3426141842263,127.45021376122789,129.33319091796875,413300,,
2020-11-27,129.82819306282255,130.3426128196064,127.47932940857461,128.22669982910156,309000,,
2020-11-30,128.1102491538908,128.1102491538908,125.27608234289038,126.74169158935547,1632400,,
2020-12-01,129.13912526677993,130.38149970428103,126.36319164324156,126.99407958984375,615900,,
2020-12-02,126.64461330321197,128.79935889897126,126.21754447374386,128.129638671875,295700,,
2020-12-03,127.78020932048537,128.9740647598034,126.29518407671388,128.50816345214844,758700,,
2020-12-04,128.95463923970382,131.74027211081935,128.95463923970382,131.20643615722656,339300,,
2020-12-07,129.983520594502,130.87647610954875,126.43109998597137,127.16876983642578,684300,,
2020-12-08,126.46020225182912,129.66320382417905,126.46020225182912,128.77024841308594,597200,,
2020-12-09,129.65351425215502,130.26500059691466,128.37230758890016,129.97381591796875,329000,,
2020-12-10,128.70231736527964,131.97325372370722,128.2655329669262,131.39088439941406,553500,,
2020-12-11,130.39118238370006,131.18708626551384,127.27554599335457,128.45968627929688,615000,,
2020-12-14,130.05145304675574,132.97297064678853,127.906408098637,130.6046905517578,791100,,
2020-12-15,132.00235421962827,133.4097292988874,129.420539913516,131.6820526123047,677600,,
2020-12-16,131.15795830768928,134.65213008345577,130.88618988547194,133.58447265625,650400,,
2020-12-17,134.3512353793892,136.1177448118621,133.67181437084855,135.6227264404297,601000,,
2020-12-18,135.44798748809043,136.06917435606445,132.4585210577582,133.25440979003906,987400,,
2020-12-21,131.17737449084663,132.39063180138078,128.97410987831088,131.81797790527344,475700,,
2020-12-22,132.38091186967125,133.20593264525405,130.73088512877342,131.80825805664062,298100,,
2020-12-23,132.97298550804666,134.10859243916786,132.6235668515272,133.03121948242188,257800,,
2020-12-24,133.5165156175208,133.5553481386585,131.3520690875174,132.905029296875,98600,,
2020-12-28,133.8077073326313,134.4191936854841,132.0800303076922,132.5167999267578,279700,,
2020-12-29,132.81768156901114,133.26416671134595,131.25500578624093,132.1770782470703,288300,,
2020-12-30,132.2644242254807,133.45826492117394,131.18705145807004,132.1285400390625,287500,,
2020-12-31,132.53622517996044,133.86595038896087,131.20648516069082,133.4582977294922,225000,,
2021-01-04,133.74945815515122,134.39976214700033,129.20701612649987,131.30352783203125,487300,,
2021-01-05,129.18762443197468,134.03093739032497,127.97436730849734,132.0994415283203,514800,,
2021-01-06,134.06977021846018,139.0004489567739,134.06977021846018,137.54454040527344,634800,,
2021-01-07,138.3501421436677,139.61193262682605,136.82629876182747,138.2725067138672,527200,,
2021-01-08,138.57337925394538,139.32073497587487,136.04009779700112,136.9912872314453,510700,,
2021-01-11,133.94354157500703,136.43800449442418,127.82872475844331,131.148193359375,1260600,,
2021-01-12,131.17735109116452,133.953283914901,130.0611604886894,133.52622985839844,838500,,
2021-01-13,133.0700455690702,133.93388403781208,130.00292804467105,131.6917724609375,587700,,
2021-01-14,132.1091228984787,132.75942684415526,129.22642321061565,129.66319274902344,454000,,
2021-01-15,128.84791364732177,129.88646891144938,127.95495813223357,128.58584594726562,521100,,
2021-01-19,129.39146021987648,129.93499711248023,126.00405536766043,126.5669937133789,513800,,
2021-01-20,126.57669860553037,128.75084599310685,125.9360952601473,127.82877349853516,381300,,
2021-01-21,128.37228240232312,128.87700142611925,126.440786871134,126.89697265625,333600,,
2021-01-22,126.21753250922355,127.16873656115007,124.75192353817451,125.30517578125,502100,,
2021-01-25,124.83929494974915,124.88782819468585,122.073070306427,123.81045532226562,603700,,
2021-01-26,124.91696083394595,125.30521203182754,123.1116334920359,123.99488830566406,605400,,
2021-01-27,121.32572488048152,122.90780966707455,120.18040974140439,121.99544525146484,1241400,,
2021-01-28,123.42223243344236,125.78079732967161,122.53897763424787,124.08223724365234,927400,,
2021-01-29,123.65516240721855,124.21811546653217,120.20950935656248,121.0151138305664,638000,,
2021-02-01,122.03424766526648,124.53840453295167,119.90861899123074,123.92692565917969,658000,,
2021-02-02,125.10134958510601,126.84844254886232,123.48044008297985,124.25692749023438,660400,,
2021-02-03,123.55810784826909,126.13992254960945,123.07280500111192,125.77108764648438,840900,,
2021-02-04,126.13021344685687,128.12965890947524,125.41197467500463,127.82877349853516,474600,,
2021-02-05,128.76054394606217,128.76054394606217,125.53812620770495,126.84844970703125,615900,,
2021-02-08,127.02314471605925,128.1781677004481,126.66402539865835,127.58609771728516,389000,,
2021-02-09,128.3528872600438,128.50817289707706,125.22753610691278,126.6737289428711,527700,,
2021-02-10,126.81937062807945,127.75114399964754,125.9943496878027,126.66407012939453,287200,,
2021-02-11,127.03284915067063,128.07138930630288,126.07194439991018,126.217529296875,509800,,
2021-02-12,125.73224103656479,126.65432819105685,124.65486824418564,125.47988891601562,268900,,
2021-02-16,125.80020249851553,125.92638597592153,123.84928301260013,124.44136047363281,380200,,
2021-02-17,123.86865955066304,125.48956133051341,123.6454170580885,125.22750854492188,249200,,
2021-02-18,124.48986211273872,124.97516488618498,122.55835914785975,123.68426513671875,420500,,
2021-02-19,123.80076478949812,126.13992817151357,123.02427723738602,125.85844421386719,459300,,
2021-02-22,124.58691840730748,128.7119916444009,123.8007303482331,127.90638732910156,778000,,
2021-02-23,129.0905128283209,132.40028065905886,127.50842135287026,129.85728454589844,739800,,
2021-02-24,129.9640903471913,134.75888461810518,129.9640903471913,133.88534545898438,777400,,
2021-02-25,133.9532848238174,134.4288869396322,130.07086209631902,130.95411682128906,814100,,
2021-02-26,129.22643932505818,130.03204381470948,121.62659509211194,121.64601135253906,1061600,,
2021-03-01,122.23807107463607,127.07168279365699,122.23807107463607,124.14045715332031,1069200,,
2021-03-02,123.64545038529606,126.6737352060268,123.27662291242413,125.54784393310547,560500,,
2021-03-03,124.44136436701923,125.35372129211828,122.13131804217709,123.05339050292969,623600,,
2021-03-04,122.87867325139986,126.04284972947947,121.32570569947327,123.38339233398438,1160500,,
2021-03-05,124.5869613445364,128.30438334364968,123.14076077290814,127.47936248779297,619400,,
2021-03-08,128.5567051226219,131.50735435693252,128.49847115791124,130.6240997314453,415200,,
2021-03-09,131.6432150945145,132.68175517080874,127.12989109996013,127.49872589111328,584600,,
2021-03-10,127.93551604313274,130.73086478536732,127.21727740983361,129.66319274902344,531500,,
2021-03-11,129.02261352539062,131.57531135328142,128.88672931460565,129.02261352539062,482200,,
2021-03-12,130.52927567389492,133.7857090531782,129.68358135218912,133.69821166992188,456500,0.2,
2021-03-15,133.40665050565727,136.23535780934944,133.40665050565727,136.21592712402344,411800,,
2021-03-16,135.25355559817788,135.4382509114254,132.36651213840256,132.80393981933594,411700,,
2021-03-17,133.8148929297536,135.73958353874374,132.16238019142546,134.9230499267578,427800,,
2021-03-18,134.1453979473878,137.7906533263929,134.1453979473878,135.3799285888672,444800,,
2021-03-19,135.13693001133092,136.66306942540047,133.29972164281577,134.14541625976562,1098000,,
2021-03-22,133.008112279282,134.1162695897225,131.6180468449744,133.47470092773438,726500,,
2021-03-23,132.75534753812678,133.36774035497783,127.95332875085984,129.11009216308594,396500,,
2021-03-24,129.7030415769103,132.51233267096734,129.1975768361327,129.75164794921875,491200,,
2021-03-25,130.0530425366925,132.4151767854273,128.28388551913022,131.7152862548828,607900,,
2021-03-26,132.87197777285996,132.87197777285996,129.71275676145567,131.37498474121094,567500,,
2021-03-29,130.95700884253682,133.65935683410345,130.21824246449214,131.35556030273438,453000,,
2021-03-30,131.23892287572994,132.38597106933594,130.08217417239823,132.38597106933594,370700,,
2021-03-31,132.68727060768737,133.59128665043136,129.5669260692596,129.6641387939453,630600,,
2021-04-01,129.46978643295554,131.11258432430853,128.31302271856683,130.64598083496094,386000,,
2021-04-05,131.7152489654413,132.89145808401602,130.4515572634626,132.56094360351562,458800,,
2021-04-06,132.1332140048402,133.89266978235352,130.85980712569508,133.19277954101562,504500,,
2021-04-07,134.14540941215185,134.20373112998726,132.14295132602436,132.7942352294922,492700,,
2021-04-08,131.69580748471614,133.97045855104835,130.1988288477654,133.04698181152344,513200,,
2021-04-09,133.77603292637434,134.38844069368415,131.958269975896,134.3203887939453,320700,,
2021-04-12,134.7480857014023,136.03122281232154,134.7480857014023,135.37020874023438,301400,,
2021-04-13,133.78574032864228,134.5925586495188,131.72494582459552,133.57188415527344,708600,,
2021-04-14,133.68853309091045,135.21468722440696,133.02753386059968,133.67881774902344,396100,,
2021-04-15,134.17456613717988,137.65457190911442,133.48440605394657,137.17825317382812,1011900,,
2021-04-16,138.0336679011313,142.91345383498438,138.0336679011313,142.0580291748047,879700,,
2021-04-19,142.5246320136111,143.1662005731694,139.97781812471314,141.96083068847656,538400,,
2021-04-20,142.34964519454698,143.0981417334415,139.97779681966742,140.83322143554688,682400,,
2021-04-21,140.9498745493973,144.6534516384821,140.7068575243121,143.7494354248047,485300,,
2021-04-22,144.90622146750488,146.3837545313107,141.92196481376666,142.4274444580078,884800,,
2021-04-23,142.0288644431847,142.60238103716318,140.07501298777157,141.44561767578125,527900,,
2021-04-26,141.72756014301507,142.55380929284692,140.64856374404698,141.70811462402344,637200,,
2021-04-27,139.38482668256327,143.62304365722346,139.11264883550456,141.83444213867188,958200,,
2021-04-28,142.7579649937975,145.87831106613578,140.96936270793594,143.68142700195312,665500,,
2021-04-29,143.9341713551092,146.65595093807988,143.72031512607776,144.43963623046875,532900,,
2021-04-30,143.3509019352857,145.50889457549022,143.3509019352857,144.2646484375,595400,,
2021-05-03,145.81020693199747,147.41411327521692,144.42987208628432,146.37400817871094,469700,,
2021-05-04,145.97549738328047,148.95002406007256,145.97549738328047,148.6875762939453,620300,,
2021-05-05,149.3582968986224,149.84433107640194,147.04478429855018,149.2416534423828,495500,,
2021-05-06,149.26108864082676,150.37896123938154,148.09460966133807,150.17483520507812,439700,,
2021-05-07,149.14440572916712,151.8661994535319,148.3473175773116,150.85525512695312,367400,,
2021-05-10,151.85652678420882,154.74357112165993,150.97194097951657,152.66334533691406,443500,,
2021-05-11,151.5357288445583,152.81886613841172,150.33035879571892,151.0108184814453,596500,,
2021-05-12,151.2149062116954,152.00227897318132,149.47491089715325,149.7859649658203,926300,,
2021-05-13,148.9305964542228,154.50054387271152,148.19181502516804,153.47015380859375,640900,,
2021-05-14,153.85893554815576,155.754465350358,153.3048644517806,155.29759216308594,428900,,
2021-05-17,155.29760248128287,157.08621915208457,154.55883602617064,156.11415100097656,503600,,
2021-05-18,155.18097454753493,156.31829261800553,153.34376615176174,153.79092407226562,625300,,
2021-05-19,152.76051757578983,153.58678151062117,150.11649078343063,152.54666137695312,660400,,
2021-05-20,152.39115310515106,154.91852181148923,150.39841010322127,153.6840057373047,767900,,
2021-05-21,154.5782679279087,155.8127836916268,153.5284326372659,153.63536071777344,696100,,
2021-05-24,154.2089079829422,155.75449295461604,152.97437714114082,154.55885314941406,658500,,
2021-05-25,154.54909074367265,155.70583916002525,153.44093385939553,155.28785705566406,1471500,,
2021-05-26,155.46284061355155,156.38631715382775,154.82128695475672,155.67669677734375,1527500,,
2021-05-27,157.10560491663685,157.97074473046231,154.27689867844802,154.68516540527344,1014100,,
2021-05-28,155.04486053258842,155.5795009492172,153.1784915775605,155.17123413085938,848300,,
2021-06-01,156.1445018602661,156.69928284736437,154.05193973787286,156.24183654785156,686600,0.2,
2021-06-02,156.68958222559033,156.73823472654936,153.0689510232676,153.50692749023438,1198900,,
2021-06-03,152.7964423375526,155.1420544225088,151.3754357520247,154.61648559570312,528400,,
2021-06-04,155.32698976266764,155.95963571619615,154.30503464634663,155.49244689941406,419700,,
2021-06-07,155.88179433459072,156.52416791578807,154.65544207026946,154.73330688476562,747200,,
2021-06-08,154.528893196728,155.82336762748892,152.9132320409339,155.40484619140625,570900,,
2021-06-09,155.7747137785363,155.910973475105,154.56783157236114,155.210205078125,355400,,
2021-06-10,154.04224805257024,155.98882344770814,153.69186388739777,155.26858520507812,548700,,
2021-06-11,156.11534129162968,156.20294847162074,154.0617036485811,156.09588623046875,521500,,
2021-06-14,155.599484519725,156.04720335214805,151.33649491244927,152.19297790527344,500200,,
2021-06-15,152.20267700370516,153.68206304842644,150.87900564445883,152.42652893066406,444700,,
2021-06-16,151.95937695736885,152.54334052678786,149.92519486467307,150.03225708007812,537100,,
2021-06-17,150.59678243302147,150.97636399350517,146.8398917966897,147.8229217529297,762600,,
2021-06-18,145.8666084248013,146.28512981704182,142.7520910629717,142.79103088378906,1462200,,
2021-06-21,143.52098479519614,148.02729593161692,143.50151488638704,147.79371643066406,510100,,
2021-06-22,147.49201027242717,148.57236020431117,146.57713231718833,147.28762817382812,401700,,
2021-06-23,147.26818922347434,147.26818922347434,145.61360276988518,145.7109375,557600,,
2021-06-24,146.92750589754954,146.92750589754954,144.5526817245534,145.4286346435547,657600,,
2021-06-25,145.74980752406302,147.46278822933678,145.1269040993099,147.1416015625,423100,,
2021-06-28,146.81072194418573,146.85938930235469,143.0733005154162,144.35804748535156,993200,,
2021-06-29,144.426150100053,145.1463882890831,142.20705550283557,142.33358764648438,513400,,
2021-06-30,142.4893114686115,143.06356249097718,140.9417876102168,142.5185089111328,906000,,
2021-07-01,143.15115342324106,146.50899294118463,143.15115342324106,145.5162353515625,637100,,
2021-07-02,145.3994533817836,147.48228852980887,145.3994533817836,147.1027069091797,941800,,
2021-07-06,146.2753946564898,147.07349765954834,143.69618831966108,146.6647186279297,714300,,
2021-07-07,145.7692804143677,148.79620528668374,145.7692804143677,148.22195434570312,826200,,
2021-07-08,146.19754159523123,147.88132503862226,144.5624106524404,146.33380126953125,667400,,
2021-07-09,148.7378262763849,150.22695519754333,147.6866738288864,149.83763122558594,563000,,
2021-07-12,149.19524186275132,151.99831475645982,148.17330181717705,150.54811096191406,603100,,
2021-07-13,150.03232169710634,150.518965640141,147.64776934647543,148.76705932617188,541100,,
2021-07-14,149.39962367368997,150.26584891071468,148.25115161050152,148.9908447265625,567600,,
2021-07-15,147.66723417896466,149.8474043151358,147.66723417896466,149.04930114746094,439300,,
2021-07-16,149.79871220067176,149.99336676878232,147.13189857886303,147.28762817382812,331800,,
2021-07-19,145.010152077597,145.45785614092986,141.44791522895554,142.38226318359375,608100,,
2021-07-20,145.93479069822146,152.51421158266317,145.4481467462339,149.07850646972656,1004100,,
2021-07-21,150.78168751211987,152.300013533161,149.1465717513641,149.50668334960938,343700,,
2021-07-22,148.9227456438531,149.4093894938965,145.34105403610565,146.6549835205078,463300,,
2021-07-23,148.2608826981217,148.98112077531704,146.908013703295,148.591796875,410800,,
2021-07-26,149.09789888684114,152.26108293057516,148.00782175338037,150.47996520996094,841000,,
2021-07-27,160.59244225787126,160.59244225787126,150.723307309526,154.8695068359375,1538700,,
2021-07-28,155.72599272487193,155.72599272487193,151.44353386541314,153.6820831298828,892100,,
2021-07-29,154.87927085041792,155.44377947813908,153.575054092694,154.72354125976562,525200,,
2021-07-30,154.24662339728295,156.6117201214176,154.24662339728295,156.1250762939453,486100,,
2021-08-02,156.280767792994,157.89641361951837,154.79162438077927,155.36587524414062,552900,,
2021-08-03,155.7260037437329,156.45596938628165,152.7380039183293,156.32943725585938,373600,,
2021-08-04,154.87928178278645,156.51439804647887,150.2464226666068,150.31455993652344,458800,,
2021-08-05,150.6648871072789,151.25859299411445,147.17078903040104,148.4555206298828,346700,,
2021-08-06,148.9519401890612,149.74031568579554,147.49200866733236,148.6891632080078,914000,,
2021-08-09,147.55038138738198,147.55038138738198,145.54539679219548,146.47003173828125,412000,,
2021-08-10,145.78875516552264,147.06377450231034,142.63531258464423,143.17062377929688,537500,,
2021-08-11,143.462609872199,144.55270226212394,141.6522940446942,144.39697265625,427100,,
2021-08-12,140.58166664257888,145.01985582727687,140.58166664257888,144.67919921875,711200,,
2021-08-13,144.68888800165755,145.52591564142094,144.25091170378732,145.39938354492188,331100,,
2021-08-16,144.87384984663686,147.70610517556779,144.29959893659188,147.40438842773438,309200,,
2021-08-17,146.19753967707956,147.86185318767986,146.03206771292352,147.73532104492188,359200,,
2021-08-18,146.9372494362905,147.0345841495356,144.62081989202517,144.6986846923828,461300,,
2021-08-19,143.51124795100446,147.51146042220572,143.27766844104153,146.8204345703125,540900,,
2021-08-20,146.52843903040034,150.8400956131981,146.52843903040034,149.29257202148438,602900,,
2021-08-23,149.9933834316341,150.1685681070375,147.58936137786583,148.98117065429688,499000,,
2021-08-24,149.20496860983565,151.29753068061385,147.94941948641846,150.4897003173828,640700,,
2021-08-25,150.16852663433997,153.13705657434272,149.17578404550426,151.0250244140625,365100,,
2021-08-26,150.94717640619783,150.94717640619783,148.99087359774435,150.411865234375,513400,,
2021-08-27,150.82061232959205,153.098101134696,150.07117692150382,152.60171508789062,502000,,
2021-08-30,153.00079760271493,153.04946494972532,151.38513672958027,151.85232543945312,401800,,
2021-08-31,151.23834508424827,153.3725827268683,151.06292075472854,151.7938232421875,615300,0.2,
2021-09-01,152.2324024918568,152.63195128481968,149.8350353828209,151.4917449951172,425600,,
2021-09-02,151.62816077808347,153.38232980280827,151.25784694582202,153.0899658203125,469000,,
2021-09-03,152.7293948212489,152.9925238973777,150.80955630739263,152.24212646484375,441300,,
2021-09-07,151.482008038878,152.22265068032047,150.1761322486037,151.4235382080078,483000,,
2021-09-08,146.08307749900013,148.4804448509834,143.4518308045573,144.94287109375,1076400,,
2021-09-09,144.767424741752,148.48040706082878,144.67972001065164,146.2974395751953,554900,,
2021-09-10,146.72625395021308,146.73600883488956,143.13996576851017,143.6759490966797,517100,,
2021-09-13,144.6212865696532,146.4046910852663,143.5103149712677,146.00514221191406,580900,,
2021-09-14,146.75552144798576,147.3207546854329,142.9743280464752,143.08152770996094,885900,,
2021-09-15,142.69167148284708,143.66620824877577,140.84979759005194,142.71116638183594,685500,,
2021-09-16,142.98404975597026,144.03655135263924,141.64893901188904,143.14971923828125,424200,,
2021-09-17,142.4675358354846,143.47130754045327,140.83030629430428,142.20440673828125,1282000,,
2021-09-20,140.07018201297257,141.57097713995253,139.5147037222612,140.89854431152344,543100,,
2021-09-21,142.3212993867253,143.76362406739102,141.1908483840974,141.55142211914062,552100,,
2021-09-22,142.74039617803217,143.75390783535374,141.56120019062155,141.94126892089844,633700,,
2021-09-23,142.93530723457934,143.05224688928695,140.7036245591525,140.7425994873047,1532300,,
2021-09-24,136.51313369738364,141.68792236938367,136.48389877936975,141.07395935058594,790000,,
2021-09-27,141.5904387690177,143.94883080490288,140.77183146264892,140.96673583984375,732900,,
2021-09-28,141.1714295823255,141.72690793651748,139.47572985903335,139.9922332763672,754700,,
2021-09-29,140.10918621613214,140.4307852049677,139.07617939334455,139.62191772460938,775900,,
2021-09-30,140.12863672054948,140.21635633193208,134.77843932801446,134.84664916992188,756900,,
2021-10-01,135.32418730839802,136.0940648754088,133.63824272502478,135.29495239257812,595500,,
2021-10-04,135.22671589667516,137.47790831048368,131.91329685018138,132.4492950439453,989800,,
2021-10-05,132.66371045330578,132.83911995427593,130.25660316608608,130.45150756835938,814700,,
2021-10-06,129.3600367810502,130.21761916329953,125.99787249351282,129.0676727294922,732000,,
2021-10-07,129.92523179920383,131.1726375070239,129.35999876437145,129.76930236816406,586600,,
2021-10-08,129.16509114118855,129.48669004524854,126.86518387266138,127.10881805419922,454700,,
2021-10-11,127.20630570976812,127.76179890381906,126.70929722318591,126.78726196289062,485700,,
2021-10-12,127.08935933594846,127.66433253192622,125.48136454602822,125.56908416748047,608900,,
2021-10-13,125.2961959492977,126.63130652621349,122.69417719969208,125.76396942138672,714800,,
2021-10-14,126.50462715762642,128.07363209381512,126.35845257702749,126.69953155517578,644400,,
2021-10-15,127.73254501540924,130.51970597709453,127.67406031662618,129.6328887939453,787800,,
2021-10-18,128.66808718518598,129.37949485605037,127.17704713256221,129.1748504638672,501600,,
2021-10-19,130.02270329044387,131.0654648460191,128.80453224154869,128.8727569580078,521000,,
2021-10-20,129.57441781582483,131.76712558781685,129.21382909265972,130.38327026367188,599500,,
2021-10-21,131.38711370039138,133.97937137582903,130.8413603721468,133.85269165039062,803400,,
2021-10-22,131.56244852605627,134.58351810697656,131.16288492833954,132.16665649414062,716300,,
2021-10-25,132.34210088687536,132.43954564507263,130.1688879787814,130.28582763671875,771700,,
2021-10-26,123.76618091382697,127.42069412978643,122.55775729225171,122.95731353759766,1470800,,
2021-10-27,121.61245625579807,123.92211130211808,120.49173737420497,121.73914337158203,918800,,
2021-10-28,122.72342677361158,124.12676222778039,122.19717597829828,122.95731353759766,693100,,
2021-10-29,122.80137884574839,123.90260270464186,120.31630714105796,120.94001007080078,995900,,
2021-11-01,121.2226277331263,122.56748579361877,120.80357662632332,121.7488784790039,565000,,
2021-11-02,122.15818965137072,122.50902350353877,119.54643066030073,119.79981231689453,653600,,
2021-11-03,118.83502763006804,122.15819447157116,118.1431073485249,121.66117858886719,954900,,
2021-11-04,121.8658076914097,123.25939535983287,121.16414013316526,122.98651885986328,698000,,
2021-11-05,123.3568561454735,127.07957857299405,122.65518853825237,126.57283020019531,1090800,,
2021-11-08,126.99188135696572,127.66431409287824,123.912349097021,125.87117004394531,520200,,
2021-11-09,125.9004170386092,126.68004948651593,124.72122835161669,125.15975952148438,599200,,
2021-11-10,125.55931001088472,126.7482460232872,125.21823107404008,126.07581329345703,415800,,
2021-11-11,125.71523793906206,127.06984339646365,125.21822956096521,126.9529037475586,533600,,
2021-11-12,127.86898106455745,128.10286038141393,125.9101525643748,127.50839233398438,354600,,
2021-11-15,127.6643292701726,127.6643292701726,125.02332782403886,125.40339660644531,605400,,
2021-11-16,125.6665257235736,125.90041992438236,124.23396277803266,125.40339660644531,836400,,
2021-11-17,125.2279853812506,125.60805415841473,123.83439738660674,124.01956176757812,757400,,
2021-11-18,123.70769769337436,124.03903662023504,121.35906055190458,122.62596130371094,1125300,,
2021-11-19,122.0802202553987,122.47003645792428,119.48795626358604,120.82307434082031,926600,,
2021-11-22,121.14467269269261,124.79918585752046,120.35530022833015,123.99032592773438,625100,,
2021-11-23,124.43861945854027,126.86520682878529,123.27891816533341,126.64106750488281,719900,,
2021-11-24,126.70929917165091,127.34274224489369,125.49112797675802,125.59832763671875,571600,,
2021-11-26,122.23615160469038,122.88908947884173,119.88751433854421,121.19339752197266,509800,,
2021-11-29,122.01199757882462,122.32384904002122,117.93843368468626,118.18206787109375,916600,,
2021-11-30,116.93263197832066,117.99662846936468,115.12676179648967,115.89791870117188,1320200,0.2,
2021-12-01,117.57685363377986,119.60724032571976,113.457521285154,113.61370086669922,1024900,,
2021-12-02,114.54103479447369,120.29054493562955,114.17010177944088,118.71894836425781,958300,,
2021-12-03,119.16797887260036,120.79814190937329,118.21135192647893,118.73847198486328,1026600,,
2021-12-06,120.49553272233035,124.65391167034643,118.90440907675426,123.05303192138672,924000,,
2021-12-07,123.75585552075535,126.9380878371381,122.92613246215747,125.35673522949219,727100,,
2021-12-08,125.40553344954704,127.01616910620626,124.48795341928054,126.58666229248047,803600,,
2021-12-09,126.26457113855467,127.1528532418763,124.8686737279372,126.04004669189453,656000,,
2021-12-10,126.82097398133114,128.08021153072278,123.83396754482615,125.33722686767578,855400,,
2021-12-13,125.31771184427474,126.35242491135043,124.69297113590702,125.72769165039062,402100,,
2021-12-14,125.60079448183673,127.77759745887764,124.61489167398621,124.83940124511719,549600,,
2021-12-15,124.69296489013708,126.54764492395303,123.98038204101996,126.32313537597656,801700,,
2021-12-16,127.1040677867745,127.43595408851986,124.7222600189507,125.2396240234375,521600,,
2021-12-17,125.22984344928403,125.68863355272063,122.93590782691645,124.75154113769531,1464300,,
2021-12-20,123.07257875940292,123.07257875940292,118.68967467737366,121.63764190673828,515000,,
2021-12-21,121.97929079019907,124.78083450145779,121.66692414396253,124.6539306640625,706200,,
2021-12-22,124.94677271525192,126.1181457304942,123.81443901276411,124.55631256103516,498200,,
2021-12-23,125.18106906391438,126.62576213508898,124.65394145894425,125.07369232177734,307600,,
2021-12-27,125.13223875473473,125.74721589734595,124.43917554183335,125.63983917236328,209400,,
2021-12-28,125.89362732063637,128.05090295058136,125.84481701201182,127.5335464477539,292300,,
2021-12-29,127.5238154433145,128.82209245521815,127.2114562173054,127.87522888183594,256600,,
2021-12-30,128.19735434079493,128.8513708752838,127.38715075170104,127.63118743896484,234700,,
2021-12-31,127.18215440602351,128.0606954241464,126.02055227692958,126.56719207763672,307100,,
2022-01-03,127.04547583063692,128.99776905827522,126.60621283338135,128.87088012695312,569400,,
2022-01-04,129.14419794618547,132.75593738127176,129.04657732842028,130.62794494628906,570900,,
2022-01-05,129.72987284874566,134.43490645309606,129.72987284874566,130.60841369628906,664100,,
2022-01-06,130.80366499862242,131.62362469699193,127.45548878287153,127.85569763183594,669000,,
2022-01-07,127.85570705874935,130.38393865735688,127.70929099282277,128.8220977783203,757300,,
2022-01-10,129.65183287177032,129.72015540654695,127.58239140365188,129.6908721923828,568500,,
2022-01-11,124.94677549915903,128.61708166731296,123.04329244512729,127.69951629638672,1256700,,
2022-01-12,128.01188061043993,129.21253690873112,124.71250736900382,126.03030395507812,798200,,
2022-01-13,126.25480170050743,131.66266237827458,125.58125814183104,129.87631225585938,953300,,
2022-01-14,128.97823214524482,130.84266050045952,128.12897462541804,130.4814910888672,670700,,
2022-01-18,129.83725295330197,130.36438045453917,126.56717080413192,126.8697738647461,507700,,
2022-01-19,126.72337626118116,128.216879573839,126.17672157804707,126.3329086303711,502300,,
2022-01-20,126.8307467072837,128.45115397173666,124.7027538305683,124.93702697753906,558300,,
2022-01-21,125.48364797121532,127.46522437071742,124.68320805990395,125.28842163085938,652100,,
2022-01-24,123.49231809660317,127.86545848302526,122.32093761666835,127.62142181396484,853600,,
2022-01-25,126.34265177022324,126.72336325675062,122.49663909403131,124.90772247314453,933500,,
2022-01-26,124.849156603574,127.78736007190854,124.56607318460682,126.08885955810547,637300,,
2022-01-27,122.01835970487772,126.38173743950969,120.31986622306053,123.47281646728516,808500,,
2022-01-28,122.98473643953511,126.75267122855634,122.62356688050058,126.68433380126953,673500,,
2022-01-31,125.57149993708006,127.90448975075236,125.57149993708006,126.95762634277344,789300,,
2022-02-01,127.0454731698973,128.11924038053635,126.34264643108175,127.34809112548828,461000,,
2022-02-02,126.66476997063015,129.87630043599236,126.09860318870095,129.52488708496094,429400,,
2022-02-03,129.66157088543326,129.89585146087407,127.76784386136646,128.31448364257812,406200,,
2022-02-04,127.23098735789479,128.17785107214937,124.47825331153712,126.71363067626953,428400,,
2022-02-07,126.66477508900793,126.83071822053194,122.87732903278709,124.17560577392578,863000,,
2022-02-08,124.96632292331398,129.6127765305837,124.34158209261776,129.16375732421875,809100,,
2022-02-09,130.14961314431486,134.55202844684706,130.02270933442549,133.5758819580078,621000,,
2022-02-10,132.70716102039466,133.92734458052118,129.5834940854346,130.38394165039062,646500,,
2022-02-11,130.60842057378932,132.58024091430437,128.29494295876975,129.42727661132812,485300,,
2022-02-14,129.8567774151819,130.79388467898454,128.1094816032226,129.06610107421875,540400,,
2022-02-15,129.8567840133966,132.01407460306976,129.55418094355989,131.8969268798828,462800,,
2022-02-16,131.36981663573778,134.89370660292718,130.95983683419968,134.52276611328125,729500,,
2022-02-17,133.59540354654868,134.07372066847864,130.82315120737601,133.10733032226562,379000,,
2022-02-18,132.91209877674342,134.64963819517268,131.48691846425035,131.57476806640625,509400,,
2022-02-22,130.8524722883774,132.2190717540476,129.53466824341064,130.8622283935547,789500,,
2022-02-23,131.67240436182573,131.77978107553167,128.5389674580894,130.13986206054688,536200,,
2022-02-24,127.61164878177942,133.36115201746549,126.38170935144065,133.1366424560547,1163900,,
2022-02-25,141.50221473492402,146.29508312078175,139.10088759534898,141.3655548095703,1967400,,
2022-02-28,137.31872535264904,140.70087032780518,136.1457323545621,140.6910858154297,842500,0.2,
2022-03-01,139.91888598154733,142.25510264720404,138.80454026896248,141.61973571777344,625800,,
2022-03-02,142.7633683149004,147.27939741963337,141.78587180458325,145.70562744140625,1042600,,
2022-03-03,146.88840624564568,147.3282766965898,144.35667892297775,146.4778594970703,549200,,
2022-03-04,144.18073420234037,146.41919463158143,142.2550648980659,146.0966339111328,512200,,
2022-03-07,145.70565335142965,147.5042436705473,144.15143720334694,147.03504943847656,626300,,
2022-03-08,147.6020110085638,149.62543646457138,145.80342054683499,145.95982360839844,624400,,
2022-03-09,148.45239837849283,149.88931952058087,147.25008178127706,147.8561248779297,476800,,
2022-03-10,145.89135348960755,149.83066321472035,145.1191378128128,147.06434631347656,538300,,
2022-03-11,147.44558028621287,149.7720269154227,146.84930677685296,147.26963806152344,705100,,
2022-03-14,148.56971364241858,149.14643305687,142.5385614086904,142.88067626953125,421400,,
2022-03-15,144.43489434370062,146.10642011675415,143.8190816192406,145.62744140625,581700,,
2022-03-16,146.28239048735193,148.0027944051416,144.09280719622694,146.33126831054688,488600,,
2022-03-17,145.39285521892654,145.91092724352427,143.98525767457994,145.73497009277344,661000,,
2022-03-18,143.9266102727155,144.47400600324022,141.2873574191763,143.48672485351562,1402300,,
2022-03-21,143.9950249578415,146.35079539586553,143.54538486448652,144.22962951660156,782200,,
2022-03-22,144.85522617439707,145.1875714447407,142.4408083352621,143.30101013183594,429000,,
2022-03-23,142.68518785742697,142.88068420525326,139.56697114295628,140.57379150390625,862700,,
2022-03-24,141.15051022608276,143.49651113420583,140.58357529492025,143.056640625,399500,,
2022-03-25,143.5258363845311,144.93343396146503,142.54833972448424,144.75747680664062,434700,,
2022-03-28,144.26874318498412,146.11621146420762,143.08598045837596,145.99891662597656,616900,,
2022-03-29,145.22665211025893,146.76131375299855,142.71447911978015,144.61082458496094,587100,,
2022-03-30,144.85521027893992,144.85521027893992,141.35577098146462,142.29417419433594,478200,,
2022-03-31,142.19644331936632,144.06346555900225,141.5317378205457,141.68814086914062,453700,,
2022-04-01,142.50922547496128,143.22280874569822,140.39784411432194,140.93545532226562,580000,,
2022-04-04,140.52492279433977,140.9159304307456,136.3412380350032,136.94729614257812,706300,,
2022-04-05,136.55628379885437,138.68723432641403,135.0802691752707,136.1066436767578,643900,,
2022-04-06,135.35397772415496,137.82704333689568,135.35397772415496,137.31874084472656,587200,,
2022-04-07,137.2209535764533,141.61968751017494,136.65400385736862,141.12115478515625,757100,,
2022-04-08,141.5903777591023,143.69198932386425,140.11434845895863,142.71449279785156,567000,,
2022-04-11,143.64314345124026,145.7252162874952,143.02733064541718,144.5326690673828,688400,,
2022-04-12,144.78678916922513,148.54038738542792,143.77996888149403,145.91091918945312,732800,,
2022-04-13,145.7154506563506,147.7584153258531,144.87480283757404,145.60792541503906,409200,,
2022-04-14,146.01844197772502,148.93137757159442,146.01844197772502,147.73883056640625,390000,,
2022-04-18,146.62449166763253,149.0193553817876,146.62449166763253,147.99298095703125,437500,,
2022-04-19,148.5794773225249,150.06527627206603,147.7779229828337,148.0516357421875,524500,,
2022-04-20,148.57946042450922,153.76019459344624,148.57946042450922,152.04957580566406,1088100,,
2022-04-21,152.24509862408178,154.71816388040833,149.74270966237702,151.01345825195312,657000,,
2022-04-22,142.57766923534385,142.9100145335898,129.60628385214468,129.93862915039062,1524500,,
2022-04-25,129.92878571588992,137.09383424375466,129.04904515214648,135.63735961914062,1515100,,
2022-04-26,118.73653956366365,124.6894915999667,118.33576228896153,122.4999008178711,2666200,,
2022-04-27,121.47350539324098,124.02477224591932,119.87041148413299,120.80880737304688,1007400,,
2022-04-28,120.11478768753918,122.18708330516962,116.99657839283249,121.3659896850586,904900,,
2022-04-29,120.46668867858693,122.13820710540116,119.26437193926637,119.77266693115234,844900,,
2022-05-02,120.05613899831069,120.68173626156899,116.73264887618372,119.48918914794922,791500,,
2022-05-03,119.0493204213573,123.13525680325611,118.90269442920844,122.29460906982422,610700,,
2022-05-04,123.06683855878704,127.25051587009986,122.0209173665318,127.02569580078125,508900,,
2022-05-05,126.53693695432926,127.07456308894241,122.26528141419531,123.44805145263672,739400,,
2022-05-06,123.16456782704701,126.82041036860521,121.99157492606268,124.92406463623047,784200,,
2022-05-09,124.1225220724198,124.1225220724198,121.64944939952468,122.50965118408203,675100,,
2022-05-10,123.32097863868385,123.98566918886071,120.80880513574007,122.61717987060547,580500,,
2022-05-11,123.18412277295602,124.37666986197007,118.77561831465978,119.12751770019531,676500,,
2022-05-12,119.3523624500448,122.2359825972966,118.85383697441527,120.7110824584961,659500,,
2022-05-13,121.0140961867899,122.25551373228612,119.55762071325363,121.85474395751953,666800,,
2022-05-16,121.92315061018807,122.23594921467155,119.96815746773963,121.45394897460938,542400,,
2022-05-17,122.98861166003121,124.62102905608552,121.82538841654377,124.61125946044922,437800,,
2022-05-18,122.68561066626793,122.77358178796271,116.16570212839171,116.40030670166016,975600,,
2022-05-19,115.1002235748228,117.83721701233881,114.10318033352758,116.21456909179688,774600,,
2022-05-20,116.96723899260668,118.32595858004447,114.44529614170658,118.20865631103516,589700,,
2022-05-23,119.91928407274669,119.91928407274669,115.56942715367562,119.00043487548828,586600,,
2022-05-24,118.99067798289566,118.99067798289566,115.61830985329514,118.6778793334961,486600,,
2022-05-25,118.59967913269115,121.54193889791382,117.85677953542087,119.35234832763672,612600,,
2022-05-26,120.20275783430384,121.26822554629152,119.58693020470803,120.47645568847656,809400,,
2022-05-27,121.19004477110897,122.1968651840574,120.5253467133797,122.14798736572266,479500,,
2022-05-31,121.893446790346,122.77460573095604,120.44442903582457,122.00114440917969,1059200,0.2,
2022-06-01,123.00955987348189,123.00955987348189,117.781363419797,118.22193908691406,761500,,
2022-06-02,118.78977793785572,120.18983906156221,116.50855815767979,120.09193420410156,613800,,
2022-06-03,119.45554254883076,119.91570359984867,118.4862642827736,118.63312530517578,691400,,
2022-06-06,118.95621806052816,120.44439132903744,117.58552763421109,118.63312530517578,434400,,
2022-06-07,117.24286885271985,119.90592310239113,116.50857113547944,119.7101058959961,651600,,
2022-06-08,118.76041936359543,119.21078772966656,117.37014335480079,117.88905334472656,444100,,
2022-06-09,117.35057376304117,117.78136417429786,115.47077328246064,115.51972198486328,502800,,
2022-06-10,113.22871587213994,114.10008194812164,111.73074963971443,112.3475570678711,1560200,,
2022-06-13,109.69427802862066,110.48731709206976,106.55148501571055,107.26619720458984,1123200,,
2022-06-14,107.18789199599925,107.18789199599925,102.53733964516438,102.67440795898438,1806300,,
2022-06-15,103.39890666948264,105.08289724483585,101.50931363592873,103.23246765136719,1293700,,
2022-06-16,100.80439915669353,101.03937235668675,97.45600304555258,99.34559631347656,1553200,,
2022-06-17,98.97355068179962,102.62546174782443,98.97355068179962,101.61702728271484,2631900,,
2022-06-21,103.32057535174235,103.32057535174235,99.63929430812571,100.80438232421875,1307400,,
2022-06-22,100.10927165574219,103.92762189742454,100.10927165574219,102.71358489990234,623700,,
2022-06-23,103.13455365992426,103.96676367646062,102.4002559768597,103.18350982666016,611500,,
2022-06-24,104.1234272466995,106.7669038262852,102.62546091976606,106.49275970458984,1066600,,
2022-06-27,107.13894076355973,107.91240198128612,105.33745967513872,105.9249038696289,1087600,,
2022-06-28,106.32631017371261,107.69700076833306,103.70241931075218,103.86885833740234,540800,,
2022-06-29,104.63253273195444,106.07174999222796,102.80168105644209,104.99478149414062,723800,,
2022-06-30,99.67846229688352,100.14841610951324,96.81959838990157,98.60149383544922,2943500,,
2022-07-01,98.30778193918222,103.95697575541985,98.24903304245055,103.75137329101562,1157000,,
2022-07-05,102.44921487012597,102.8995832313653,100.27569247526388,102.70377349853516,653000,,
2022-07-06,98.88542343176957,101.10789451333706,97.88678184812001,100.1092529296875,991200,,
2022-07-07,100.89250155187352,103.17371394047271,100.89250155187352,103.08560180664062,649000,,
2022-07-08,102.94855108293076,103.78075374639846,101.2351895824006,101.27435302734375,557200,,
2022-07-11,100.39318933796235,100.53025765380676,98.98333526680508,99.19873046875,424600,,
2022-07-12,98.16092936074295,100.8925179997833,97.80846582863043,99.69805908203125,604800,,
2022-07-13,98.34693676526408,100.7945957934654,98.34693676526408,99.91344451904297,414500,,
2022-07-14,98.16093770168133,98.97355497064186,96.56505894299363,98.17072296142578,647900,,
2022-07-15,100.2169683260866,101.62682254843314,98.6700457731968,100.89252471923828,541400,,
2022-07-18,101.44078203288457,103.12477265056447,100.89250879723534,101.57785034179688,1149500,,
2022-07-19,103.31080738679422,105.60182052969898,103.27165140866802,105.46475219726562,1017600,,
2022-07-20,105.40599828046591,106.90396450017579,104.85771754598439,105.73887634277344,935000,,
2022-07-21,106.00320799286597,107.29557158886993,104.936032301545,107.18788146972656,962400,,
2022-07-22,114.02175451331708,117.95759466358666,108.01030415592348,108.66627502441406,1501200,,
2022-07-25,108.67605770538714,110.82999459997131,106.87458429823127,107.7948989868164,1072200,,
2022-07-26,112.41609883004209,112.41609883004209,105.71930640397402,107.0704116821289,1312400,,
2022-07-27,106.64939887597804,107.57950631360033,105.11226931369605,106.9822769165039,833500,,
2022-07-28,106.99206132957897,109.85092504356031,106.85499303299508,109.4397201538086,592300,,
2022-07-29,108.7348044755253,110.54607816872135,108.02987746601416,110.11528778076172,468100,,
2022-08-01,109.37119683000479,109.91947007060311,107.94176483154297,107.94176483154297,402300,,
2022-08-02,107.91238966626443,108.93061669227338,106.45358701432981,107.61866760253906,421600,,
2022-08-03,108.53900342421011,109.16560360066778,107.30538105883137,108.83272552490234,442900,,
2022-08-04,108.84251469463229,108.84251469463229,107.25643620896251,107.40328979492188,519600,,
2022-08-05,106.81584328262849,108.26486077889804,106.10113099738224,108.0396728515625,406200,,
2022-08-08,108.96977718522018,108.96977718522018,107.6578281309648,107.85364532470703,334000,,
2022-08-09,107.84386133481772,108.43129802431258,106.88437568190129,107.32495880126953,403300,,
2022-08-10,108.91104756119557,110.63420182268295,108.74460851931431,110.28173828125,442800,,
2022-08-11,110.93768437028741,111.2216136856793,108.90123793830793,109.0578842163086,492600,,
2022-08-12,109.53764753507039,109.89990380461882,109.20476945196926,109.61597442626953,749500,,
2022-08-15,109.14603180771587,110.48734438516712,108.83273170170568,109.44953918457031,483500,,
2022-08-16,108.96976156438998,109.33201024897593,105.84654686628967,106.16963958740234,861500,,
2022-08-17,104.9262484914897,105.22976329921819,103.61430679951027,104.04508972167969,1033900,,
2022-08-18,104.73044564577651,106.32631679473202,104.06468202805544,105.99343872070312,960200,,
2022-08-19,105.7486776631363,106.3654851361732,105.26893104777733,105.71930694580078,998600,,
2022-08-22,104.37797668038905,105.1318524068109,102.88979574429764,103.00728607177734,432600,,
2022-08-23,103.24227043258686,104.0744806037411,101.36246980740887,101.42121124267578,404100,,
2022-08-24,102.73315329246874,102.73315329246874,100.86313805909434,102.41985321044922,878300,,
2022-08-25,102.99749048308536,104.45630066420556,102.5079586700105,103.57514190673828,451900,,
2022-08-26,103.35975604931777,103.70242685548774,99.34559631347656,99.34559631347656,430200,,
2022-08-29,98.67980934289986,99.68824353519261,97.7105385862845,99.18891906738281,519700,,
2022-08-30,99.59035200206858,99.7372130380876,97.60285406097735,97.7203369140625,559300,,
2022-08-31,98.34819397237261,98.34819397237261,95.43453555689237,95.9839096069336,1205400,0.2,
2022-09-01,95.45418295280643,95.95450265921536,92.90350000831181,95.4051284790039,815300,,
2022-09-02,96.55291517476458,97.53394460954495,94.94402750049764,95.12061309814453,590800,,
2022-09-06,95.45416590549414,95.63075150111995,93.87470793480223,94.40446472167969,466500,,
2022-09-07,94.28672586939582,99.0937708979691,93.78639883468358,98.96623229980469,628300,,
2022-09-08,97.98521167727024,99.45675574572861,97.74976672202175,99.31941223144531,659800,,
2022-09-09,99.78049833797553,101.40901071767355,99.57448306427763,101.05583953857422,610100,,
2022-09-12,101.72293824060915,104.41095663112979,101.61502441063752,104.12645721435547,686800,,
2022-09-13,101.85047647982935,102.527389190637,99.3782855765512,99.47638702392578,575700,,
2022-09-14,98.90739619617993,99.02512243340217,94.19845149254833,95.6209487915039,1078800,,
2022-09-15,95.85636719165673,98.72097080749964,95.6601643353724,97.1120834350586,767600,,
2022-09-16,96.74911613157671,97.47507574691893,96.2389766837558,97.10228729248047,1348300,,
2022-09-19,95.836780900316,97.16116932028461,95.45417996753976,96.88648223876953,638000,,
2022-09-20,95.88582310180286,95.88582310180286,93.74717845076337,94.31617736816406,842500,,
2022-09-21,95.01270939367379,96.1899493317471,92.83482261866646,92.84463500976562,557800,,
2022-09-22,92.64842015878754,92.64842015878754,90.43129158970319,91.794921875,640900,,
2022-09-23,90.25471783463897,90.73542021435739,88.16512760533685,90.00946044921875,870300,,
2022-09-26,89.59741523464528,90.8433192562604,87.72364552280108,88.18473052978516,732800,,
2022-09-27,88.71447975415009,89.16575233325725,85.90873536193904,86.14418029785156,808300,,
2022-09-28,87.23312225525086,89.87209342788037,86.29133503949292,89.21480560302734,533400,,
2022-09-29,88.2435891872078,89.63665658646805,87.13502868919394,88.77334594726562,540400,,
2022-09-30,89.1363228257046,89.52873604276388,86.34039081672901,86.50716400146484,593400,,
2022-10-03,87.85118696591233,92.01074958312181,87.21351635025516,90.92180633544922,946900,,
2022-10-04,92.01074903433326,94.48293984816402,91.94207727518965,93.98262023925781,783300,,
2022-10-05,92.43259721928891,93.55097020855241,91.3142242300254,92.91329956054688,438400,,
2022-10-06,91.82434221689765,92.60916866130707,91.2062964440705,91.52022552490234,399400,,
2022-10-07,90.76483694883063,90.76483694883063,89.07747266508088,89.69551849365234,487000,,
2022-10-10,90.18603407855583,90.68636117401465,88.36131877479816,88.95974731445312,514300,,
2022-10-11,88.8518363410677,91.49080793747105,88.08663457317724,90.31356811523438,435000,,
2022-10-12,90.55882588249646,90.55882588249646,88.7144932161048,88.78316497802734,446400,,
2022-10-13,87.32141956496523,92.34428476065678,86.32076549355762,92.26580810546875,718900,,
2022-10-14,92.70727466178421,93.55096051144733,89.49931194292844,89.80342864990234,464400,,
2022-10-17,91.3828933718372,93.04082802750244,91.3828933718372,92.64842224121094,573700,,
2022-10-18,94.88517750989183,95.78772288279724,93.1978055177096,93.79623413085938,622600,,
2022-10-19,93.0800683708618,93.86489489816054,92.34429630826689,93.2468490600586,468400,,
2022-10-20,93.6000085442392,94.72818624474492,92.0401680745719,92.26580810546875,438500,,
2022-10-21,85.57520749399555,88.49867124386947,80.93493461608887,88.29265594482422,1726100,,
2022-10-24,89.25405944985611,91.70663298680395,88.9891773164559,91.2847900390625,1044600,,
2022-10-25,91.32403222290337,96.66083507815756,91.32403222290337,94.84593200683594,1472500,,
2022-10-26,103.42993064637143,108.69806125475708,101.8602850926047,107.2951889038086,2282100,,
2022-10-27,107.39327785563461,111.74905030975475,106.6771231788053,110.32655334472656,1244300,,
2022-10-28,110.3265648134422,115.14342273334185,109.89490948474692,114.80005645751953,1041100,,
2022-10-31,114.31935048764058,115.91843313971998,113.47566463657857,113.671875,837000,,
2022-11-01,114.61366567453636,115.24152388670302,113.12249680714534,115.09436798095703,615800,,
2022-11-02,115.26115301812382,115.26115301812382,110.81709061310218,110.9838638305664,759400,,
2022-11-03,109.57118111745399,109.9341572219553,107.60912222726932,109.58098602294922,697000,,
2022-11-04,110.49332848625966,111.36644397335083,107.27555354713809,109.94395446777344,642400,,
2022-11-07,110.78766092586272,111.24874598504353,107.9622986809601,110.9838638305664,596300,,
2022-11-08,110.38541754132306,112.03354712441087,109.0512245308804,111.08195495605469,572900,,
2022-11-09,110.25788551516219,112.02374129846541,108.84520088851961,109.56135559082031,428200,,
2022-11-10,113.68167308382411,119.83273101297901,112.64178441639362,119.48937225341797,1138900,,
2022-11-11,119.77387071461416,123.37425414648605,119.29316842494299,122.62866973876953,1017200,,
2022-11-14,122.01063023706543,124.6201645718112,120.31344606700632,123.2957763671875,746000,,
2022-11-15,124.74770845635086,126.71957226192224,123.14862566264604,125.20878601074219,865900,,
2022-11-16,124.91447921087666,125.32650977546376,122.44228085403293,123.92363739013672,609200,,
2022-11-17,122.61886855096441,124.16889687437904,121.18656645573112,123.90402221679688,648000,,
2022-11-18,125.99362008579944,126.79807151589496,124.10024020704613,126.22907257080078,648700,,
2022-11-21,125.27745056152344,127.57305574977613,124.67902203268964,125.27745056152344,623000,,
2022-11-22,125.57176768386006,126.749000012032,124.62998032439039,126.31734466552734,987100,,
2022-11-23,126.53317987019837,128.5148636383216,125.5423454707978,127.19046783447266,603300,,
2022-11-25,129.46644396018547,130.21202087402344,127.59267431710815,130.21202087402344,274300,,
2022-11-28,128.56391072138362,128.66200468349749,126.60185184725133,126.68033599853516,823500,,
2022-11-29,125.9151330283942,128.39713628283826,125.9151330283942,128.07339477539062,446000,,
2022-11-30,128.06356447447146,129.20330828256593,126.75679157261493,128.56466674804688,1655400,0.2,
2022-12-01,130.09742609269918,130.09742609269918,127.70985892308282,127.92601776123047,917100,,
2022-12-02,126.26551798865353,127.88670909893358,125.31246570877238,127.09085845947266,910100,,
2022-12-05,125.7644493938597,125.88234876763343,123.40636446849577,125.13562774658203,599500,,
2022-12-06,125.03735013562866,125.8823229603108,123.68144764604368,125.71529388427734,661200,,
2022-12-07,126.2065547766415,126.94345565894064,124.90960952364075,125.88231658935547,510000,,
2022-12-08,126.18691482188322,128.42710756208652,125.12578312286446,127.3463134765625,497800,,
2022-12-09,126.08865941872018,126.91398483483526,124.88013863524466,125.10612487792969,446100,,
2022-12-12,125.14544578285086,126.20657754774972,123.77972316760099,126.1574478149414,461600,,
2022-12-13,129.21311331839783,129.21311331839783,126.04935086691005,127.18909454345703,480700,,
2022-12-14,127.74914757482287,130.8441254391407,126.5504542133116,128.5449981689453,880800,,
2022-12-15,126.88452488800135,130.372525915585,126.69784090457766,130.21531677246094,1356900,,
2022-12-16,129.30157470647563,134.8037601242744,129.30157470647563,133.39874267578125,2426300,,
2022-12-19,132.9958744597635,134.3714168036,132.07228960363597,132.15089416503906,1105100,,
2022-12-20,131.7284209956728,134.902003555287,131.6203415899998,133.22186279296875,723900,,
2022-12-21,134.25352668216368,139.5690424480151,134.25352668216368,139.51991271972656,1290900,,
2022-12-22,138.5668521600775,139.15637891155328,134.81357781869835,138.52755737304688,713200,,
2022-12-23,138.0952508220803,138.6258129471006,136.98498184780854,138.30157470703125,375900,,
2022-12-27,138.33105417012345,139.53958264866245,137.11272073407346,138.7928466796875,281600,,
2022-12-28,138.6454832217291,139.65749284440452,136.46425481363687,136.9358673095703,410200,,
2022-12-29,137.68256280103734,139.90308534992081,136.89653221103785,138.33102416992188,357600,,
2022-12-30,137.62365058445897,138.46861608272755,136.78849004424342,138.4293212890625,378100,,
2023-01-03,140.03082292854148,140.8266734849529,137.83976017107597,140.11924743652344,676800,,
2023-01-04,140.7185790618607,143.2338647466584,140.07010275466857,143.2240447998047,873800,,
2023-01-05,142.58541514642297,146.68258259463542,142.16293246830077,146.36817932128906,896100,,
2023-01-06,147.47848436756408,150.08219567699126,146.9380872111853,149.30599975585938,756600,,
2023-01-09,149.8954936478577,149.8954936478577,144.8256109228034,145.51339721679688,636300,,
2023-01-10,146.13235665958973,146.61380397720671,144.50136073157822,144.92384338378906,544900,,
2023-01-11,145.13023164372015,145.51341964174273,140.87585387515085,142.15313720703125,871800,,
2023-01-12,142.82125190813963,145.2481139408461,141.81906226495832,143.62692260742188,478500,,
2023-01-13,142.80159459176264,146.0046674185548,142.50683117320705,145.2972412109375,389700,,
2023-01-17,145.2382557414025,145.29720541213135,143.17492731217342,143.9904327392578,369400,,
2023-01-18,144.18691868097008,145.19892788186942,142.9882255511561,143.1061248779297,304000,,
2023-01-19,142.5952565675635,144.91403890898502,141.19022424162677,143.7349853515625,600200,,
2023-01-20,144.17712099099714,147.55702714929956,142.94895283989848,146.85943603515625,613400,,
2023-01-23,146.73174333112297,149.79726209973487,145.80815822100297,145.8179931640625,494800,,
2023-01-24,146.4467867347908,147.09526317605292,142.83105157114096,143.59742736816406,561800,,
2023-01-25,142.89000124902145,143.93150052996745,142.1138055031144,143.59742736816406,486000,,
2023-01-26,144.11819021781128,144.69789711559488,141.74045791719874,142.98828125,985600,,
2023-01-27,141.8878431235289,145.06142608493548,138.89110921618365,142.6738739013672,681300,,
2023-01-30,142.2120778258041,143.07669816674664,141.00354935077547,142.62474060058594,478000,,
2023-01-31,143.29284275941095,145.65093479961482,142.45769734307294,145.6214599609375,484200,,
2023-02-01,145.0712421744431,151.42824287039718,145.0712421744431,150.00357055664062,755600,,
2023-02-02,148.82451772407526,151.9489705696896,146.58434002548316,147.80267333984375,580400,,
2023-02-03,147.32127020762675,148.44135927915093,145.1891714921944,145.8179931640625,515800,,
2023-02-06,144.7273516244087,144.96315033667764,142.18259057258362,142.4085693359375,423900,,
2023-02-07,141.74045030957464,142.75245985036895,139.9522449530187,141.986083984375,629800,,
2023-02-08,142.1137981999056,143.35178634864096,141.16073847704632,142.6836700439453,375400,,
2023-02-09,143.73497394629152,144.00026247489,141.8485093933094,143.23388671875,413300,,
2023-02-10,143.70553263440587,144.94353606182452,143.54833846253408,144.47190856933594,314100,,
2023-02-13,144.65856558708325,146.16184233221512,144.26555774229533,145.79830932617188,293300,,
2023-02-14,145.54280644766882,146.9772980885068,144.37358826571534,145.74913024902344,283000,,
2023-02-15,144.7567923712149,146.28954360913258,143.90199225598045,145.55264282226562,281700,,
2023-02-16,144.14764240395306,149.0308250527542,143.8332241691554,147.3605194091797,491300,,
2023-02-17,147.1738712644532,148.2841403118225,146.89876273821324,148.1171112060547,308500,,
2023-02-21,146.72187250343137,147.9893353584335,145.58212893329414,145.96531677246094,349800,,
2023-02-22,146.27976943536,146.66295736474387,144.4325994207457,144.8256072998047,284500,,
2023-02-23,144.943512445006,145.56249906556775,143.02757291986035,144.48171997070312,374800,,
2023-02-24,142.06466610234278,145.02210467450385,141.74042790378587,144.35397338867188,684800,,
2023-02-27,145.31684890572373,146.37798798197767,142.67384365145503,143.4893341064453,605700,,
2023-02-28,126.34029465558699,133.43407566112108,122.00137131462051,131.41712951660156,3220300,0.2,
2023-03-01,130.52177941510715,130.52177941510715,125.19897461239292,129.9511260986328,1386500,,
2023-03-02,128.85903449076042,128.88854975150767,125.01205203631491,125.45480346679688,821000,,
2023-03-03,126.2222311049564,126.37965584790861,123.07381131016139,125.07109832763672,1245500,,
2023-03-06,124.16590676242517,125.22850113564834,122.5326665278109,123.91010284423828,1190200,,
2023-03-07,123.45752254676253,123.45752254676253,119.34489529049941,120.44683837890625,951400,,
2023-03-08,120.21070077880493,122.57201903527479,119.81714648498932,120.98796844482422,639100,,
2023-03-09,121.28312237163628,121.79474517952252,117.05243457079179,117.65260314941406,1003000,,
2023-03-10,117.3672842573777,117.3672842573777,114.29756972613883,115.78323364257812,773900,,
2023-03-13,113.93352769705473,116.32436102846538,113.5301325125835,114.6615982055664,580000,,
2023-03-14,116.6392077623328,116.72775353443616,113.98272200287884,114.7107925415039,754900,,
2023-03-15,112.0149536357361,115.84225365430886,111.85753643392096,115.75370788574219,858600,,
2023-03-16,114.47465513970256,120.22052921737314,114.47465513970256,119.06938171386719,840800,,
2023-03-17,118.84310097171753,118.93164674363537,116.97372377596476,117.35743713378906,923800,,
2023-03-20,117.86908688797584,122.09977571222791,117.86908688797584,121.3028335571289,690500,,
2023-03-21,123.00491987017509,124.67752371328783,122.48346363013991,123.85105895996094,727500,,
2023-03-22,123.86089243997904,124.75622857675707,120.171335295632,120.26972198486328,500100,,
2023-03-23,120.03360353582966,120.90925791192957,118.29213570539045,119.83683013916016,416000,,
2023-03-24,119.45312024721504,121.06668616755091,118.73488306620527,120.65345001220703,360400,,
2023-03-27,122.60153777048738,123.10331969699268,121.08635857550448,121.64717102050781,388600,,
2023-03-28,121.28312921708309,122.4834664420769,120.39764143405053,121.69636535644531,248300,,
2023-03-29,122.6015229369919,122.82781156813849,121.03714682825104,122.11942291259766,723700,,
2023-03-30,123.46736012720504,123.85107353792154,122.02105226846226,122.98526000976562,308600,,
2023-03-31,123.76252377890032,125.23834685161829,123.23122657195093,125.05140686035156,485700,,
2023-04-03,125.21865321692698,126.54689235602622,124.74639408172102,125.63188934326172,581000,,
2023-04-04,126.43867584954332,126.54690347470871,125.25802040136988,126.29109954833984,437800,,
2023-04-05,126.15335879627115,126.83223981898456,125.28753778030635,126.62561798095703,495900,,
2023-04-06,126.91093060689474,127.21593159124684,125.43510026301597,126.01559448242188,392100,,
2023-04-10,125.71058638770648,127.29464434516987,125.71058638770648,127.26512908935547,282500,,
2023-04-11,127.45207951538724,131.102288680166,127.07821452938957,130.41357421875,711000,,
2023-04-12,131.2105184763877,132.1845671675846,130.46277347920142,131.91891479492188,643300,,
2023-04-13,132.68634898032903,134.54588566617014,131.25972284786477,134.02442932128906,733100,,
2023-04-14,134.58521105428065,136.1495948310257,133.345525149223,133.78826904296875,460800,,
2023-04-17,133.44392924040503,134.98861627531454,133.2471408171844,134.04409790039062,458100,,
2023-04-18,134.89019927755132,136.1397183403379,134.45728888833452,134.59503173828125,499000,,
2023-04-19,133.97520075120167,135.6871607158748,133.699715011532,134.94924926757812,580900,,
2023-04-20,134.4671597878884,134.68361504283942,132.48956224530718,133.8866729736328,534600,,
2023-04-21,135.85443749452767,139.78996575909852,135.84460407849184,137.71397399902344,1065500,,
2023-04-24,137.74350593189504,140.69515248757853,136.4743045186055,138.43222045898438,775800,,
2023-04-25,140.29172828247218,142.1217493704476,137.6745986059223,138.45187377929688,1013100,,
2023-04-26,142.48580448835233,143.8730667574155,139.2291423194596,140.48851013183594,1438000,,
2023-04-27,141.11820339692167,143.61727235582796,140.8230507751095,143.46969604492188,762300,,
2023-04-28,143.6172582503648,148.05456071237313,143.60742483488673,147.92666625976562,772900,,
2023-05-01,148.025051179053,149.6681323983374,145.53583079763155,145.80148315429688,619900,,
2023-05-02,144.6699895144554,145.22097599512722,139.55380658241808,141.61996459960938,746600,,
2023-05-03,142.1808115972716,142.81049560599718,139.22916499146098,140.25241088867188,789500,,
2023-05-04,139.55379884312518,139.77025405245914,136.82845691142657,138.81588745117188,438700,,
2023-05-05,140.1245025245061,141.44290108261345,139.1898174277241,140.49838256835938,344600,,
2023-05-08,140.06542579419252,141.64947623006617,139.7702582260283,140.88204956054688,311400,,
2023-05-09,140.77382471238852,141.30511433522264,138.26492285307714,140.83285522460938,379200,,
2023-05-10,142.15127411270663,142.15127411270663,138.14688198342893,139.2488250732422,498300,,
2023-05-11,138.432194132313,138.88478645709927,136.50379382320097,137.7729949951172,489200,,
2023-05-12,138.42237372266237,138.83560239915482,136.4349276961374,137.28106689453125,333800,,
2023-05-15,137.13347876823562,137.2515398048166,134.09327196064405,135.83474731445312,887900,,
2023-05-16,135.03779717515445,136.48410483773034,131.72211981911784,132.2435760498047,1159100,,
2023-05-17,132.8142205919342,133.47341965101566,131.12194255468032,132.2337188720703,671300,,
2023-05-18,132.22391714535482,134.05393848407343,131.84020372011625,133.65054321289062,556900,,
2023-05-19,134.49666514581165,134.49666514581165,132.4206735446168,132.4600372314453,605600,,
2023-05-22,132.68630077418914,134.5753520375555,132.36161797711674,133.0601806640625,467100,,
2023-05-23,132.0664739643911,132.6469757423227,124.73655621637197,124.88414001464844,1123600,,
2023-05-24,124.57914794785628,125.61221959711983,123.50671260937392,125.36624908447266,982900,,
2023-05-25,124.48074065642406,126.29108734260512,123.75267011729754,125.5433349609375,632600,,
2023-05-26,125.33673438295361,126.21238881136883,123.565743681426,125.91722869873047,628300,,
2023-05-30,126.94045659834785,130.89565132798228,126.86174423881839,129.24273681640625,856600,,
2023-05-31,128.4544468689681,131.19380866567732,126.25704838507728,130.19857788085938,816200,0.2,
2023-06-01,130.09019433982638,130.9376238422684,128.91758682689283,129.22305297851562,429000,,
2023-06-02,131.4105951568606,134.89884217585393,131.134689292567,133.4799041748047,611300,,
2023-06-05,133.4700332850036,135.3521171395616,132.62260388171902,132.74085998535156,550600,,
2023-06-06,133.18427836459372,134.12038856415026,131.82444594762757,134.03170776367188,490800,,
2023-06-07,134.7806117056827,136.84005743895884,133.61786761978283,135.48023986816406,510000,,
2023-06-08,137.4017046398933,137.4017046398933,134.51452680161447,135.87435913085938,332900,,
2023-06-09,134.98755855569948,135.48024982200664,134.00217602308518,134.386474609375,314200,,
2023-06-12,134.347024861167,134.8594278888676,133.06602480978617,134.23863220214844,327700,,
2023-06-13,134.7017312039513,139.8257151602106,134.39626515608163,138.90931701660156,606300,,
2023-06-14,143.60962052690618,151.48281541042155,143.5899086710756,144.05303955078125,1706300,,
2023-06-15,141.89507012074162,146.1716262644135,140.92939954798342,145.6395263671875,1104300,,
2023-06-16,147.62011708553203,149.768258276328,145.01870846556852,146.447509765625,1485500,,
2023-06-20,146.29970833785777,147.73835804687326,144.48660855094548,146.94020080566406,1058000,,
2023-06-21,146.21105077060463,149.19675835097934,145.73805637524862,147.56101989746094,1033100,,
2023-06-22,147.44278783654104,147.80737454899057,145.2749343145609,147.7581024169922,567700,,
2023-06-23,146.95004843345774,149.36423175283016,145.91539414351564,149.21641540527344,921700,,
2023-06-26,149.23612277250993,150.7634681035828,147.62996010132937,149.85691833496094,491800,,
2023-06-27,148.87157740287236,154.8035837647433,148.79274500520305,154.08424377441406,784400,,
2023-06-28,153.70979679249862,155.46377615669968,152.73426286199705,153.49301147460938,515000,,
2023-06-29,153.35504182748002,154.70501067608302,153.35504182748002,154.22216796875,324000,,
2023-06-30,155.66086437329662,156.25209984826512,153.92659670152787,155.4637908935547,371500,,
2023-07-03,154.23200405683917,154.94148034205003,151.85722968650109,153.1382293701172,249700,,
2023-07-05,152.882034405161,153.47326970886448,150.90142169850952,151.40396118164062,666600,,
2023-07-06,150.95071299248434,150.95071299248434,148.30003226913158,149.70912170410156,622200,,
2023-07-07,149.06862565881457,150.59597115429938,148.4281332102596,148.75331115722656,773800,,
2023-07-10,148.6941602718533,151.9065157005101,148.09307655952549,151.40396118164062,771200,,
2023-07-11,152.1036185413292,152.72441422671133,149.81752429631277,150.46788024902344,577200,,
2023-07-12,150.98027535954475,151.95580923746235,149.53176219342794,151.69960021972656,731100,,
2023-07-13,151.61093676887708,152.0543558420312,150.21169556421142,150.85218811035156,466900,,
2023-07-14,151.35471536850585,155.13857949378362,149.48248012458168,151.43353271484375,794300,,
2023-07-17,150.62552850341376,151.63062258951678,149.26569621255317,151.19705200195312,510000,,
2023-07-18,150.25108826521205,152.46819843093374,149.81751764930797,150.783203125,490300,,
2023-07-19,150.29051906672524,151.01969237719706,146.8318174221679,150.16241455078125,813600,,
2023-07-20,151.4039871036289,151.47297108302507,148.35915935044696,149.2065887451172,507800,,
2023-07-21,149.56131546906636,150.15255082848782,145.954812855223,146.339111328125,669500,,
2023-07-24,147.18655593668782,147.99457667606006,145.73804268790403,146.15191650390625,522000,,
2023-07-25,145.28479822560206,148.09312932954018,144.27970386545627,147.45263671875,852600,,
2023-07-26,141.75709664322855,144.1614318331955,136.4754469747612,139.36260986328125,1922300,,
2023-07-27,140.45638505930896,140.45638505930896,135.07620617368528,136.0320281982422,1017000,,
2023-07-28,137.7170236920021,137.90424873316653,135.56889751298831,136.71194458007812,795100,,
2023-07-31,136.96813487117382,137.15535990729168,134.7411763645521,136.92872619628906,642100,,
2023-08-01,137.02726126246338,138.14074808127168,135.59845992386968,137.22433471679688,596600,,
2023-08-02,137.2144269067231,138.16040012805087,134.29768992371885,134.5933074951172,719700,,
2023-08-03,134.74119695843117,135.49993059291373,133.18429093707326,133.33209228515625,748000,,
2023-08-04,133.37149945975145,133.6769655650643,131.24307009689088,132.39596557617188,1656900,,
2023-08-07,133.01677794628839,134.73133372979999,132.9083852789377,134.69192504882812,519600,,
2023-08-08,133.78534805452773,134.3568715457121,131.48940568046854,134.2878875732422,754900,,
2023-08-09,134.7214743306224,135.2141654991704,129.5482170608685,129.6664581298828,860200,,
2023-08-10,130.02115411134466,131.1642008594246,128.90768265664653,129.4496307373047,978700,,
2023-08-11,129.0358067945329,130.405487564805,128.91756573215386,129.60733032226562,524100,,
2023-08-14,128.89786493756043,130.17886502097406,127.96175469666873,130.1295928955078,611300,,
2023-08-15,130.04085373939174,130.63208890820508,128.09965014586103,128.8583984375,682500,,
2023-08-16,128.78944139606782,130.848886439386,127.81392271014765,127.8434829711914,435300,,
2023-08-17,127.68584486878565,128.6022432238631,125.39975815059607,125.96142578125,652600,,
2023-08-18,125.36035439232145,127.15374260269941,125.36035439232145,126.6807632446289,519200,,
2023-08-21,126.84826774703842,127.43950318085056,125.52785898536519,126.424560546875,477300,,
2023-08-22,126.8581208683902,129.00624703396775,126.40483840126204,128.80917358398438,562700,,
2023-08-23,129.6467736447337,129.6467736447337,128.1391246926425,128.5924072265625,302100,,
2023-08-24,128.46428058172938,131.2627776307112,128.19823819693715,128.22779846191406,372700,,
2023-08-25,128.61209606268577,129.64675043702127,127.47889744860785,129.3314208984375,561700,,
2023-08-28,129.6960083459281,131.51897154257577,129.6960083459281,131.06568908691406,394300,,
2023-08-29,131.06569630519647,133.42075943661527,130.20841850258412,132.7901153564453,426900,,
2023-08-30,133.44045478615186,133.84446509390276,132.7900989301244,133.02659606933594,300800,,
2023-08-31,133.11543557759305,134.09241691826358,132.85886146400534,132.9279327392578,549800,0.2,
2023-09-01,133.9246540621517,134.18122817359122,131.37859381891386,132.79965209960938,430000,,
2023-09-05,132.31608913535192,132.38516040803754,126.37528207216428,127.18450164794922,576500,,
2023-09-06,126.6318552667021,127.6088213898264,124.83579159065751,125.80290222167969,706900,,
2023-09-07,125.39830085431404,127.10554475100675,125.02330274286084,126.41475677490234,613400,,
2023-09-08,126.67134406733656,131.66477417544473,126.05949784685086,129.77003479003906,934900,,
2023-09-11,129.73056430355268,131.30950622174902,128.86213646081242,128.9410858154297,684300,,
2023-09-12,128.52661293129376,128.64502943413405,125.12199542316273,125.21080780029297,460300,,
2023-09-13,125.1910537442532,125.79302929862126,124.34236714396457,124.73710632324219,379700,,
2023-09-14,126.97726451006392,127.39173734250998,124.74700163317318,125.84239196777344,276100,,
2023-09-15,125.33910233432333,125.86212863239476,123.52330482489766,124.48054504394531,829700,,
2023-09-18,124.52000761623137,126.43448033918982,124.34237535028429,125.7535629272461,574000,,
2023-09-19,125.56605440275973,127.74697919001139,124.81605822865312,126.12855529785156,533600,,
2023-09-20,126.83907833804427,128.87197489287362,126.83907833804427,127.35224151611328,636700,,
2023-09-21,126.651587533922,126.90817667628124,124.49040374440331,124.94435119628906,425300,,
2023-09-22,124.86540927295006,126.3062010612974,124.71738112072421,125.34896087646484,324000,,
2023-09-25,124.86540609372015,127.30291268069995,124.86540609372015,126.3851547241211,251300,,
2023-09-26,125.9608033618836,126.69107355035803,124.11540184688248,124.19435119628906,392000,,
2023-09-27,124.19434984883041,125.4476462877331,120.4542091627963,122.56605529785156,523300,,
2023-09-28,122.68448915697752,125.69436743280338,121.86540654040525,125.13186645507812,510900,,
2023-09-29,125.39830309278175,126.19764455497496,123.58251322088002,124.07593536376953,454000,,
2023-10-02,123.5233023910442,125.70422744647793,123.43449001569891,124.58909606933594,487300,,
2023-10-03,124.68778048213703,124.68778048213703,121.2535664054108,123.17790985107422,567100,,
2023-10-04,123.32591859877209,124.07592228503376,121.51012138924759,122.46736145019531,590100,,
2023-10-05,122.63513700962207,124.16474867577203,121.63842969433543,123.8785629272461,582400,,
2023-10-06,123.52330546344443,125.56607296646773,123.06935796599757,124.72725677490234,481900,,
2023-10-09,124.62858485295783,128.71411269081463,123.52331637306202,128.47727966308594,772900,,
2023-10-10,128.65487586469226,130.93448359867642,128.14172771319602,129.98712158203125,550800,,
2023-10-11,129.3851580173014,129.4443662665819,124.07593834278656,125.34896087646484,632100,,
2023-10-12,125.51673688416922,126.10884199590436,121.78646639831042,122.18119812011719,572300,,
2023-10-13,122.23053844296278,124.29303946399735,121.63843335499746,122.39830017089844,442900,,
2023-10-16,123.16801779245401,124.84565738993348,122.08249071703993,124.44104766845703,561700,,
2023-10-17,124.0364527857482,126.62197983117422,124.0364527857482,125.65487670898438,398400,,
2023-10-18,125.03319055178595,127.7174086979647,124.18450371059632,126.34569549560547,394300,,
2023-10-19,126.44437072004806,128.1516072203285,125.39831059480457,125.98055267333984,461500,,
2023-10-20,126.81934927539331,126.82922735505421,122.79303045336273,123.03974151611328,498300,,
2023-10-23,123.67132360874918,125.06277764330781,122.66474576617267,123.33580017089844,470000,,
2023-10-24,120.19762043248309,124.31275872933557,118.32261504244475,122.8917007446289,792700,,
2023-10-25,122.270003064646,123.77987354995395,120.45420574464416,120.60223388671875,869600,,
2023-10-26,120.58248678831289,127.74696975919721,119.40813986301728,122.59564971923828,1738700,,
2023-10-27,122.02329592411145,124.60882310210657,120.24697322020127,121.71736907958984,1158000,,
2023-10-30,122.6844869780268,123.45422435187194,119.95093149282994,122.20093536376953,713400,,
2023-10-31,122.97067376291307,124.53975264898389,122.17133225710528,124.23383331298828,428600,,
2023-11-01,123.04960665855434,124.8160586936932,122.644996919495,123.74039459228516,645600,,
2023-11-02,124.92461641185245,126.0989635389749,124.03646256444084,124.45093536376953,390200,,
2023-11-03,125.18119875292228,127.87528702199049,125.18119875292228,126.56278228759766,591600,,
2023-11-06,126.6318804251719,128.43779242308273,125.54634556375782,127.964111328125,702500,,
2023-11-07,127.33251036286161,128.8522589163788,126.404874373217,128.4180450439453,492600,,
2023-11-08,129.1779163081048,129.1779163081048,127.82594439945437,127.91475677490234,454100,,
2023-11-09,128.4673708954393,129.47395619700347,126.56276881482175,126.5726318359375,567900,,
2023-11-10,127.07593944718525,129.3654102978711,125.75356422503785,128.5167236328125,528900,,
2023-11-13,128.69437110068128,129.40490021415476,127.63844045275152,127.7864761352539,456000,,
2023-11-14,129.95752257129027,131.82265761409084,129.05949068378115,130.86541748046875,431000,,
2023-11-15,130.79633153358043,132.67134466153104,130.64831091786914,131.15159606933594,627700,,
2023-11-16,131.69433878640854,132.71078697893208,130.99368792572116,132.68118286132812,483500,,
2023-11-17,133.885147698521,136.38186226190908,133.56936539203744,134.1713409423828,612100,,
2023-11-20,133.1351780865194,135.24702444418062,133.1351780865194,134.15162658691406,419400,,
2023-11-21,134.28977212090277,135.75029744657024,134.0430610496323,134.2502899169922,366400,,
2023-11-22,134.91148122127913,136.67792576629154,134.33910976128487,136.55950927734375,276000,,
2023-11-24,136.8457048194975,137.7634778992876,136.34241961964477,136.89505004882812,152000,,
2023-11-27,136.52991267807766,136.76674566902307,134.30951303967194,135.4246368408203,470200,,
2023-11-28,135.76016772547354,135.76016772547354,133.17462560765728,134.28976440429688,359800,,
2023-11-29,134.94107721847334,135.84897204785236,133.5101411256229,133.96409606933594,358000,,
2023-11-30,133.7170335810246,135.9308166012401,133.1141697949268,135.87152099609375,392200,0.2,
2023-12-01,135.91107191110726,137.3441044400547,135.7134148519881,136.08895874023438,439900,,
2023-12-04,135.42679175868275,138.3126268859121,135.179716678472,138.12484741210938,304000,,
2023-12-05,137.33420935154024,137.57139176012956,134.48789980634822,134.51754760742188,359000,,
2023-12-06,135.13029801935554,136.17789394174545,133.39089489163885,133.63796997070312,295600,,
2023-12-07,133.8652891406226,133.8652891406226,132.29389508894468,132.77816772460938,462100,,
2023-12-08,133.0054561346744,136.15813650335647,132.13574704530947,135.8418731689453,401300,,
2023-12-11,139.0637493986434,141.89028901331815,138.26321344475582,141.74203491210938,510700,,
2023-12-12,142.47337934409066,143.43203187163488,141.02057665101913,143.23435974121094,403900,,
2023-12-13,143.3924968487907,148.03750556476476,142.28560526173766,147.56312561035156,485800,,
2023-12-14,148.2450579435057,151.02217961613798,148.16599210297045,149.69786071777344,682200,,
2023-12-15,148.91709174408606,150.33036910762686,146.96026124406555,147.0887451171875,1514200,,
2023-12-18,147.75093122371624,148.46250882131557,145.60632085438226,148.19566345214844,545600,,
2023-12-19,148.6206212649907,149.99435823892213,148.1659964386763,149.12464904785156,435300,,
2023-12-20,149.56935706654102,149.79667698312494,146.26843783202781,146.34750366210938,424800,,
2023-12-21,147.43466385983186,149.6089370610387,147.2765472381461,149.24325561523438,453700,,
2023-12-22,149.72748528720024,151.77327400786928,149.48041022897056,151.28900146484375,382700,,
2023-12-26,151.48669030251267,153.36445510722032,150.8443010483411,152.32675170898438,288000,,
2023-12-27,152.1290879965714,152.14885822895184,149.9251821146208,150.8245391845703,374400,,
2023-12-28,150.67627981082865,151.96105821708724,150.13271159572943,150.89369201660156,332900,,
2023-12-29,150.9134467794888,151.25935790280928,149.5792504758209,150.656494140625,239900,,
2024-01-02,151.08150097511182,155.97360078521592,150.76525263934008,154.58009338378906,674800,,
2024-01-03,153.67082915926534,154.28357055978634,150.60709199612677,151.24948120117188,472200,,
2024-01-04,151.43725448951434,152.277315797384,150.14258347735722,150.3995361328125,599000,,
2024-01-05,150.42919090460688,153.40396929182438,150.42919090460688,151.90174865722656,660000,,
2024-01-08,152.02036102581218,152.92959550199683,150.89368419459288,152.60345458984375,339500,,
2024-01-09,151.67445472160998,153.74989147230585,151.46690501443382,152.4749755859375,331700,,
2024-01-10,152.1389752568483,155.19282005961833,151.65470260245115,155.02481079101562,335800,,
2024-01-11,154.58006523244148,156.89268449007042,154.21438383920594,156.53689575195312,387300,,
2024-01-12,157.139749593827,158.4838386212364,155.84507859806632,156.7345428466797,533800,,
2024-01-16,155.5584521143245,156.2897997225614,153.9969510020392,156.10202026367188,351000,,
2024-01-17,154.70852442298954,156.73454308149533,152.38602773467912,152.8999481201172,392000,,
2024-01-18,153.40397790308225,155.04456006452148,152.38602977309355,154.56028747558594,451000,,
2024-01-19,154.93587345713595,155.97359199718278,153.75979345043413,155.9636993408203,307900,,
2024-01-22,156.64562203789558,158.06877710521528,153.9870914024537,154.2242889404297,497700,,
2024-01-23,154.0957817764703,154.837007005367,150.91345358731908,152.01046752929688,676200,,
2024-01-24,152.71217200924676,152.71217200924676,148.35376391198864,151.5558624267578,798500,,
2024-01-25,152.67263593205337,155.41023216144185,151.89188528020037,155.1433868408203,543600,,
2024-01-26,155.88461806804193,157.56472573412807,155.02480154463254,155.72650146484375,458300,,
2024-01-29,154.9753521251321,156.2700229757599,153.72020664723289,155.014892578125,487900,,
2024-01-30,157.46590627185122,159.31402321447257,157.04092925344258,157.09034729003906,570900,,
2024-01-31,157.94028096865333,159.43262419055208,156.6653801165662,156.9519805908203,402000,,
2024-02-01,156.58629965730944,162.88176765065535,155.84507444313783,161.23130798339844,690400,,
2024-02-02,160.1935840237893,162.3975044407387,160.10464062048598,160.8260955810547,444700,,
2024-02-05,160.32208304669865,162.1998476686207,159.80816264522673,160.76681518554688,409400,,
2024-02-06,160.28251645141466,161.58707993159095,159.34363429355304,160.25286865234375,293100,,
2024-02-07,160.57902524337973,162.41726436706358,160.0255794995206,160.54937744140625,292700,,
2024-02-08,160.54939731619922,161.1324909342144,158.59256674238068,160.0651397705078,368000,,
2024-02-09,160.09475761030623,160.89527837338184,159.3831802475136,160.48019409179688,270300,,
2024-02-12,159.9860569110575,163.0300236355828,158.8692727497135,162.62481689453125,393100,,
2024-02-13,160.34183533957918,161.52779260393066,158.3158168445019,158.7210235595703,397700,,
2024-02-14,159.90698234304145,161.43885073583627,158.35534372291121,159.8180389404297,353700,,
2024-02-15,161.36969951238825,161.72548828474876,159.93666684714432,160.81625366210938,391300,,
2024-02-16,160.60868293631532,161.8341807876644,158.9681158317757,160.26278686523438,309800,,
2024-02-20,159.20528333766984,160.87551316970163,158.80996927055944,160.52960205078125,390800,,
2024-02-21,160.13430440702825,161.48827106002236,158.96811723326297,161.3894500732422,309600,,
2024-02-22,161.5969912595135,163.91950320696355,160.87553619764765,162.56553649902344,660200,,
2024-02-23,162.773055530299,164.40376006480622,162.2887980372385,162.3876190185547,524300,,
2024-02-26,162.3876394371133,163.85031983479502,160.27267714361108,162.40740966796875,508300,,
2024-02-27,162.19985147533697,163.85031127929688,161.12260769411287,163.85031127929688,826900,,
2024-02-28,168.58427862198005,174.36582672795427,159.27449096290343,159.8378143310547,1813000,,
2024-02-29,161.42108325157164,165.45834369124586,160.0159607371019,165.30990600585938,1004100,0.2,
2024-03-01,165.3098816648082,170.0991743355098,164.30056292877157,169.3273468017578,680600,,
2024-03-04,169.00080524112312,173.69115465667704,168.73364461983098,172.77090454101562,662300,,
2024-03-05,171.9099916276453,175.67018565791062,171.9099916276453,173.6614532470703,556100,,
2024-03-06,174.04736620857898,175.3931193787145,171.514187323368,174.1067352294922,505100,,
2024-03-07,175.5613500737391,177.5305083120419,174.37392426778712,175.80873107910156,419700,,
2024-03-08,175.50197529568118,176.2144337756871,173.82967733841556,173.84947204589844,516600,,
2024-03-11,172.9886088844012,174.2650883186142,168.58521459907047,169.49557495117188,737300,,
2024-03-12,168.88207289436156,173.10734494297986,167.90243861970217,172.8896484375,748100,,
2024-03-13,172.96881479399806,175.12597007321065,171.50432336137027,172.58290100097656,428700,,
2024-03-14,172.18706541500273,172.39487209806552,169.96063642003753,171.11837768554688,478600,,
2024-03-15,167.72434676323255,172.82039019758344,167.72434676323255,172.0782470703125,856300,,
2024-03-18,171.21731012034593,175.7196466461354,170.79182211342163,175.4425811767578,515600,,
2024-03-19,176.1352995664499,179.08407732025233,175.99676678872603,178.34193420410156,767900,,
2024-03-20,178.1934746126928,179.47985876664876,176.38264397349081,178.00546264648438,536200,,
2024-03-21,178.46065296764746,180.3803167749224,178.11431354063237,178.87625122070312,548100,,
2024-03-22,178.70803036672856,179.17310782842958,176.79824130292573,178.59918212890625,392800,,
2024-03-25,178.59917415723694,179.1137157140333,175.77902500249468,175.98683166503906,552300,,
2024-03-26,175.986866114473,177.6888487636523,175.24472304415434,175.4525146484375,675700,,
2024-03-27,177.530520355886,180.02411018787134,176.49151704308915,179.94496154785156,550200,,
2024-03-28,180.58811252064464,181.68648465828932,179.82617488669095,180.5485382080078,699100,,
2024-04-01,178.11432517287298,178.11432517287298,169.46587972608341,173.37451171875,1348000,,
2024-04-02,172.60266152996687,172.60266152996687,167.92221730661532,170.6137237548828,878900,,
2024-04-03,170.36633155498095,173.05783782625096,169.68355763410878,171.91989135742188,488600,,
2024-04-04,173.14690389214434,173.14690389214434,169.62420089646076,170.53456115722656,405000,,
2024-04-05,171.0095639674645,172.1277159446802,170.0200398572922,171.6131591796875,388900,,
2024-04-08,171.08866990867006,171.7615539870965,169.68354783479043,169.8319854736328,428200,,
2024-04-09,169.92108091093198,170.3960482547258,167.43738083726436,169.70338439941406,665600,,
2024-04-10,167.55610494938554,170.0497097198541,167.2889292349579,168.44667053222656,388200,,
2024-04-11,168.63466098428088,169.62418488286175,166.03220829935353,166.6358184814453,399300,,
2024-04-12,166.09161752475367,167.29883807143503,164.05318530241686,165.04270935058594,521400,,
2024-04-15,167.23945362187447,168.19929315465654,163.6870659195657,164.6765899658203,545600,,
2024-04-16,164.70624895243552,164.70624895243552,159.05607597941457,159.71905517578125,795600,,
2024-04-17,160.382042730943,160.8273254861653,157.78949482810162,158.353515625,547100,,
2024-04-18,153.62360396722573,155.5333780766226,151.0904248941277,152.0403594970703,1047600,,
2024-04-19,152.7923870791361,155.82032775878906,152.05024416357656,155.82032775878906,903000,,
2024-04-22,156.82965867862853,160.2633080457539,156.44374493616183,159.44200134277344,672600,,
2024-04-23,159.96646557966469,164.24120173198705,159.7982482987964,163.1824188232422,803900,,
2024-04-24,162.460050515168,164.94376553227286,161.76738670322314,164.1620330810547,1213400,,
2024-04-25,173.1172249380097,173.1172249380097,159.8872935719235,163.37042236328125,1260200,,
2024-04-26,161.4903189419527,165.98276650095076,159.15504162335233,164.3203582763672,965400,,
2024-04-29,165.05260924846306,167.69463656507108,165.05260924846306,167.34829711914062,650800,,
2024-04-30,168.24877344492796,169.22840769255743,166.84365110219827,168.6445770263672,1004200,,
2024-05-01,167.64515153810362,171.13816999330638,166.52698460465228,168.40708923339844,1161900,,
2024-05-02,169.34711910447203,169.39659831910228,165.37913371368504,168.11021423339844,652000,,
2024-05-03,169.99031028434297,169.99031028434297,165.7848335572723,165.9431610107422,597900,,
2024-05-06,167.26912722192338,167.85295784631518,166.81395464574953,167.3779754638672,811300,,
2024-05-07,168.79299184315698,169.4163967435218,167.61545596421755,167.72430419921875,660700,,
2024-05-08,166.94263865542362,168.73367508697322,165.6067749119999,167.69467163085938,513900,,
2024-05-09,167.91232396405798,175.4722864494308,167.91232396405798,175.19522094726562,710700,,
2024-05-10,175.19525151640013,178.70806522335548,175.01712932024986,176.22434997558594,573400,,
2024-05-13,176.32329736167563,176.7586903705592,174.58172532614128,176.71910095214844,743400,,
2024-05-14,178.51013251339904,179.48976675814916,175.53167055963533,177.03575134277344,1007500,,
2024-05-15,177.58987065919897,180.96415106919733,177.4414481011383,180.3308563232422,562600,,
2024-05-16,179.41061930183116,181.00375377024983,176.80816598350413,177.1050262451172,873500,,
2024-05-17,177.50080216994976,177.50080216994976,175.28426319638098,175.83839416503906,344200,,
2024-05-20,180.03398320932052,180.03398320932052,176.2737893188326,179.50953674316406,597900,,
2024-05-21,179.28193931169136,179.86576990858518,175.9967276986476,178.3122100830078,713900,,
2024-05-22,177.876855016823,179.64811169324568,176.45195292995325,177.02586364746094,423000,,
2024-05-23,176.7685586148229,176.91698116841198,174.53223991343603,175.0566864013672,476400,,
2024-05-24,176.59047089244115,176.6993191433077,174.32445233320254,174.52235412597656,588300,,
2024-05-28,173.3843922708877,174.4431750736884,172.4542373176807,173.3448028564453,404000,,
2024-05-29,172.67196502441297,179.7074823694799,172.60269108608085,178.34193420410156,900500,,
2024-05-30,178.44087354758744,184.6946576851024,178.29243588089122,183.9525146484375,776900,,
2024-05-31,184.24936827872003,187.96008332903904,182.82445128356738,187.81166076660156,847300,,
2024-06-03,186.70223850229064,187.37583255185294,183.7503503143098,184.83998107910156,634300,0.2,
2024-06-04,184.1069160623578,184.8399416126012,179.49086688419771,182.89842224121094,458100,,
2024-06-05,184.12675688993278,188.0394968764821,183.7305206808084,187.68289184570312,629900,,
2024-06-06,187.02910792989167,188.7031699663443,185.8305293303881,187.55410766601562,541300,,
2024-06-07,185.77106966976845,187.10834218170768,185.5432433188353,185.76116943359375,343800,,
2024-06-10,184.88948621021578,187.51450012499043,184.0276970032394,187.14797973632812,671800,,
2024-06-11,186.23662869136507,186.60314902015637,183.84937201069246,183.92860412597656,608500,,
2024-06-12,186.38527397110533,187.59376811088103,184.38432242764375,185.4739532470703,892300,,
2024-06-13,184.9687091027131,186.89041292884406,181.5215376137517,186.405029296875,520600,,
2024-06-14,184.89939265381412,186.4446760325049,181.52155276470404,186.0781707763672,590700,,
2024-06-17,184.98853357978703,188.3663733492934,184.34467056641913,188.01966857910156,555100,,
2024-06-18,187.71258910168842,189.4757984919769,186.54372640885504,188.76258850097656,403600,,
2024-06-20,188.03950700701293,189.70365383039257,186.56355538888218,186.9003448486328,349800,,
2024-06-21,187.0291026080812,188.31684376216162,185.3649559707083,187.31637573242188,783700,,
2024-06-24,187.98997970713845,190.1097944632822,186.9498803623074,189.2083740234375,468600,,
2024-06-25,189.69374150635386,191.65506159890467,180.10505206289147,185.92958068847656,899000,,
2024-06-26,189.38664864238103,189.38664864238103,184.7210679361106,187.8809814453125,721600,,
2024-06-27,187.61355874368806,189.77300467755512,185.2758178386523,189.75318908691406,404600,,
2024-06-28,189.94141088480683,192.19000444009117,180.4913989703367,183.18572998046875,1163000,,
2024-07-01,184.29515286771795,186.75175692158055,180.35269702795307,180.48146057128906,559900,,
2024-07-02,180.79844543684013,183.3441969125035,179.06495172596905,182.97769165039062,414500,,
2024-07-03,182.66070507008854,184.69137218084842,182.19513697247987,183.64137268066406,239200,,
2024-07-05,182.41306414516083,182.8984478346453,175.97437309850216,179.2234344482422,893100,,
2024-07-08,180.02580041216024,180.50126873191817,175.67720830231747,178.92626953125,939300,,
2024-07-09,179.8375564635196,181.48190235884374,178.39132107145875,179.2432098388672,587300,,
2024-07-10,180.15456127094592,180.66966076002797,177.61871011679605,178.48049926757812,736000,,
2024-07-11,179.90692568793048,182.40316086889925,178.90645761408592,182.21495056152344,809000,,
2024-07-12,182.88854008312973,185.46400732705553,182.4625880639677,182.69041442871094,421400,,
2024-07-15,177.49987401243555,181.64044080307826,176.38052738818266,176.9946746826172,709300,,
2024-07-16,178.30220666580365,182.19513092287167,175.69700847609639,182.14561462402344,1034900,,
2024-07-17,182.14562994350533,187.86119583296764,179.6890106734578,182.0366668701172,865900,,
2024-07-18,181.77910104167472,184.98854632284448,178.7875970119552,179.76824951171875,825600,,
2024-07-19,181.2937175066836,181.2937175066836,177.80691472394605,179.11447143554688,634600,,
2024-07-22,179.6196631159046,181.76919345358826,178.11399580990332,180.4517364501953,610700,,
2024-07-23,182.6309796663909,184.74089390810354,179.58002904168507,183.55221557617188,854300,,
2024-07-24,185.23618024029085,187.98995753948668,183.30457603615926,184.2158966064453,958700,,
2024-07-25,190.37723214990373,205.74093362949475,190.18902184532416,203.05650329589844,2759900,,
2024-07-26,207.60318919333932,212.61545954975134,204.41355985473817,211.67442321777344,1474300,,
2024-07-29,213.6159560423862,217.5386114750734,212.33813013510704,215.37916564941406,914800,,
2024-07-30,215.0720879185176,216.89474425967398,212.73434717527869,213.07115173339844,878700,,
2024-07-31,213.95275156303433,214.79472515166128,209.7527385122752,211.7437744140625,1108800,,
2024-08-01,213.0810377532614,216.92444561236408,210.7829132270328,213.7843475341797,849600,,
2024-08-02,212.31830598406634,214.87397281043778,208.9701969821184,211.198974609375,858500,,
2024-08-05,207.13765393589927,211.65464113633726,203.2149984058593,209.00982666015625,778400,,
2024-08-06,209.0692604139924,211.58531136668233,207.7815191095726,210.10935974121094,1603600,,
2024-08-07,211.94190531094503,213.24944702231087,208.04896577363297,210.06973266601562,978900,,
2024-08-08,210.5550841507988,216.4984908096954,210.0003686143468,216.33999633789062,715300,,
2024-08-09,216.03292718153105,216.61735855408892,212.83339742995543,213.19000244140625,502500,,
2024-08-12,213.15036731119582,215.82491240489588,212.45697288925555,215.6862335205078,387300,,
2024-08-13,216.02304897491766,219.5692838629719,216.02304897491766,218.40040588378906,560100,,
2024-08-14,219.4503880861022,222.2239810037336,217.85557329207907,219.75747680664062,534000,,
2024-08-15,220.92632080216896,221.97632018324387,217.59801260685492,221.1640625,543700,,
2024-08-16,221.8178490096876,224.85889953161637,220.52020755852243,224.30418395996094,570600,,
2024-08-19,224.41314093265984,226.1268190160295,222.5013371949087,225.37399291992188,454300,,
2024-08-20,225.5522988910406,226.84994037036674,223.7692737185495,225.4136199951172,553900,,
2024-08-21,225.4135949683632,226.6815204802807,224.23481692645606,225.65133666992188,506500,,
2024-08-22,226.82019997434998,228.31596695571466,226.50322615294536,227.1272735595703,519700,,
2024-08-23,228.39522758769107,231.55512621037346,227.6225707889266,230.94097900390625,684800,,
2024-08-26,231.16880814086184,232.99146442345813,229.34616697313103,230.8419189453125,493800,,
2024-08-27,230.35655198098829,233.37778688666168,230.35655198098829,233.14004516601562,521600,,
2024-08-28,233.2787343200851,235.54712810093673,233.2787343200851,234.59619140625,619900,,
2024-08-29,235.59666439002604,235.6164799800778,232.59524487901137,233.46694946289062,378400,,
2024-08-30,233.17966671051406,236.0126913766358,233.17966671051406,235.72543334960938,494100,,
2024-09-03,235.229738881078,237.23235817417265,233.07840034918644,234.43661499023438,599300,0.2,
2024-09-04,234.61504993836257,236.63751653031562,233.63357259094298,236.5482940673828,524000,,
2024-09-05,235.94355566648034,237.26212095837863,233.50470227921105,237.252197265625,704800,,
2024-09-06,237.02417070703603,239.8694869500287,224.64156584058836,227.17955017089844,929600,,
2024-09-09,228.30975077620073,230.6990310380759,221.81608572692608,224.562255859375,954000,,
2024-09-10,225.26614595883794,227.4868897387025,222.54970165800552,223.7393798828125,555700,,
2024-09-11,223.51137521161402,229.5390957214535,222.3216969158413,227.7942352294922,819100,,
2024-09-12,224.32433171099373,229.97531497004496,224.32433171099373,229.3705596923828,560600,,
2024-09-13,229.11277421165445,231.6606668826256,229.11277421165445,230.56021118164062,346000,,
2024-09-16,231.83913328260266,234.76376324974512,230.46108647760582,232.96932983398438,480800,,
2024-09-17,232.62233025836642,233.6434720791411,228.9343173246172,230.28262329101562,605100,,
2024-09-18,228.0519881349732,235.21981367347874,228.02224731292137,232.6719207763672,615000,,
2024-09-19,234.89263378502778,235.7551629495523,231.52187640569045,235.7452392578125,489300,,
2024-09-20,235.1206763533192,237.49012425474012,233.35598369674193,235.97328186035156,843300,,
2024-09-23,237.16293423376777,239.25479082365356,236.0723871480158,238.52114868164062,421700,,
2024-09-24,238.07505320594547,241.15831114990252,236.45906461517401,239.4431915283203,463000,,
2024-09-25,239.9289715827124,240.75183630010775,238.60049775695222,239.1656036376953,354600,,
2024-09-26,239.01685739317992,239.45307624252138,235.49738090698781,237.60906982421875,398100,,
2024-09-27,237.48017378409168,237.89657548988478,221.37983224945495,227.94290161132812,1381300,,
2024-09-30,222.14324759020352,227.38775265513866,210.25634317723635,227.04075622558594,1753200,,
2024-10-01,226.62436355821703,226.84247300054878,220.4281069637456,222.72816467285156,822700,,
2024-10-02,222.07382202148438,223.5609235082354,220.94362549665675,222.07382202148438,707600,,
2024-10-03,221.6376332834944,222.67860749119475,210.67273925156692,213.3197784423828,1529600,,
2024-10-04,214.92581888838646,215.6297202635424,211.14858345038945,213.8253631591797,674400,,
2024-10-07,212.58610205864235,214.4896052272474,209.41362199026435,210.960205078125,741500,,
2024-10-08,211.86239241767126,212.29861128167303,207.47049321277288,210.67271423339844,831800,,
2024-10-09,210.29597082135226,212.62576917299702,206.449345309646,211.11883544921875,694000,,
2024-10-10,210.85116546381545,212.0606759401708,207.9860170695985,211.06927490234375,471700,,
2024-10-11,212.03093312368654,213.10164804977208,211.28738235231427,212.4869842529297,420600,,
2024-10-14,212.18957388875077,219.6647465719703,212.06068690634282,218.5543670654297,893600,,
2024-10-15,219.099606294254,229.63820305773913,219.099606294254,223.40228271484375,1123000,,
2024-10-16,229.60850129993847,237.76772813458948,228.45847239087044,234.8629150390625,935200,,
2024-10-17,232.56285573404094,236.5681092442957,231.18480890565857,232.14646911621094,620400,,
2024-10-18,231.50204165148787,238.19399838956144,230.47099126946006,234.63487243652344,993400,,
2024-10-21,233.83184295271775,235.78490415370163,230.59988110426295,231.61109924316406,628200,,
2024-10-22,229.8365135006679,232.4240709167912,227.5562879980078,230.55032348632812,607400,,
2024-10-23,231.24429054712297,233.1378701474955,229.90589310385715,232.14646911621094,596300,,
2024-10-24,231.51197862627745,232.3744927034024,221.81607751745491,222.72816467285156,1344600,,
2024-10-25,206.2114010962546,210.95029650739497,200.13410832889093,201.0065460205078,1483000,,
2024-10-28,202.04751071067108,205.8743188705568,200.4315223687334,202.7910614013672,934100,,
2024-10-29,202.24583412157813,207.52009548834053,201.8492797135486,204.14932250976562,906100,,
2024-10-30,203.25704318497623,206.78642842752006,200.8677630746591,205.71571350097656,684000,,
2024-10-31,203.66349535645392,205.63638874576532,201.52208074401267,202.55313110351562,1117500,,
2024-11-01,204.87299602770582,205.41826956443987,202.38458514061838,203.4949493408203,632500,,
2024-11-04,203.04883501156021,208.76922297845982,203.04883501156021,207.03427124023438,997800,,
2024-11-05,205.85449023771756,210.3455352783203,205.1208480973969,210.3455352783203,497900,,
2024-11-06,196.1486863404954,204.68464922658052,192.12358572847646,201.76992797851562,1443500,,
2024-11-07,203.4454091781656,206.63770653276282,200.19359992785468,206.61788940429688,986400,,
2024-11-08,207.64894248185544,208.7791390497215,205.10104970387127,205.71571350097656,572800,,
2024-11-11,206.25106877829714,209.29467727768042,206.25106877829714,206.7666015625,479100,,
2024-11-12,206.85579377929645,207.71832285757736,202.43415419301985,203.47512817382812,637100,,
2024-11-13,204.5855041157911,205.2200001294457,200.71904639626763,201.0065460205078,612600,,
2024-11-14,200.94707094437882,205.1307843711283,199.08323222509364,199.28150939941406,699900,,
2024-11-15,199.0931439822251,200.01513959495705,196.68403183228736,199.95565795898438,759900,,
2024-11-18,199.0138408458868,200.11429655358012,195.0680540005987,196.2379150390625,658000,,
2024-11-19,195.5439361253224,196.65430038995723,192.3417000453983,195.09779357910156,895600,,
2024-11-20,195.1077232603522,196.57499253046117,190.5373639647887,195.821533203125,1016400,,
2024-11-21,193.32320919644536,196.0892115334286,187.78128083009975,195.9107666015625,999200,,
2024-11-22,194.07665300727422,197.40776094994766,193.31328513427098,196.2379150390625,1205700,,
2024-11-25,195.02841522378094,198.53796827488497,193.67020062988394,197.49700927734375,713800,,
2024-11-26,197.8737336940129,204.9325195193781,196.4163729273798,204.31784057617188,986700,,
2024-11-27,204.23850246944696,206.64761462312475,200.32247177686278,201.75009155273438,566600,,
2024-11-29,200.73886320782802,203.48504811728873,200.22334559775504,203.23719787597656,375800,,
2024-12-02,201.38330797861434,202.6721172917973,198.81556766204596,199.3311004638672,726400,,
2024-12-03,201.81208525298183,202.1693456466155,196.6218986849694,196.83029174804688,453800,0.2,
2024-12-04,197.4852578576022,198.64635027010013,196.4233951825627,197.60433959960938,563100,,
2024-12-05,197.60433262599383,197.65395506429314,194.19051481093305,194.55770874023438,441100,,
2024-12-06,195.12336381602935,196.51271638715204,190.97518839196485,192.74163818359375,569500,,
2024-12-09,193.049285069731,194.37908169055623,190.62785531679972,191.382080078125,500500,,
2024-12-10,190.79653387274618,192.34467205467627,187.28348660225478,190.2407989501953,458000,,
2024-12-11,191.82864364097307,191.82864364097307,188.31558090466265,189.25836181640625,343300,,
2024-12-12,189.7049479335987,191.53093874124977,184.51474630749263,185.0208740234375,628400,,
2024-12-13,184.99110181843844,186.55907710871182,184.6437598654288,185.9735565185547,498100,,
2024-12-16,183.59181165802613,186.56897617139956,182.11314783169965,182.75820922851562,902700,,
2024-12-17,181.14062382149191,182.97654811835,179.47341885057364,181.21009826660156,701200,,
2024-12-18,182.36127061764444,183.75062333893277,175.67258309134274,176.17869567871094,925800,,
2024-12-19,175.67255250887857,177.44892061394717,174.01526613477913,174.4618377685547,1406400,,
2024-12-20,174.96796589792845,179.71158041207536,174.64047596586693,178.73904418945312,1272900,,
2024-12-23,177.97489035213812,179.48332460690597,177.30999209692953,179.34439086914062,443400,,
2024-12-24,178.71917275153987,179.840576171875,178.27260112643046,179.840576171875,127200,,
2024-12-26,179.14593953047807,180.06885337778687,178.7192046887932,179.7512969970703,242600,,
2024-12-27,177.62756814948986,180.23753880056913,176.12905228648995,179.0863800048828,355400,,
2024-12-30,178.54055428516838,179.08637079186914,175.07711421777748,177.01226806640625,320500,,
2024-12-31,177.73674965012216,178.77874524551433,176.69473891208636,178.05430603027344,298800,,
2025-01-02,179.6024095226779,180.64442014569602,177.7863373265931,178.30238342285156,301100,,
2025-01-03,178.62988714773917,178.7191984570787,172.77480245939833,177.52833557128906,407500,,
2025-01-06,178.3023894532643,181.82537065850488,178.3023894532643,179.6818084716797,553300,,
2025-01-07,181.3887069073145,185.76514233279252,181.08106900014042,184.58419799804688,667800,,
2025-01-08,183.7803662935893,189.48659822974628,182.3215544828474,188.88124084472656,786400,,
2025-01-10,187.45219174946808,189.31788626437958,179.2451377410004,181.5375518798828,767500,,
2025-01-13,180.36656775098487,184.33612082390889,179.37417948275385,184.32620239257812,429700,,
2025-01-14,184.51472538870385,184.55442939542823,179.2550801958576,182.75820922851562,390100,,
2025-01-15,185.78502189163186,185.78502189163186,181.70630533811,182.19256591796875,332500,,
2025-01-16,181.9146749291415,183.78036955396806,180.57495997116573,182.65896606445312,363100,,
2025-01-17,182.89714696803557,184.09792820148647,182.00398850889874,183.39334106445312,378400,,
2025-01-21,184.39563883429855,187.63083387889733,183.40325068911196,187.34303283691406,404600,,
2025-01-22,186.91632874760998,187.34304841705995,183.28418419993045,185.6063690185547,304600,,
2025-01-23,186.70791576519971,188.8117739083196,184.9811548419373,188.4545135498047,672300,,
2025-01-24,188.6232292474978,189.55606141987766,180.86274638647947,184.35595703125,721400,,
2025-01-27,185.39796264662257,190.51867402522538,185.39796264662257,189.8140869140625,453500,,
2025-01-28,190.86603064523877,191.342372757077,185.02086455933298,187.27359008789062,514400,,
2025-01-29,187.7598469367606,189.05987307342264,185.05063135426263,185.75521850585938,403600,,
2025-01-30,187.43235039355096,190.41944850158336,186.9857787418356,187.84915161132812,321000,,
2025-01-31,187.51174086188675,189.47666518983817,186.39035253175334,187.1247100830078,369900,,
2025-02-03,184.97123748924284,193.51570056609776,184.0681605857002,189.25836181640625,481700,,
2025-02-04,188.01787310320876,191.30267558864043,187.84915378541692,191.1736602783203,391700,,
2025-02-05,192.6126396842564,194.04168124551325,190.61794467154417,191.79888916015625,427100,,
2025-02-06,192.04698002443604,192.93020496879336,184.77277227252992,186.99571228027344,605700,,
2025-02-07,188.09724197602029,188.81176265044692,185.4674194539232,186.49949645996094,291600,,
2025-02-10,186.72777169208638,186.72777169208638,179.91005430241594,183.9391632080078,478700,,
2025-02-11,183.49258098594535,185.23919399360074,183.04600930290363,184.5345916748047,320000,,
2025-02-12,182.69867877911204,182.90707182705202,176.2283032944801,177.87567138671875,902200,,
2025-02-13,178.05427712266555,181.48794672786246,174.87863812350844,181.41847229003906,1033600,,
2025-02-14,181.80551008966845,183.52233738736237,179.92989705021367,180.15814208984375,392300,,
2025-02-18,180.67419232464903,182.15285618627007,179.632181691568,181.646728515625,590500,,
2025-02-19,179.443649144303,183.53228385472653,179.443649144303,182.0238494873047,941100,,
2025-02-20,181.1405963254919,183.09560206847442,180.7833360084332,182.7681121826172,742600,,
2025-02-21,181.48796523636153,182.6292056493904,177.68711647974067,178.65965270996094,760500,,
2025-02-24,179.6718830809629,180.1283731640446,175.72218236310817,180.07876586914062,726700,,
2025-02-25,180.41617858864777,188.16672804219758,180.41617858864777,187.5712890625,846000,,
2025-02-26,186.10256279045095,186.67814977858646,177.59780356871534,178.74896240234375,1149500,,
2025-02-27,188.64306084829738,193.74393536195734,183.03607382667388,184.64373779296875,2144700,,
2025-02-28,169.31136512716225,173.97558701658002,164.7265361172948,173.91604614257812,2056700,,
2025-03-03,174.86977917477265,176.53890380234466,173.4490501750584,174.66114807128906,1075900,0.2,
2025-03-04,175.11818483774286,175.86332634870104,170.37909574320756,172.1773681640625,1078200,,
2025-03-05,171.93893928827342,177.2840932577996,171.02490073778716,176.56875610351562,1194500,,
2025-03-06,175.96266959931495,177.99939258746318,171.96870719659825,174.2836151123047,1237200,,
2025-03-07,173.73720983925062,175.65471543130576,169.97176764088522,171.54153442382812,1876400,,
2025-03-10,170.03135213527577,178.38687567875414,170.03135213527577,173.4192657470703,1515800,,
2025-03-11,173.86635036432435,174.21408912903007,169.89226235599693,171.4024200439453,1225600,,
2025-03-12,171.41238069415095,171.67069100365927,163.68277933790904,165.53073120117188,946100,,
2025-03-13,165.93805923727578,166.58384251436598,161.3479769966179,162.9276885986328,1101000,,
2025-03-14,164.60671755111682,168.6702340494119,163.60326578950153,166.58383178710938,757900,,
2025-03-17,165.70953615680108,174.11473937563778,165.70953615680108,173.44908142089844,897800,,
2025-03-18,173.41927978319742,176.31043263582634,172.6641933101035,175.1976776123047,903100,,
2025-03-19,174.98902682090701,178.63525057730527,174.98902682090701,176.9263916015625,855800,,
2025-03-20,175.84347468464898,179.89704650466962,175.07845845441452,177.54238891601562,919100,,
2025-03-21,176.06205239960101,177.03569978178277,172.7635518559637,173.01193237304688,1400500,,
2025-03-24,174.015363035606,181.65554923725028,173.4689380924503,180.40371704101562,951700,,
2025-03-25,182.6192861016811,188.54068420681241,181.74498184402512,184.7056884765625,1221700,,
2025-03-26,186.13636916904426,186.23571228183425,179.82749784903692,183.2650909423828,1056900,,
2025-03-27,183.67240513439648,186.73245467769613,181.9536163393413,185.3216552734375,1006200,,
2025-03-28,186.07674812977524,187.1795582712692,184.43744272266397,184.97393798828125,733200,,
2025-03-31,183.57307136136987,188.36183970541128,182.04303893198707,186.6827850341797,654100,,
2025-04-01,187.17954288487982,187.32858028414884,183.57306825370287,186.59336853027344,640300,,
2025-04-02,183.61279955221596,188.32209931949072,183.61279955221596,187.5570831298828,585500,,
2025-04-03,185.51045696735943,189.43486642589383,184.6659570763068,187.50743103027344,886400,,
2025-04-04,182.17220015390595,184.01022197466162,172.49529011739577,173.39939880371094,1577200,,
2025-04-07,170.31948685974348,178.36702195892963,166.41495227128593,170.5579376220703,878300,,
2025-04-08,176.21107304179313,180.15535682996367,169.77305434238832,172.15750122070312,792000,,
2025-04-09,169.9022052338908,183.71217122484242,168.83914449277134,181.88409423828125,820400,,
2025-04-10,179.94672158135597,181.4767541362192,171.80977299033594,177.08538818359375,652500,,
2025-04-11,177.02574191227006,177.02574191227006,170.96526683462935,174.27369689941406,985900,,
2025-04-14,176.1216588770151,178.1583821210875,174.3432459095786,177.66162109375,536700,,
2025-04-15,175.72423371089957,177.0356900457484,173.69745547333838,174.3631134033203,533200,,
2025-04-16,174.8598874859832,175.22748580735689,171.87932122201758,172.53504943847656,596400,,
2025-04-17,174.95922994506392,175.60501317990975,171.2335224518551,173.6676483154297,585700,,
2025-04-21,173.93589284664088,174.54192667487342,152.9924485883502,156.03262329101562,1262000,,
2025-04-22,157.68187817737245,161.03004235762302,156.5889979488332,160.25509643554688,814600,,
2025-04-23,163.74236430517934,168.92855054518563,163.74236430517934,165.70953369140625,775900,,
2025-04-24,166.4149547445363,173.04174545158807,166.3950800573943,172.8728485107422,1065700,,
2025-04-25,174.78037908883297,174.78037908883297,169.25639948936325,170.56784057617188,1009000,,
2025-04-28,169.8525216763356,172.58470707798742,168.93846812848852,171.78988647460938,942300,,
2025-04-29,167.30911842174388,172.7138811632633,160.60284413267843,170.76658630371094,1499000,,
2025-04-30,171.09444055786324,176.2210028639552,167.96483697408812,175.92295837402344,1048500,,
2025-05-01,175.1877331187669,178.08881549054956,173.16093978344898,173.49874877929688,608200,,
2025-05-02,175.80372508856547,178.1881871231545,175.60502370900227,177.58213806152344,588900,,
2025-05-05,177.46289749736502,179.4400117651203,176.03222336993838,177.0356903076172,489300,,
2025-05-06,176.52900663063144,185.67935221414987,174.2737222870692,182.967041015625,1609000,,
2025-05-07,182.81799776149387,186.34500427931346,179.85730612239783,185.38128662109375,773800,,
2025-05-08,185.50051670599527,186.76227884929648,182.49013081621953,182.57955932617188,755800,,
2025-05-09,182.8179821189894,183.16572089125307,179.91689962904945,180.60243225097656,828400,,
2025-05-12,182.7384950804734,197.7406834181112,182.7384950804734,190.30914306640625,1105200,,
2025-05-13,189.31562429783526,192.46508728794535,188.90827663048543,190.9251251220703,733400,,
2025-05-14,190.32901313941952,190.89531278530785,186.49401768711786,186.6132354736328,721100,,
2025-05-15,185.63959656398686,194.89921396023897,184.89445504472005,194.61109924316406,930600,,
2025-05-16,195.0482445867853,196.90612585912513,192.44520666111205,196.65774536132812,766100,,
2025-05-19,195.06811193767206,196.6776279367319,193.70699160631744,195.54501342773438,470000,,
2025-05-20,195.26681708550112,195.85300661670482,193.31952235658198,194.46206665039062,553100,,
2025-05-21,193.48843604027388,194.36274037138145,188.8387597192631,188.91822814941406,495600,,
2025-05-22,187.35837750408098,189.1566498689751,185.15275748748638,185.4408721923828,462400,,
2025-05-23,183.49358071761444,185.5303038508464,182.4702542697851,185.0037384033203,439400,,
2025-05-27,187.8153983691173,191.90871945212064,186.61324519926004,191.1735076904297,973300,,
2025-05-28,190.3190809635032,192.54457580713196,188.86854726395018,189.1566619873047,634500,,
2025-05-29,190.41842694586063,192.3855962278888,189.38515559372493,189.8123779296875,407900,,
2025-05-30,188.84865766541333,190.71648381810414,187.55707607387058,189.11691284179688,814900,,
2025-06-02,188.798670563049,188.8682823671665,183.89544696860088,186.3619842529297,707800,0.2,
2025-06-03,185.61606122902933,188.28149375105878,185.2281806702,187.78421020507812,534500,,
2025-06-04,190.3999115014479,190.90713521503673,187.41621046080897,187.62506103515625,497400,,
2025-06-05,187.6250711677333,189.5843695043013,187.11784742675215,188.06268310546875,538700,,
2025-06-06,188.3113220789939,189.96230702836473,187.57535217270942,188.36105346679688,379400,,
2025-06-09,187.54551084548282,187.54551084548282,168.86752818834472,176.80418395996094,1333100,,
2025-06-10,176.4461566961674,176.4461566961674,167.73373899784374,171.73190307617188,1550300,,
2025-06-11,171.95068914534414,174.6857484131968,170.3792714539804,171.35394287109375,746300,,
2025-06-12,171.3241192036023,172.96516398602205,170.210208933758,172.71652221679688,684000,,
2025-06-13,170.8566688048301,172.43804196617165,169.66319136629775,170.14059448242188,667800,,
2025-06-16,171.7517758906574,174.52661111471105,162.32328507693396,169.43443298339844,1946300,,
2025-06-17,167.07732121783351,171.7418278515305,165.19759013383967,170.8268280029297,1358100,,
2025-06-18,170.83679647746087,172.09988577862387,169.17587122736128,170.30967712402344,986800,,
2025-06-20,170.4190615344104,174.93438903739204,170.4190615344104,170.76715087890625,1572500,,
2025-06-23,171.15504693594002,173.2336885125559,168.39015163884105,172.57728576660156,1065100,,
2025-06-24,173.31324300315882,175.0935264629497,169.91182562447568,174.24813842773438,946600,,
2025-06-25,174.72551825053046,175.10345855594522,171.08541466889346,174.7354736328125,891900,,
2025-06-26,179.5989138882353,183.4081073873633,176.26710830838346,176.4660186767578,874400,,
2025-06-27,176.784278871847,180.6531437771124,176.69477148678314,177.11248779296875,1088800,,
2025-06-30,176.70471316761552,181.5681450832054,175.53113141795208,180.16580200195312,1165400,,
2025-07-01,179.9967522688073,188.36106535027855,179.320453914864,187.91351318359375,1351400,,
2025-07-02,185.58620597761293,186.47136998964206,181.94608716037004,183.4677734375,1048800,,
2025-07-03,184.999405498466,186.40174863563172,181.44880913675027,183.52745056152344,665300,,
2025-07-07,183.42800753472144,183.9949180802608,179.5392616105934,180.53382873535156,800800,,
2025-07-08,179.63870791980514,183.31861839553824,178.89278258162517,181.25985717773438,518600,,
2025-07-09,183.0500714013406,183.0500714013406,179.91717604015156,181.5681610107422,660800,,
2025-07-10,180.69292991676596,185.18837712148252,179.33037794805227,183.05006408691406,700900,,
2025-07-11,181.20018763281894,182.31409796084301,180.37469509476892,181.5283966064453,402500,,
2025-07-14,181.8068608482976,183.6368605888859,179.9072341293717,182.4533233642578,493200,,
2025-07-15,182.50304041759443,183.99489088422328,175.04378808445026,175.9786834716797,582300,,
2025-07-16,175.05373852362573,175.9687383755376,167.6939485283974,169.35487365722656,1250400,,
2025-07-17,168.8178182684824,170.90639998945332,168.6387883061769,169.89195251464844,786900,,
2025-07-18,170.17042417959507,170.38923013933555,167.44530506566556,168.02215576171875,630500,,
2025-07-21,168.4896088179946,169.53390726332862,166.95796705126762,167.83319091796875,479100,,
2025-07-22,169.56375511299103,173.43262063380587,160.02584482196616,161.79617309570312,1734200,,
2025-07-23,164.41187342057123,165.13790310374978,161.15963498086032,163.92454528808594,1113000,,
2025-07-24,163.1189384657856,163.1189384657856,154.41647666845813,154.6154022216797,1500900,,
2025-07-25,154.1479521658232,156.09729508055798,152.12898227333207,154.754638671875,1187500,,
2025-07-28,155.44090122205213,157.49966261328038,153.26281179883784,154.10818481445312,1478100,,
2025-07-29,152.95446980240732,162.6415589572111,151.5024103142972,161.9354248046875,1917800,,
2025-07-30,161.22925825552187,165.59540681310824,160.30430304672555,164.54116821289062,1797500,,
2025-07-31,165.2970430483828,168.72829638497564,163.72562526571156,165.54568481445312,1529200,,
2025-08-01,166.0728118999391,167.61439395674384,161.13976752923162,162.09454345703125,1130500,,
2025-08-04,162.08459243176108,165.316935325898,160.09545834306144,163.78529357910156,868000,,
2025-08-05,164.4715491462572,165.8639521297827,163.377534490511,163.80519104003906,613900,,
2025-08-06,164.29254383328944,165.35672275279296,162.5818871847679,162.59182739257812,715900,,
2025-08-07,163.3079097869623,168.499551104149,163.3079097869623,168.1017303466797,926000,,
2025-08-08,168.47963828916684,171.6821451398238,166.96790742462244,171.3638916015625,606400,,
2025-08-11,171.60259517453474,174.04923683833917,170.30967012730406,170.72738647460938,853400,,
2025-08-12,171.7517891599024,174.8150575461479,171.52304298383254,174.2581024169922,605700,,
2025-08-13,175.08356422298397,178.36563828730965,174.60617632253826,177.54014587402344,777100,,
2025-08-14,176.14777174228038,178.33581622840313,174.04923464890658,177.7689208984375,611500,,
2025-08-15,178.5347091698822,178.5347091698822,174.88465025507512,177.5003662109375,747900,,
2025-08-18,177.81864721493992,178.56457254867922,176.47599071974304,176.6450653076172,675600,,
2025-08-19,177.56999715903754,181.67756399495937,177.19207199383283,181.5681610107422,745800,,
2025-08-20,181.96599622887942,184.22365253158935,181.64772748480863,183.696533203125,792400,,
2025-08-21,183.87556255528725,185.0392041921416,182.8809954972009,182.9506072998047,657400,,
2025-08-22,183.32855322447048,185.17844861591584,181.50849363160575,184.57176208496094,627200,,
2025-08-25,183.94517557181462,184.62148906723883,181.69745946902597,182.88099670410156,793500,,
2025-08-26,182.21463533715638,183.00033662680434,180.19565027016256,180.4641876220703,977800,,
2025-08-27,180.5437368010334,182.59254228514348,179.3403192928191,181.41896057128906,672600,,
2025-08-28,181.36924895211962,181.43886075458235,179.47957761594054,180.23544311523438,945400,,
2025-08-29,179.96689328362908,181.37917658422856,179.4497142010797,180.59347534179688,599500,,
2025-09-02,179.5480397568135,182.2562462801569,179.31904135603287,180.72291564941406,533800,0.2,
2025-09-03,180.10560983711522,181.16101095028094,179.63764667295717,180.7826690673828,520800,,
2025-09-04,181.44974674377806,185.6813172026035,180.1752985033533,184.87481689453125,742700,,
2025-09-05,185.5319704279541,189.9925547478397,185.10384232891397,189.2955780029297,654900,,
2025-09-08,189.1761025802025,189.1761025802025,183.73977210551232,184.95448303222656,637000,,
2025-09-09,184.03846521693492,185.99992382068285,179.76707484789608,185.62156677246094,461400,,
2025-09-10,185.76098730677455,187.01551812310353,181.10127320268197,185.25318908691406,1086000,,
2025-09-11,185.94018726827198,190.37088748727808,185.36270052619835,189.96266174316406,675400,,
2025-09-12,188.75793678495427,192.29254615913948,187.4635708629483,190.88865661621094,736600,,
2025-09-15,190.7094115857909,191.34663572327318,187.42373364751705,188.75791931152344,657900,,
2025-09-16,189.52459238534516,190.69946826516792,184.93458209609972,185.4523162841797,636200,,
2025-09-17,186.0696552872515,190.3410462925969,184.1978024868268,186.5774383544922,518400,,
2025-09-18,186.5973347241507,188.12069894574654,185.63153973495307,187.29429626464844,562500,,
2025-09-19,187.10514232204872,188.3696396212387,185.9700861804695,187.822021484375,1396400,,
2025-09-22,188.86743655420528,193.9652294821797,187.66267687620348,193.31805419921875,720600,,
2025-09-23,193.29815408814196,196.68340466075745,192.16309805448873,193.87564086914062,670200,,
2025-09-24,193.4773848315059,199.83967550866362,193.4773848315059,198.83404541015625,776500,,
2025-09-25,199.08294439949387,199.28207409159023,193.1786662290493,196.76304626464844,759600,,
2025-09-26,197.87819877863276,200.1980969004826,196.16565608947857,199.9790496826172,452100,,
2025-09-29,199.6305692642907,200.82536265029069,197.86824028418295,200.19810485839844,770600,,
2025-09-30,200.33749267240267,204.84784785838477,200.12839661804813,203.55348205566406,671800,,
2025-10-01,203.0656121667606,203.82232631541794,200.02883478954462,202.6275177001953,581200,,
2025-10-02,201.8807682613067,206.4210075382594,201.77124464556093,204.64871215820312,597700,,
2025-10-03,205.31582195607422,207.7352774981496,204.62881155989302,206.3413543701172,585600,,
2025-10-06,206.27165557472017,208.8205523230213,205.62448021957073,205.94308471679688,588700,,
2025-10-07,207.97424357793923,211.9469321143219,206.74956625845303,208.79067993164062,536000,,
2025-10-08,208.2131959512407,208.74089651677397,203.76257782863127,204.31019592285156,496800,,
2025-10-09,205.18638409300792,205.63442973471166,200.3872776034367,200.72581481933594,739500,,
2025-10-10,201.6916073629523,202.0500317177856,195.100303195435,195.25961303710938,720800,,
2025-10-13,197.60937848303868,198.903744349436,195.13017036646121,196.90245056152344,548600,,
2025-10-14,195.99639791730615,203.51364641037125,194.91111297946892,202.92620849609375,433900,,
2025-10-15,202.92622643240796,204.63876929761295,201.42277963943212,204.11106872558594,422900,,
2025-10-16,204.1907087008433,204.85780154131396,202.8266543250019,203.35435485839844,369200,,
2025-10-17,203.1850928978765,204.41970612824534,200.96475196996892,203.67295837402344,377400,,
2025-10-20,204.60889403160036,207.25736316748458,203.7426714586533,206.3413543701172,297000,,
2025-10-21,206.590269671436,207.74522803431282,205.37555872386295,205.90325927734375,331900,,
2025-10-22,206.2915533250469,210.22442168973797,206.2915533250469,209.4876251220703,531600,,
2025-10-23,207.19761076244683,210.2244215608438,206.31147072541356,207.72531127929688,500900,,
2025-10-24,210.94130950881998,213.17160163887624,199.8296991065421,209.76641845703125,943200,,
2025-10-27,210.5131665242776,213.35081411567023,209.1192434363857,213.10189819335938,925200,,
2025-10-28,219.1455892588752,225.73687817580793,210.7322187318265,218.3689727783203,1422400,,
2025-10-29,216.85555101698546,226.2347009934902,216.7559785726371,224.32302856445312,1020200,,
2025-10-30,223.2775870167515,226.17497205972003,217.2139986677434,217.74169921875,657800,,
2025-10-31,216.83563501409353,219.18540190658868,214.7049153466072,216.0689697265625,507900,,
2025-11-03,219.27501779110983,219.8027183496812,215.15297057941464,219.74298095703125,695100,,
2025-11-04,219.11572010502272,225.89618754403344,218.64775694558645,223.2178497314453,763300,,
2025-11-05,221.47544608070336,227.09098900017585,220.29060379219905,226.9615478515625,650800,,
2025-11-06,225.14944283754969,227.27019623932478,223.27759017422682,225.40830993652344,418800,,
2025-11-07,226.09532149052464,228.7636929928017,224.32304126763964,228.23599243164062,573200,,
2025-11-10,217.55252850485593,223.16807142469054,216.31789999044975,221.67457580566406,976300,,
2025-11-11,222.8594028920254,225.2489896424143,220.54945586637703,223.4368896484375,505500,,
2025-11-12,223.37716096685236,230.36670932090496,223.10832750935106,227.42950439453125,494100,,
2025-11-13,227.35982268393772,229.331232648885,223.04859683670284,226.5832061767578,492500,,
2025-11-14,226.96151744926885,226.9913861422366,222.54076857859076,224.0641326904297,524000,,
2025-11-17,222.9291057186078,228.23599528567453,220.73864852510718,225.51783752441406,862200,,
2025-11-18,225.04985901570714,228.35546970580012,223.22779266919764,227.84767150878906,686000,,
2025-11-19,228.07670402774508,228.99271286074617,222.13259018514853,226.95159912109375,711100,,
2025-11-20,227.88751773188392,229.92861620948796,224.2135161640003,224.40269470214844,1011000,,
2025-11-21,226.51349019866888,234.45888221631873,226.46370397548537,230.91432189941406,679500,,
2025-11-24,234.9368185077237,238.83981847451423,232.9853109280171,235.92251586914062,924100,,
2025-11-25,237.42597184696217,244.37570019737336,236.96795986163545,242.68307495117188,645700,,
2025-11-26,241.9761324211664,245.26182546092798,241.9761324211664,243.1211395263672,425300,,
2025-11-28,243.76835607540843,244.93328083185983,240.59218630372033,242.5735626220703,541200,,
2025-12-01,241.49735603122386,244.65620132581455,238.58761596679688,238.58761596679688,900400,0.2,
2025-12-02,242.83263901394264,243.72946650292545,236.49501450383045,237.8402557373047,858700,,
2025-12-03,237.6011133018617,237.6011133018617,229.02140473952866,229.34027099609375,602100,,
2025-12-04,228.29396900382565,231.492666822354,227.1978330256077,229.77871704101562,475600,,
2025-12-05,232.04073454089684,232.04073454089684,228.79220959894565,230.26699829101562,398000,,
2025-12-08,229.96806101526553,229.96806101526553,223.83970422910065,225.3344268798828,763100,,
2025-12-09,226.2412161146109,229.35024960044942,223.50089122598615,224.5571746826172,496200,,
2025-12-10,224.357859602685,224.75646142516558,219.1661982076284,222.0659637451172,794900,,
2025-12-11,223.22188454506727,224.12868664042094,219.46515907306895,223.78988647460938,730200,,
2025-12-12,223.81977164480242,225.2048807010872,220.1626853624549,221.8168487548828,763800,,
2025-12-15,221.64743077487032,224.49736921920137,219.2359467381448,223.08236694335938,1131100,,
2025-12-16,222.79340002561895,224.447563443221,220.8402890305422,221.85670471191406,952500,,
2025-12-17,220.29222250016673,224.96570902355933,218.91707285243547,224.10873413085938,861200,,
2025-12-18,224.8660716731142,227.92526268888,223.65036274160724,223.94931030273438,622200,,
2025-12-19,223.89948557338485,227.63629211474017,223.89948557338485,226.6597442626953,1411800,,
2025-12-22,225.6732207784938,226.8789551685238,223.70019119155992,225.84262084960938,748600,,
2025-12-23,225.82269094278848,227.20779997704173,224.31800896330918,226.4704132080078,593700,,
2025-12-24,227.32739105282795,228.34379151053926,224.6767458954366,226.2810821533203,171000,,
2025-12-26,226.0220193806718,226.9586995426797,225.63337686422093,226.83912658691406,247000,,
2025-12-29,226.90887585276084,226.90887585276084,222.65389433774956,225.3144989013672,878800,,
2025-12-30,224.72657678867998,225.31449739359374,223.39127963865357,224.2681884765625,719900,,
2025-12-31,223.6802645939366,224.2183580606105,217.10347881620388,217.25296020507812,725900,,
2026-01-02,217.05366479707496,219.68437604176017,214.3432331867805,219.10641479492188,675500,,
2026-01-05,218.22949706723426,223.2916260384292,216.25646751556246,222.08587646484375,909700,,
2026-01-06,221.61753578586803,225.51378308933567,219.81390624574902,220.95986938476562,781600,,
2026-01-07,219.71428115217472,220.5712561224061,206.7101904082995,207.65684509277344,1243300,,
2026-01-08,208.15507182768292,213.69550791630581,206.55073560445751,210.39715576171875,999100,,
2026-01-09,211.55306804332994,214.33324529729725,205.35495065021712,206.30160522460938,740500,,
2026-01-12,205.17559565883474,205.2553160271058,201.94700437193598,205.2353973388672,735500,,
2026-01-13,204.7769956040533,204.7769956040533,198.15039817871332,201.0999755859375,893200,,
2026-01-14,201.46868159611972,201.8872173296431,196.75532697299076,198.51910400390625,790800,,
2026-01-15,199.28639818524977,203.641018731631,196.92472600905603,203.47161865234375,573500,,
2026-01-16,204.34853133814252,204.34853133814252,197.09412979880912,199.17678833007812,563900,,
2026-01-20,197.31335235763825,199.56541091825335,195.42004305217569,199.16680908203125,698300,,
2026-01-21,200.43233722745097,203.90008943650312,199.3262418842484,202.96339416503906,567100,,
2026-01-22,202.7242643546588,205.39482833988146,202.70433046078384,204.9862823486328,723200,,
2026-01-23,203.4516773341385,206.78989728296702,202.96339580217378,204.36843872070312,540300,,
2026-01-26,204.96633202487183,207.94580270334882,203.5812230111549,205.37489318847656,691200,,
2026-01-27,207.5372601557714,212.67909447512784,201.61815607588036,201.92706298828125,559600,,
2026-01-28,200.86082963006555,203.3221255146595,197.12402314227688,202.30572509765625,949600,,
2026-01-29,203.60116440762943,203.60116440762943,198.8778353007771,199.4259033203125,441400,,
2026-01-30,198.0108941163015,201.4188598574738,196.59587665878755,200.55191040039062,519500,,
2026-02-02,202.40537234794337,203.64101521713783,199.92414247079296,201.14981079101562,519600,,
2026-02-03,203.10291455121126,207.77640111665008,202.4053651725415,206.2517852783203,615100,,
2026-02-04,206.71017516990094,210.39715457743,205.21545255562393,205.73362731933594,701300,,
2026-02-05,205.9528397433099,217.2529542866753,205.9528397433099,215.70840454101562,797400,,
2026-02-06,217.24297814586325,219.57475696778607,216.0173098660134,217.79104614257812,739200,,
2026-02-09,217.17323516926064,219.6445056534408,211.24417179392003,212.19082641601562,398700,,
2026-02-10,212.67907908459753,214.29338975645132,210.2974884616932,212.0313720703125,429500,,
2026-02-11,211.06479597465437,231.18376483892783,210.25764819402488,230.50616455078125,1074400,,
2026-02-12,231.36313124111683,243.00204628078106,230.04778320465746,233.2265625,1302500,,
2026-02-13,232.4493114521231,236.06653001099556,228.14450282010594,233.98388671875,630200,,
2026-02-17,236.1362829754836,240.08234221504918,233.9539854966594,234.29278564453125,587500,,
2026-02-18,233.33617466128655,236.72420659359796,231.82151811508731,234.46218872070312,686900,,
2026-02-19,232.51905667871927,234.252940463051,228.71250415658884,229.19081115722656,577800,,
2026-02-20,228.8021835696141,230.93465398417638,227.2177811785596,229.67909240722656,783300,,
2026-02-23,229.10112363709686,232.8279556645816,228.98153548718432,231.7816619873047,600400,,
2026-02-24,231.4029925070619,231.67204683618394,226.64977031639503,229.17086791992188,525300,,
2026-02-25,230.6556454203005,233.22657031073612,227.54662704354377,229.91824340820312,945000,,
2026-02-26,218.65797956000839,218.65797956000839,202.12635124468065,203.61111450195312,1807400,,
2026-02-27,203.28227544741716,208.46397746682058,202.7840345762225,205.37489318847656,1664300,,
2026-03-02,202.7117028954961,208.32734970501,201.28535709748542,205.89356994628906,698200,0.2,
2026-03-03,202.77154137793653,206.2326930299755,199.54978313135427,204.32757568359375,851200,,
2026-03-04,203.9784694644709,206.64165841300098,201.59456522231193,201.79405212402344,646900,,
2026-03-05,199.52983436657945,200.18815483149595,191.9791479355366,196.45770263671875,1119500,,
2026-03-06,194.42289119892652,194.81189596813212,188.53794413250867,192.15867614746094,736900,,
2026-03-09,188.00929203045365,190.5627607267467,180.96728464099442,190.04408264160156,1157500,,
2026-03-10,190.54281440816928,191.39065273860402,185.62539470729646,186.05429077148438,826000,,
2026-03-11,184.47832647752873,187.09165514738092,182.59314707661494,185.76504516601562,700200,,
2026-03-12,184.66783425889477,193.80447703550624,182.7128261775726,190.0041961669922,1157500,,
2026-03-13,191.5303017080373,194.79195137179772,190.4630231897709,191.9292755126953,856400,,
2026-03-16,194.57251861180785,195.92903558106633,192.926717489032,192.97659301757812,743300,,
2026-03-17,193.87429670406527,198.4825247480487,187.7699093038306,192.9666290283203,963900,,
2026-03-18,193.1960306274786,195.2008990017315,186.55301211714922,189.0965118408203,874000,,
2026-03-19,188.6875623690077,188.6875623690077,185.38600621938699,186.74253845214844,778400,,
2026-03-20,184.63790391067786,186.9120878777257,183.69032979438688,185.34609985351562,1124600,,
2026-03-23,187.14151844178284,190.9118773037147,186.70263811374835,187.61032104492188,847300,,
2026-03-24,186.9021298176185,188.44816467805273,181.34632767828515,185.4458465576172,694100,,
2026-03-25,185.83484691124679,188.07910868479334,182.00464380383045,186.24380493164062,651800,,
2026-03-26,184.66782596548853,187.9195063166903,184.38854128353861,184.61795043945312,393500,,
2026-03-27,184.92716511203835,185.2363872984156,183.1018455859162,183.5706329345703,581100,,
2026-03-30,185.72512408326875,185.72512408326875,181.34632067440205,181.63558959960938,601800,,
2026-03-31,182.93227534356086,183.36118664402215,176.3590852415127,178.51358032226562,698200,,
2026-04-01,177.11715452772694,179.9897993789773,175.76062229634832,177.4862060546875,743500,,
2026-04-02,174.6933400324075,177.63581360651838,173.34677684804552,176.24935913085938,547000,,
2026-04-06,175.55114504870267,181.05707158679496,175.30178262675847,180.8675537109375,658300,,
2026-04-07,181.00720619201778,182.92230787338002,179.54095385130873,180.14939880371094,514100,,
2026-04-08,183.00210374005354,187.1514982823066,181.82510514072092,186.28370666503906,561900,,
2026-04-09,184.84737967520962,188.96683645221552,184.84737967520962,187.40084838867188,331400,,
2026-04-10,188.60777495011624,188.60777495011624,180.3090007079335,180.3189697265625,464100,,
2026-04-13,179.05219613509496,182.75274134216735,176.96752984538944,182.7327880859375,730900,,
2026-04-14,181.8151374134798,183.5407212023413,180.18928946670627,181.48597717285156,499100,,
2026-04-15,181.23660178852577,181.72535760542357,178.24425278193522,179.6905517578125,500300,,
2026-04-16,179.00233443860378,182.49340847792456,178.08466729763524,178.27418518066406,497500,,
2026-04-17,177.94501087732075,183.02204114595634,177.77544626377232,181.94479370117188,535200,,
2026-04-20,181.51588851258526,182.82254515826116,178.8826219660678,179.26165771484375,686000,,
2026-04-21,180.58827456461435,180.58827456461435,177.2567961578486,178.0946502685547,535600,,
2026-04-22,179.1020642019576,181.3064347173038,176.5984709550085,180.2591094970703,450700,,
2026-04-23,181.02714821141294,182.63304280774955,179.61077148977972,180.71792602539062,518700,,
2026-04-24,177.50615909279048,177.50615909279048,169.8656905751424,173.90536499023438,753300,,
2026-04-27,175.87033339108248,179.81025654968192,175.15216840998534,179.05218505859375,1255500,,
2026-04-28,183.54070274873524,183.909769464992,161.07814781773348,162.12545776367188,1619300,,
2026-04-29,159.60191973179477,169.53652536048787,158.59450102206725,167.5416259765625,1575600,,
2026-04-30,169.03780269065658,171.05265535592477,165.2873972797499,167.8408660888672,1142100,,
2026-05-01,167.8209241535849,170.02529484664177,165.68638225011443,166.57411193847656,1069900,,
2026-05-04,166.52422979004882,167.4119594431423,162.67407321396223,165.646484375,1184500,,
2026-05-05,165.33724715270992,168.02038912444687,164.57919090406392,164.97816467285156,1097600,,
2026-05-06,166.5740972260774,171.28206095209302,163.79121930449423,168.060302734375,1108100,,
2026-05-07,167.92065998557914,172.42912158810887,167.79098665661115,170.12501525878906,1254600,,
2026-05-08,173.40662884744347,174.55368986431654,168.37947405622177,169.52655029296875,1109800,,
2026-05-11,169.44676554718163,170.63373316487528,166.78357658590997,167.80096435546875,959800,,
2026-05-12,167.7111822491169,171.93038997452126,165.6265161494598,169.1973876953125,880900,,
2026-05-13,171.64114628289195,172.6385959833598,166.494302175708,170.57386779785156,934000,,
2026-05-14,171.53142888577037,172.349329738592,168.18996624907123,170.2347412109375,813600,,
2026-05-15,171.61123782511098,172.30944962767342,167.0429160028084,168.20993041992188,1097600,,
2026-05-18,168.04035505345763,171.73091596266548,167.8907436838461,168.83831787109375,624900,,
2026-05-19,168.17999241424297,169.11759755565097,160.9085908892825,166.02549743652344,809700,,
2026-05-20,164.85848311819402,166.84341347530264,162.5144702648214,163.90093994140625,651600,,
2026-05-21,159.5919567723053,163.212704161937,156.60957660096787,162.03570556640625,969100,,
2026-05-22,162.09554737393398,163.01319928347198,157.0185319877388,157.39756774902344,1235900,,
2026-05-26,156.01110490125683,158.5645735944967,154.07605012657143,156.2305450439453,1063200,,
2026-05-27,155.75175658955914,159.1131722559046,153.84663932724254,153.89649963378906,856600,,
2026-05-28,152.9489415229235,153.48757291285216,148.76962462128878,149.73715209960938,1199400,,
2026-05-29,150.39546940446334,151.6821880821394,145.2386561153422,145.7373809814453,4855900,,
2026-06-01,144.6700974076574,145.6875003605246,142.32609975079734,144.3209991455078,1439800,,
2026-06-02,144.530444631301,146.2959347298088,141.97697602547814,142.1864471435547,1094700,,
2026-06-03,141.63786600633745,146.575239277372,140.40102282402833,145.6077117919922,1406000,,
2026-06-04,147.0240752147096,148.51028070160487,141.63785308668665,142.35601806640625,1080800,,
2026-06-05,144.2312357432918,148.20108137127218,143.63275982274703,144.79977416992188,1330900,,
2026-06-08,144.99954242382793,145.25923165024818,139.91552265912298,142.70223999023438,1379200,0.2,
2026-06-09,143.10176839855694,146.57767771508918,141.57356623176813,146.41786193847656,1062500,,
2026-06-10,146.437854900745,146.66758057318853,143.04185319005651,144.64996337890625,676100,,
2026-06-11,144.64995806854392,147.3268038672593,144.34030927164295,145.87850952148438,906000,,
2026-06-12,146.12822316907977,147.62646192630027,145.06947021918361,146.24807739257812,677200,,
2026-06-15,147.21693001132687,147.82621434223717,143.3314983656151,145.79859924316406,1009300,,
2026-06-16,146.48780009953032,148.0060043899191,145.37910281697634,146.72750854492188,668700,,
2026-06-17,145.50893981601274,147.07710368707276,140.8444250118538,141.09413146972656,857500,,
2026-06-18,142.24279147114186,142.24279147114186,140.09530677154012,141.00424194335938,2193000,,
2026-06-22,141.0042285976387,142.7321928691047,140.66463150213605,142.47250366210938,669400,,
2026-06-23,142.8920090830228,147.43666928500045,142.8920090830228,145.67874145507812,823400,,
2026-06-24,146.21810279250522,146.8273871173891,144.18050494257395,145.2392578125,812100,,
2026-06-25,145.43901827364175,146.44782679586044,143.92079886404204,144.29037475585938,762000,,
2026-06-26,145.2192853630461,146.48779842191558,144.53009310869285,145.51893615722656,918500,,
2026-06-29,145.99835834742152,147.8461920850522,144.37026749451033,146.8473663330078,1064000,,
2026-06-30,145.11939449559065,149.4343292886049,144.9795594925322,148.51541137695312,936900,,
2026-07-01,148.98485224994823,151.4619358378844,147.5165771809169,150.40318298339844,883000,,
2026-07-02,152.32093257577472,161.2804011078622,151.51188612653473,158.1440887451172,1311100,,
2026-07-06,159.81213298171986,160.6911045901986,156.63587415432707,157.8644256591797,791900,,
2026-07-07,160.61119684549456,161.9396370310562,159.71224445210535,161.07064819335938,639300,,
2026-07-08,157.91435981544336,157.91435981544336,151.8514800958091,156.24630737304688,1207600,,
2026-07-09,155.1176499068941,156.84561427477237,153.3497239720968,155.01776123046875,647200,,
2026-07-10,155.61705475640923,156.12645040173146,152.93021105281747,155.3873291015625,468600,,
2026-07-13,155.79684423586707,157.62469728134477,152.4607697169803,152.5906219482422,607000,,
2026-07-14,144.8297385481584,147.8062351143247,142.21281987353964,144.06063842773438,1652500,,
2026-07-15,143.76098251608252,148.72514770022093,143.43138343138804,147.84619140625,795300,,
2026-07-16,148.69519591255371,154.95783811209313,148.69519591255371,153.35971069335938,955400,,
2026-07-17,152.86029559084946,155.53715669275962,150.82269763997536,150.98251342773438,524600,,
2026-07-20,150.8226974083052,151.22222163621666,148.86499211344534,150.46311950683594,687200,,
2026-07-21,150.3232818314862,150.56300550849622,148.4055381380224,149.73397827148438,544000,,
2026-07-22,149.14467679127586,151.7216339609262,148.37557665257353,149.16464233398438,549800,,
2026-07-23,148.0559378691959,151.22221369375654,146.89731157275682,151.09237670898438,885800,,
2026-07-24,158.7933265846417,162.5988505679567,155.01776615703213,155.56712341308594,1602700,,
2026-07-27,156.81565484160782,162.2193062235771,156.81565484160782,159.12294006347656,1656100,,
2026-07-28,149.36440374497394,166.79392618489126,149.36440374497394,166.0248260498047,2106600,,
2026-07-29,165.39556523749093,169.8003907977599,163.50778503178603,167.96255493164062,1390800,,
2026-07-30,164.80625009519807,165.50542507773065,160.7710007382446,163.09825134277344,1453700,,
2026-07-31,161.67992528071588,169.11119157527563,160.77100539751808,168.24221801757812,1344900,,
2026-08-03,168.5518541812505,175.82330480458518,168.39203839503224,168.8415069580078,986200,,
2026-08-04,166.9437435139087,167.7827535276548,163.0483289923216,167.67288208007812,733700,,
2026-08-05,168.30214197269135,172.84680226701255,166.3044904359235,171.45843505859375,721400,,
2026-08-06,173.1864104102819,174.79452060952443,168.30215270117066,169.52072143554688,632800,,
2026-08-07,168.28217116783873,173.47606242322232,167.80273903803152,173.3362274169922,413400,,
2026-08-10,172.70696896354286,174.17524407674256,171.06889529695655,172.53717041015625,730400,,
2026-08-11,171.32857901155475,174.77452478747156,168.49191755040195,168.52188110351562,611200,,
2026-08-12,165.99485384960803,172.30742466506103,164.7063600970759,172.24749755859375,551300,,
2026-08-13,172.20756008150437,173.5060366715314,169.41084478933976,171.00897216796875,761200,,
2026-08-14,170.98898257492078,172.1276433202452,169.25102028326927,169.8203582763672,460400,,
2026-08-17,169.00131758468288,171.23869280081516,168.7915727074381,170.3297576904297,609600,,
2026-08-18,171.7480884968043,176.04304236581848,171.19873127387137,172.88674926757812,938900,,
2026-08-19,173.3761873016841,179.08947219939782,172.12765502929688,172.12765502929688,821300,,
2026-08-20,171.2286958867589,175.11414279622755,170.29979522840432,172.66700744628906,555500,,
2026-08-21,172.92670932544735,177.4613715861108,172.14762644912574,177.05184936523438,672700,,
2026-08-24,177.8609082459373,179.25925819666264,175.37382664692794,176.19285583496094,567700,,
2026-08-25,175.3238937152479,176.77218809574686,174.38499501260276,175.55361938476562,391800,,
2026-08-26,175.96313363146524,179.72871104238206,175.79333507989494,178.4801788330078,632800,,
2026-08-27,176.3726528555926,178.33034279172233,172.32740551781538,172.37734985351562,574800,,
2026-08-28,173.7457393622094,174.09533447749246,169.38087563145058,171.45843505859375,556200,,
2026-08-31,170.8891070243551,172.72694288758828,169.31096038933768,170.1300048828125,756600,,
2026-09-01,171.4600067138672,174.36000061035156,168.8000030517578,170.75,522700,0.2,
2026-09-02,170.13999938964844,171.5500030517578,167.24000549316406,167.49000549316406,808900,,
2026-09-03,168.92999267578125,171.41000366210938,166.42999267578125,169.2100067138672,483700,,
2026-09-04,167.1999969482422,170.5,167.1999969482422,169.64999389648438,428900,,
2026-09-08,168.1999969482422,174.2100067138672,168.0,171.88999938964844,807700,,
2026-09-09,171.13999938964844,177.07000732421875,169.80999755859375,175.77999877929688,891500,,
2026-09-10,176.9199981689453,177.8800048828125,171.66000366210938,172.72000122070312,665200,,
2026-09-11,174.11000061035156,177.0,173.35000610351562,174.8300018310547,519000,,
