date,open,high,low,close,volume,div,split
2016-09-12,9.164454460144043,9.164454460144043,9.164454460144043,9.164454460144043,0,,
2016-09-13,9.164454271498215,9.582182689680263,8.90870189666748,8.90870189666748,4200,,
2016-09-14,8.959852881273585,9.991386857680142,8.959852881273585,9.164454460144043,2800,,
2016-09-15,9.045102463678548,9.590707446662748,8.908701421186084,8.95985221862793,3300,,
2016-09-16,8.985427856445312,8.985427856445312,8.985427856445312,8.985427856445312,400,,
2016-09-19,9.207079825721447,9.207079825721447,8.840501393784528,9.087728500366211,5100,,
2016-09-20,9.087728500366211,9.087728500366211,9.087728500366211,9.087728500366211,0,,
2016-09-21,9.053628401668945,9.164454460144043,9.053628401668945,9.164454460144043,500,,
2016-09-22,9.232654571533203,9.232654571533203,9.232654571533203,9.232654571533203,400,,
2016-09-23,9.172979354858398,9.172979354858398,9.172979354858398,9.172979354858398,200,,
2016-09-26,9.172979354858398,9.172979354858398,9.172979354858398,9.172979354858398,0,,
2016-09-27,9.352006313949163,9.352006313949163,9.164454460144043,9.164454460144043,300,,
2016-09-28,9.164454460144043,9.164454460144043,9.164454460144043,9.164454460144043,0,,
2016-09-29,9.164454460144043,9.164454460144043,9.164454460144043,9.164454460144043,0,,
2016-09-30,9.164454460144043,9.164454460144043,9.164454460144043,9.164454460144043,0,,
2016-10-03,9.164454460144043,9.164454460144043,9.164454460144043,9.164454460144043,0,,
2016-10-04,9.002477645874023,9.002477645874023,9.002477645874023,9.002477645874023,500,,
2016-10-05,9.002477645874023,9.002477645874023,9.002477645874023,9.002477645874023,0,,
2016-10-06,9.147403717041016,9.147403717041016,9.147403717041016,9.147403717041016,200,,
2016-10-07,9.147403717041016,9.147403717041016,9.147403717041016,9.147403717041016,0,,
2016-10-10,9.002477645874023,9.002477645874023,9.002477645874023,9.002477645874023,300,,
2016-10-11,9.01100216692755,9.019527435302734,9.002477711566707,9.019527435302734,500,,
2016-10-12,9.019527435302734,9.019527435302734,9.019527435302734,9.019527435302734,0,,
2016-10-13,9.019527435302734,9.019527435302734,9.019527435302734,9.019527435302734,0,,
2016-10-14,9.019527435302734,9.019527435302734,9.019527435302734,9.019527435302734,0,,
2016-10-17,9.002477917140675,9.036578178405762,8.925752126040642,9.036578178405762,5200,,
2016-10-18,9.036577836348433,9.360529899597168,9.036577836348433,9.360529899597168,600,,
2016-10-19,9.360529899597168,9.360529899597168,9.360529899597168,9.360529899597168,0,,
2016-10-20,9.079203025275406,9.172979354858398,9.079203025275406,9.172979354858398,400,,
2016-10-21,9.172979354858398,9.172979354858398,9.172979354858398,9.172979354858398,0,,
2016-10-24,9.275279998779297,9.275279998779297,9.275279998779297,9.275279998779297,1300,,
2016-10-25,9.198554039001465,9.198554039001465,9.198554039001465,9.198554039001465,100,,
2016-10-26,9.207079887390137,9.207079887390137,9.207079887390137,9.207079887390137,300,,
2016-10-27,9.207079887390137,9.207079887390137,9.207079887390137,9.207079887390137,0,,
2016-10-28,9.053627967834473,9.053627967834473,9.053627967834473,9.053627967834473,200,,
2016-10-31,9.036578573608066,9.207079887390137,9.036578573608066,9.207079887390137,700,,
2016-11-01,9.207079887390137,9.207079887390137,9.207079887390137,9.207079887390137,0,,
2016-11-02,9.207079887390137,9.207079887390137,9.207079887390137,9.207079887390137,0,,
2016-11-03,9.207079887390137,9.207079887390137,9.207079887390137,9.207079887390137,0,,
2016-11-04,9.19002914428711,9.19002914428711,9.19002914428711,9.19002914428711,500,,
2016-11-07,9.147403106301725,9.147403106301725,9.036577870724392,9.062152862548828,1200,,
2016-11-08,9.300854857603118,9.369055379089453,9.13887882232666,9.13887882232666,5800,,
2016-11-09,9.377580642700195,9.377580642700195,9.377580642700195,9.377580642700195,100,,
2016-11-10,9.36905574798584,9.36905574798584,9.36905574798584,9.36905574798584,500,,
2016-11-11,9.36905574798584,9.36905574798584,9.36905574798584,9.36905574798584,0,,
2016-11-14,9.36905574798584,9.36905574798584,9.36905574798584,9.36905574798584,0,,
2016-11-15,9.36905574798584,9.36905574798584,9.36905574798584,9.36905574798584,0,,
2016-11-16,9.224129676818848,9.224129676818848,9.224129676818848,9.224129676818848,100,,
2016-11-17,9.224129676818848,9.224129676818848,9.224129676818848,9.224129676818848,0,,
2016-11-18,9.224129676818848,9.224129676818848,9.224129676818848,9.224129676818848,0,,
2016-11-21,9.352006047441641,9.590707882654801,9.352006047441641,9.54808235168457,5800,,
2016-11-22,9.377581222127114,9.386106491088867,9.377581222127114,9.386106491088867,300,,
2016-11-23,9.386106491088867,9.386106491088867,9.386106491088867,9.386106491088867,0,,
2016-11-25,9.47135639724479,10.230088233947754,9.47135639724479,10.230088233947754,3900,,
2016-11-28,9.880560729921335,10.187463096074982,9.565133094787598,9.565133094787598,400,,
2016-11-29,9.565133094787598,9.565133094787598,9.565133094787598,9.565133094787598,0,,
2016-11-30,9.224129676818848,9.224129676818848,9.224129676818848,9.224129676818848,1000,,
2016-12-01,9.232654945821217,9.445781792794032,9.224129676818848,9.224129676818848,1100,,
2016-12-02,10.144837379455566,10.230088441675282,10.144837379455566,10.144837379455566,900,,
2016-12-05,9.769734652324626,9.803834915161133,9.769734652324626,9.803834915161133,400,,
2016-12-06,9.369056017450985,9.633333665977876,9.369056017450985,9.403156280517578,2600,,
2016-12-07,9.70153400110371,9.70153400110371,9.377581101841987,9.667433738708496,2100,,
2016-12-08,9.505456550598172,9.812359714451075,9.377580774335701,9.513981819152832,1900,,
2016-12-09,9.513981819152832,9.513981819152832,9.513981819152832,9.513981819152832,0,,
2016-12-12,9.513981819152832,9.513981819152832,9.513981819152832,9.513981819152832,0,,
2016-12-13,9.505456277341112,9.718583106994629,9.505456277341112,9.718583106994629,1100,,
2016-12-14,9.718583106994629,9.718583106994629,9.718583106994629,9.718583106994629,0,,
2016-12-15,9.505456924438477,9.505456924438477,9.505456924438477,9.505456924438477,200,,
2016-12-16,9.411681006177963,9.437255998747798,9.334955215454102,9.334955215454102,5100,,
2016-12-19,9.334955215454102,9.334955215454102,9.334955215454102,9.334955215454102,0,,
2016-12-20,9.34348077864472,9.565132889278415,9.34348077864472,9.54808235168457,900,,
2016-12-21,9.343480880601364,9.658908512400028,9.343480880601364,9.505456924438477,1500,,
2016-12-22,9.548082109044339,9.693008422851562,9.548082109044339,9.693008422851562,2300,,
2016-12-23,10.025486739839776,10.025486739839776,9.352005958557129,9.352005958557129,400,,
2016-12-27,9.352005958557129,9.352005958557129,9.352005958557129,9.352005958557129,0,,
2016-12-28,9.47135656728043,10.102212637590313,9.403156042870883,9.965810775756836,18700,,
2016-12-29,9.931710396975783,9.931710396975783,9.420206469908104,9.590707778930664,1400,,
2016-12-30,9.394631476808314,10.18746276701681,9.360530401989429,9.590707778930664,63700,,
2017-01-03,9.46283203837328,9.693008603223394,9.343480715071578,9.53103256225586,1700,,
2017-01-04,10.230088519796483,10.230088519796483,9.360530605366876,9.505456924438477,5600,,
2017-01-05,9.505456924438477,9.505456924438477,9.505456924438477,9.505456924438477,0,,
2017-01-06,9.505456924438477,9.505456924438477,9.505456924438477,9.505456924438477,0,,
2017-01-09,9.445781668237602,9.880560625452407,9.42020667458214,9.505456924438477,31300,,
2017-01-10,9.505456924438477,9.505456924438477,9.505456924438477,9.505456924438477,0,,
2017-01-11,9.505456515025163,9.675958633422852,9.505456515025163,9.675958633422852,600,,
2017-01-12,9.496932274669858,9.496932274669858,9.352005958557129,9.352005958557129,600,,
2017-01-13,9.352005958557129,9.352005958557129,9.352005958557129,9.352005958557129,0,,
2017-01-17,9.411680700698582,9.462831497192383,9.411680700698582,9.462831497192383,1300,,
2017-01-18,9.462831871066212,9.462831871066212,9.437256065301655,9.454306602478027,1500,,
2017-01-19,9.454306602478027,9.454306602478027,9.454306602478027,9.454306602478027,0,,
2017-01-20,9.454306602478027,9.454306602478027,9.454306602478027,9.454306602478027,0,,
2017-01-23,9.454306602478027,9.454306602478027,9.454306602478027,9.454306602478027,0,,
2017-01-24,9.77825927734375,9.77825927734375,9.77825927734375,9.77825927734375,300,,
2017-01-25,9.590707882654801,9.658908407001418,9.54808235168457,9.54808235168457,1700,,
2017-01-26,9.394631632967997,9.394631632967997,9.24970531463623,9.24970531463623,6400,,
2017-01-27,9.29233003283961,9.29233003283961,9.24970531463623,9.24970531463623,500,,
2017-01-30,9.2497047703019,9.2497047703019,9.164453712883297,9.181504249572754,2200,,
2017-01-31,9.181504249572754,9.181504249572754,9.181504249572754,9.181504249572754,0,,
2017-02-01,9.309380531311035,9.309380531311035,9.309380531311035,9.309380531311035,1400,,
2017-02-02,9.539556782041494,9.539556782041494,9.334955215454102,9.334955215454102,400,,
2017-02-03,9.164454460144043,9.181504998223783,9.164454460144043,9.164454460144043,800,,
2017-02-06,9.164454460144043,9.164454460144043,9.164454460144043,9.164454460144043,0,,
2017-02-07,9.21560460750714,9.377580642700195,9.198554070637163,9.377580642700195,5300,,
2017-02-08,9.19002914428711,9.19002914428711,9.19002914428711,9.19002914428711,900,,
2017-02-09,9.164454247753044,9.207079778950122,8.09882003289804,8.72967529296875,7700,,
2017-02-10,8.7808256149292,8.7808256149292,8.7808256149292,8.7808256149292,100,,
2017-02-13,8.900176048278809,8.900176048278809,8.900176048278809,8.900176048278809,200,,
2017-02-14,8.951327323913574,8.951327323913574,8.951327323913574,8.951327323913574,500,,
2017-02-15,8.951327323913574,8.951327323913574,8.951327323913574,8.951327323913574,0,,
2017-02-16,8.695574760437012,8.695574760437012,8.695574760437012,8.695574760437012,400,,
2017-02-17,8.695574760437012,8.695574760437012,8.695574760437012,8.695574760437012,100,,
2017-02-21,8.738200187683105,8.738200187683105,8.738200187683105,8.738200187683105,200,,
2017-02-22,8.77230044857788,8.77230044857788,8.738200187683105,8.738200187683105,500,,
2017-02-23,8.746725456160387,8.780825717055162,8.738200187683105,8.738200187683105,600,,
2017-02-24,8.738200187683105,8.738200187683105,8.738200187683105,8.738200187683105,0,,
2017-02-27,8.61032485961914,8.61032485961914,8.61032485961914,8.61032485961914,200,,
2017-02-28,8.559174059114115,8.61032485961914,8.09882010662645,8.61032485961914,1200,,
2017-03-01,8.525073641822452,8.951327323913574,8.525073641822452,8.951327323913574,700,,
2017-03-02,8.951327486271339,8.951327486271339,8.601799590699237,8.61032485961914,500,,
2017-03-03,8.593274051376316,8.593274051376316,8.576224327087402,8.576224327087402,300,,
2017-03-06,8.61032485961914,8.61032485961914,8.61032485961914,8.61032485961914,100,,
2017-03-07,8.610324703446427,8.951327323913574,8.610324703446427,8.951327323913574,200,,
2017-03-08,8.525074005126953,8.567699537755471,8.525074005126953,8.525074005126953,1900,,
2017-03-09,8.58474926299823,8.610325070383988,8.525074005126953,8.525074005126953,1000,,
2017-03-10,8.354572296142578,8.354572296142578,8.354572296142578,8.354572296142578,300,,
2017-03-13,8.32047176361084,8.32047176361084,8.32047176361084,8.32047176361084,100,,
2017-03-14,8.311946868896484,8.311946868896484,8.311946868896484,8.311946868896484,500,,
2017-03-15,8.311946868896484,8.311946868896484,8.311946868896484,8.311946868896484,0,,
2017-03-16,8.303421154967332,8.43982219696045,8.303421154967332,8.43982219696045,2500,,
2017-03-17,8.43982219696045,8.43982219696045,8.43982219696045,8.43982219696045,0,,
2017-03-20,8.43982219696045,8.43982219696045,8.43982219696045,8.43982219696045,100,,
2017-03-21,8.43982219696045,8.43982219696045,8.43982219696045,8.43982219696045,1000,,
2017-03-22,8.43982219696045,8.43982219696045,8.43982219696045,8.43982219696045,0,,
2017-03-23,8.363097190856934,8.363097190856934,8.363097190856934,8.363097190856934,300,,
2017-03-24,8.363097190856934,8.363097190856934,8.363097190856934,8.363097190856934,0,,
2017-03-27,8.525074012545982,8.525074012545982,8.107345581054688,8.107345581054688,500,,
2017-03-28,8.34604648225613,8.34604648225613,8.286371231079102,8.286371231079102,600,,
2017-03-29,8.107344863434617,8.269320897609372,8.107344863434617,8.201120376586914,900,,
2017-03-30,8.201120376586914,8.201120376586914,8.201120376586914,8.201120376586914,0,,
2017-03-31,8.576224120877686,8.951326989372705,8.559173583984375,8.559173583984375,3600,,
2017-04-03,8.311946560497423,8.635899447083661,8.269321030917643,8.33752155303955,10600,,
2017-04-04,8.610324627620033,8.610324627620033,8.328997264958536,8.414247512817383,500,,
2017-04-05,8.337522132317073,8.346047401428223,8.337522132317073,8.346047401428223,200,,
2017-04-06,8.311946868896484,8.311946868896484,8.311946868896484,8.311946868896484,500,,
2017-04-07,8.311946868896484,8.311946868896484,8.311946868896484,8.311946868896484,0,,
2017-04-10,8.294896228053235,8.354572296142578,8.294896228053235,8.354572296142578,1300,,
2017-04-11,8.354572296142578,8.354572296142578,8.354572296142578,8.354572296142578,0,,
2017-04-12,8.354572296142578,8.354572296142578,8.354572296142578,8.354572296142578,0,,
2017-04-13,8.644424915799325,8.644424915799325,8.593274116516113,8.593274116516113,1200,,
2017-04-17,8.593274116516113,8.593274116516113,8.593274116516113,8.593274116516113,0,,
2017-04-18,8.320471913194353,8.320471913194353,7.928318500518798,7.928318500518799,4600,,
2017-04-19,8.039144515991211,8.039144515991211,8.039144515991211,8.039144515991211,400,,
2017-04-20,7.97946834564209,7.97946834564209,7.97946834564209,7.97946834564209,100,,
2017-04-21,8.01356868751424,8.073244754288513,7.510590038796853,7.5191144943237305,1300,,
2017-04-24,7.664041121386706,7.664041121386706,7.5446906089782715,7.5446906089782715,500,,
2017-04-25,8.098819703134968,8.098819703134968,7.37418814133294,7.970943927764893,1700,,
2017-04-26,7.970943927764893,7.970943927764893,7.970943927764893,7.970943927764893,0,,
2017-04-27,7.629940716010545,7.629940716010545,7.5958404541015625,7.5958404541015625,1300,,
2017-04-28,7.629940755750761,7.629940755750761,7.416813914455966,7.48501443862915,1900,,
2017-05-01,7.476489645607721,7.476489645607721,7.433864116668702,7.433864116668701,1100,,
2017-05-02,7.425339221954345,7.425339221954345,7.425339221954345,7.425339221954346,300,,
2017-05-03,7.425339221954345,7.425339221954345,7.425339221954345,7.425339221954346,0,,
2017-05-04,7.425339221954345,7.425339221954345,7.425339221954345,7.425339221954346,0,,
2017-05-05,7.561740099755929,7.561740099755929,7.254837746326743,7.348613262176514,400,,
2017-05-08,7.348613262176515,7.348613262176515,7.348613262176515,7.348613262176514,0,,
2017-05-09,7.288937840486996,7.323038101196289,7.288937840486996,7.323038101196289,1100,,
2017-05-10,7.331563366386526,7.629940444207369,7.331563366386526,7.612890720367432,2900,,
2017-05-11,7.629940509796143,7.629940509796143,7.629940509796143,7.629940509796143,600,,
2017-05-12,7.629940509796143,7.629940509796143,7.629940509796143,7.629940509796143,0,,
2017-05-15,7.459439444486878,7.536165237426758,7.459439444486878,7.536165237426758,2800,,
2017-05-16,7.536165237426758,7.536165237426758,7.536165237426758,7.536165237426758,0,,
2017-05-17,7.672566076008494,7.706666337159069,7.459439240563814,7.5191144943237305,5000,,
2017-05-18,7.246312412251836,7.246312412251836,7.203686882518071,7.229261875152588,1700,,
2017-05-19,7.016135189784198,7.220737574285994,6.888259410858154,6.888259410858154,17900,,
2017-05-22,6.939410144713065,7.1184367213277255,6.820058822631836,6.820058822631836,4600,,
2017-05-23,6.820058822631836,6.820058822631836,6.820058822631836,6.820058822631836,600,,
2017-05-24,6.811533664863603,6.820058933654122,6.6069320919774315,6.658082485198975,4000,,
2017-05-25,6.751858473532745,6.751858473532745,6.649557686117325,6.726283073425293,4400,,
2017-05-26,6.777433292387514,6.820058822631836,6.666607645465206,6.820058822631836,1200,,
2017-05-30,6.803008630648156,6.811533492716036,6.63250732421875,6.63250732421875,900,,
2017-05-31,6.63250732421875,6.63250732421875,6.63250732421875,6.63250732421875,0,,
2017-06-01,6.487580844877141,6.547256097350379,6.43643045425415,6.43643045425415,4100,,
2017-06-02,6.734808034538887,6.803008556365967,6.734808034538887,6.803008556365967,800,,
2017-06-05,6.794483186840781,6.794483186840781,6.385279655456543,6.385279655456543,5400,,
2017-06-06,6.768908402637373,6.768908402637373,6.6410322189331055,6.6410322189331055,300,,
2017-06-07,6.65808245341419,6.743333108376453,6.308554564815315,6.598406791687012,22400,,
2017-06-08,6.615457432120996,6.6239822944962725,6.606932163238525,6.606932163238525,4900,,
2017-06-09,6.462005647904256,6.5557815702254745,6.462005647904256,6.521681308746338,3700,,
2017-06-12,6.666607770127413,6.956459999084473,6.658082501316258,6.956459999084473,3500,,
2017-06-13,6.751858325862077,6.947934627532959,6.751858325862077,6.947934627532959,2900,,
2017-06-14,6.947934809485869,6.947934809485869,6.828584296826511,6.837109565734863,2000,,
2017-06-15,6.820058713366255,7.195161584875084,6.820058713366255,7.101386070251465,3700,,
2017-06-16,6.982034719871888,7.1269610319449885,6.922359466552734,6.922359466552734,3500,,
2017-06-19,7.092860703781106,7.092860703781106,6.905309677124023,6.905309677124023,4300,,
2017-06-20,6.973510227808364,6.99055995166106,6.973510227808364,6.982034683227539,800,,
2017-06-21,7.655515764098442,7.655515764098442,7.033185776542215,7.246312618255615,5400,,
2017-06-22,7.246312618255615,7.246312618255615,7.246312618255615,7.246312618255615,0,,
2017-06-23,7.553214662625843,7.894218082954135,7.058760475513448,7.084336280822754,6600,,
2017-06-26,7.416813970372139,7.416813970372139,7.135486602783203,7.135486602783203,5700,,
2017-06-27,7.033185879389444,7.6725664138793945,7.033185879389444,7.6725664138793945,700,,
2017-06-28,7.246312413268314,7.442388711851036,7.067285838772876,7.331563472747803,8700,,
2017-06-29,7.331563374378951,7.808967024618475,7.067285743949883,7.084336280822754,8100,,
2017-06-30,7.416813838611202,7.681091476840556,7.15253701339622,7.655515670776367,13400,,
2017-07-03,7.254837645352535,7.40828841342419,7.169586586301564,7.391238689422607,4600,,
2017-07-05,7.587315350741644,7.808967464488281,7.024660610472791,7.6725664138793945,12300,,
2017-07-06,7.5020648988511525,7.82601779184178,7.229261991955989,7.757817268371582,10400,,
2017-07-07,7.476489786054318,7.578790569621088,7.254837681819135,7.331563472747803,10400,,
2017-07-10,7.246312311346792,7.570265194592253,7.041710747091032,7.323038101196289,11600,,
2017-07-11,7.399763922334575,7.826017589510266,7.237787073519778,7.5020647048950195,10800,,
2017-07-12,8.00504416224463,8.00504416224463,7.416813646254141,7.5020647048950195,2500,,
2017-07-13,7.5020647048950195,7.5020647048950195,7.485014167961104,7.5020647048950195,400,,
2017-07-14,7.340088243259439,7.6725664138793945,7.22073773048386,7.6725664138793945,6800,,
2017-07-17,7.510589973361977,7.791917328656784,7.263362878920651,7.5020647048950195,13300,,
2017-07-18,7.2718875729581365,7.331563641170415,7.263363117225847,7.30598783493042,2400,,
2017-07-19,7.442388673666904,7.54469026972316,7.3315634351322725,7.340087890625,1600,,
2017-07-20,7.544690198978991,7.612890720367432,7.3571383586536045,7.612890720367432,1800,,
2017-07-21,7.59584040051754,7.681091461195788,7.288938045501709,7.288938045501709,3200,,
2017-07-24,7.39123858626007,7.646990946828992,7.3315633335659145,7.382713317871094,5300,,
2017-07-25,7.502064740983129,7.502064740983129,7.340087891389154,7.391238689422607,1600,,
2017-07-26,7.442388602652595,7.67256597206132,7.365663625864031,7.561739921569824,900,,
2017-07-27,7.715191777290187,7.911268080013241,7.587315185370723,7.5958404541015625,2300,,
2017-07-28,7.843067727140502,7.962419052930474,7.6725664138793945,7.6725664138793945,2200,,
2017-07-31,7.5873149811078795,7.868642337536786,7.5873149811078795,7.68109130859375,2100,,
2017-08-01,7.826017896500247,7.911268145470873,7.595840516949354,7.715191841125488,4800,,
2017-08-02,7.868642265843976,7.902743339538574,7.774866752226865,7.902743339538574,2300,,
2017-08-03,7.77486720013696,7.78339246905175,7.587315349083532,7.723717212677002,2100,,
2017-08-04,7.834542352287242,7.834542352287242,7.681091578934362,7.715191841125488,2700,,
2017-08-07,7.80896715081077,7.817492419384973,7.604365583116057,7.749291896820068,1700,,
2017-08-08,7.749291896820068,7.749291896820068,7.749291896820068,7.749291896820068,0,,
2017-08-09,7.587315224043759,7.612891030366638,7.459439444486878,7.536165237426758,3200,,
2017-08-10,7.570265293121338,7.570265293121338,7.570265293121338,7.570265293121338,600,,
2017-08-11,7.5191146353786715,7.553214897168951,7.459439380499276,7.4679646492004395,3200,,
2017-08-14,7.459439277648926,7.459439277648926,7.2889379710483935,7.459439277648926,8100,,
2017-08-15,7.357138595520259,7.442388843493311,7.357138595520259,7.416813850402832,2400,,
2017-08-16,7.587314949492844,7.868642304749508,7.365663660482442,7.450913906097412,3800,,
2017-08-17,7.459439342507559,7.5787906646728525,7.459439342507559,7.578790664672852,1000,,
2017-08-18,7.459439523750077,7.493539786195216,7.331563742834402,7.365664005279541,4100,,
2017-08-21,7.48501430819787,7.48501430819787,7.305987732109323,7.399764060974121,6400,,
2017-08-22,7.3315634351322725,7.365663696146241,7.3315634351322725,7.340087890625,1600,,
2017-08-23,7.459439380896544,7.459439380896544,7.331563602429781,7.416813850402832,1100,,
2017-08-24,7.416813823504713,7.587315131846841,7.288938045501709,7.288938045501709,2200,,
2017-08-25,7.323038167387572,7.459439211457643,7.323038167387572,7.391238689422607,4800,,
2017-08-28,7.399763856120355,7.433864116668702,7.399763856120355,7.433864116668701,500,,
2017-08-29,7.382713317871094,7.51911436003736,7.2889378046353706,7.382713317871094,10100,,
2017-08-30,7.382713317871094,7.382713317871094,7.382713317871094,7.382713317871094,0,,
2017-08-31,7.416813954247259,7.6299407966854815,7.29746344281106,7.374188423156738,5200,,
2017-09-01,7.365664005279541,7.365664005279541,7.365664005279541,7.365664005279541,200,,
2017-09-05,7.408288620174621,7.629940729481528,7.297463378535543,7.357138633728027,2300,,
2017-09-06,7.357138633728027,7.357138633728027,7.357138633728027,7.357138633728027,100,,
2017-09-07,7.357138633728027,7.357138633728027,7.357138633728027,7.357138633728027,0,,
2017-09-08,7.348613225408566,7.510590076446533,7.246312441444021,7.510590076446533,2600,,
2017-09-11,7.544690277627739,7.544690277627739,6.990560019302256,7.152536869049072,6400,,
2017-09-12,7.340087890625,7.340087890625,7.340087890625,7.340087890625,400,,
2017-09-13,7.178112093948478,7.553214977637736,7.178112093948478,7.246312618255615,900,,
2017-09-14,7.2974633402490445,7.4679646492004395,7.203687010564998,7.4679646492004395,4500,,
2017-09-15,7.416813835709784,7.450914097434325,6.999085426330566,6.999085426330566,8700,,
2017-09-18,7.254837614080992,7.254837614080992,7.1610612869262695,7.1610612869262695,2000,,
2017-09-19,7.1610612869262695,7.1610612869262695,7.1610612869262695,7.1610612869262695,0,,
2017-09-20,7.050236150465479,7.220737457275391,7.016135076089136,7.220737457275391,3200,,
2017-09-21,7.220737457275391,7.220737457275391,7.220737457275391,7.220737457275391,0,,
2017-09-22,7.0843366766242575,7.314513246167537,7.0843366766242575,7.254837989807129,4000,,
2017-09-25,7.26336323654414,7.280412961303177,7.033185854689222,7.075811386108398,6900,,
2017-09-26,7.101386135756172,7.987993744151471,7.02466034444077,7.169586658477783,3100,,
2017-09-27,7.169586658477783,7.169586658477783,7.169586658477783,7.169586658477783,0,,
2017-09-28,7.169586658477783,7.169586658477783,7.169586658477783,7.169586658477783,0,,
2017-09-29,7.118436919055991,7.843067701280016,7.024660587310791,7.024660587310791,12100,,
2017-10-02,7.425339064305601,7.425339064305601,7.101386173164278,7.1099114418029785,3800,,
2017-10-03,7.195161480352622,7.195161480352622,7.092860698699951,7.092860698699951,400,,
2017-10-04,7.1866372607071485,7.357138569054276,7.084336475698872,7.237787246704102,1900,,
2017-10-05,7.1610615713878785,7.1610615713878785,6.999085529072208,7.00761079788208,2200,,
2017-10-06,6.999085615142801,7.263363260398109,6.922359820939183,7.2036871910095215,7000,,
2017-10-09,7.2036871910095215,7.2036871910095215,7.2036871910095215,7.2036871910095215,0,,
2017-10-10,7.10991129857281,7.5020647048950195,7.10991129857281,7.5020647048950195,3600,,
2017-10-11,7.374188293165589,7.382713561836287,7.178111991825733,7.288938045501709,6000,,
2017-10-12,7.288938045501709,7.288938045501709,7.288938045501709,7.288938045501709,0,,
2017-10-13,7.331563472747803,7.331563472747803,7.331563472747803,7.331563472747803,100,,
2017-10-16,7.237787389814236,7.237787389814236,7.135486602783203,7.135486602783203,1100,,
2017-10-17,7.135486461695826,7.288938045715424,7.126961193024877,7.237787246704102,2100,,
2017-10-18,7.186637130098767,7.186637130098767,7.14401160053306,7.152536869049072,800,,
2017-10-19,7.152536869049072,7.152536869049072,7.152536869049072,7.152536869049072,100,,
2017-10-20,7.246312618255615,7.246312618255615,7.246312618255615,7.246312618255615,400,,
2017-10-23,7.126961391489296,7.161061654108312,6.837109565734863,6.837109565734863,2900,,
2017-10-24,6.837109565734863,6.837109565734863,6.837109565734863,6.837109565734863,0,,
2017-10-25,6.8712097500160585,6.956459999084473,6.8712097500160585,6.956459999084473,1800,,
2017-10-26,6.956459999084473,6.956459999084473,6.956459999084473,6.956459999084473,0,,
2017-10-27,6.879734077165267,6.905309883120481,6.811533553980098,6.820058822631836,3200,,
2017-10-30,6.820058822631836,6.820058822631836,6.820058822631836,6.820058822631836,0,,
2017-10-31,6.990560054779053,6.990560054779053,6.990560054779053,6.990560054779053,300,,
2017-11-01,6.820058822631836,6.820058822631836,6.820058822631836,6.820058822631836,100,,
2017-11-02,6.973510229008918,7.0502360188951245,6.973510229008918,7.0331854820251465,1300,,
2017-11-03,6.820058822631836,6.97351040630565,6.820058822631836,6.820058822631836,2500,,
2017-11-06,6.820058822631836,6.820058822631836,6.820058822631836,6.820058822631836,0,,
2017-11-07,6.820058619583001,6.820058619583001,6.649557316696295,6.734807968139648,1500,,
2017-11-08,6.956459999084473,6.956459999084473,6.956459999084473,6.956459999084473,200,,
2017-11-09,6.6154570221770985,6.6751322746276855,6.6154570221770985,6.6751322746276855,400,,
2017-11-10,6.606931756330787,6.606931756330787,6.265928745670345,6.43643045425415,8800,,
2017-11-13,6.538731333977787,6.7944832909445365,6.479055674098625,6.683657646179199,11200,,
2017-11-14,6.453480583214706,6.555781364440918,6.453480583214706,6.555781364440918,500,,
2017-11-15,6.479055936050593,6.7177581787109375,6.479055936050593,6.7177581787109375,400,,
2017-11-16,6.479055881500244,6.479055881500244,6.479055881500244,6.479055881500244,100,,
2017-11-17,6.666607446984965,6.751858098428318,6.479055607302417,6.734807968139648,10700,,
2017-11-20,6.692182616142024,6.743333008360731,6.521681308746338,6.521681308746338,13100,,
2017-11-21,6.692182616142024,6.709232746881593,6.521681308746338,6.521681308746338,13300,,
2017-11-22,6.692182787987994,6.692182787987994,6.5472564697265625,6.5472564697265625,500,,
2017-11-24,6.555781364440918,6.555781364440918,6.555781364440918,6.555781364440918,400,,
2017-11-27,6.555781364440918,6.555781364440918,6.555781364440918,6.555781364440918,0,,
2017-11-28,6.521681138547818,6.555781399137029,6.257403915727844,6.444955348968506,8200,,
2017-11-29,6.43643058995289,6.4534807205200195,6.43643058995289,6.4534807205200195,800,,
2017-11-30,6.555781532711727,6.6239820552797415,6.5216812714277195,6.581356525421143,6400,,
2017-12-01,6.581356525421143,6.581356525421143,6.581356525421143,6.581356525421143,0,,
2017-12-04,6.581356525421143,6.581356525421143,6.581356525421143,6.581356525421143,0,,
2017-12-05,6.581356459075318,6.581356459075318,6.513155937194824,6.513155937194824,500,,
2017-12-06,6.717757904082118,6.803008556365967,6.632507251798269,6.803008556365967,7100,,
2017-12-07,6.751858369697693,7.118436795392888,6.717758107750306,6.768908500671387,6100,,
2017-12-08,6.683657852466002,6.683657852466002,6.649557590484619,6.649557590484619,1400,,
2017-12-11,6.803008769400841,6.803008769400841,6.632507459493928,6.649557590484619,5900,,
2017-12-12,6.649557316301959,6.905309677124023,6.649557316301959,6.905309677124023,8500,,
2017-12-13,6.820058652780075,7.1525368047882685,6.743332862854004,6.743332862854004,5200,,
2017-12-14,6.743332862854004,6.743332862854004,6.743332862854004,6.743332862854004,0,,
2017-12-15,6.743332862854004,6.743332862854004,6.743332862854004,6.743332862854004,0,,
2017-12-18,6.615457231067556,6.623982093183749,6.521681308746338,6.521681308746338,2100,,
2017-12-19,6.785958766937256,6.785958766937256,6.785958766937256,6.785958766937256,600,,
2017-12-20,6.521681172864792,6.641032085555054,6.334129332130064,6.504631042480469,5600,,
2017-12-21,6.606932059754297,6.78595863841015,6.598406791005357,6.649557590484619,10100,,
2017-12-22,6.760383161591221,6.820058822631836,6.760383161591221,6.820058822631836,3300,,
2017-12-26,6.700707673183057,6.777433055834836,6.530205964663971,6.6751322746276855,7400,,
2017-12-27,6.572831527553726,6.641032048712663,6.419380354946117,6.564306259155273,10300,,
2017-12-28,6.649557487550075,6.649557487550075,6.34265472796127,6.6410322189331055,1300,,
2017-12-29,6.666607662374175,6.666607662374175,6.410855293273926,6.410855293273926,300,,
2018-01-02,6.282978907470877,6.615457057952881,6.282978907470877,6.615457057952881,6500,,
2018-01-03,6.658082557011767,6.658082557011767,6.436430850661054,6.606932163238525,13200,,
2018-01-04,6.589882031980778,6.632507563378743,6.589882031980778,6.606932163238525,3100,,
2018-01-05,6.615457329186652,6.649557591171558,6.589881929444379,6.598406791687012,3200,,
2018-01-08,6.5216812714277195,6.649557454496337,6.376754957717098,6.581356525421143,12500,,
2018-01-09,6.581356525421143,6.581356525421143,6.581356525421143,6.581356525421143,200,,
2018-01-10,6.359704964428542,6.521681412279446,6.359704964428542,6.479055881500244,2300,,
2018-01-11,6.410855086547665,6.572831527553726,6.410855086547665,6.564306259155273,8700,,
2018-01-12,6.5643062930910725,6.623981952667236,6.479055641201677,6.623981952667236,3600,,
2018-01-16,6.623981952667236,6.623981952667236,6.623981952667236,6.623981952667236,0,,
2018-01-17,6.462005477416867,6.632507186821382,6.462005477416867,6.564306259155273,13600,,
2018-01-18,6.436430773452094,6.82858419418335,6.436430773452094,6.82858419418335,21100,,
2018-01-19,6.785958787482467,6.8541593129434455,6.496106147766113,6.496106147766113,22500,,
2018-01-22,6.479055702958248,6.86268424987793,6.479055702958248,6.86268424987793,8100,,
2018-01-23,6.743333030794929,6.820058822631836,6.743333030794929,6.820058822631836,2900,,
2018-01-24,6.6751322746276855,6.6751322746276855,6.6751322746276855,6.6751322746276855,1000,,
2018-01-25,6.6751322746276855,6.6751322746276855,6.6751322746276855,6.6751322746276855,0,,
2018-01-26,6.768908494157159,6.888259410858154,6.743333094467638,6.888259410858154,800,,
2018-01-29,6.947934627532959,6.947934627532959,6.947934627532959,6.947934627532959,800,,
2018-01-30,6.947934627532959,6.947934627532959,6.947934627532959,6.947934627532959,0,,
2018-01-31,6.8371094629635545,6.854159187509585,6.82858419418335,6.82858419418335,400,,
2018-02-01,6.86268424987793,6.86268424987793,6.86268424987793,6.86268424987793,200,,
2018-02-02,6.86268424987793,6.86268424987793,6.86268424987793,6.86268424987793,0,,
2018-02-05,7.1099114418029785,7.1099114418029785,7.1099114418029785,7.1099114418029785,200,,
2018-02-06,6.734807967740257,6.905309677124023,6.606931787329224,6.905309677124023,2100,,
2018-02-07,6.530206203460693,6.530206203460693,6.530206203460693,6.530206203460693,100,,
2018-02-08,6.606932163238525,6.700708088409732,6.606932163238525,6.606932163238525,500,,
2018-02-09,6.436430556457647,6.436430556457647,6.1806781927744545,6.393805027008057,10900,,
2018-02-12,6.393804989312281,6.623981952667236,6.393804989312281,6.623981952667236,200,,
2018-02-13,6.393805120141541,6.6410322189331055,6.393805120141541,6.6410322189331055,300,,
2018-02-14,6.308554564163605,6.6666077214753106,6.308554564163605,6.649557590484619,300,,
2018-02-15,6.649557590484619,6.649557590484619,6.649557590484619,6.649557590484619,0,,
2018-02-16,6.649557590484619,6.649557590484619,6.649557590484619,6.649557590484619,0,,
2018-02-20,6.743332965835904,6.751858234405518,6.734808103773471,6.751858234405518,1000,,
2018-02-21,6.751858234405518,6.751858234405518,6.751858234405518,6.751858234405518,0,,
2018-02-22,6.973510565299755,7.800442131027331,6.5216814791356565,7.604365825653076,32800,,
2018-02-23,7.672566032908895,8.243746013733261,7.459439198661426,7.868642330169678,9100,,
2018-02-26,8.908701486311838,11.108170345117575,8.22669545584947,8.97690200805664,38200,,
2018-02-27,8.738200086052903,8.951326917420047,8.397197481071208,8.7808256149292,3400,,
2018-02-28,8.780826387883645,9.292330340382614,8.499499010755608,8.525074005126953,8500,,
2018-03-01,8.363097752042698,8.61032485961914,8.363097752042698,8.61032485961914,1200,,
2018-03-02,8.107345145995597,9.249705132457356,8.107345145995597,8.652949333190918,12500,,
2018-03-05,8.533598899841309,8.533598899841309,8.533598899841309,8.533598899841309,400,,
2018-03-06,8.559174041429976,8.849026679992676,8.559174041429976,8.849026679992676,1600,,
2018-03-07,8.593274203272138,8.89165210723877,8.525073678882231,8.89165210723877,2900,,
2018-03-08,8.533598899841309,8.533598899841309,8.533598899841309,8.533598899841309,700,,
2018-03-09,8.482448261630452,8.482448261630452,7.331563787357178,7.6725664138793945,7800,,
2018-03-12,7.672566512047071,8.192595727400633,7.672566512047071,8.149971008300781,4900,,
2018-03-13,8.098819695956262,8.15849494934082,8.098819695956262,8.15849494934082,2700,,
2018-03-14,8.141445262282918,8.14997053080917,8.098819732666016,8.098819732666016,5100,,
2018-03-15,8.175545493562753,8.175545493562753,7.970943927764893,7.970943927764893,3500,,
2018-03-16,8.15849494934082,8.15849494934082,8.15849494934082,8.15849494934082,200,,
2018-03-19,8.098819703134968,8.098819703134968,7.970943927764893,7.970943927764893,500,,
2018-03-20,7.970944321847128,8.013569040401611,7.6725664138793945,7.6725664138793945,3000,,
2018-03-21,7.544690545270712,7.544690545270712,7.476490020751953,7.476490020751953,2400,,
2018-03-22,7.646991227260253,7.749292012636538,7.416813850402833,7.416813850402832,4700,,
2018-03-23,7.4679646492004395,7.4679646492004395,7.4679646492004395,7.4679646492004395,1000,,
2018-03-26,7.365663733936726,7.365663733936726,7.331563472747803,7.331563472747803,1100,,
2018-03-27,7.459439342507559,7.595840388973969,7.340088020342265,7.578790664672852,5000,,
2018-03-28,7.476489676355528,7.561739921569824,7.459439139504061,7.561739921569824,2400,,
2018-03-29,7.5020647048950195,7.519114428814585,7.5020647048950195,7.5020647048950195,1000,,
2018-04-02,7.5020647048950195,7.5020647048950195,7.5020647048950195,7.5020647048950195,0,,
2018-04-03,7.3315637050806,7.4253392230682405,7.203687111809037,7.374188423156738,6000,,
2018-04-04,7.467964637725209,7.655515670776367,7.3997641142494475,7.655515670776367,7700,,
2018-04-05,7.655515670776367,7.655515670776367,7.655515670776367,7.655515670776367,0,,
2018-04-06,7.459439277648926,7.459439277648926,7.459439277648926,7.459439277648926,600,,
2018-04-09,7.382713601676603,7.834542274475098,7.382713601676603,7.834542274475098,5500,,
2018-04-10,7.843067338547647,8.243746014620008,7.73224128716532,7.919793128967285,14000,,
2018-04-11,7.476489931531607,7.834542274475098,7.476489931531607,7.834542274475098,6500,,
2018-04-12,7.629940841725843,8.10734532933196,7.629940841725843,7.783392429351807,14000,,
2018-04-13,7.783392429351807,7.783392429351807,7.783392429351807,7.783392429351807,0,,
2018-04-16,7.826017753692196,7.843067477969448,7.817492485046387,7.817492485046387,500,,
2018-04-17,7.843067646026611,7.843067646026611,7.843067646026611,7.843067646026611,200,,
2018-04-18,8.260795626090896,8.43982219696045,8.260795626090896,8.43982219696045,500,,
2018-04-19,8.226695554774398,8.226695554774398,7.570265321833605,7.749291896820068,2400,,
2018-04-20,7.996519088745117,7.996519088745117,7.996519088745117,7.996519088745117,700,,
2018-04-23,7.629940509796143,7.629940509796143,7.629940509796143,7.629940509796143,200,,
2018-04-24,7.826017589510266,7.826017589510266,7.5020647048950195,7.5020647048950195,300,,
2018-04-25,7.672566009162425,7.672566009162425,7.5020647048950195,7.5020647048950195,400,,
2018-04-26,7.510590219096559,7.510590219096559,7.246312579074573,7.357138633728027,3300,,
2018-04-27,7.271887442560199,7.348613233875601,7.118436672943756,7.169586658477783,10500,,
2018-04-30,7.2036871673515375,7.2036871673515375,7.075811386108398,7.075811386108398,2900,,
2018-05-01,7.0331854820251465,7.1354862642019725,7.0331854820251465,7.0331854820251465,6600,,
2018-05-02,7.0331854820251465,7.0331854820251465,7.0331854820251465,7.0331854820251465,0,,
2018-05-03,7.0331854820251465,7.0331854820251465,7.0331854820251465,7.0331854820251465,0,,
2018-05-04,7.0331854820251465,7.0331854820251465,7.0331854820251465,7.0331854820251465,0,,
2018-05-07,6.820058785281697,6.930884838104248,6.785958523875863,6.930884838104248,4800,,
2018-05-08,7.331563406281036,7.698141007485043,7.178111825814868,7.263362884521484,10000,,
2018-05-09,7.2633630788455905,7.7151917508444425,7.144011756066072,7.416813850402832,10300,,
2018-05-10,7.715191790911685,7.834542301296654,7.357138633728027,7.357138633728027,11000,,
2018-05-11,7.382713345492697,7.800441741943359,7.357138353244422,7.800441741943359,6000,,
2018-05-14,7.86864236720041,7.885692904267338,7.783392120908836,7.808967113494873,9900,,
2018-05-15,7.62994080340081,7.928318708282686,7.62994080340081,7.843067646026611,6300,,
2018-05-16,7.885693218208262,7.885693218208262,7.672566374472903,7.732241630554199,5300,,
2018-05-17,7.962418789482606,8.294896136087687,7.843067467641541,8.056194305419922,14500,,
2018-05-18,7.97946834564209,7.97946834564209,7.970943890201448,7.97946834564209,700,,
2018-05-21,7.681091502170701,7.928318603839216,7.681091502170701,7.885693073272705,14300,,
2018-05-22,8.132920174444155,8.235220959988906,7.894218341506407,7.9368438720703125,12600,,
2018-05-23,7.800442012139683,7.936843872555393,7.800442012139683,7.885693073272705,2800,,
2018-05-24,8.039144243288398,8.260795527371227,7.715191365918931,8.243745803833008,22700,,
2018-05-25,8.269321222342557,8.30342148419289,7.885693073272705,7.885693073272705,15400,,
2018-05-29,8.047669036785338,8.056194305419922,8.039144581165122,8.056194305419922,6400,,
2018-05-30,8.184070587158203,8.184070587158203,8.184070587158203,8.184070587158203,400,,
2018-05-31,8.490972855927813,8.525073115870724,7.894217900419729,8.064719200134277,1300,,
2018-06-01,8.013568438459572,8.252271072109282,7.996518714921354,8.243745803833008,6400,,
2018-06-04,8.4398223053171,8.525073364164486,8.039144442571702,8.15849494934082,12700,,
2018-06-05,8.422772606710625,9.121828364511831,8.337521547606615,8.6785249710083,29000,,
2018-06-06,8.849026822798487,9.300855512724347,8.840501553758617,9.164454460144043,2900,,
2018-06-07,9.002477546389088,9.283804893493652,8.993952278170324,9.283804893493652,2200,,
2018-06-08,9.283804893493652,9.283804893493652,9.283804893493652,9.283804893493652,0,,
2018-06-11,8.993952816145347,9.011002540588379,8.993952816145347,9.011002540588379,800,,
2018-06-12,8.951327323913574,8.951327323913574,8.951327323913574,8.951327323913574,100,,
2018-06-13,8.576224342643986,8.993952751159668,8.576224342643986,8.993952751159668,1300,,
2018-06-14,9.283804893493652,9.283804893493652,9.283804893493652,9.283804893493652,200,,
2018-06-15,8.780825450787209,9.283804893493652,8.66999940298627,9.283804893493652,6100,,
2018-06-18,8.976902402651172,9.283805577007564,8.857551890858694,9.24970531463623,4100,,
2018-06-19,8.823451582848861,8.951327362826342,8.695574989856999,8.89165210723877,6500,,
2018-06-20,9.283805488629826,9.283805488629826,8.857551806538703,8.951327323913574,6800,,
2018-06-21,9.121828697857636,9.241180022361924,9.0706787109375,9.0706787109375,3600,,
2018-06-22,9.26675495109928,9.26675495109928,8.951327323913574,8.951327323913574,1500,,
2018-06-25,8.951327323913574,8.951327323913574,8.951327323913574,8.951327323913574,0,,
2018-06-26,9.164453709363398,9.164453709363398,9.079202651977539,9.079202651977539,1100,,
2018-06-27,8.951327323913574,9.002478123490835,8.354572331588878,8.951327323913574,4500,,
2018-06-28,8.993952376306147,9.241179466247559,8.993952376306147,9.241179466247559,2600,,
2018-06-29,8.976901771088047,9.121828079223633,8.976901771088047,9.121828079223633,400,,
2018-07-02,9.16445435569102,9.207079887390137,9.062153567421777,9.207079887390137,400,,
2018-07-03,8.951327323913574,8.951327323913574,8.951327323913574,8.951327323913574,1000,,
2018-07-05,8.951327323913574,8.951327323913574,8.951327323913574,8.951327323913574,0,,
2018-07-06,9.079202651977539,9.079202651977539,9.079202651977539,9.079202651977539,100,,
2018-07-09,9.002477645874023,9.002477645874023,9.002477645874023,9.002477645874023,100,,
2018-07-10,8.951327045831244,9.155928611755371,8.346046803544938,9.155928611755371,1400,,
2018-07-11,8.823451350055038,8.866076066913353,8.695574760437012,8.695574760437012,1200,,
2018-07-12,8.567699085448833,8.652949333190918,8.346046977893549,8.652949333190918,5400,,
2018-07-13,8.695574760437012,8.849026342772898,8.627374237846475,8.695574760437012,6200,,
2018-07-16,8.695574760437012,8.695574760437012,8.695574760437012,8.695574760437012,100,,
2018-07-17,8.695574760437012,8.695574760437012,8.695574760437012,8.695574760437012,0,,
2018-07-18,8.695574760437012,8.695574760437012,8.695574760437012,8.695574760437012,1000,,
2018-07-19,8.695574760437012,8.695574760437012,8.695574760437012,8.695574760437012,0,,
2018-07-20,8.695574760437012,8.695574760437012,8.695574760437012,8.695574760437012,0,,
2018-07-23,8.71262509393286,8.7808256149292,8.71262509393286,8.7808256149292,900,,
2018-07-24,8.738200393430104,8.755250930786133,8.6955748630544,8.755250930786133,1300,,
2018-07-25,8.755250930786133,8.755250930786133,8.755250930786133,8.755250930786133,0,,
2018-07-26,8.422772571152851,8.738200187683105,8.422772571152851,8.738200187683105,200,,
2018-07-27,8.738200187683105,8.738200187683105,8.738200187683105,8.738200187683105,0,,
2018-07-30,8.738200187683105,8.738200187683105,8.738200187683105,8.738200187683105,0,,
2018-07-31,8.738200187683105,8.738200187683105,8.738200187683105,8.738200187683105,0,,
2018-08-01,8.738200187683105,8.738200187683105,8.738200187683105,8.738200187683105,0,,
2018-08-02,8.525074005126953,8.772301118755058,8.525074005126953,8.525074005126953,2000,,
2018-08-03,8.542123791442014,8.7808256149292,8.542123791442014,8.7808256149292,1500,,
2018-08-06,8.73820086285963,8.73820086285963,8.098820311918683,8.107345581054688,3600,,
2018-08-07,8.738200348913614,8.738200348913614,7.442388784974163,8.056194305419922,9600,,
2018-08-08,8.51654854987553,8.866076446364758,8.26932144165039,8.26932144165039,4300,,
2018-08-09,8.26932144165039,8.26932144165039,8.26932144165039,8.26932144165039,100,,
2018-08-10,8.26932144165039,8.26932144165039,8.26932144165039,8.26932144165039,0,,
2018-08-13,8.388672696453984,9.326430320739746,8.26079610245066,9.326430320739746,3300,,
2018-08-14,8.456873271118454,8.78082617294524,7.885693261715227,8.61032485961914,7200,,
2018-08-15,8.797876113126405,8.874601909254853,8.525074005126953,8.525074005126953,2200,,
2018-08-16,8.525074005126953,8.525074005126953,8.525074005126953,8.525074005126953,0,,
2018-08-17,8.90870189666748,8.90870189666748,8.90870189666748,8.90870189666748,200,,
2018-08-20,9.454306602478027,9.454306602478027,9.454306602478027,9.454306602478027,700,,
2018-08-21,8.908701849535886,9.070678705044646,8.55064868927002,8.55064868927002,2400,,
2018-08-22,8.55064868927002,8.55064868927002,8.55064868927002,8.55064868927002,0,,
2018-08-23,8.55064868927002,8.55064868927002,8.55064868927002,8.55064868927002,0,,
2018-08-24,8.55064868927002,8.55064868927002,8.55064868927002,8.55064868927002,0,,
2018-08-27,8.738200187683105,8.755250724637667,8.738200187683105,8.738200187683105,1000,,
2018-08-28,8.738200767029268,8.746726036071777,8.738200767029268,8.746726036071777,400,,
2018-08-29,8.763775246772221,8.857551574707031,8.763775246772221,8.857551574707031,600,,
2018-08-30,8.82345148182196,9.590707778930664,8.82345148182196,9.590707778930664,11400,,
2018-08-31,9.31790542602539,9.31790542602539,9.31790542602539,9.31790542602539,500,,
2018-09-04,9.377580642700195,9.377580642700195,9.377580642700195,9.377580642700195,500,,
2018-09-05,9.317905435908626,9.317905435908626,8.738200187683105,8.738200187683105,600,,
2018-09-06,8.951327323913574,8.951327323913574,8.951327323913574,8.951327323913574,500,,
2018-09-07,8.951327323913574,8.951327323913574,8.951327323913574,8.951327323913574,0,,
2018-09-10,8.866076115515314,8.866076115515314,8.397197723388672,8.397197723388672,2200,,
2018-09-11,8.542124543384125,8.542124543384125,8.525074005126953,8.525074005126953,1000,,
2018-09-12,8.525074005126953,8.525074005126953,8.081769766613434,8.525074005126953,19300,,
2018-09-13,8.525073641822452,9.496932329675387,8.320472069542163,8.951327323913574,7300,,
2018-09-14,8.951327323913574,8.951327323913574,8.951327323913574,8.951327323913574,300,,
2018-09-17,8.78082601368,8.951327323913574,8.78082601368,8.951327323913574,1000,,
2018-09-18,8.951327323913574,8.951327323913574,8.951327323913574,8.951327323913574,0,,
2018-09-19,8.951327323913574,9.07920310333516,8.951327323913574,8.951327323913574,800,,
2018-09-20,8.951327323913574,8.951327323913574,8.951327323913574,8.951327323913574,200,,
2018-09-21,9.113302963130701,11.07406997680664,8.866075870950757,11.07406997680664,5900,,
2018-09-24,10.775692911846567,10.775692911846567,10.016961097717285,10.016961097717285,700,,
2018-09-25,10.02548703212492,10.639291763305664,10.02548703212492,10.639291763305664,1800,,
2018-09-26,10.639291763305664,10.639291763305664,10.639291763305664,10.639291763305664,0,,
2018-09-27,10.647816284368746,10.656341552734375,10.3238634036039,10.656341552734375,1000,,
2018-09-28,10.656341552734375,10.656341552734375,10.656341552734375,10.656341552734375,0,,
2018-10-01,9.803834308277477,9.803834308277477,9.377580642700195,9.377580642700195,2200,,
2018-10-02,9.377580642700195,9.377580642700195,9.377580642700195,9.377580642700195,0,,
2018-10-03,9.377580602118309,10.315338987535878,9.377580602118309,10.016961097717285,1600,,
2018-10-04,10.630766868591309,10.630766868591309,10.630766868591309,10.630766868591309,400,,
2018-10-05,10.656341552734375,10.656341552734375,10.656341552734375,10.656341552734375,200,,
2018-10-08,10.656341552734375,10.656341552734375,10.656341552734375,10.656341552734375,0,,
2018-10-09,10.656341552734375,10.656341552734375,10.656341552734375,10.656341552734375,0,,
2018-10-10,10.656341552734375,10.656341552734375,10.656341552734375,10.656341552734375,0,,
2018-10-11,9.377581308054369,9.496932635569337,9.164454460144043,9.164454460144043,2900,,
2018-10-12,9.164454460144043,9.164454460144043,9.164454460144043,9.164454460144043,0,,
2018-10-15,8.951326881026047,8.951326881026047,8.738200050525426,8.840500831604004,2100,,
2018-10-16,8.823451246427217,8.823451246427217,8.738200187683105,8.738200187683105,1100,,
2018-10-17,8.738200187683105,8.789350985532442,8.738200187683105,8.738200187683105,1200,,
2018-10-18,8.73820047186394,8.73820047186394,8.533598899841309,8.533598899841309,500,,
2018-10-19,8.525074005126953,8.525074005126953,8.525074005126953,8.525074005126953,2200,,
2018-10-22,8.32047176361084,8.32047176361084,8.32047176361084,8.32047176361084,600,,
2018-10-23,8.32047176361084,8.32047176361084,8.32047176361084,8.32047176361084,0,,
2018-10-24,8.311946830033088,8.371622085571289,8.311946830033088,8.371622085571289,2400,,
2018-10-25,8.371622085571289,8.371622085571289,8.371622085571289,8.371622085571289,0,,
2018-10-26,7.706666189740266,8.43982219696045,7.706666189740266,8.43982219696045,1300,,
2018-10-29,8.43982219696045,8.43982219696045,8.43982219696045,8.43982219696045,100,,
2018-10-30,8.43982219696045,8.43982219696045,8.43982219696045,8.43982219696045,100,,
2018-10-31,7.672565870580439,8.184070587158203,7.672565870580439,8.184070587158203,500,,
2018-11-01,8.184070587158203,8.184070587158203,8.184070587158203,8.184070587158203,200,,
2018-11-02,8.184070587158203,8.184070587158203,8.184070587158203,8.184070587158203,0,,
2018-11-05,8.184070587158203,8.184070587158203,8.184070587158203,8.184070587158203,0,,
2018-11-06,7.6725664138793945,7.6725664138793945,7.6725664138793945,7.6725664138793945,1500,,
2018-11-07,7.6725664138793945,7.6725664138793945,7.6725664138793945,7.6725664138793945,0,,
2018-11-08,7.6725664138793945,7.6725664138793945,7.6725664138793945,7.6725664138793945,0,,
2018-11-09,7.6725664138793945,7.6725664138793945,7.6725664138793945,7.6725664138793945,0,,
2018-11-12,8.414247287529136,8.431297824453006,7.672566004642119,7.791917324066162,1500,,
2018-11-13,7.791917324066162,7.791917324066162,7.791917324066162,7.791917324066162,0,,
2018-11-14,7.791917324066162,7.791917324066162,7.791917324066162,7.791917324066162,100,,
2018-11-15,7.791917324066162,7.791917324066162,7.791917324066162,7.791917324066162,0,,
2018-11-16,7.791917324066162,7.791917324066162,7.791917324066162,7.791917324066162,100,,
2018-11-19,7.766341686248779,7.766341686248779,7.766341686248779,7.766341686248779,600,,
2018-11-20,7.860117912292481,7.860117912292481,7.860117912292481,7.8601179122924805,100,,
2018-11-21,7.706666676531616,8.09882010353936,7.51059036953494,7.6725664138793945,3100,,
2018-11-23,7.6725664138793945,7.6725664138793945,7.6725664138793945,7.6725664138793945,0,,
2018-11-26,7.6725664138793945,7.6725664138793945,7.6725664138793945,7.6725664138793945,100,,
2018-11-27,7.6725664138793945,7.6725664138793945,7.6725664138793945,7.6725664138793945,100,,
2018-11-28,8.184070618468617,8.601799011230469,8.184070618468617,8.601799011230469,500,,
2018-11-29,8.601799011230469,8.601799011230469,8.601799011230469,8.601799011230469,0,,
2018-11-30,8.601799011230469,8.601799011230469,8.601799011230469,8.601799011230469,0,,
2018-12-03,8.601799011230469,8.601799011230469,8.601799011230469,8.601799011230469,100,,
2018-12-04,8.601799011230469,8.601799011230469,8.601799011230469,8.601799011230469,0,,
2018-12-06,8.57622416876699,8.57622416876699,7.672566033734202,7.919793128967285,6100,,
2018-12-07,8.806401163333753,8.806401163333753,7.6725664138793945,7.6725664138793945,3600,,
2018-12-10,7.843067725426499,7.843067725426499,7.723717212677002,7.723717212677002,1900,,
2018-12-11,7.715191464452645,7.715191464452645,7.544690161821264,7.621415138244629,1100,,
2018-12-12,7.621415138244629,7.621415138244629,7.621415138244629,7.621415138244629,100,,
2018-12-13,7.621415138244629,7.621415138244629,7.621415138244629,7.621415138244629,100,,
2018-12-14,7.510590067485089,7.698141098022461,7.510590067485089,7.698141098022461,5600,,
2018-12-17,7.698141098022461,7.698141098022461,7.698141098022461,7.698141098022461,100,,
2018-12-18,7.698141098022461,7.698141098022461,7.698141098022461,7.698141098022461,0,,
2018-12-19,7.698141098022461,7.698141098022461,7.698141098022461,7.698141098022461,100,,
2018-12-20,7.5020647048950195,7.5020647048950195,7.5020647048950195,7.5020647048950195,300,,
2018-12-21,7.502064770255621,7.5191144943237305,7.502064770255621,7.5191144943237305,400,,
2018-12-24,7.502065079072834,7.536165341627121,7.459439547626376,7.493539810180664,2000,,
2018-12-26,7.450914068601833,7.450914068601833,6.692182638406052,6.820058822631836,4500,,
2018-12-27,7.161061223440372,7.169586491836012,6.854158878326416,6.854158878326416,1400,,
2018-12-28,7.101386070251465,7.101386070251465,7.101386070251465,7.101386070251465,500,,
2018-12-31,7.1866374015808105,7.1866374015808105,7.1866374015808105,7.1866374015808105,400,,
2019-01-02,7.399764060974121,7.399764060974121,7.399764060974121,7.399764060974121,500,,
2019-01-03,7.399764060974121,7.399764060974121,7.399764060974121,7.399764060974121,0,,
2019-01-04,7.399764060974121,7.399764060974121,7.399764060974121,7.399764060974121,100,,
2019-01-07,7.399764060974121,7.399764060974121,7.399764060974121,7.399764060974121,0,,
2019-01-08,7.0331854820251465,7.0331854820251465,7.0331854820251465,7.0331854820251465,1600,,
2019-01-09,7.0331854820251465,7.0331854820251465,7.0331854820251465,7.0331854820251465,0,,
2019-01-10,7.0331854820251465,7.0331854820251465,7.0331854820251465,7.0331854820251465,100,,
2019-01-11,6.8200586552664335,6.8200586552664335,6.572831561533599,6.623981952667236,3600,,
2019-01-14,6.581356634641409,7.178112030029296,6.282979140201059,7.178112030029297,12100,,
2019-01-15,6.777433354763725,7.655515708614996,6.777433354763725,7.64699125289917,14100,,
2019-01-16,7.843067646026611,7.843067646026611,7.843067646026611,7.843067646026611,300,,
2019-01-17,7.843067646026611,7.843067646026611,7.843067646026611,7.843067646026611,100,,
2019-01-18,7.843067646026611,7.843067646026611,7.843067646026611,7.843067646026611,100,,
2019-01-22,7.331563761609066,7.331563761609066,7.075811386108398,7.075811386108398,4200,,
2019-01-23,7.075811386108398,7.075811386108398,7.075811386108398,7.075811386108398,0,,
2019-01-24,7.075811386108398,7.075811386108398,7.075811386108398,7.075811386108398,200,,
2019-01-25,7.075811386108398,7.075811386108398,7.075811386108398,7.075811386108398,0,,
2019-01-28,7.075811386108398,7.075811386108398,7.075811386108398,7.075811386108398,100,,
2019-01-29,7.075811386108398,7.075811386108398,7.075811386108398,7.075811386108398,0,,
2019-01-30,7.075811386108398,7.075811386108398,7.075811386108398,7.075811386108398,100,,
2019-01-31,7.075811386108398,7.075811386108398,7.075811386108398,7.075811386108398,100,,
2019-02-01,7.2889379425004215,7.331563472237197,7.246312412763646,7.280412673950195,1200,,
2019-02-04,7.280412673950195,7.280412673950195,7.280412673950195,7.280412673950195,100,,
2019-02-05,7.246312316043292,7.246312316043292,7.084336280822754,7.084336280822754,2700,,
2019-02-06,7.246312618255615,7.246312618255615,7.246312618255615,7.246312618255615,100,,
2019-02-07,7.195161613968447,7.229261875152588,7.195161613968447,7.229261875152588,300,,
2019-02-08,7.229261875152588,7.229261875152588,7.229261875152588,7.229261875152588,100,,
2019-02-11,7.075811386108398,7.075811386108398,7.075811386108398,7.075811386108398,200,,
2019-02-12,7.075811386108398,7.075811386108398,7.075811386108398,7.075811386108398,0,,
2019-02-13,7.135486642286611,7.246312698770714,7.075811386108398,7.075811386108398,3000,,
2019-02-14,7.075811386108398,7.075811386108398,7.075811386108398,7.075811386108398,100,,
2019-02-15,7.118436509839566,7.118436509839566,6.436430485235852,6.564306259155273,13400,,
2019-02-19,6.589881821975899,6.84563378269186,6.547256291936315,6.760383129119873,2500,,
2019-02-20,6.760383129119873,6.760383129119873,6.760383129119873,6.760383129119873,100,,
2019-02-21,6.785958766937256,6.785958766937256,6.777433498026846,6.785958766937256,3700,,
2019-02-22,7.02466048375692,7.246312593505237,6.8541591735714364,7.067286014556885,7300,,
2019-02-25,7.033185832101455,7.033185832101455,6.820058988704441,6.896784782409668,3200,,
2019-02-26,6.896784782409668,6.896784782409668,6.896784782409668,6.896784782409668,100,,
2019-02-27,6.896784782409668,6.896784782409668,6.896784782409668,6.896784782409668,100,,
2019-02-28,6.896784782409668,6.896784782409668,6.896784782409668,6.896784782409668,100,,
2019-03-01,6.871209621527896,6.871209621527896,6.820058822631836,6.820058822631836,1200,,
2019-03-04,6.879734289380018,7.2036871910095215,6.879734289380018,7.2036871910095215,4800,,
2019-03-05,7.126961176862979,7.161061438455075,6.871209621429443,6.871209621429443,3900,,
2019-03-06,6.92235973685423,7.126961310235684,6.82858421897466,6.956459999084473,700,,
2019-03-07,6.845633640348588,7.144011531407054,6.828583916495892,6.982034683227539,800,,
2019-03-08,6.862684379432403,7.144011741913458,6.854159110747675,6.999085426330566,3700,,
2019-03-11,6.913834234991942,6.990560025677314,6.820058720273351,6.86268424987793,800,,
2019-03-12,6.86268424987793,6.86268424987793,6.86268424987793,6.86268424987793,100,,
2019-03-13,6.820058583365227,6.820058583365227,6.7603829244182,6.794483184814453,900,,
2019-03-14,6.717758000886797,6.879734039306641,6.717758000886797,6.879734039306641,1700,,
2019-03-15,6.879734077165267,6.999085399246496,6.820058822631836,6.820058822631836,1600,,
2019-03-18,6.734808168650375,6.820058822631836,6.726282899998637,6.820058822631836,1600,,
2019-03-19,6.683657776261498,6.820058822631836,6.683657776261498,6.820058822631836,1100,,
2019-03-20,6.70070790705779,6.820058822631836,6.70070790705779,6.820058822631836,700,,
2019-03-21,6.820058822631836,6.820058822631836,6.820058822631836,6.820058822631836,100,,
2019-03-22,6.85415908422442,6.85415908422442,6.820058822631836,6.820058822631836,2500,,
2019-03-25,6.820058822631836,6.820058822631836,6.820058822631836,6.820058822631836,0,,
2019-03-26,6.820058822631836,6.820058822631836,6.820058822631836,6.820058822631836,0,,
2019-03-27,6.820058822631836,6.820058822631836,6.820058822631836,6.820058822631836,100,,
2019-03-28,7.00761079788208,7.00761079788208,7.00761079788208,7.00761079788208,300,,
2019-03-29,7.00761079788208,7.00761079788208,7.00761079788208,7.00761079788208,0,,
2019-04-01,7.00761079788208,7.00761079788208,7.00761079788208,7.00761079788208,100,,
2019-04-02,7.00761079788208,7.00761079788208,7.00761079788208,7.00761079788208,100,,
2019-04-03,6.913834571838379,6.913834571838379,6.913834571838379,6.913834571838379,100,,
2019-04-04,6.913834571838379,6.913834571838379,6.913834571838379,6.913834571838379,100,,
2019-04-05,6.615457253076329,6.85415908422442,6.615457253076329,6.820058822631836,600,,
2019-04-08,6.905309742610555,7.2207373591772015,6.879733937175761,6.922359466552734,8200,,
2019-04-09,7.033185832101455,7.237787406639136,6.820058988704441,6.896784782409668,8600,,
2019-04-10,6.9905601305947584,7.220737506105479,6.820058822631836,6.820058822631836,5900,,
2019-04-11,7.365663633860591,7.365663633860591,6.913834162978343,7.0331854820251465,3100,,
2019-04-12,6.964985370635986,6.964985370635986,6.964985370635986,6.964985370635986,200,,
2019-04-15,6.964985370635986,6.964985370635986,6.964985370635986,6.964985370635986,0,,
2019-04-16,6.964985370635986,6.964985370635986,6.964985370635986,6.964985370635986,0,,
2019-04-17,6.964985370635986,6.964985370635986,6.964985370635986,6.964985370635986,100,,
2019-04-18,6.871209621429443,6.871209621429443,6.871209621429443,6.871209621429443,400,,
2019-04-22,6.871209621429443,6.871209621429443,6.871209621429443,6.871209621429443,0,,
2019-04-23,6.871209621429443,6.871209621429443,6.871209621429443,6.871209621429443,0,,
2019-04-24,6.820058822631836,6.820058822631836,6.820058822631836,6.820058822631836,200,,
2019-04-25,6.820059001700062,6.820059001700062,6.180678470290681,6.18920373916626,12100,,
2019-04-26,6.342654705047607,6.342654705047607,6.342654705047607,6.342654705047607,500,,
2019-04-29,6.334129367080064,6.402330295500844,6.334129367080064,6.393805027008057,900,,
2019-04-30,6.393805027008057,6.393805027008057,6.393805027008057,6.393805027008057,0,,
2019-05-01,6.22330379486084,6.22330379486084,6.22330379486084,6.22330379486084,600,,
2019-05-02,6.351179562733889,6.462005615234375,6.351179562733889,6.462005615234375,3700,,
2019-05-03,6.479055888514387,6.479055888514387,6.359704971313477,6.359704971313477,3200,,
2019-05-06,6.5302061470541455,6.5302061470541455,6.189203533506029,6.22330379486084,4000,,
2019-05-07,6.223303898270136,6.291504422113011,6.180678367614746,6.180678367614746,4400,,
2019-05-08,6.180678367614746,6.180678367614746,6.180678367614746,6.180678367614746,0,,
2019-05-09,6.180678367614746,6.180678367614746,6.180678367614746,6.180678367614746,100,,
2019-05-10,6.180678367614746,6.180678367614746,6.180678367614746,6.180678367614746,0,,
2019-05-13,6.180678367614746,6.180678367614746,6.180678367614746,6.180678367614746,0,,
2019-05-14,6.206253528594971,6.206253528594971,6.206253528594971,6.206253528594971,100,,
2019-05-15,6.300029380488964,6.308554649353027,6.265929118047099,6.308554649353027,1100,,
2019-05-16,6.308554649353027,6.308554649353027,6.308554649353027,6.308554649353027,0,,
2019-05-17,6.308554649353027,6.308554649353027,6.308554649353027,6.308554649353027,0,,
2019-05-20,6.308554649353027,6.308554649353027,6.308554649353027,6.308554649353027,100,,
2019-05-21,6.180678318301135,6.606931995425351,6.180678318301135,6.530206203460693,2300,,
2019-05-22,6.530206203460693,6.530206203460693,6.530206203460693,6.530206203460693,100,,
2019-05-23,6.6495575981098645,6.6495575981098645,6.393805226449028,6.479055881500244,5400,,
2019-05-24,6.598406885902422,6.811533729604808,6.564306623430616,6.726283073425293,800,,
2019-05-28,6.820058822631836,6.820058822631836,6.820058822631836,6.820058822631836,1200,,
2019-05-29,6.785958322968974,6.820058583365227,6.785958322968974,6.794483184814453,3900,,
2019-05-30,6.649557318539675,6.768908230593456,6.615457057952881,6.615457057952881,2200,,
2019-05-31,6.572831630706787,6.572831630706787,6.572831630706787,6.572831630706787,300,,
2019-06-03,6.717757943697566,6.717757943697566,6.572831630706787,6.572831630706787,400,,
2019-06-04,6.606931925000749,6.63250732421875,6.606931925000749,6.63250732421875,1500,,
2019-06-05,6.63250732421875,6.63250732421875,6.63250732421875,6.63250732421875,0,,
2019-06-06,6.291504276878694,6.4534807205200195,6.291504276878694,6.4534807205200195,600,,
2019-06-07,6.248878902442591,6.649557590484619,6.248878902442591,6.649557590484619,1200,,
2019-06-10,6.649557590484619,6.649557590484619,6.649557590484619,6.649557590484619,0,,
2019-06-11,6.649557590484619,6.649557590484619,6.649557590484619,6.649557590484619,0,,
2019-06-12,6.649557590484619,6.649557590484619,6.649557590484619,6.649557590484619,100,,
2019-06-13,6.649557590484619,6.649557590484619,6.649557590484619,6.649557590484619,0,,
2019-06-14,6.649557590484619,6.649557590484619,6.649557590484619,6.649557590484619,100,,
2019-06-17,6.905309677124023,6.905309677124023,6.905309677124023,6.905309677124023,400,,
2019-06-18,6.905309677124023,6.905309677124023,6.905309677124023,6.905309677124023,100,,
2019-06-19,6.905309677124023,6.905309677124023,6.905309677124023,6.905309677124023,0,,
2019-06-20,6.905309677124023,6.905309677124023,6.905309677124023,6.905309677124023,0,,
2019-06-21,6.905309677124023,6.905309677124023,6.905309677124023,6.905309677124023,100,,
2019-06-24,6.905309677124023,6.905309677124023,6.905309677124023,6.905309677124023,0,,
2019-06-25,6.606932074483242,6.606932074483242,6.359704971313477,6.359704971313477,1800,,
2019-06-26,6.291504178182416,6.3597046993810595,6.291504178182416,6.325604438781738,2400,,
2019-06-27,6.189203464386321,6.274454116821289,6.189203464386321,6.274454116821289,1100,,
2019-06-28,6.231828689575195,6.231828689575195,6.231828689575195,6.231828689575195,800,,
2019-07-01,6.1806780942369075,6.265928745269775,5.797049961335415,6.265928745269775,6700,,
2019-07-02,6.265928745269775,6.265928745269775,6.265928745269775,6.265928745269775,100,,
2019-07-03,6.265928745269775,6.265928745269775,6.265928745269775,6.265928745269775,0,,
2019-07-05,5.967551565720283,6.069852352142334,5.541297882454549,6.069852352142334,3200,,
2019-07-08,6.069852352142334,6.069852352142334,6.069852352142334,6.069852352142334,100,,
2019-07-09,6.069852352142334,6.069852352142334,6.069852352142334,6.069852352142334,100,,
2019-07-10,6.265928745269775,6.265928745269775,6.265928745269775,6.265928745269775,200,,
2019-07-11,6.862684370282451,7.536165148204964,6.410855293273926,6.410855293273926,4700,,
2019-07-12,6.214778423309326,6.214778423309326,6.214778423309326,6.214778423309326,200,,
2019-07-15,6.214778423309326,6.214778423309326,6.214778423309326,6.214778423309326,0,,
2019-07-16,6.214778456863224,6.274454116821289,6.214778456863224,6.274454116821289,1100,,
2019-07-17,6.274454116821289,6.274454116821289,6.274454116821289,6.274454116821289,100,,
2019-07-18,5.967551527352168,6.180678367614746,5.967551527352168,6.180678367614746,5100,,
2019-07-19,6.180678367614746,6.180678367614746,6.180678367614746,6.180678367614746,100,,
2019-07-22,5.967551605515539,5.967551605515539,5.959026336669922,5.959026336669922,900,,
2019-07-23,5.959026336669922,5.959026336669922,5.959026336669922,5.959026336669922,500,,
2019-07-24,5.7629499435424805,5.7629499435424805,5.7629499435424805,5.7629499435424805,200,,
2019-07-25,6.0783772803859915,6.0783772803859915,5.967551231384277,5.967551231384277,1400,,
2019-07-26,6.112477784875571,6.172153039409497,5.541297793434273,5.941976070404053,10700,,
2019-07-29,5.7629499435424805,5.7629499435424805,5.7629499435424805,5.7629499435424805,200,,
2019-07-30,6.086902618408203,6.086902618408203,6.086902618408203,6.086902618408203,100,,
2019-07-31,5.86525054943995,6.095427513122559,5.86525054943995,6.095427513122559,1700,,
2019-08-01,5.86525054943995,6.095427513122559,5.86525054943995,6.095427513122559,100,,
2019-08-02,5.839675258324423,5.839675258324423,5.55834789824491,5.81410026550293,3900,,
2019-08-05,5.6180237060851566,5.626548568413105,5.541297912597656,5.541297912597656,2200,,
2019-08-06,5.6180237060851566,5.626548568413105,5.541297912597656,5.541297912597656,2200,,
2019-08-07,5.873775782243602,5.873775782243602,5.54982328414917,5.54982328414917,1000,,
2019-08-08,5.583923526396771,5.635073920643027,5.115044302711961,5.3707966804504395,5400,,
2019-08-09,5.44752182217558,5.4986722141083115,5.191769862511927,5.464571952819824,2900,,
2019-08-12,5.370796702465358,5.669174206711834,5.370796702465358,5.4986724853515625,7100,,
2019-08-13,5.541297912597656,5.541297912597656,5.328171069805439,5.541297912597656,5500,,
2019-08-14,5.4048967361450195,5.4048967361450195,5.4048967361450195,5.4048967361450195,500,,
2019-08-15,5.404896997641856,5.404896997641856,5.132094485744207,5.14061975479126,4000,,
2019-08-16,5.328171139223936,5.490147590637207,5.328171139223936,5.490147590637207,5800,,
2019-08-19,5.447521789580768,5.456047058105469,5.447521789580768,5.456047058105469,900,,
2019-08-20,5.456047058105469,5.456047058105469,5.456047058105469,5.456047058105469,0,,
2019-08-21,5.456047058105469,5.456047058105469,5.456047058105469,5.456047058105469,0,,
2019-08-22,4.97864294052124,4.97864294052124,4.97864294052124,4.97864294052124,200,,
2019-08-23,5.17471981048584,5.413421643131785,5.106518880365527,5.17471981048584,4800,,
2019-08-26,5.115044173873956,5.754424695608201,5.115044173873956,5.35374641418457,6200,,
2019-08-27,5.456047186997991,5.72884928211822,5.456047186997991,5.5924482345581055,5000,,
2019-08-28,5.541297815597682,5.541297815597682,5.413421630859375,5.413421630859375,800,,
2019-08-29,5.311121019195588,5.600973659871471,5.311121019195588,5.319645881652832,2200,,
2019-08-30,5.115044243677418,5.31112095594534,4.987168056284044,5.251445293426514,6000,,
2019-09-03,5.080944061279297,5.080944061279297,5.080944061279297,5.080944061279297,500,,
2019-09-04,5.208820250101341,5.532772748322177,5.18324484961978,5.4986724853515625,5100,,
2019-09-05,5.311120883466079,5.3622712764239555,5.302595614719506,5.35374641418457,600,,
2019-09-06,5.35374641418457,5.35374641418457,5.35374641418457,5.35374641418457,0,,
2019-09-09,5.140619345071004,5.242920126438793,5.038318157196045,5.038318157196045,800,,
2019-09-10,5.063893623459469,5.157669544219971,5.038318224522177,5.157669544219971,1100,,
2019-09-11,5.115043981051225,5.14914424173766,5.097993850708008,5.097993850708008,600,,
2019-09-12,5.532772540799191,5.907875825913791,5.532772540799191,5.58392333984375,1800,,
2019-09-13,5.600973593169362,5.728849374055543,5.234395162207877,5.251445293426514,5900,,
2019-09-16,5.583923496333107,5.78000020980835,5.583923496333107,5.78000020980835,5300,,
2019-09-17,5.78000020980835,5.78000020980835,5.78000020980835,5.78000020980835,100,,
2019-09-18,5.78000020980835,5.78000020980835,5.78000020980835,5.78000020980835,100,,
2019-09-19,5.336696147918701,5.336696147918701,5.336696147918701,5.336696147918701,300,,
2019-09-20,5.149144172668457,5.149144172668457,5.149144172668457,5.149144172668457,700,,
2019-09-23,5.0553686798528155,5.259970664978027,5.012743554227664,5.259970664978027,3300,,
2019-09-24,5.737374523794503,5.737374523794503,5.413421630859375,5.413421630859375,3000,,
2019-09-25,5.6265482902526855,5.6265482902526855,5.6265482902526855,5.6265482902526855,300,,
2019-09-26,5.36227142352985,5.36227142352985,5.2002949714660645,5.2002949714660645,600,,
2019-09-27,5.4048967361450195,5.4048967361450195,5.4048967361450195,5.4048967361450195,200,,
2019-09-30,5.4048967361450195,5.4048967361450195,5.4048967361450195,5.4048967361450195,0,,
2019-10-01,5.4048967361450195,5.4048967361450195,5.4048967361450195,5.4048967361450195,0,,
2019-10-02,5.4048967361450195,5.4048967361450195,5.4048967361450195,5.4048967361450195,0,,
2019-10-03,5.4048967361450195,5.4048967361450195,5.4048967361450195,5.4048967361450195,0,,
2019-10-04,5.183244829235343,5.183244829235343,4.901917457580566,4.901917457580566,300,,
2019-10-07,5.268495082855225,5.268495082855225,5.268495082855225,5.268495082855225,300,,
2019-10-08,5.268495082855225,5.268495082855225,5.268495082855225,5.268495082855225,100,,
2019-10-09,5.328171139223936,5.490147590637207,4.995693373958377,5.490147590637207,1700,,
2019-10-10,5.3707966804504395,5.3707966804504395,5.3707966804504395,5.3707966804504395,200,,
2019-10-11,5.3707966804504395,5.3707966804504395,5.3707966804504395,5.3707966804504395,0,,
2019-10-14,5.362271324467477,5.362271324467477,5.123569488525391,5.123569488525391,700,,
2019-10-15,5.123569385625615,5.123569385625615,5.115044116973877,5.115044116973877,700,,
2019-10-16,5.01274316396797,5.3281707763671875,4.9956930337438825,5.3281707763671875,1700,,
2019-10-17,5.2002949714660645,5.2002949714660645,5.2002949714660645,5.2002949714660645,200,,
2019-10-18,5.2002949714660645,5.2002949714660645,5.2002949714660645,5.2002949714660645,100,,
2019-10-21,5.2002949714660645,5.2002949714660645,5.2002949714660645,5.2002949714660645,100,,
2019-10-22,5.2002949714660645,5.2002949714660645,5.2002949714660645,5.2002949714660645,0,,
2019-10-23,5.2002949714660645,5.2002949714660645,5.2002949714660645,5.2002949714660645,0,,
2019-10-24,5.2002949714660645,5.2002949714660645,5.2002949714660645,5.2002949714660645,0,,
2019-10-25,5.2002949714660645,5.2002949714660645,5.2002949714660645,5.2002949714660645,0,,
2019-10-28,5.2002949714660645,5.2002949714660645,5.2002949714660645,5.2002949714660645,100,,
2019-10-29,5.217344760894775,5.217344760894775,5.217344760894775,5.217344760894775,600,,
2019-10-30,5.217344760894775,5.217344760894775,5.217344760894775,5.217344760894775,0,,
2019-10-31,5.217344760894775,5.217344760894775,5.217344760894775,5.217344760894775,100,,
2019-11-01,5.115044016961057,5.183244538812723,4.987167835235596,4.987167835235596,900,,
2019-11-04,5.626548295465375,5.626548295465375,5.217344760894775,5.217344760894775,1000,,
2019-11-05,4.901917457580566,4.901917457580566,4.901917457580566,4.901917457580566,500,,
2019-11-06,5.336696194550254,5.336696194550254,4.918967382572409,4.9360175132751465,700,,
2019-11-07,4.927492515379287,4.9701176377078236,4.918967247009277,4.918967247009277,1500,,
2019-11-08,4.918967247009277,4.918967247009277,4.918967247009277,4.918967247009277,0,,
2019-11-11,4.901917457580566,4.901917457580566,4.901917457580566,4.901917457580566,400,,
2019-11-12,4.901917457580566,4.901917457580566,4.901917457580566,4.901917457580566,0,,
2019-11-13,4.953067779541016,4.953067779541016,4.953067779541016,4.953067779541016,500,,
2019-11-14,4.953067779541016,4.953067779541016,4.953067779541016,4.953067779541016,0,,
2019-11-15,4.867816822420202,4.867816822420202,4.6887902529681185,4.739940643310547,1900,,
2019-11-18,4.739940643310547,4.739940643310547,4.739940643310547,4.739940643310547,100,,
2019-11-19,4.30516249911539,4.68026539447133,4.30516249911539,4.671740531921387,1400,,
2019-11-20,4.671740531921387,4.671740531921387,4.671740531921387,4.671740531921387,100,,
2019-11-21,4.671740531921387,4.671740531921387,4.671740531921387,4.671740531921387,0,,
2019-11-22,4.433038234710693,4.433038234710693,4.433038234710693,4.433038234710693,1000,,
2019-11-25,4.441563129425049,4.441563129425049,4.441563129425049,4.441563129425049,400,,
2019-11-26,4.458613360494449,4.56943941116333,4.433037961683487,4.56943941116333,500,,
2019-11-27,4.433038234710693,4.671740481121515,4.433038234710693,4.433038234710693,5600,,
2019-11-29,4.654690265655518,4.654690265655518,4.654690265655518,4.654690265655518,300,,
2019-12-02,5.609498412102725,5.6265485431893785,4.774041175842285,4.774041175842285,5600,,
2019-12-03,4.8422415260848215,5.038318229784951,4.75699087371676,4.867816925048828,5200,,
2019-12-04,4.612064838409424,4.612064838409424,4.612064838409424,4.612064838409424,300,,
2019-12-05,4.475663764547612,4.5182892963366585,4.475663764547612,4.484189033508301,1000,,
2019-12-06,4.484189033508301,4.484189033508301,4.484189033508301,4.484189033508301,0,,
2019-12-09,4.4756636298521055,4.4841888985562255,4.415987968444824,4.415987968444824,1800,,
2019-12-10,4.68879058226436,4.8422417640686035,4.68879058226436,4.8422417640686035,2500,,
2019-12-11,5.447522123355513,5.447522123355513,5.1150443541573045,5.14061975479126,6200,,
2019-12-12,5.157669479907262,5.157669479907262,4.509763717651367,4.509763717651367,9200,,
2019-12-13,4.509763717651367,4.509763717651367,4.509763717651367,4.509763717651367,0,,
2019-12-16,4.910442602660544,5.302595615386963,4.816666678972371,5.302595615386963,4800,,
2019-12-17,5.183244562922684,5.456047058105469,5.183244562922684,5.456047058105469,1800,,
2019-12-18,5.1150443541573045,5.14061975479126,5.1150443541573045,5.14061975479126,2600,,
2019-12-19,5.1491443785664615,5.251445163344215,5.115044116973877,5.115044116973877,1500,,
2019-12-20,5.115044014826877,5.3111207183221945,5.115044014826877,5.157669544219971,1100,,
2019-12-23,5.1576698805749075,5.1832448746728845,4.731416184874741,4.791091442108154,11100,,
2019-12-24,4.791091442108154,4.791091442108154,4.791091442108154,4.791091442108154,0,,
2019-12-26,4.89339188570375,4.901917154138738,4.688790321350098,4.688790321350098,1300,,
2019-12-27,4.901917083297996,4.901917083297996,4.569439342774573,4.620589733123779,11500,,
2019-12-30,4.620589733123779,4.620589733123779,4.620589733123779,4.620589733123779,0,,
2019-12-31,4.663214819528525,4.859291517622465,4.560914039611816,4.560914039611816,1300,,
2020-01-02,4.893392188617841,4.901917457580566,4.893392188617841,4.901917457580566,400,,
2020-01-03,4.56091420835978,5.0212681415246365,4.535339215687943,4.637639999389648,4500,,
2020-01-06,4.918967619033035,5.012743545659603,4.918967619033035,4.961593151092529,1500,,
2020-01-07,5.029793540115287,5.063893802230738,4.680265243671131,4.94454288482666,7800,,
2020-01-08,5.1150443484020105,5.1150443484020105,4.791091442108154,4.791091442108154,5500,,
2020-01-09,4.94454288482666,4.94454288482666,4.94454288482666,4.94454288482666,100,,
2020-01-10,4.782566444639207,4.782566444639207,4.774041175842285,4.774041175842285,1400,,
2020-01-13,4.8592915534973145,4.8592915534973145,4.8592915534973145,4.8592915534973145,800,,
2020-01-14,4.731415900300119,5.456047058105469,4.731415900300119,5.456047058105469,9200,,
2020-01-15,4.927492703423346,5.456047167319635,4.927492703423346,5.294070720672607,18300,,
2020-01-16,5.3452210236509154,6.044277191162109,5.3452210236509154,6.044277191162109,5400,,
2020-01-17,5.797050315409322,6.138052940368652,5.797050315409322,6.138052940368652,4000,,
2020-01-21,6.095427643441766,6.291504350512161,6.095427643441766,6.231828689575195,10200,,
2020-01-22,5.737374415305778,5.967551380879412,5.208819961989611,5.456047058105469,35200,,
2020-01-23,5.387846716429703,5.387846716429703,5.242920398712158,5.242920398712158,800,,
2020-01-24,5.1235694568840096,5.234395105347676,4.73141603660805,5.063893795013428,15100,,
2020-01-27,4.731415916926793,4.9019172229482075,4.697315655722511,4.756990909576416,5600,,
2020-01-28,4.808141438015594,4.808141438015594,4.774041175842285,4.774041175842285,500,,
2020-01-29,4.731415748596191,4.731415748596191,4.731415748596191,4.731415748596191,900,,
2020-01-30,4.765516111236304,4.765516111236304,4.688790321350098,4.688790321350098,2300,,
2020-01-31,4.595014403467118,5.353746221270526,4.518289020048579,4.56943941116333,8600,,
2020-02-03,4.65469012261557,5.115044055049445,4.5694394696661815,4.927492618560791,6500,,
2020-02-04,4.927492618560791,4.927492618560791,4.927492618560791,4.927492618560791,0,,
2020-02-05,4.731415944842294,4.9360175132751465,4.731415944842294,4.9360175132751465,700,,
2020-02-06,4.7484660148620605,4.7484660148620605,4.7484660148620605,4.7484660148620605,1000,,
2020-02-07,4.893392125292276,4.901917394144675,4.688790550920993,4.833716869354248,4300,,
2020-02-10,4.833716869354248,4.833716869354248,4.833716869354248,4.833716869354248,0,,
2020-02-11,4.791091170780699,4.833716700539642,4.756990909576416,4.756990909576416,3700,,
2020-02-12,4.756990909576416,4.756990909576416,4.756990909576416,4.756990909576416,0,,
2020-02-13,4.671740531921387,4.671740531921387,4.671740531921387,4.671740531921387,200,,
2020-02-14,4.424513194600947,4.697315692901611,4.424513194600947,4.697315692901611,300,,
2020-02-18,4.518289089202881,4.518289089202881,4.518289089202881,4.518289089202881,200,,
2020-02-19,4.7569910447556305,4.918967493332442,4.646164989438783,4.774041175842285,1700,,
2020-02-20,4.756990947146809,4.756990947146809,4.646164894104004,4.646164894104004,600,,
2020-02-21,4.603539567536398,4.603539567536398,4.441563129425049,4.441563129425049,700,,
2020-02-24,4.415987968444824,4.415987968444824,4.415987968444824,4.415987968444824,300,,
2020-02-25,4.475663661956787,4.475663661956787,4.475663661956787,4.475663661956787,200,,
2020-02-26,4.475663661956787,4.475663661956787,4.475663661956787,4.475663661956787,0,,
2020-02-27,4.43303819371347,4.5438642501831055,4.43303819371347,4.5438642501831055,1200,,
2020-02-28,4.407463073730469,4.407463073730469,4.407463073730469,4.407463073730469,600,,
2020-03-02,4.407463073730469,4.995693195237758,4.407463073730469,4.407463073730469,12500,,
2020-03-03,4.518288917611257,4.518288917611257,4.407462869454992,4.441563129425049,8000,,
2020-03-04,4.441563129425049,4.441563129425049,4.441563129425049,4.441563129425049,0,,
2020-03-05,4.43303807205693,4.43303807205693,4.288112163543701,4.288112163543701,2000,,
2020-03-06,4.288112163543701,4.288112163543701,4.288112163543701,4.288112163543701,500,,
2020-03-09,4.049409956495689,4.049409956495689,3.589056015014648,3.5890560150146484,10800,,
2020-03-10,3.256578030895696,3.4441296729085025,3.256578030895696,3.410029411315918,16300,,
2020-03-11,3.077551547659399,3.392979383468628,3.077551547659399,3.392979383468628,6300,,
2020-03-12,3.307728746648796,3.324778878064215,2.5660472170636903,2.6853983402252197,14000,,
2020-03-13,2.736548557400102,2.983775650180171,2.6853981664635884,2.958200454711914,5300,,
2020-03-16,3.179852515385524,3.580530801559587,2.6853983044232868,2.7109735012054443,15200,,
2020-03-17,2.9326253425125515,2.9411504079106976,2.4978466006999156,2.5575220584869385,14900,,
2020-03-18,2.4722713054240675,2.8388493061065674,2.412595646775079,2.8388493061065674,5400,,
2020-03-19,2.668348038400255,2.753598690032959,2.446695937648052,2.753598690032959,13200,,
2020-03-20,2.958200557770794,3.3844542369322297,2.941150426864624,2.941150426864624,4300,,
2020-03-23,2.6427727294994634,2.941150426864624,2.4637463549846785,2.941150426864624,900,,
2020-03-24,2.7535988610112176,2.9752507722727897,2.6939234011629174,2.7450737953186035,1300,,
2020-03-25,2.7535986880211403,2.9837756505148567,2.7535986880211403,2.8729496002197266,1200,,
2020-03-26,2.7706487855813697,2.7706487855813697,2.4807963704149167,2.6342475414276123,2600,,
2020-03-27,2.770648888538947,2.770648888538947,2.693923300181469,2.7621238231658936,1000,,
2020-03-30,2.8985249999808294,2.8985249999808294,2.762123754165802,2.8132741451263428,1600,,
2020-03-31,2.6939233316089672,2.7962241172790527,2.6939233316089672,2.7962241172790527,600,,
2020-04-01,2.8473744795494467,2.8985250750890157,2.7024483680725098,2.7024483680725098,2500,,
2020-04-02,2.7024483680725098,2.7024483680725098,2.7024483680725098,2.7024483680725098,0,,
2020-04-03,2.7024483680725098,2.7024483680725098,2.7024483680725098,2.7024483680725098,0,,
2020-04-06,2.728023663933375,2.7450737953186035,2.7194985982407602,2.7450737953186035,600,,
2020-04-07,2.7450737953186035,2.7450737953186035,2.7450737953186035,2.7450737953186035,0,,
2020-04-08,2.8985251761253648,2.8985251761253648,2.8047492504119873,2.8047492504119873,700,,
2020-04-09,2.7791738841386016,2.8985249996185303,2.6939232325483564,2.8985249996185303,2700,,
2020-04-13,2.8132741451263428,2.8132741451263428,2.7706488193258925,2.8132741451263428,900,,
2020-04-14,2.898525034054938,2.898525034054938,2.830324308718886,2.847374439239502,2600,,
2020-04-15,2.8985250908931004,3.5890560002796636,2.8985250908931004,3.145752191543579,7400,,
2020-04-16,3.1969025135040283,3.1969025135040283,3.1542771873080255,3.1969025135040283,2800,,
2020-04-17,3.1457521610183905,3.1457521610183905,3.0264010429382324,3.0264010429382324,500,,
2020-04-20,3.2139526456021157,3.2139526456021157,3.1372270584106445,3.1372270584106445,1200,,
2020-04-21,3.145752191543579,3.2821532383832404,3.145752191543579,3.145752191543579,2400,,
2020-04-22,2.9667255878448486,2.9667255878448486,2.9667255878448486,2.9667255878448486,200,,
2020-04-23,3.0946017764607285,3.307728613850467,2.8217992782592773,2.8217992782592773,3500,,
2020-04-24,2.8217992782592773,2.8217992782592773,2.8217992782592773,2.8217992782592773,0,,
2020-04-27,3.0690263378331526,3.0690263378331526,2.872949633683711,2.9326252937316895,1100,,
2020-04-28,2.9496755599975586,2.9496755599975586,2.9496755599975586,2.9496755599975586,500,,
2020-04-29,2.941150426864624,2.941150426864624,2.941150426864624,2.941150426864624,300,,
2020-04-30,3.069026470184326,3.069026470184326,2.9411504858245774,3.069026470184326,7500,,
2020-05-01,2.958200420519493,3.000825745807236,2.898524965116654,2.9837756156921387,6100,,
2020-05-04,2.9837756156921387,2.9837756156921387,2.9837756156921387,2.9837756156921387,0,,
2020-05-05,2.9582005518201573,3.0605013370513916,2.9582005518201573,3.0605013370513916,300,,
2020-05-06,3.000825780492342,3.000825780492342,2.958200454711914,2.958200454711914,700,,
2020-05-07,2.958200454711914,2.958200454711914,2.958200454711914,2.958200454711914,0,,
2020-05-08,2.898525139202325,3.1542773095428602,2.608672503329935,2.830324411392212,16100,,
2020-05-11,2.992300860467536,3.009350991606665,2.830324411392212,2.830324411392212,1700,,
2020-05-12,2.830324411392212,2.830324411392212,2.830324411392212,2.830324411392212,0,,
2020-05-13,2.804749179594961,2.8558995723724365,2.804749179594961,2.8558995723724365,600,,
2020-05-14,2.770648956298828,2.770648956298828,2.770648956298828,2.770648956298828,200,,
2020-05-15,2.770648956298828,2.770648956298828,2.770648956298828,2.770648956298828,0,,
2020-05-18,2.770648956298828,2.770648956298828,2.770648956298828,2.770648956298828,0,,
2020-05-19,2.7450737953186035,2.7450737953186035,2.6939234011629174,2.7450737953186035,1200,,
2020-05-20,2.6853983412125464,2.7791740640318268,2.6512978751155725,2.659822940826416,4500,,
2020-05-21,2.8047491180555295,2.8047491180555295,2.642772674560547,2.642772674560547,2700,,
2020-05-22,2.642772674560547,2.796224052779667,2.642772674560547,2.642772674560547,11500,,
2020-05-26,2.7365486939726487,2.770648956298828,2.6939233660649244,2.770648956298828,2000,,
2020-05-27,2.736548729625989,2.966725706580175,2.736548729625989,2.7450737953186035,9400,,
2020-05-28,2.7450736235025035,2.924100195095604,2.6939232325483564,2.8985249996185303,2500,,
2020-05-29,2.9070501681578165,2.9070501681578165,2.7450737211225733,2.8814749717712402,2600,,
2020-06-01,2.7365485943238474,2.813274181763862,2.7280235290527344,2.7280235290527344,1800,,
2020-06-02,2.958200640887561,2.958200640887561,2.7450737953186035,2.7450737953186035,2900,,
2020-06-03,2.8047492504119873,2.8047492504119873,2.8047492504119873,2.8047492504119873,500,,
2020-06-04,2.8047492504119873,2.8047492504119873,2.8047492504119873,2.8047492504119873,0,,
2020-06-05,2.9326252937316895,3.0860764683458353,2.9326252937316895,2.9326252937316895,4700,,
2020-06-08,3.1031268894302997,3.478229974517853,2.881474983274821,3.299203395843506,23600,,
2020-06-09,3.154277270081564,3.35887904444506,2.8558995723724365,2.8558995723724365,10600,,
2020-06-10,3.0093509831603327,3.0093509831603327,2.975250720977783,2.975250720977783,900,,
2020-06-11,2.8814749390709897,2.890000004436436,2.770648886066602,2.8217992782592773,3700,,
2020-06-12,2.7706489973023127,2.830324457256278,2.642772808433074,2.6853983402252197,15200,,
2020-06-15,2.7706488203595,2.9582004572050344,2.719498429379877,2.753598690032959,32300,,
2020-06-16,2.8132741712328273,3.657256442928034,2.8047491059936265,3.1969025135040283,120100,,
2020-06-17,4.492713553936271,4.68879025352582,3.196902445585786,4.211386203765869,233100,,
2020-06-18,4.092035332017191,4.092035332017191,3.2310027366628185,3.5720057487487793,28000,,
2020-06-19,3.49528011294131,3.5975808991135185,3.1542772891136863,3.1798524856567383,37600,,
2020-06-22,3.4611799087231216,3.810707803906,3.205427735765172,3.392979383468628,16800,,
2020-06-23,3.2480530025306047,3.4782299741585314,3.1542772820818024,3.3247787952423096,8900,,
2020-06-24,3.4185546145707613,3.5805306507833468,3.256577968597412,3.256577968597412,26600,,
2020-06-25,3.171327372064403,3.785132689553022,3.171327372064403,3.5549557209014893,10300,,
2020-06-26,3.6657816704113415,3.751032321849639,3.2906781943220746,3.4526548385620117,20700,,
2020-06-29,3.5208553901932933,3.9130087967115728,3.4867551293227628,3.5805306434631348,49400,,
2020-06-30,3.3588790405729747,3.5634806114470146,2.864424634533266,2.941150426864624,41600,,
2020-07-01,2.941150426864624,3.026401081395474,2.6598228604056335,2.941150426864624,34200,,
2020-07-02,2.9923007863350777,3.0860765052770516,2.8900000020347423,2.907050132751465,9400,,
2020-07-06,3.0860764310314015,3.1372270252045653,3.017875909805298,3.017875909805298,4800,,
2020-07-07,3.103126841826174,3.103126841826174,2.8217992782592773,2.8217992782592773,11000,,
2020-07-08,2.949675464626653,2.949675464626653,2.693923300181469,2.7621238231658936,15500,,
2020-07-09,2.7962240476776543,2.898525034054938,2.659822800259139,2.847374439239502,9100,,
2020-07-10,2.6683481693202897,3.0434512581618596,2.6683481693202897,2.770648956298828,17600,,
2020-07-13,2.881474869660649,2.8899999348207395,2.7280234935254417,2.8132741451263428,9500,,
2020-07-14,2.7706489923964464,2.779174058089061,2.728023663933375,2.7450737953186035,7100,,
2020-07-15,2.8814749390709897,2.8814749390709897,2.8217992782592773,2.8217992782592773,900,,
2020-07-16,2.8132741447746996,2.9326252602546283,2.8132741447746996,2.8985249996185303,5400,,
2020-07-17,2.8985249996185303,2.9326252602546283,2.8985249996185303,2.8985249996185303,3000,,
2020-07-20,2.8900000372334325,2.8985251026956242,2.872949703055455,2.8814749717712402,1500,,
2020-07-21,2.881474965737247,3.009350947402348,2.881474965737247,3.000825881958008,7700,,
2020-07-22,2.932625349950768,3.205427646636963,2.932625349950768,3.205427646636963,18400,,
2020-07-23,3.128702023696976,3.2395278729438717,3.120176958370292,3.2310028076171875,3800,,
2020-07-24,3.341828971360371,3.341828971360371,3.1542773246765137,3.1542773246765137,3300,,
2020-07-27,3.3759290501500296,3.563480483377399,3.1713272833756765,3.3077285289764404,9500,,
2020-07-28,3.299203419579869,3.5379056616987556,3.1883775673315817,3.4782299995422363,12200,,
2020-07-29,3.4867553089471546,3.4867553089471546,3.392979383468628,3.392979383468628,700,,
2020-07-30,3.495279963782794,3.495279963782794,3.051976169447032,3.0775513648986816,7200,,
2020-07-31,2.8558995327895453,3.128702030328881,2.8558995327895453,3.0264010429382324,11700,,
2020-08-03,3.0093510101097207,3.09460186958313,3.0093510101097207,3.09460186958313,3000,,
2020-08-04,3.213952755563351,3.213952755563351,3.034926176071167,3.034926176071167,300,,
2020-08-05,3.3588789191350266,3.3588789191350266,3.188377412984098,3.2821531295776367,4600,,
2020-08-06,3.2992033325125116,3.324778731763843,3.1713273525238037,3.1713273525238037,3200,,
2020-08-07,3.1969025135040283,3.1969025135040283,3.1969025135040283,3.1969025135040283,7700,,
2020-08-10,3.299203259867371,3.503805229851354,3.188377412984098,3.2821531295776367,38700,,
2020-08-11,3.4015042797151747,3.5038052657554624,3.299203293674887,3.3418288230895996,2600,,
2020-08-12,3.2992033992859735,3.3418289300651756,3.239527940750122,3.239527940750122,3600,,
2020-08-13,3.3333039339628776,3.4356049254079433,3.2480530738830566,3.2480530738830566,2600,,
2020-08-14,3.2821531295776367,3.2821531295776367,3.2821531295776367,3.2821531295776367,300,,
2020-08-17,3.2821531295776367,3.2821531295776367,3.2821531295776367,3.2821531295776367,0,,
2020-08-18,3.2821531295776367,3.2821531295776367,3.2821531295776367,3.2821531295776367,200,,
2020-08-19,3.179852456408091,3.265103110767453,3.000825878999838,3.0605013370513916,8500,,
2020-08-20,2.949675564536849,3.0008259585077126,2.8729497703269553,2.890000104904175,6700,,
2020-08-21,2.890000104904175,2.890000104904175,2.890000104904175,2.890000104904175,0,,
2020-08-24,3.0349262269759523,3.0349262269759523,2.7706489876993405,2.8047492504119873,14600,,
2020-08-25,2.787699087461918,2.787699087461918,2.770648956298828,2.770648956298828,500,,
2020-08-26,2.847374474355615,2.847374474355615,2.770648886066602,2.8217992782592773,5100,,
2020-08-27,2.8217992782592773,2.8217992782592773,2.8217992782592773,2.8217992782592773,0,,
2020-08-28,2.779173851057392,2.9923006807496875,2.779173851057392,2.9837756156921387,1600,,
2020-08-31,2.847374439239502,2.847374439239502,2.847374439239502,2.847374439239502,300,,
2020-09-01,2.719498562809559,2.787699087461918,2.719498562809559,2.770648956298828,1100,,
2020-09-02,2.7365485260365596,2.7365485260365596,2.7194983959198,2.7194983959198,1600,,
2020-09-03,2.84737445784853,3.7339822669829275,2.7280235434242006,3.375929117202759,89200,,
2020-09-04,3.375929091649537,3.410029352655518,2.9837756835735783,2.9923007488250732,39800,,
2020-09-08,3.1713273878260155,3.384454226766579,2.983775745167889,3.145752191543579,19400,,
2020-09-09,3.0264009413001633,3.051976136475515,2.924100160598755,2.924100160598755,6300,,
2020-09-10,3.196902624493009,3.2224778210985217,2.9667256517898,3.034926176071167,7000,,
2020-09-11,3.0519762055855404,3.1287019961025857,2.949675422567597,2.9923007488250732,2800,,
2020-09-14,2.8729495989462412,3.1201768948980395,2.8644245337929783,3.017875909805298,2300,,
2020-09-15,2.8900000655214093,2.975250720977783,2.847374534539627,2.975250720977783,2200,,
2020-09-16,2.8388493061065674,2.8388493061065674,2.8388493061065674,2.8388493061065674,1000,,
2020-09-17,2.8303242744345174,2.8729496002197266,2.779173883492266,2.8729496002197266,1400,,
2020-09-18,2.8217993072678413,2.966725623223879,2.8217993072678413,2.941150426864624,3300,,
2020-09-21,2.8132742450578734,2.8558995723724365,2.7962241141320483,2.8558995723724365,3000,,
2020-09-22,2.9923007519183256,3.111651868816225,2.81327417819827,2.847374439239502,11700,,
2020-09-23,2.8303243759836985,3.069026412198845,2.804749179594961,2.8558995723724365,5400,,
2020-09-24,2.838849406630984,2.966725590259994,2.8217992759142616,2.907050132751465,3100,,
2020-09-25,2.8217991759935948,2.8388493061065674,2.813274110937108,2.8388493061065674,2500,,
2020-09-28,2.898524998619315,2.958200454711914,2.7706488180244446,2.958200454711914,4500,,
2020-09-29,2.9837757510693277,3.1969025904314226,2.8303243698176135,3.000825881958008,11600,,
2020-09-30,3.060501440653142,3.060501440653142,2.881475060438218,3.0434513092041016,8600,,
2020-10-01,2.8900000020347423,2.9155751981098263,2.8217992759142616,2.907050132751465,4700,,
2020-10-02,2.941150391790585,2.9837757185476907,2.8303243389685186,2.9667255878448486,2400,,
2020-10-05,2.838849373979194,3.043451143480173,2.830324308718886,2.847374439239502,13000,,
2020-10-06,2.9326253793121504,3.4952801091573646,2.8985251172916637,3.239527940750122,208500,,
2020-10-07,3.239527990519032,3.239527990519032,2.9496755556382963,3.0093510150909424,27100,,
2020-10-08,3.000825846903968,3.0946017689498615,2.8814749320774005,3.0264010429382324,12100,,
2020-10-09,3.0178760851870887,3.0605014134305453,2.907050231754102,2.9496755599975586,6600,,
2020-10-12,3.0605014134305453,3.111652010576291,2.907050231754102,2.9496755599975586,11400,,
2020-10-13,2.9070500304818534,2.975250550949459,2.9070500304818534,2.924100160598755,8800,,
2020-10-14,2.907050165052284,2.9496754923177093,2.907050165052284,2.941150426864624,8900,,
2020-10-15,2.9837758280593274,2.9837758280593274,2.8388495085124372,2.864424705505371,20900,,
2020-10-16,2.8985250327063237,2.941150358988031,2.881474902193641,2.9326252937316895,4800,,
2020-10-19,3.043451173627742,3.410029389959381,2.8473744674447907,3.0264010429382324,58900,,
2020-10-20,3.162802322398537,3.3759291613391,2.966725614312931,3.145752191543579,56100,,
2020-10-21,3.069026420815173,3.495280101664702,3.069026420815173,3.3844542503356934,40000,,
2020-10-22,3.5208553884329237,3.998259446888836,3.4100293374055224,3.7510323524475098,104400,,
2020-10-23,3.751032316454917,3.9044834888231597,3.6146308678426413,3.8107075691223145,9800,,
2020-10-26,3.6146309078090226,3.6572564371917564,3.341828820582485,3.486755132675171,28200,,
2020-10-27,3.5123300887990854,3.9044834916414963,3.469704966364058,3.5464303493499756,56500,,
2020-10-28,3.5975808827223017,4.245486671875361,3.5975808827223017,4.177286148071289,51600,,
2020-10-29,4.236961389260427,4.595014544565542,3.725457055899057,3.7339823246002197,111700,,
2020-10-30,3.8362830023210597,4.083510096616732,3.8362830023210597,3.895958662033081,8800,,
2020-11-02,3.6487317646107114,3.6487317646107114,3.333303928375244,3.333303928375244,5800,,
2020-11-03,3.324778791927766,3.4441297087436213,3.2992033922136312,3.3844542503356934,14900,,
2020-11-04,3.2565779646305253,3.478229863725722,3.2565779646305253,3.461179733276367,1300,,
2020-11-05,3.6402064080369625,3.7169322004580803,3.4952800919113787,3.5634806156158447,7800,,
2020-11-06,3.5634806156158447,3.5634806156158447,3.5634806156158447,3.5634806156158447,0,,
2020-11-09,3.5634806036660156,3.930059027109011,3.5634806036660156,3.8277578353881836,12400,,
2020-11-10,3.8874335919788496,4.006784510987177,3.8874335919788496,3.955634117126465,1400,,
2020-11-11,4.049409765028566,4.177285944173006,3.9897341063592484,4.092035293579102,6600,,
2020-11-12,4.373362923624266,4.373362923624266,4.066460155341723,4.245486736297607,4600,,
2020-11-13,4.330737078224434,4.330737078224434,4.049409730415651,4.151710510253906,2700,,
2020-11-16,4.151710510253906,4.151710510253906,4.151710510253906,4.151710510253906,0,,
2020-11-17,4.2369612302600625,4.288112027533132,4.194336107875399,4.271061897277832,13700,,
2020-11-18,4.356312784149275,4.603539889475061,4.305162390617098,4.364837646484375,10800,,
2020-11-19,4.22843636684471,4.450088060082811,4.22843636684471,4.3904128074646,4200,,
2020-11-20,4.475663764547612,4.629114947275225,4.347787575687669,4.484189033508301,23100,,
2020-11-23,4.646164894104004,4.646164894104004,4.390412933051971,4.646164894104004,2700,,
2020-11-24,4.373362997443903,4.612064838409424,4.373362997443903,4.612064838409424,2000,,
2020-11-25,4.663215029961434,4.671740298592788,4.450088192263784,4.526813983917236,1500,,
2020-11-27,4.526813983917236,4.526813983917236,4.526813983917236,4.526813983917236,100,,
2020-11-30,4.458613432681718,4.603539746440198,4.347787380218506,4.347787380218506,3700,,
2020-12-01,4.637639933955513,4.637639933955513,4.398937702178955,4.398937702178955,1500,,
2020-12-02,4.441563445302099,4.833716869354248,4.441563445302099,4.833716869354248,8200,,
2020-12-03,4.910442352294922,4.936017344219509,4.577964205217942,4.910442352294922,8300,,
2020-12-04,4.970117603820022,5.123569181376549,4.936017343586831,5.0297932624816895,15900,,
2020-12-07,5.336696387169274,5.362271380892876,5.072418741977414,5.311120986938477,3500,,
2020-12-08,5.20881986479857,5.3281707763671875,5.200294596432941,5.3281707763671875,3600,,
2020-12-09,5.277020387094866,5.285545248955586,5.115043946669472,5.20881986618042,4300,,
2020-12-10,5.20881986618042,5.20881986618042,5.20881986618042,5.20881986618042,100,,
2020-12-11,5.157669474126306,5.3281707763671875,5.1150439453125,5.3281707763671875,4100,,
2020-12-14,5.174719740428933,5.242920263118741,4.970117765852329,5.225870132446289,5000,,
2020-12-15,4.987167830315912,5.277020454406738,4.697315612732262,5.277020454406738,18000,,
2020-12-16,5.319645800970298,5.541297912597656,5.115044227013222,5.541297912597656,11400,,
2020-12-17,5.677698929599248,5.711799191731415,5.456047225740163,5.481622219085693,13000,,
2020-12-18,5.490147455336378,5.66064876498678,5.473097324371338,5.473097324371338,3200,,
2020-12-21,5.515722614684662,5.566873415627824,5.49014762072028,5.54982328414917,2800,,
2020-12-22,5.379321291850695,5.754424571990967,5.379321291850695,5.754424571990967,2800,,
2020-12-23,5.481622353866255,5.75442486413837,5.481622353866255,5.4986724853515625,1000,,
2020-12-24,5.498672246959037,5.5668731764506445,5.490147384839575,5.524247646331787,2400,,
2020-12-28,5.541297835018299,5.77147480575108,5.541297835018299,5.7629499435424805,3700,,
2020-12-29,5.822625227845099,6.479055881500244,5.814100365593571,6.479055881500244,27000,,
2020-12-30,7.4509137436508555,11.415073249228387,6.905309581964519,8.823451042175293,237800,,
2020-12-31,9.224129115079267,10.068111995584907,8.243746003914357,8.49949836730957,59600,,
2021-01-04,8.942801542200927,8.942801542200927,7.365663496734971,8.243745803833008,27900,,
2021-01-05,7.416813681160016,9.036578111859374,7.246312376090176,7.340087890625,20300,,
2021-01-06,7.37418826192623,8.226695613039753,7.37418826192623,8.056194305419922,18900,,
2021-01-07,8.218171633627572,8.780826387883645,8.167020831870468,8.525074005126953,18400,,
2021-01-08,8.252271072109282,8.52507315283543,7.672565837551888,8.243745803833008,6600,,
2021-01-11,8.26932142327158,8.508023262023926,7.502065106488985,8.508023262023926,6200,,
2021-01-12,8.269321133069655,8.525073500693326,8.149970624389141,8.397197723388672,3600,,
2021-01-13,8.269320949596395,9.590707475488836,8.269320949596395,9.377580642700195,39500,,
2021-01-14,9.420206756894222,9.420206756894222,8.814926481663523,8.866076469421387,8800,,
2021-01-15,9.795309495826949,13.640117933438331,9.121828705384008,9.488407135009766,472400,,
2021-01-19,10.161887233516902,10.161887233516902,8.976901776051433,9.462831497192383,71900,,
2021-01-20,9.633333397280248,10.221563122025373,9.011002597405295,9.88908576965332,80000,,
2021-01-21,9.795309146782913,9.795309146782913,9.309380222884267,9.334955215454102,21800,,
2021-01-22,9.403156154503362,9.403156154503362,9.079203253204916,9.266755104064941,10200,,
2021-01-25,9.164454207437469,10.21303787999504,9.164454207437469,9.965810775756836,40100,,
2021-01-26,9.957285709777175,10.076636213672812,9.590707303779249,9.880559921264648,6200,,
2021-01-27,9.386106019554083,9.880560212294021,7.808967113494873,7.808967113494873,85900,,
2021-01-28,8.721150231915734,8.738200770006564,8.294896535817854,8.328997611999512,15900,,
2021-01-29,8.883126762131324,9.096253602272643,8.286371772338507,8.354572296142578,21400,,
2021-02-01,8.56769895501632,8.789351059197228,8.226695530196226,8.516548156738281,21900,,
2021-02-02,8.695575215671319,8.695575215671319,8.328997590809553,8.567699432373047,9600,,
2021-02-03,8.397197669924628,9.104778700935933,8.397197669924628,9.036578178405762,5300,,
2021-02-04,8.917227036758911,9.130353877204378,8.644424941153314,8.772300720214844,14400,,
2021-02-05,8.712625503540039,8.823451558622947,8.695574965982187,8.712625503540039,10000,,
2021-02-08,8.71262554477878,8.849026593829702,8.525073695826567,8.55064868927002,16400,,
2021-02-09,8.61884873204262,9.75268340517041,8.559173479672001,9.420206069946289,71200,,
2021-02-10,10.016961761142896,11.065545453126264,9.437256479907893,9.803834915161133,99000,,
2021-02-11,9.99138687792653,10.588141890681818,8.934277092258252,9.343481063842773,82200,,
2021-02-12,9.471356019672916,10.187462297584263,9.070678165186504,10.059586524963379,81200,,
2021-02-16,10.034011589604104,12.36135619292096,9.641858188204658,11.71345043182373,184900,,
2021-02-17,10.750116998131908,12.36135612346134,10.528465713119358,11.69640064239502,166400,,
2021-02-18,11.338347463013738,11.977727949879013,10.357963562011719,10.357963562011719,77400,,
2021-02-19,11.082595341696571,11.184896124212049,9.531032254023643,9.556607246398926,67900,,
2021-02-22,9.275280036251319,9.548082127224651,9.079202923603464,9.215604782104492,21300,,
2021-02-23,8.934276707703765,8.976902238140374,7.126961209115165,8.414247512817383,53300,,
2021-02-24,8.30342145888795,9.096253560760003,8.30342145888795,8.414247512817383,20600,,
2021-02-25,8.525073687335775,8.67852527387242,8.124394996386966,8.132920265197754,16700,,
2021-02-26,8.013568438459572,8.482447624468387,8.013568438459572,8.243745803833008,9500,,
2021-03-01,8.516548571027899,8.942802263027467,8.29489645606467,8.448348045349121,23800,,
2021-03-02,8.610324733752849,8.66147472049577,8.19259550594231,8.371622085571289,13200,,
2021-03-03,8.328997693255952,8.525074005126953,7.928318987370949,8.525074005126953,11500,,
2021-03-04,8.593274144540354,8.593274144540354,7.5702654726692415,8.013568878173828,27000,,
2021-03-05,7.9112680399928585,7.9112680399928585,7.646991214788726,7.706666469573975,18600,,
2021-03-08,7.723716663747131,8.098819526180776,7.723716663747131,8.081768989562988,2700,,
2021-03-09,8.013568471729304,8.422772407531738,7.9368434959672856,8.422772407531738,9100,,
2021-03-10,8.184071110819865,9.488407164633085,8.184071110819865,8.490973472595215,35100,,
2021-03-11,9.002478268176315,9.002478268176315,8.644425104424084,8.849026679992676,7300,,
2021-03-12,9.155928443183202,9.565132380511848,8.525073220024806,8.840500831604004,36100,,
2021-03-15,8.576223919119592,9.22412885855066,8.576223919119592,8.883126258850098,26300,,
2021-03-16,8.235221218912283,8.780826238653008,8.167020693071493,8.209646224975586,15400,,
2021-03-17,8.328996864139885,9.15592837494932,8.192595010703968,8.823451042175293,37200,,
2021-03-18,8.84050153701704,9.590708137802425,8.533599169292549,8.567699432373047,36600,,
2021-03-19,8.61032417964009,9.369055167275928,8.354571823341153,9.121828079223633,13600,,
2021-03-22,9.121828219910894,9.121828219910894,8.7808256149292,8.7808256149292,11600,,
2021-03-23,9.036578254046518,9.590707707496101,8.704100094168147,8.814926147460938,90700,,
2021-03-24,8.99395296496276,10.426164801493508,8.746725858840268,9.326430320739746,110000,,
2021-03-25,9.445781658132985,9.445781658132985,8.473922957106783,8.670000076293945,23800,,
2021-03-26,8.6614741926784,9.121828110383296,8.47392235568327,8.721149444580078,18100,,
2021-03-29,8.610325070383988,8.652949789998093,7.970944519999467,8.525074005126953,26200,,
2021-03-30,8.260796295979318,8.780826327016532,8.098820248731037,8.405722618103027,10300,,
2021-03-31,8.354572296142578,8.397197826773716,8.337521758684373,8.354572296142578,2800,,
2021-04-01,8.814926275726716,9.718583626471844,8.294896263246343,8.951327323913574,48400,,
2021-04-05,8.780826154803146,9.548082469692558,8.695575091809037,8.849026679992676,31200,,
2021-04-06,8.806401170225152,8.806401170225152,8.320472223797136,8.508023262023926,8600,,
2021-04-07,8.593274152868482,9.462832053261,8.542124166383262,9.19002914428711,91000,,
2021-04-08,8.993952802633252,11.611150135349531,8.80640095595542,9.352005958557129,447000,,
2021-04-09,9.147403588618511,9.45430675875121,8.354572296142578,8.354572296142578,62000,,
2021-04-12,8.695574889681216,9.036578320716668,8.635899634781122,8.831975936889648,23300,,
2021-04-13,8.7552508274645,8.874601335490759,8.43982239421532,8.695574760437012,15000,,
2021-04-14,8.704100116396528,8.849026431609952,8.149970661531817,8.235220909118652,17800,,
2021-04-15,8.525073563918498,8.525073563918498,7.672566207526648,7.757817268371582,29800,,
2021-04-16,7.843067827489682,8.28637206065487,7.732241769198384,8.149971008300781,44100,,
2021-04-19,7.987993798354114,8.806400889581115,7.987993798354114,8.576224327087402,10300,,
2021-04-20,8.576223948963763,8.772300241220325,8.550648144136474,8.721149444580078,2800,,
2021-04-21,8.618849006533672,8.729675059476055,8.414247437877444,8.635899543762207,9200,,
2021-04-22,8.422773071481657,8.533599129226541,8.115870705198098,8.209646224975586,22400,,
2021-04-23,8.346046858790903,8.354572127347762,8.132920022955574,8.277846336364746,10800,,
2021-04-26,8.056194457275348,8.533598940624088,8.056194457275348,8.371622085571289,21900,,
2021-04-27,8.62737468951032,8.62737468951032,8.550648894325596,8.567699432373047,1000,,
2021-04-28,8.567699242850022,8.601799505176201,8.311946868896484,8.311946868896484,2200,,
2021-04-29,8.414247410146984,8.456872940063477,8.141445319504408,8.456872940063477,8400,,
2021-04-30,8.235220669292762,8.618848804797427,8.235220669292762,8.380146980285645,6400,,
2021-05-03,8.346046683816784,9.03657797517264,8.346046683816784,8.7808256149292,45600,,
2021-05-04,8.721150209728092,8.721150209728092,8.448348105084099,8.567699432373047,5200,,
2021-05-05,8.567698889146381,8.610324418547975,8.490973098826382,8.49949836730957,4500,,
2021-05-06,8.51654821287254,9.258229508199356,8.354572174450787,8.874601364135742,49300,,
2021-05-07,8.797875713424274,9.403155972809975,8.772300720214844,8.772300720214844,10900,,
2021-05-10,8.721149680800023,9.03657811143226,8.618848897762955,8.917226791381836,10300,,
2021-05-11,8.669999870547956,8.814926186025307,8.354572246572069,8.652949333190918,19200,,
2021-05-12,8.593273892741157,8.635899422198108,7.749291824153841,7.919793128967285,16600,,
2021-05-13,8.28637158218224,8.51654814148528,7.723716867203299,7.808967113494873,66300,,
2021-05-14,7.9709439326840394,7.9709439326840394,7.629940509796143,7.629940509796143,6100,,
2021-05-17,7.6725662710130385,7.877167843116602,7.6725662710130385,7.8260178565979,2600,,
2021-05-18,7.732241424679633,7.996519061601292,7.646991177263951,7.766341686248779,10000,,
2021-05-19,7.8942184208825,8.090294725227885,7.374188406199838,7.715191841125488,2300,,
2021-05-20,7.7748666512931255,8.533598457846796,7.7748666512931255,8.184070587158203,61700,,
2021-05-21,8.294895787733319,8.422772372838633,7.885692666630713,8.005043983459473,19800,,
2021-05-24,7.7748670444405885,8.08176940209761,7.7748670444405885,8.013568878173828,5000,,
2021-05-25,7.877167830326263,8.08176940209761,7.868642561582196,8.013568878173828,4400,,
2021-05-26,7.885693177154648,7.928318708282686,7.723717134485368,7.843067646026611,8400,,
2021-05-27,7.877167739602097,7.936843807108878,7.766341686248779,7.766341686248779,2000,,
2021-05-28,7.928318194999151,8.005043983459473,7.928318194999151,8.005043983459473,2000,,
2021-06-01,7.953893596487251,8.005044395766813,7.800442011662939,7.9368438720703125,2900,,
2021-06-02,7.911268092288154,8.601799413284422,7.911268092288154,8.013568878173828,27500,,
2021-06-03,8.013568876885442,8.337521771978512,8.013568876885442,8.115870475769043,8000,,
2021-06-04,8.25227168166839,9.548082473847783,8.25227168166839,9.266755104064941,76300,,
2021-06-07,9.155928817474447,9.266754871427022,8.81492619993912,9.172979354858398,5400,,
2021-06-08,9.479881220680763,10.119261705274456,9.096253092527414,9.462831497192383,15200,,
2021-06-09,9.522507413606904,9.522507413606904,9.2411800457898,9.24970531463623,5600,,
2021-06-10,9.42020675392148,11.074070720824837,8.942802261250494,9.386106491088867,191100,,
2021-06-11,9.394631462763547,10.153362490033246,8.917226985199719,9.172979354858398,18100,,
2021-06-14,9.25822953690077,9.25822953690077,8.900176384527567,9.053627967834473,9200,,
2021-06-15,9.198554683735924,9.241180215737584,8.525073879755794,8.806401252746582,12800,,
2021-06-16,9.087728536932218,9.522507495674565,8.286371957792355,8.61032485961914,18200,,
2021-06-17,8.704099890541382,9.028052774199862,8.652949092905056,8.79787540435791,13500,,
2021-06-18,8.797875776441861,9.036578424820918,8.661474727662046,8.89165210723877,7300,,
2021-06-21,8.763775514246907,8.976902356218963,8.763775514246907,8.89165210723877,8500,,
2021-06-22,8.874601660841147,9.761209300036267,8.874601660841147,9.505456924438477,109900,,
2021-06-23,9.283804963159497,9.982860702057257,9.147403109678708,9.641858100891113,12600,,
2021-06-24,10.247138725092745,10.247138725092745,9.556607414685464,9.633333206176758,7800,,
2021-06-25,15.293982805119034,21.312684433989652,12.889911448115216,15.82253646850586,13006900,,
2021-06-28,16.53864315058832,23.443953380635943,15.856637884472256,17.79183006286621,7936600,,
2021-06-29,17.450824759441392,18.627285805622762,15.771385875867956,18.073156356811523,736900,,
2021-06-30,16.734718053342444,17.638376987451547,15.967461787008926,16.461915969848633,173300,,
2021-07-01,16.623892712974303,20.204424101564854,15.771385394360237,19.437166213989258,436300,,
2021-07-02,19.437166578396166,20.980206024757088,18.10725559171315,20.008346557617188,528800,,
2021-07-06,18.917139525714465,20.24705060489531,17.348525790873953,17.43377685546875,154700,,
2021-07-07,17.646902794510346,17.894129080462783,17.34852489681984,17.68952751159668,65200,,
2021-07-08,17.698053025715023,17.698053025715023,16.913746187834555,17.544601440429688,82800,,
2021-07-09,17.578701438011944,19.95719598607261,17.152447783245712,18.567609786987305,260400,,
2021-07-12,18.96828766282979,19.778170258395782,17.561650925398705,18.30333137512207,123300,,
2021-07-13,17.953805045925787,18.388584006748154,17.561652429906864,17.936756134033203,43100,,
2021-07-14,17.936755327627036,18.235131597692682,17.25474847569295,17.391149520874023,38800,,
2021-07-15,17.43377617621615,17.43377617621615,15.29398250579834,15.29398250579834,101400,,
2021-07-16,15.353657832978268,16.54716781832203,15.353657832978268,16.385190963745117,26500,,
2021-07-19,15.993038796220933,16.86259672234841,15.583835640171108,16.359617233276367,53000,,
2021-07-20,16.112388239482897,17.050146629300144,15.73728455835026,16.223215103149414,32500,,
2021-07-21,15.993037429349018,18.022004124208607,15.779910600534711,16.964895248413086,101900,,
2021-07-22,16.930797244667552,18.269233583556883,16.521592462678093,18.03053092956543,99200,,
2021-07-23,18.41415879507413,18.448258243001924,17.527550384549652,17.894128799438477,41300,,
2021-07-26,18.11578206486065,20.630679519570474,18.11578206486065,19.582094192504883,128500,,
2021-07-27,19.266666009298866,19.4030670522013,17.493450825538524,18.75516128540039,59000,,
2021-07-28,18.59318566518287,19.8122714894132,18.59318566518287,19.07059097290039,74500,,
2021-07-29,18.925663571283774,19.394541957200207,17.92822991987233,18.729585647583008,31300,,
2021-07-30,18.345959003323237,18.729586344429226,18.260707941067874,18.559085845947266,12600,,
2021-08-02,18.857463186708717,20.247049443595476,18.652859993005006,20.068023681640625,44200,,
2021-08-03,20.87790502001909,20.87790502001909,19.06206506139033,19.599143981933594,34800,,
2021-08-04,19.59061779150438,19.94014566205385,18.934186765924665,19.437166213989258,19500,,
2021-08-05,19.513892490691926,19.573567744322506,18.533509374976994,19.351917266845703,43600,,
2021-08-06,19.44569142106823,20.51985083426308,18.48235886952029,19.283716201782227,116500,,
2021-08-09,19.394541811007613,19.974247057171553,18.704011327090544,19.172889709472656,52600,,
2021-08-10,20.068024813087003,20.068024813087003,19.40306846113113,19.522418975830078,27800,,
2021-08-11,19.778172165989645,20.14474897907797,19.616195306048137,19.940147399902344,19400,,
2021-08-12,20.247050370389932,20.451651947430417,19.624720370304857,20.443126678466797,27100,,
2021-08-13,20.46017705177774,21.866813898881706,20.46017705177774,20.886430740356445,107800,,
2021-08-16,20.460175970716755,20.460175970716755,18.77221184337951,19.854896545410156,33700,,
2021-08-17,20.068024134571637,20.068024134571637,18.993864660512838,19.837846755981445,37800,,
2021-08-18,19.539467810137378,20.247048819635058,18.840412068950357,18.959762573242188,35300,,
2021-08-19,18.75516244639521,19.82079667630403,17.433776651719793,19.607669830322266,82900,,
2021-08-20,19.403067529721802,20.306724867697127,18.900088061879707,20.042448043823242,26800,,
2021-08-23,19.667344243273817,20.886430010153497,19.34339216673224,20.221473693847656,12800,,
2021-08-24,20.545427060479867,21.645160675048828,19.991297618966595,21.645160675048828,19800,,
2021-08-25,21.167756897558505,21.474660056088887,20.65625217535076,20.929054260253906,18600,,
2021-08-26,20.75855454803688,21.73893768715375,20.75855454803688,21.05693244934082,51000,,
2021-08-27,21.585485675797514,28.814747557942354,21.039881496323552,27.067108154296875,484900,,
2021-08-30,26.879558175416403,28.405545534327437,23.094424967200833,24.492536544799805,129200,,
2021-08-31,24.466962266968856,25.438820152314747,23.017699081778687,23.358701705932617,65500,,
2021-09-01,23.725279006089337,24.356134237219454,22.40389329069944,22.8045711517334,65200,,
2021-09-02,23.16262516664221,26.89660670901115,23.16262516664221,25.856548309326172,144500,,
2021-09-03,25.50701946125934,26.811356265754462,24.628936323144867,24.859113693237305,46200,,
2021-09-07,24.714187208323043,26.333950804005486,24.714187208323043,25.362092971801758,41700,,
2021-09-08,25.515544740501127,25.933273138607383,23.802004805802795,24.381710052490234,39500,,
2021-09-09,24.37318480955528,26.427727354447796,23.622977445046494,24.7994384765625,59800,,
2021-09-10,25.038141650762395,25.242743220176717,22.480619594040256,23.350175857543945,32400,,
2021-09-13,23.50362713091147,24.117433457082168,22.173716134256143,22.24191665649414,37000,,
2021-09-14,22.719321416193573,23.69970458076677,22.28454245603771,22.79604721069336,10500,,
2021-09-15,22.830148406621504,24.68861314420494,22.830148406621504,23.452478408813477,33000,,
2021-09-16,23.597404233380633,24.577787382495632,23.49510263365103,23.74233055114746,18200,,
2021-09-17,23.512152995789783,24.125957711499865,23.102949851983066,23.14557456970215,19000,,
2021-09-20,23.11147532023892,23.409851598905703,22.608495841873818,22.642595291137695,27700,,
2021-09-21,22.830147985272703,23.34165110715101,22.165191650390625,22.165191650390625,21200,,
2021-09-22,22.61702080167612,23.657079193459676,22.284541826230654,23.529203414916992,42500,,
2021-09-23,23.392801718361422,24.296459037813104,22.403893340237993,23.64002799987793,57500,,
2021-09-24,23.23082550382798,24.663038125329496,22.403893951997844,24.424335479736328,28800,,
2021-09-27,24.11743412014576,24.876165154156972,23.32460201106365,23.50362777709961,18400,,
2021-09-28,23.07737288901996,24.356133868841784,22.41241822017096,23.128522872924805,24700,,
2021-09-29,23.367226189497334,24.25383460853044,23.05179938251616,23.435426712036133,27300,,
2021-09-30,23.75085522139628,24.21120834350586,22.52324418572286,24.21120834350586,16200,,
2021-10-01,24.219733946943485,25.575220778274325,23.73380501232087,24.364660263061523,50100,,
2021-10-04,24.637462824221636,24.867640205829975,23.708229654939476,24.55221176147461,26200,,
2021-10-05,24.552212004964712,26.427728899884134,24.552212004964712,25.447345733642578,45800,,
2021-10-06,25.20864228936966,26.76873068782691,24.59483757762588,24.9017391204834,21600,,
2021-10-07,24.59483756708207,26.36805280405488,24.59483756708207,26.001474380493164,38600,,
2021-10-08,25.592270629468675,25.703095867750186,24.15153277563684,24.47548484802246,48900,,
2021-10-11,24.628937276144335,25.796873082672406,24.628937276144335,25.3791446685791,13200,,
2021-10-12,25.46439552303723,25.46439552303723,23.59740395196042,23.946931838989258,22100,,
2021-10-13,24.16858288061666,24.978463860119046,23.162623981461426,24.22825813293457,27700,,
2021-10-14,24.552210976162783,25.080766247465284,24.228258899320345,24.628936767578125,11200,,
2021-10-15,25.148967137366046,26.001474497954725,24.083332936630196,25.61784553527832,36600,,
2021-10-18,25.19159216010448,27.46778853151544,24.34761005802283,24.518112182617188,42800,,
2021-10-19,24.944365806035172,26.120825259518202,24.364660535090664,25.472919464111328,31300,,
2021-10-20,25.472919594649248,26.129350662231445,24.7312390905738,26.129350662231445,34100,,
2021-10-21,26.333952351666493,26.453304490130044,25.072241824122734,25.532596588134766,13900,,
2021-10-22,25.29389261135898,25.507019444408506,22.395368007091157,23.96398162841797,45500,,
2021-10-25,23.46100237270459,25.06371545547218,23.45247710418636,23.87873077392578,30300,,
2021-10-26,23.819054941698987,24.756813317550822,23.657078095844813,23.87020492553711,9100,,
2021-10-27,23.631503310908393,23.853155418478902,23.256401245200216,23.6485538482666,11200,,
2021-10-28,23.57182774033198,24.88468983080508,23.57182774033198,23.912830352783203,7500,,
2021-10-29,23.759380156256157,24.083332228299234,22.250441782147686,22.68522071838379,17200,,
2021-11-01,23.0517999622351,25.004040985272173,22.889823107371203,23.86168098449707,16900,,
2021-11-02,23.571827625559788,23.784954460557667,22.310117152619227,23.40132713317871,18900,,
2021-11-03,23.316076926674356,24.935840606689453,23.316076926674356,24.935840606689453,12700,,
2021-11-04,24.935840606689453,24.935840606689453,24.6033632522628,24.935840606689453,12700,,
2021-11-05,24.93584101699383,25.362094709592014,24.69713836376848,24.969942092895508,17500,,
2021-11-08,24.790913516412875,28.13274237235154,24.790913516412875,27.00743293762207,51600,,
2021-11-09,27.28023613202329,29.360352966349343,27.06710928724186,28.814748764038086,29700,,
2021-11-10,28.507844400527542,29.411503355524925,28.13274234006732,28.16684341430664,16100,,
2021-11-11,28.66129576159304,29.38592894933384,28.18389373415265,28.7294979095459,10900,,
2021-11-12,29.24952886420525,29.411504092816283,28.371444066846696,28.414072036743164,17300,,
2021-11-15,28.72949783241728,28.72949783241728,27.280234712883846,28.644245147705078,36900,,
2021-11-16,28.243568931838634,35.4131554923334,27.75764001083451,34.95280075073242,67500,,
2021-11-17,35.660383653126885,37.49327248597323,32.923832615563555,33.230735778808594,50700,,
2021-11-18,33.39270997763806,35.805307240803536,32.47200376823007,33.92979049682617,36300,,
2021-11-19,34.5009740291585,37.10964447921828,33.563213978409536,36.06958770751953,36000,,
2021-11-22,36.62371601053534,36.62371601053534,33.810442326440416,35.63480758666992,53200,,
2021-11-23,35.12330555153458,36.54699134940311,33.938320785151156,34.10029602050781,24700,,
2021-11-24,34.04061792954239,34.4242468782564,31.755898026153844,32.56578063964844,24200,,
2021-11-26,31.67064788543642,34.77377397528203,31.67064788543642,34.69704818725586,11800,,
2021-11-29,33.84454229138122,33.84454229138122,30.272534429821047,31.628021240234375,62300,,
2021-11-30,31.559822004691572,31.58539618414215,27.996341076013238,28.52489471435547,44900,,
2021-12-01,28.900000479230997,29.40297994604665,28.345869400650926,28.49932098388672,17800,,
2021-12-02,28.806225006671973,28.806225006671973,25.157492853144095,26.010000228881836,26700,,
2021-12-03,26.444778189423115,29.07902601129956,23.921355606764983,24.594837188720703,40400,,
2021-12-06,24.54368674452206,26.862506090452772,22.27601575693568,26.461828231811523,37500,,
2021-12-07,27.638287585434483,30.690265554324366,26.836931822256734,28.098642349243164,28900,,
2021-12-08,28.397021847068167,30.28958600917389,28.081591776669253,29.19837760925293,38500,,
2021-12-09,29.138701863605704,29.99120922473622,28.61867185298689,29.488229751586914,28100,,
2021-12-10,29.786606227124143,31.116518890156467,28.354393590645486,28.98525047302246,48700,,
2021-12-13,30.11908535345361,30.64763898438134,28.02191486237497,28.899999618530273,55100,,
2021-12-14,31.790000915527344,35.0,20.0,20.299999237060547,353100,5.0,
2021-12-15,22.639999389648438,22.770000457763672,19.0,19.520000457763672,200200,,
2021-12-16,19.600000381469727,19.93000030517578,15.550000190734863,16.229999542236328,234400,,
2021-12-17,15.020000457763672,16.200000762939453,12.789999961853027,12.949999809265137,248500,,
2021-12-20,12.90999984741211,14.979999542236328,12.630000114440918,14.649999618530273,193500,,
2021-12-21,14.989999771118164,15.020000457763672,12.050000190734863,12.40999984741211,329600,,
2021-12-22,12.210000038146973,12.960000038146973,11.5600004196167,12.5,172200,,
2021-12-23,12.979999542236328,14.609999656677246,12.109999656677246,14.390000343322754,162100,,
2021-12-27,15.5,15.5,14.5,14.649999618530273,176100,,
2021-12-28,14.649999618530273,14.739999771118164,12.960000038146973,13.40999984741211,99400,,
2021-12-29,13.210000038146973,13.869999885559082,13.15999984741211,13.800000190734863,60300,,
2021-12-30,13.699999809265137,14.40999984741211,13.520000457763672,14.199999809265137,81500,,
2021-12-31,14.199999809265137,15.319999694824219,13.649999618530273,15.050000190734863,77600,,
2022-01-03,16.780000686645508,16.799999237060547,14.210000038146973,14.4399995803833,63700,,
2022-01-04,14.6899995803833,15.09000015258789,13.270000457763672,13.699999809265137,59100,,
2022-01-05,13.890000343322754,14.0600004196167,12.720000267028809,12.75,95600,,
2022-01-06,12.399999618530273,13.640000343322754,12.25,13.390000343322754,68900,,
2022-01-07,13.170000076293945,13.420000076293945,12.0,12.90999984741211,80500,,
2022-01-10,12.800000190734863,12.800000190734863,11.8100004196167,12.510000228881836,41700,,
2022-01-11,12.399999618530273,14.229999542236328,12.399999618530273,14.149999618530273,49000,,
2022-01-12,14.720000267028809,15.800000190734863,14.010000228881836,15.539999961853027,103600,,
2022-01-13,15.789999961853027,15.789999961853027,14.350000381469727,15.130000114440918,69900,,
2022-01-14,15.229999542236328,15.25,14.729999542236328,15.0,36000,,
2022-01-18,14.529999732971191,14.9399995803833,13.960000038146973,14.0,107700,,
2022-01-19,13.930000305175781,14.470000267028809,13.90999984741211,14.119999885559082,109700,,
2022-01-20,14.380000114440918,14.5,13.850000381469727,14.0,75000,,
2022-01-21,13.489999771118164,13.670000076293945,12.350000381469727,12.569999694824219,148300,,
2022-01-24,12.029999732971191,12.260000228881836,11.380000114440918,11.75,157900,,
2022-01-25,11.369999885559082,12.210000038146973,10.869999885559082,11.140000343322754,144300,,
2022-01-26,11.569999694824219,11.569999694824219,10.75,10.899999618530273,109700,,
2022-01-27,11.100000381469727,11.869999885559082,10.800000190734863,11.039999961853027,636900,,
2022-01-28,11.25,11.350000381469727,10.539999961853027,11.050000190734863,179600,,
2022-01-31,11.15999984741211,11.739999771118164,11.140000343322754,11.680000305175781,156800,,
2022-02-01,11.84000015258789,13.069999694824219,11.5,12.859999656677246,151500,,
2022-02-02,13.15999984741211,13.829999923706055,12.5600004196167,12.819999694824219,83600,,
2022-02-03,12.5,13.279999732971191,12.350000381469727,12.670000076293945,109500,,
2022-02-04,12.84000015258789,13.100000381469727,12.270000457763672,12.609999656677246,162400,,
2022-02-07,12.819999694824219,13.460000038146973,12.6899995803833,13.0,178300,,
2022-02-08,13.0,13.680000305175781,12.800000190734863,13.0,88100,,
2022-02-09,13.199999809265137,13.460000038146973,12.930000305175781,13.100000381469727,95200,,
2022-02-10,13.0,13.329999923706055,12.75,13.09000015258789,93200,,
2022-02-11,12.949999809265137,13.449999809265137,12.859999656677246,13.0,74100,,
2022-02-14,12.75,13.020000457763672,11.300000190734863,12.420000076293945,138500,,
2022-02-15,12.550000190734863,13.199999809265137,12.550000190734863,12.699999809265137,162400,,
2022-02-16,12.34000015258789,12.880000114440918,12.100000381469727,12.449999809265137,108200,,
2022-02-17,12.390000343322754,12.59000015258789,11.239999771118164,11.5,128000,,
2022-02-18,11.420000076293945,12.069999694824219,11.329999923706055,11.8100004196167,103100,,
2022-02-22,11.40999984741211,11.989999771118164,11.40999984741211,11.739999771118164,132400,,
2022-02-23,11.729999542236328,11.729999542236328,10.979999542236328,11.25,227800,,
2022-02-24,10.300000190734863,11.329999923706055,10.079999923706055,11.09000015258789,223800,,
2022-02-25,11.180000305175781,11.8100004196167,10.609999656677246,11.5,222000,,
2022-02-28,11.210000038146973,12.260000228881836,11.170000076293945,11.680000305175781,219600,,
2022-03-01,11.710000038146973,12.430000305175781,10.859999656677246,11.09000015258789,86100,,
2022-03-02,11.149999618530273,11.149999618530273,9.270000457763672,9.289999961853027,200800,,
2022-03-03,9.319999694824219,9.569999694824219,7.269999980926514,7.5,481800,,
2022-03-04,7.800000190734863,8.40999984741211,5.940000057220459,6.0,634600,,
2022-03-07,6.039999961853027,6.849999904632568,4.03000020980835,4.96999979019165,1228800,,
2022-03-08,4.860000133514404,6.179999828338623,4.679999828338623,5.190000057220459,535600,,
2022-03-09,5.440000057220459,6.559999942779541,5.210000038146973,5.829999923706055,489900,,
2022-03-10,5.53000020980835,6.599999904632568,5.449999809265137,6.369999885559082,517300,,
2022-03-11,6.760000228881836,10.430000305175781,6.619999885559082,9.510000228881836,7428100,,
2022-03-14,9.199999809265137,9.949999809265137,7.909999847412109,7.949999809265137,2047700,,
2022-03-15,7.800000190734863,8.300000190734863,7.0,7.809999942779541,596100,,
2022-03-16,7.769999980926514,8.949999809265137,7.210000038146973,7.409999847412109,960400,,
2022-03-17,7.300000190734863,7.96999979019165,7.050000190734863,7.710000038146973,1073300,,
2022-03-18,7.420000076293945,7.869999885559082,7.369999885559082,7.480000019073486,2449000,,
2022-03-21,7.449999809265137,8.710000038146973,7.199999809265137,8.470000267028809,903800,,
2022-03-22,8.5,9.050000190734863,8.329999923706055,8.350000381469727,715400,,
2022-03-23,8.380000114440918,8.729999542236328,7.710000038146973,8.3100004196167,203900,,
2022-03-24,8.260000228881836,9.369999885559082,8.260000228881836,9.279999732971191,353400,,
2022-03-25,9.6899995803833,9.800000190734863,8.699999809265137,9.050000190734863,473400,,
2022-03-28,9.34000015258789,9.640000343322754,8.949999809265137,9.220000267028809,435500,,
2022-03-29,9.260000228881836,9.59000015258789,8.289999961853027,9.0,406100,,
2022-03-30,8.779999732971191,8.779999732971191,8.010000228881836,8.479999542236328,516200,,
2022-03-31,8.539999961853027,8.609999656677246,8.119999885559082,8.399999618530273,241200,,
2022-04-01,8.449999809265137,8.510000228881836,7.510000228881836,8.210000038146973,454300,,
2022-04-04,8.170000076293945,9.100000381469727,8.100000381469727,8.75,295000,,
2022-04-05,8.649999618530273,8.869999885559082,8.069999694824219,8.09000015258789,445700,,
2022-04-06,8.029999732971191,8.15999984741211,7.809999942779541,7.920000076293945,355400,,
2022-04-07,7.900000095367432,8.149999618530273,7.710000038146973,8.09000015258789,156200,,
2022-04-08,8.039999961853027,8.079999923706055,7.789999961853027,7.880000114440918,183800,,
2022-04-11,7.789999961853027,8.130000114440918,7.699999809265137,7.880000114440918,355800,,
2022-04-12,6.769999980926514,6.800000190734863,5.320000171661377,5.510000228881836,3832900,,
2022-04-13,5.389999866485596,6.070000171661377,5.159999847412109,5.900000095367432,1574900,,
2022-04-14,6.010000228881836,6.179999828338623,5.650000095367432,5.679999828338623,618200,,
2022-04-18,5.699999809265137,6.059999942779541,5.5,5.980000019073486,540100,,
2022-04-19,5.909999847412109,6.239999771118164,5.659999847412109,5.829999923706055,888200,,
2022-04-20,5.760000228881836,6.130000114440918,5.25,5.369999885559082,941100,,
2022-04-21,5.449999809265137,5.599999904632568,4.75,4.940000057220459,985300,,
2022-04-22,5.0,5.190000057220459,4.5,4.510000228881836,546200,,
2022-04-25,4.5,4.690000057220459,3.8399999141693115,3.9800000190734863,1567900,,
2022-04-26,3.9200000762939453,4.099999904632568,3.390000104904175,3.450000047683716,1451700,,
2022-04-27,3.6600000858306885,3.7300000190734863,3.25,3.3299999237060547,839000,,
2022-04-28,3.3499999046325684,3.6600000858306885,3.1500000953674316,3.559999942779541,720200,,
2022-04-29,3.440000057220459,4.199999809265137,3.440000057220459,3.7899999618530273,808600,,
2022-05-02,3.7799999713897705,4.190000057220459,3.7200000286102295,4.110000133514404,482800,,
2022-05-03,4.289999961853027,4.409999847412109,3.9700000286102295,4.03000020980835,479000,,
2022-05-04,3.940000057220459,4.059999942779541,3.619999885559082,4.0,538000,,
2022-05-05,3.890000104904175,4.090000152587891,3.359999895095825,3.440000057220459,511900,,
2022-05-06,3.299999952316284,3.549999952316284,3.200000047683716,3.2899999618530273,333600,,
2022-05-09,3.200000047683716,3.259999990463257,2.950000047683716,3.0,674700,,
2022-05-10,3.109999895095825,3.25,2.859999895095825,2.940000057220459,412200,,
2022-05-11,2.9700000286102295,2.9700000286102295,2.5999999046325684,2.6500000953674316,452700,,
2022-05-12,2.5399999618530273,3.190000057220459,2.5399999618530273,3.109999895095825,594000,,
2022-05-13,3.259999990463257,3.5399999618530273,3.2100000381469727,3.369999885559082,707700,,
2022-05-16,3.390000104904175,3.7200000286102295,3.2100000381469727,3.299999952316284,330300,,
2022-05-17,3.4200000762939453,3.640000104904175,3.2300000190734863,3.319999933242798,275500,,
2022-05-18,3.2300000190734863,3.380000114440918,3.049999952316284,3.2200000286102295,355100,,
2022-05-19,3.240000009536743,3.3399999141693115,3.119999885559082,3.190000057220459,302500,,
2022-05-20,3.240000009536743,3.3499999046325684,2.759999990463257,3.009999990463257,381000,,
2022-05-23,2.9200000762939453,3.069999933242798,2.9100000858306885,2.9700000286102295,256500,,
2022-05-24,2.869999885559082,2.950000047683716,2.75,2.869999885559082,245500,,
2022-05-25,2.809999942779541,2.950000047683716,2.7799999713897705,2.930000066757202,135600,,
2022-05-26,2.990000009536743,3.309999942779541,2.859999895095825,3.2899999618530273,235000,,
2022-05-27,3.2300000190734863,3.509999990463257,3.119999885559082,3.299999952316284,238400,,
2022-05-31,3.3399999141693115,3.4000000953674316,3.0999999046325684,3.190000057220459,542000,,
2022-06-01,3.1700000762939453,3.2300000190734863,2.9100000858306885,3.0399999618530273,285800,,
2022-06-02,3.049999952316284,3.4800000190734863,3.0299999713897705,3.369999885559082,333300,,
2022-06-03,3.359999895095825,3.5399999618530273,3.240000009536743,3.490000009536743,298600,,
2022-06-06,3.700000047683716,3.759999990463257,2.9100000858306885,2.9600000381469727,606200,,
2022-06-07,2.9600000381469727,2.9600000381469727,2.680000066757202,2.8299999237060547,569300,,
2022-06-08,2.819999933242798,2.880000114440918,2.640000104904175,2.680000066757202,315900,,
2022-06-09,2.6500000953674316,2.6500000953674316,2.4600000381469727,2.4700000286102295,397700,,
2022-06-10,2.450000047683716,2.4700000286102295,2.3299999237060547,2.430000066757202,332900,,
2022-06-13,2.190000057220459,2.299999952316284,1.9500000476837158,2.009999990463257,664500,,
2022-06-14,2.049999952316284,2.0799999237060547,1.8600000143051147,1.899999976158142,318700,,
2022-06-15,2.0199999809265137,2.059999942779541,1.899999976158142,2.0,281600,,
2022-06-16,1.9199999570846558,2.0,1.8600000143051147,1.8899999856948853,412200,,
2022-06-17,2.009999990463257,2.130000114440918,1.9299999475479126,2.0799999237060547,845400,,
2022-06-21,2.1700000762939453,2.1700000762939453,1.8600000143051147,1.8600000143051147,411800,,
2022-06-22,1.7999999523162842,1.8700000047683716,1.6399999856948853,1.7300000190734863,536100,,
2022-06-23,1.7200000286102295,1.7599999904632568,1.559999942779541,1.590000033378601,454200,,
2022-06-24,1.659999966621399,1.7100000381469727,1.5099999904632568,1.5099999904632568,3340900,,
2022-06-27,1.559999942779541,1.559999942779541,1.350000023841858,1.3899999856948853,513500,,
2022-06-28,1.399999976158142,1.5199999809265137,1.3899999856948853,1.4600000381469727,330100,,
2022-06-29,1.440000057220459,1.440000057220459,1.2300000190734863,1.2300000190734863,370600,,
2022-06-30,1.25,1.2699999809265137,1.149999976158142,1.2000000476837158,369500,,
2022-07-01,1.2100000381469727,1.2699999809265137,1.2000000476837158,1.25,259800,,
2022-07-05,1.2400000095367432,1.350000023841858,1.159999966621399,1.3200000524520874,386600,,
2022-07-06,1.3200000524520874,1.440000057220459,1.2699999809265137,1.399999976158142,444100,,
2022-07-07,1.399999976158142,1.590000033378601,1.399999976158142,1.5700000524520874,526900,,
2022-07-08,1.6100000143051147,1.7599999904632568,1.5399999618530273,1.649999976158142,441000,,
2022-07-11,1.649999976158142,1.649999976158142,1.4600000381469727,1.5099999904632568,313300,,
2022-07-12,1.399999976158142,1.5199999809265137,1.3200000524520874,1.3799999952316284,381600,,
2022-07-13,1.3799999952316284,1.440000057220459,1.340000033378601,1.409999966621399,196600,,
2022-07-14,1.4299999475479126,1.5099999904632568,1.3300000429153442,1.4299999475479126,373300,,
2022-07-15,1.440000057220459,1.5299999713897705,1.3600000143051147,1.440000057220459,718600,,
2022-07-18,1.5499999523162842,1.6299999952316284,1.4600000381469727,1.4800000190734863,366200,,
2022-07-19,1.5399999618530273,1.7899999618530273,1.5399999618530273,1.7599999904632568,736400,,
2022-07-20,1.7999999523162842,1.8700000047683716,1.6799999475479126,1.7200000286102295,575600,,
2022-07-21,1.7400000095367432,1.7400000095367432,1.5800000429153442,1.6200000047683716,388400,,
2022-07-22,1.6799999475479126,1.6799999475479126,1.4800000190734863,1.5499999523162842,320500,,
2022-07-25,1.5399999618530273,1.6100000143051147,1.4600000381469727,1.559999942779541,381100,,
2022-07-26,1.5499999523162842,1.5499999523162842,1.3200000524520874,1.340000033378601,309200,,
2022-07-27,1.3200000524520874,1.3799999952316284,1.2799999713897705,1.3300000429153442,272000,,
2022-07-28,1.340000033378601,1.440000057220459,1.3300000429153442,1.409999966621399,253300,,
2022-07-29,1.4199999570846558,1.4700000286102295,1.350000023841858,1.440000057220459,162800,,
2022-08-01,1.4700000286102295,1.4800000190734863,1.350000023841858,1.3799999952316284,216700,,
2022-08-02,1.3899999856948853,1.5299999713897705,1.3600000143051147,1.4500000476837158,313800,,
2022-08-03,1.4900000095367432,1.7400000095367432,1.4600000381469727,1.5,392000,,
2022-08-04,1.559999942779541,1.600000023841858,1.409999966621399,1.4900000095367432,452500,,
2022-08-05,1.4800000190734863,1.5099999904632568,1.350000023841858,1.440000057220459,248900,,
2022-08-08,1.4900000095367432,1.690000057220459,1.440000057220459,1.590000033378601,276500,,
2022-08-09,1.590000033378601,1.590000033378601,1.409999966621399,1.4700000286102295,181400,,
2022-08-10,1.5099999904632568,1.649999976158142,1.4700000286102295,1.6100000143051147,506300,,
2022-08-11,1.649999976158142,1.7300000190734863,1.6200000047683716,1.690000057220459,637000,,
2022-08-12,1.690000057220459,1.75,1.6200000047683716,1.7000000476837158,407200,,
2022-08-15,1.659999966621399,2.0,1.659999966621399,1.9299999475479126,568900,,
2022-08-16,1.9500000476837158,1.9500000476837158,1.5399999618530273,1.5800000429153442,464200,,
2022-08-17,1.75,1.75,1.4500000476837158,1.4600000381469727,513900,,
2022-08-18,1.440000057220459,1.4900000095367432,1.3300000429153442,1.440000057220459,320900,,
2022-08-19,1.409999966621399,1.4600000381469727,1.3200000524520874,1.409999966621399,266100,,
2022-08-22,1.399999976158142,1.399999976158142,1.2899999618530273,1.3799999952316284,355500,,
2022-08-23,1.4299999475479126,1.440000057220459,1.3600000143051147,1.3700000047683716,135200,,
2022-08-24,1.3700000047683716,1.4299999475479126,1.350000023841858,1.3600000143051147,150200,,
2022-08-25,1.3799999952316284,1.4199999570846558,1.3200000524520874,1.399999976158142,81100,,
2022-08-26,1.4199999570846558,1.4199999570846558,1.2899999618530273,1.3799999952316284,329000,,
2022-08-29,1.3600000143051147,1.3899999856948853,1.2799999713897705,1.3700000047683716,202400,,
2022-08-30,1.3899999856948853,1.559999942779541,1.3799999952316284,1.440000057220459,377200,,
2022-08-31,1.4500000476837158,1.5399999618530273,1.3899999856948853,1.4900000095367432,666500,,
2022-09-01,1.5499999523162842,1.5499999523162842,1.340000033378601,1.350000023841858,167800,,
2022-09-02,1.399999976158142,1.399999976158142,1.3300000429153442,1.350000023841858,92600,,
2022-09-06,1.4199999570846558,1.4199999570846558,1.190000057220459,1.2100000381469727,353600,,
2022-09-07,1.2100000381469727,1.2200000286102295,1.059999942779541,1.0800000429153442,423600,,
2022-09-08,1.1200000047683716,1.2100000381469727,1.0700000524520874,1.190000057220459,266400,,
2022-09-09,1.25,1.3200000524520874,1.2100000381469727,1.2699999809265137,292400,,
2022-09-12,1.25,1.2999999523162842,1.190000057220459,1.2400000095367432,202100,,
2022-09-13,1.2200000286102295,1.2300000190734863,1.1100000143051147,1.1799999475479126,162700,,
2022-09-14,1.159999966621399,1.1699999570846558,1.149999976158142,1.159999966621399,118200,,
2022-09-15,1.159999966621399,1.190000057220459,1.1399999856948853,1.159999966621399,285600,,
2022-09-16,1.1699999570846558,1.190000057220459,1.1100000143051147,1.1699999570846558,1124900,,
2022-09-19,1.2000000476837158,1.2000000476837158,1.0800000429153442,1.1200000047683716,165300,,
2022-09-20,1.1200000047683716,1.1399999856948853,1.059999942779541,1.0800000429153442,251800,,
2022-09-21,1.059999942779541,1.1699999570846558,1.0499999523162842,1.159999966621399,97800,,
2022-09-22,1.1399999856948853,1.190000057220459,1.0499999523162842,1.1200000047683716,335500,,
2022-09-23,1.100000023841858,1.149999976158142,1.0299999713897705,1.1100000143051147,358600,,
2022-09-26,1.1100000143051147,1.1799999475479126,1.0299999713897705,1.0499999523162842,115800,,
2022-09-27,1.149999976158142,1.1699999570846558,1.059999942779541,1.1200000047683716,144500,,
2022-09-28,1.0800000429153442,1.3799999952316284,1.0800000429153442,1.350000023841858,301900,,
2022-09-29,1.2899999618530273,1.3200000524520874,1.2100000381469727,1.309999942779541,155100,,
2022-09-30,1.2799999713897705,1.340000033378601,1.2200000286102295,1.2599999904632568,128800,,
2022-10-03,1.2300000190734863,1.4900000095367432,1.1799999475479126,1.4199999570846558,346300,,
2022-10-04,1.4500000476837158,1.5700000524520874,1.4299999475479126,1.5499999523162842,258100,,
2022-10-05,1.5800000429153442,1.600000023841858,1.4900000095367432,1.5399999618530273,192700,,
2022-10-06,1.5199999809265137,1.7999999523162842,1.5099999904632568,1.7799999713897705,316400,,
2022-10-07,1.6799999475479126,1.75,1.2999999523162842,1.3600000143051147,459200,,
2022-10-10,1.3700000047683716,1.409999966621399,1.2899999618530273,1.2999999523162842,131000,,
2022-10-11,1.3300000429153442,1.3300000429153442,1.1200000047683716,1.1299999952316284,244400,,
2022-10-12,1.1699999570846558,1.190000057220459,1.1200000047683716,1.1299999952316284,165900,,
2022-10-13,1.1200000047683716,1.190000057220459,1.0399999618530273,1.1799999475479126,206100,,
2022-10-14,1.2200000286102295,1.2200000286102295,1.059999942779541,1.090000033378601,134500,,
2022-10-17,1.1100000143051147,1.190000057220459,1.1100000143051147,1.1699999570846558,112300,,
2022-10-18,1.2100000381469727,1.2400000095367432,1.1299999952316284,1.1699999570846558,84300,,
2022-10-19,1.1299999952316284,1.1799999475479126,1.100000023841858,1.1299999952316284,109000,,
2022-10-20,1.1200000047683716,1.2100000381469727,1.0800000429153442,1.1100000143051147,135800,,
2022-10-21,1.1200000047683716,1.2200000286102295,1.059999942779541,1.2100000381469727,255300,,
2022-10-24,1.2200000286102295,1.2799999713897705,1.1799999475479126,1.2699999809265137,161400,,
2022-10-25,1.2699999809265137,1.409999966621399,1.1799999475479126,1.409999966621399,249400,,
2022-10-26,1.399999976158142,1.4800000190734863,1.350000023841858,1.399999976158142,465500,,
2022-10-27,1.409999966621399,1.409999966621399,1.159999966621399,1.25,487900,,
2022-10-28,1.2000000476837158,1.2000000476837158,1.1100000143051147,1.2000000476837158,237400,,
2022-10-31,1.1299999952316284,1.1699999570846558,1.1299999952316284,1.1399999856948853,207600,,
2022-11-01,1.159999966621399,1.2000000476837158,1.1100000143051147,1.1200000047683716,237900,,
2022-11-02,1.1200000047683716,1.149999976158142,1.0700000524520874,1.0800000429153442,494400,,
2022-11-03,1.1200000047683716,1.1200000047683716,1.0499999523162842,1.0800000429153442,126400,,
2022-11-04,1.0800000429153442,1.1100000143051147,1.0499999523162842,1.100000023841858,163000,,
2022-11-07,1.1200000047683716,1.1299999952316284,1.0499999523162842,1.0700000524520874,125900,,
2022-11-08,1.0700000524520874,1.090000033378601,0.9900000095367432,1.0099999904632568,328700,,
2022-11-09,1.0099999904632568,1.0099999904632568,0.800000011920929,0.8100000023841858,536500,,
2022-11-10,0.9300000071525574,0.9700000286102295,0.8899999856948853,0.9100000262260437,289300,,
2022-11-11,0.8899999856948853,1.190000057220459,0.8899999856948853,1.149999976158142,617100,,
2022-11-14,1.0499999523162842,1.2899999618530273,1.0299999713897705,1.159999966621399,224200,,
2022-11-15,1.159999966621399,1.25,1.149999976158142,1.2400000095367432,234500,,
2022-11-16,1.2100000381469727,1.2100000381469727,1.0700000524520874,1.190000057220459,196200,,
2022-11-17,1.0800000429153442,1.1299999952316284,1.059999942779541,1.1200000047683716,106200,,
2022-11-18,1.1699999570846558,1.1699999570846558,0.9300000071525574,0.9599999785423279,457500,,
2022-11-21,0.9599999785423279,0.9700000286102295,0.8199999928474426,0.8299999833106995,360100,,
2022-11-22,0.8500000238418579,0.8500000238418579,0.6600000262260437,0.6899999976158142,680600,,
2022-11-23,0.7300000190734863,0.9700000286102295,0.6800000071525574,0.9300000071525574,499400,,
2022-11-25,0.949999988079071,0.9599999785423279,0.8299999833106995,0.8899999856948853,141600,,
2022-11-28,0.8600000143051147,1.090000033378601,0.75,0.7900000214576721,437400,,
2022-11-29,0.8299999833106995,0.8500000238418579,0.7200000286102295,0.7300000190734863,368700,,
2022-11-30,0.7099999785423279,0.8899999856948853,0.7099999785423279,0.8299999833106995,464900,,
2022-12-01,0.8399999737739563,0.8500000238418579,0.7699999809265137,0.7799999713897705,149100,,
2022-12-02,0.8199999928474426,0.9399999976158142,0.7799999713897705,0.8899999856948853,297300,,
2022-12-05,0.8899999856948853,0.9300000071525574,0.7599999904632568,0.7799999713897705,289300,,
2022-12-06,0.8399999737739563,0.9300000071525574,0.7599999904632568,0.9100000262260437,954600,,
2022-12-07,0.8899999856948853,0.9200000166893005,0.800000011920929,0.8100000023841858,291300,,
2022-12-08,0.8500000238418579,1.0700000524520874,0.8299999833106995,1.0299999713897705,1461000,,
2022-12-09,1.0399999618530273,1.2300000190734863,0.949999988079071,1.2100000381469727,1237000,,
2022-12-12,0.6600000262260437,0.9200000166893005,0.6499999761581421,0.800000011920929,3064100,,
2022-12-13,0.8999999761581421,0.8999999761581421,0.6600000262260437,0.699999988079071,2393100,,
2022-12-14,0.6899999976158142,0.699999988079071,0.6299999952316284,0.6499999761581421,1380200,,
2022-12-15,0.6700000166893005,0.6899999976158142,0.5799999833106995,0.6000000238418579,1421000,,
2022-12-16,0.6399999856948853,0.6399999856948853,0.5799999833106995,0.6200000047683716,1395700,,
2022-12-19,0.6200000047683716,0.6399999856948853,0.5600000023841858,0.5799999833106995,341100,,
2022-12-20,0.5799999833106995,0.6100000143051147,0.550000011920929,0.5799999833106995,925100,,
2022-12-21,0.5799999833106995,0.6100000143051147,0.550000011920929,0.5899999737739563,1070300,,
2022-12-22,0.6100000143051147,0.6399999856948853,0.550000011920929,0.6200000047683716,758900,,
2022-12-23,0.6100000143051147,0.8299999833106995,0.6100000143051147,0.7699999809265137,1800200,,
2022-12-27,0.75,0.7599999904632568,0.6499999761581421,0.6899999976158142,910900,,
2022-12-28,0.6800000071525574,0.699999988079071,0.5799999833106995,0.5899999737739563,809900,,
2022-12-29,0.5899999737739563,0.6499999761581421,0.5899999737739563,0.6399999856948853,296100,,
2022-12-30,0.6200000047683716,0.7400000095367432,0.6200000047683716,0.6700000166893005,502700,,
2023-01-03,0.6700000166893005,0.75,0.6700000166893005,0.7099999785423279,253500,,
2023-01-04,0.7099999785423279,0.8199999928474426,0.7099999785423279,0.8100000023841858,599300,,
2023-01-05,0.800000011920929,0.8199999928474426,0.7200000286102295,0.7300000190734863,606400,,
2023-01-06,0.7400000095367432,0.7400000095367432,0.6800000071525574,0.6800000071525574,415700,,
2023-01-09,0.7300000190734863,0.7300000190734863,0.6899999976158142,0.699999988079071,833900,,
2023-01-10,0.699999988079071,0.7799999713897705,0.6899999976158142,0.7400000095367432,625900,,
2023-01-11,0.75,0.7900000214576721,0.7300000190734863,0.75,675800,,
2023-01-12,0.7900000214576721,0.8500000238418579,0.75,0.8199999928474426,1534400,,
2023-01-13,0.8299999833106995,0.949999988079071,0.800000011920929,0.8799999952316284,1712700,,
2023-01-17,0.9399999976158142,1.0199999809265137,0.9300000071525574,1.0199999809265137,1646200,,
2023-01-18,1.0199999809265137,1.0299999713897705,0.8100000023841858,0.8999999761581421,1310000,,
2023-01-19,0.8600000143051147,0.8700000047683716,0.7900000214576721,0.8299999833106995,675800,,
2023-01-20,0.8700000047683716,0.8899999856948853,0.8399999737739563,0.8799999952316284,957700,,
2023-01-23,0.9399999976158142,0.9900000095367432,0.8799999952316284,0.9100000262260437,924400,,
2023-01-24,0.8999999761581421,0.9700000286102295,0.8600000143051147,0.949999988079071,922500,,
2023-01-25,0.9300000071525574,1.0399999618530273,0.9100000262260437,1.0099999904632568,1104100,,
2023-01-26,1.0199999809265137,1.1399999856948853,1.0099999904632568,1.0499999523162842,1253200,,
2023-01-27,1.059999942779541,1.1299999952316284,1.0399999618530273,1.1100000143051147,812500,,
2023-01-30,1.1100000143051147,1.1699999570846558,1.0299999713897705,1.0399999618530273,1285700,,
2023-01-31,1.0,1.0399999618530273,0.9599999785423279,0.9800000190734863,1122800,,
2023-02-01,0.9800000190734863,1.059999942779541,0.9599999785423279,1.0299999713897705,2040600,,
2023-02-02,0.699999988079071,0.75,0.6600000262260437,0.6700000166893005,18219100,,
2023-02-03,0.6899999976158142,0.7599999904632568,0.6700000166893005,0.6800000071525574,5691300,,
2023-02-06,0.699999988079071,0.699999988079071,0.6299999952316284,0.6499999761581421,4600400,,
2023-02-07,0.6499999761581421,0.7300000190734863,0.6200000047683716,0.699999988079071,4518300,,
2023-02-08,0.7200000286102295,0.7200000286102295,0.6700000166893005,0.7099999785423279,1882300,,
2023-02-09,0.7200000286102295,0.7300000190734863,0.6499999761581421,0.6600000262260437,1203800,,
2023-02-10,0.6700000166893005,0.6800000071525574,0.6299999952316284,0.6399999856948853,1350500,,
2023-02-13,0.6600000262260437,0.6700000166893005,0.6299999952316284,0.6499999761581421,844300,,
2023-02-14,0.6399999856948853,0.6499999761581421,0.5699999928474426,0.6000000238418579,4661100,,
2023-02-15,0.6100000143051147,0.6499999761581421,0.6000000238418579,0.6499999761581421,3085800,,
2023-02-16,0.6499999761581421,0.7099999785423279,0.6200000047683716,0.6700000166893005,2112600,,
2023-02-17,0.6700000166893005,0.6800000071525574,0.6100000143051147,0.6299999952316284,1868100,,
2023-02-21,0.6399999856948853,0.6899999976158142,0.6000000238418579,0.6700000166893005,2823300,,
2023-02-22,0.699999988079071,0.7099999785423279,0.6499999761581421,0.6899999976158142,1983800,,
2023-02-23,0.7099999785423279,0.7099999785423279,0.6700000166893005,0.6899999976158142,998800,,
2023-02-24,0.6800000071525574,0.699999988079071,0.6600000262260437,0.6800000071525574,793200,,
2023-02-27,0.6899999976158142,0.699999988079071,0.6299999952316284,0.6299999952316284,1075500,,
2023-02-28,0.6399999856948853,0.6899999976158142,0.6100000143051147,0.6399999856948853,1481400,,
2023-03-01,0.6499999761581421,0.6700000166893005,0.5899999737739563,0.6100000143051147,1347200,,
2023-03-02,0.6000000238418579,0.6800000071525574,0.6000000238418579,0.6600000262260437,6170200,,
2023-03-03,0.6499999761581421,0.6899999976158142,0.6399999856948853,0.6499999761581421,1701200,,
2023-03-06,0.6800000071525574,0.6800000071525574,0.6200000047683716,0.6600000262260437,2024300,,
2023-03-07,0.6700000166893005,0.6899999976158142,0.6499999761581421,0.6800000071525574,1428900,,
2023-03-08,0.699999988079071,0.7300000190734863,0.6600000262260437,0.6700000166893005,2093300,,
2023-03-09,0.6800000071525574,0.6899999976158142,0.6100000143051147,0.6200000047683716,1451900,,
2023-03-10,0.6200000047683716,0.6299999952316284,0.5699999928474426,0.5799999833106995,1907000,,
2023-03-13,0.6100000143051147,0.6399999856948853,0.550000011920929,0.6399999856948853,2977600,,
2023-03-14,0.6499999761581421,0.6800000071525574,0.5899999737739563,0.6100000143051147,2096000,,
2023-03-15,0.6100000143051147,0.6100000143051147,0.5400000214576721,0.5600000023841858,2315800,,
2023-03-16,0.5600000023841858,0.5699999928474426,0.5400000214576721,0.5400000214576721,2263300,,
2023-03-17,0.5699999928474426,0.6399999856948853,0.5400000214576721,0.6100000143051147,10478800,,
2023-03-20,0.6600000262260437,0.6600000262260437,0.5899999737739563,0.6399999856948853,6296400,,
2023-03-21,0.6499999761581421,0.7599999904632568,0.6499999761581421,0.7400000095367432,6195300,,
2023-03-22,0.75,0.8199999928474426,0.7200000286102295,0.7400000095367432,5964100,,
2023-03-23,0.75,0.8100000023841858,0.7300000190734863,0.7900000214576721,2280900,,
2023-03-24,0.800000011920929,0.8100000023841858,0.75,0.7799999713897705,2137300,,
2023-03-27,0.7799999713897705,0.7799999713897705,0.7099999785423279,0.7599999904632568,2330600,,
2023-03-28,0.7599999904632568,0.7799999713897705,0.699999988079071,0.7599999904632568,1096300,,
2023-03-29,0.7799999713897705,0.800000011920929,0.75,0.7799999713897705,1518400,,
2023-03-30,0.7900000214576721,0.800000011920929,0.75,0.7900000214576721,1922300,,
2023-03-31,0.800000011920929,0.9599999785423279,0.7900000214576721,0.9399999976158142,5914900,,
2023-04-03,0.949999988079071,1.0399999618530273,0.8799999952316284,1.0299999713897705,3984300,,
2023-04-04,1.0299999713897705,1.0399999618530273,0.9200000166893005,0.9599999785423279,1822500,,
2023-04-05,0.9700000286102295,0.9800000190734863,0.9100000262260437,0.9399999976158142,1590100,,
2023-04-06,0.9200000166893005,1.0,0.8799999952316284,1.0,2385400,,
2023-04-10,1.0,1.190000057220459,0.9900000095367432,1.159999966621399,4492000,,
2023-04-11,1.2200000286102295,1.5,1.159999966621399,1.4299999475479126,8951100,,
2023-04-12,1.5,1.6699999570846558,1.25,1.350000023841858,6499700,,
2023-04-13,1.3799999952316284,1.590000033378601,1.3700000047683716,1.5199999809265137,4890400,,
2023-04-14,1.6100000143051147,1.6100000143051147,1.3700000047683716,1.440000057220459,4916900,,
2023-04-17,1.350000023841858,1.5,1.2999999523162842,1.440000057220459,3882600,,
2023-04-18,1.5399999618530273,1.6100000143051147,1.4800000190734863,1.559999942779541,4828500,,
2023-04-19,1.5,1.5299999713897705,1.409999966621399,1.4600000381469727,2292100,,
2023-04-20,1.440000057220459,1.600000023841858,1.399999976158142,1.4299999475479126,4332100,,
2023-04-21,1.399999976158142,1.5299999713897705,1.350000023841858,1.4500000476837158,3404500,,
2023-04-24,1.4800000190734863,1.5499999523162842,1.3799999952316284,1.4299999475479126,1978500,,
2023-04-25,1.4199999570846558,1.4700000286102295,1.3600000143051147,1.3899999856948853,2586800,,
2023-04-26,1.5099999904632568,1.7300000190734863,1.5099999904632568,1.590000033378601,10281200,,
2023-04-27,1.6399999856948853,1.7699999809265137,1.5299999713897705,1.690000057220459,4641100,,
2023-04-28,1.6699999570846558,1.7799999713897705,1.5800000429153442,1.7799999713897705,4066700,,
2023-05-01,1.690000057220459,1.7699999809265137,1.600000023841858,1.6699999570846558,3229800,,
2023-05-02,1.659999966621399,1.8200000524520874,1.6100000143051147,1.7799999713897705,3053900,,
2023-05-03,1.7100000381469727,1.7699999809265137,1.600000023841858,1.7699999809265137,3684800,,
2023-05-04,1.8200000524520874,1.8799999952316284,1.7599999904632568,1.7799999713897705,2369200,,
2023-05-05,1.7899999618530273,1.8799999952316284,1.75,1.840000033378601,2101600,,
2023-05-08,1.7799999713897705,1.7999999523162842,1.6299999952316284,1.6699999570846558,3067200,,
2023-05-09,1.659999966621399,1.7200000286102295,1.659999966621399,1.6799999475479126,1286700,,
2023-05-10,1.7300000190734863,1.8300000429153442,1.6799999475479126,1.7400000095367432,3196400,,
2023-05-11,1.7300000190734863,1.7300000190734863,1.5499999523162842,1.6200000047683716,2745500,,
2023-05-12,1.590000033378601,1.6200000047683716,1.5099999904632568,1.600000023841858,2319000,,
2023-05-15,1.5299999713897705,1.6299999952316284,1.4500000476837158,1.5800000429153442,2706400,,
2023-05-16,1.5399999618530273,1.6299999952316284,1.5199999809265137,1.5700000524520874,1269500,,
2023-05-17,1.5299999713897705,1.649999976158142,1.4900000095367432,1.6299999952316284,1672100,,
2023-05-18,1.6299999952316284,1.6799999475479126,1.5700000524520874,1.600000023841858,1577000,,
2023-05-19,1.649999976158142,1.649999976158142,1.5499999523162842,1.559999942779541,1099500,,
2023-05-22,1.5399999618530273,1.7000000476837158,1.4800000190734863,1.6299999952316284,2132800,,
2023-05-23,1.6200000047683716,1.7400000095367432,1.5800000429153442,1.590000033378601,1832900,,
2023-05-24,1.5700000524520874,1.6100000143051147,1.5,1.5199999809265137,1856700,,
2023-05-25,1.5199999809265137,1.5499999523162842,1.440000057220459,1.4800000190734863,1610100,,
2023-05-26,1.5,1.590000033378601,1.4800000190734863,1.5,1547500,,
2023-05-30,1.6200000047683716,1.7000000476837158,1.5499999523162842,1.5700000524520874,3265000,,
2023-05-31,1.4900000095367432,1.5499999523162842,1.4500000476837158,1.5,3614700,,
2023-06-01,1.5,1.5499999523162842,1.4600000381469727,1.5099999904632568,1921600,,
2023-06-02,1.5399999618530273,1.559999942779541,1.4700000286102295,1.4900000095367432,1869300,,
2023-06-05,1.4800000190734863,1.5099999904632568,1.3799999952316284,1.4299999475479126,3285900,,
2023-06-06,1.3600000143051147,1.5,1.2699999809265137,1.4900000095367432,2389900,,
2023-06-07,1.4900000095367432,1.5399999618530273,1.4299999475479126,1.4299999475479126,1658500,,
2023-06-08,1.409999966621399,1.4900000095367432,1.3899999856948853,1.4299999475479126,1075700,,
2023-06-09,1.4500000476837158,1.4600000381469727,1.309999942779541,1.3300000429153442,1969500,,
2023-06-12,1.2799999713897705,1.340000033378601,1.2799999713897705,1.3200000524520874,1545900,,
2023-06-13,1.3700000047683716,1.4600000381469727,1.3300000429153442,1.4299999475479126,2191700,,
2023-06-14,1.4299999475479126,1.4800000190734863,1.309999942779541,1.3899999856948853,2348500,,
2023-06-15,1.2999999523162842,1.340000033378601,1.25,1.3200000524520874,2644900,,
2023-06-16,1.340000033378601,1.4700000286102295,1.2899999618530273,1.4600000381469727,6124900,,
2023-06-20,1.4500000476837158,1.649999976158142,1.440000057220459,1.649999976158142,4529100,,
2023-06-21,1.7200000286102295,1.7899999618530273,1.6399999856948853,1.7000000476837158,5711500,,
2023-06-22,1.690000057220459,1.7400000095367432,1.590000033378601,1.649999976158142,3549100,,
2023-06-23,1.590000033378601,1.8300000429153442,1.5800000429153442,1.7999999523162842,7271100,,
2023-06-26,1.8300000429153442,1.9500000476837158,1.6699999570846558,1.690000057220459,4190000,,
2023-06-27,1.7300000190734863,1.8700000047683716,1.690000057220459,1.8300000429153442,4783800,,
2023-06-28,1.7899999618530273,1.7899999618530273,1.690000057220459,1.7300000190734863,3590300,,
2023-06-29,1.7799999713897705,1.8799999952316284,1.7100000381469727,1.7300000190734863,3377900,,
2023-06-30,1.8200000524520874,1.850000023841858,1.649999976158142,1.75,4379600,,
2023-07-03,1.7699999809265137,2.0299999713897705,1.7200000286102295,2.0199999809265137,5536500,,
2023-07-05,1.9900000095367432,2.2799999713897705,1.9299999475479126,2.190000057220459,6649800,,
2023-07-06,2.309999942779541,2.4100000858306885,2.049999952316284,2.390000104904175,7530500,,
2023-07-07,2.380000114440918,2.740000009536743,2.359999895095825,2.640000104904175,7735600,,
2023-07-10,2.690000057220459,3.180000066757202,2.5899999141693115,3.130000114440918,9105900,,
2023-07-11,3.25,3.440000057220459,3.119999885559082,3.4100000858306885,10020100,,
2023-07-12,3.5399999618530273,3.549999952316284,3.0199999809265137,3.1700000762939453,8464100,,
2023-07-13,3.299999952316284,4.0,3.2799999713897705,3.869999885559082,12733900,,
2023-07-14,3.869999885559082,3.9000000953674316,3.390000104904175,3.5199999809265137,8341800,,
2023-07-17,3.5999999046325684,3.9200000762939453,3.3299999237060547,3.4700000286102295,7123400,,
2023-07-18,3.4700000286102295,3.4800000190734863,3.140000104904175,3.4600000381469727,5795300,,
2023-07-19,3.450000047683716,3.869999885559082,3.440000057220459,3.7799999713897705,8099200,,
2023-07-20,3.859999895095825,4.039999961853027,3.4100000858306885,3.440000057220459,7803400,,
2023-07-21,3.5,3.7300000190734863,3.240000009536743,3.6500000953674316,6029100,,
2023-07-24,3.4100000858306885,3.630000114440918,3.259999990463257,3.4100000858306885,5211700,,
2023-07-25,3.440000057220459,3.859999895095825,3.4200000762939453,3.4600000381469727,8132900,,
2023-07-26,3.609999895095825,3.740000009536743,3.4200000762939453,3.640000104904175,7815800,,
2023-07-27,3.7200000286102295,3.7699999809265137,3.299999952316284,3.3399999141693115,6744800,,
2023-07-28,3.450000047683716,3.549999952316284,3.359999895095825,3.4200000762939453,5835100,,
2023-07-31,3.4600000381469727,3.4600000381469727,2.8299999237060547,2.9200000762939453,12198900,,
2023-08-01,2.8299999237060547,2.859999895095825,2.619999885559082,2.7799999713897705,8212700,,
2023-08-02,2.8499999046325684,3.0299999713897705,2.740000009536743,2.8499999046325684,6283100,,
2023-08-03,2.809999942779541,2.890000104904175,2.7100000381469727,2.7300000190734863,4468800,,
2023-08-04,2.759999990463257,2.759999990463257,2.5999999046325684,2.630000114440918,3900200,,
2023-08-07,2.5799999237060547,2.5799999237060547,2.2200000286102295,2.4100000858306885,6399300,,
2023-08-08,2.490000009536743,2.7699999809265137,2.4000000953674316,2.75,7965300,,
2023-08-09,2.819999933242798,2.880000114440918,2.569999933242798,2.5799999237060547,6250700,,
2023-08-10,2.559999942779541,2.7699999809265137,2.440000057220459,2.509999990463257,6879800,,
2023-08-11,2.4600000381469727,2.640000104904175,2.430000066757202,2.549999952316284,5332100,,
2023-08-14,2.450000047683716,2.559999942779541,2.109999895095825,2.5199999809265137,7867300,,
2023-08-15,2.5,2.6500000953674316,2.299999952316284,2.309999942779541,3873300,,
2023-08-16,2.1600000858306885,2.240000009536743,2.0799999237060547,2.109999895095825,6624700,,
2023-08-17,2.0299999713897705,2.119999885559082,1.9600000381469727,2.0,6584600,,
2023-08-18,1.850000023841858,2.0299999713897705,1.8300000429153442,1.9700000286102295,7301200,,
2023-08-21,2.0,2.1700000762939453,1.9700000286102295,1.9900000095367432,5232200,,
2023-08-22,2.0,2.059999942779541,1.8300000429153442,1.8700000047683716,5229200,,
2023-08-23,1.8700000047683716,2.119999885559082,1.8600000143051147,2.0799999237060547,7247800,,
2023-08-24,2.0999999046325684,2.109999895095825,1.8700000047683716,1.8799999952316284,4005800,,
2023-08-25,1.8799999952316284,1.9900000095367432,1.8600000143051147,1.899999976158142,2662900,,
2023-08-28,1.9700000286102295,2.0399999618530273,1.8799999952316284,1.909999966621399,3510600,,
2023-08-29,1.9199999570846558,2.3499999046325684,1.8700000047683716,2.299999952316284,10009300,,
2023-08-30,2.299999952316284,2.309999942779541,2.1700000762939453,2.2799999713897705,5610700,,
2023-08-31,2.259999990463257,2.3399999141693115,2.059999942779541,2.0899999141693115,5781700,,
2023-09-01,2.0899999141693115,2.1500000953674316,1.9500000476837158,1.9800000190734863,4018000,,
2023-09-05,1.9600000381469727,2.009999990463257,1.8799999952316284,1.8899999856948853,3487900,,
2023-09-06,1.8899999856948853,1.9500000476837158,1.8300000429153442,1.850000023841858,4611900,,
2023-09-07,1.850000023841858,1.899999976158142,1.7300000190734863,1.840000033378601,3795800,,
2023-09-08,1.8799999952316284,1.940000057220459,1.7799999713897705,1.7999999523162842,2818600,,
2023-09-11,1.7999999523162842,1.850000023841858,1.7000000476837158,1.7100000381469727,3332900,,
2023-09-12,1.7699999809265137,2.049999952316284,1.7599999904632568,1.7699999809265137,7254200,,
2023-09-13,1.7599999904632568,1.850000023841858,1.690000057220459,1.7300000190734863,4167400,,
2023-09-14,1.850000023841858,1.9500000476837158,1.7200000286102295,1.7300000190734863,9680100,,
2023-09-15,1.7200000286102295,1.7799999713897705,1.659999966621399,1.6799999475479126,15981000,,
2023-09-18,1.7599999904632568,1.7799999713897705,1.590000033378601,1.6200000047683716,7343100,,
2023-09-19,1.600000023841858,1.6699999570846558,1.5199999809265137,1.600000023841858,4581100,,
2023-09-20,1.590000033378601,1.6699999570846558,1.5199999809265137,1.5199999809265137,2817200,,
2023-09-21,1.4900000095367432,1.5099999904632568,1.4299999475479126,1.4600000381469727,4785700,,
2023-09-22,1.4800000190734863,1.5399999618530273,1.3700000047683716,1.3799999952316284,3984200,,
2023-09-25,1.3300000429153442,1.4199999570846558,1.3200000524520874,1.3700000047683716,2935700,,
2023-09-26,1.3700000047683716,1.3700000047683716,1.2400000095367432,1.2599999904632568,4788200,,
2023-09-27,1.3300000429153442,1.350000023841858,1.2100000381469727,1.2599999904632568,4200200,,
2023-09-28,1.25,1.3899999856948853,1.2400000095367432,1.309999942779541,6880100,,
2023-09-29,1.3300000429153442,1.3600000143051147,1.2100000381469727,1.2599999904632568,6711400,,
2023-10-02,1.4199999570846558,1.4900000095367432,1.1699999570846558,1.190000057220459,10342400,,
2023-10-03,1.149999976158142,1.159999966621399,1.0499999523162842,1.0700000524520874,5810500,,
2023-10-04,1.0700000524520874,1.149999976158142,1.0299999713897705,1.1100000143051147,4572600,,
2023-10-05,1.1200000047683716,1.1399999856948853,1.0099999904632568,1.0299999713897705,4454300,,
2023-10-06,1.0,1.1799999475479126,0.9599999785423279,1.1799999475479126,6502700,,
2023-10-09,1.149999976158142,1.2100000381469727,1.1100000143051147,1.1399999856948853,3929300,,
2023-10-10,1.1299999952316284,1.2100000381469727,1.100000023841858,1.1200000047683716,4801800,,
2023-10-11,1.1200000047683716,1.1299999952316284,1.0399999618530273,1.0800000429153442,3556300,,
2023-10-12,1.0700000524520874,1.0800000429153442,1.0099999904632568,1.0199999809265137,3071800,,
2023-10-13,1.0199999809265137,1.059999942779541,1.0,1.0199999809265137,2489600,,
2023-10-16,1.1100000143051147,1.190000057220459,1.059999942779541,1.1299999952316284,5879600,,
2023-10-17,1.1200000047683716,1.2899999618530273,1.100000023841858,1.2400000095367432,5663700,,
2023-10-18,1.2999999523162842,1.309999942779541,1.1299999952316284,1.1399999856948853,5395500,,
2023-10-19,1.149999976158142,1.2000000476837158,1.0800000429153442,1.090000033378601,5816800,,
2023-10-20,1.190000057220459,1.25,1.0800000429153442,1.100000023841858,7342000,,
2023-10-23,1.1799999475479126,1.2899999618530273,1.1100000143051147,1.2000000476837158,13330800,,
2023-10-24,1.3799999952316284,1.409999966621399,1.190000057220459,1.25,20496900,,
2023-10-25,1.2599999904632568,1.3700000047683716,1.2200000286102295,1.2200000286102295,8641400,,
2023-10-26,1.159999966621399,1.2400000095367432,1.1100000143051147,1.149999976158142,7925000,,
2023-10-27,1.190000057220459,1.2300000190734863,1.1100000143051147,1.1200000047683716,5516700,,
2023-10-30,1.159999966621399,1.2699999809265137,1.0700000524520874,1.1200000047683716,9253000,,
2023-10-31,1.1299999952316284,1.149999976158142,1.0499999523162842,1.1100000143051147,5810700,,
2023-11-01,1.1299999952316284,1.159999966621399,1.059999942779541,1.100000023841858,6137200,,
2023-11-02,1.1399999856948853,1.190000057220459,1.1100000143051147,1.1299999952316284,11558000,,
2023-11-03,1.1100000143051147,1.2000000476837158,1.100000023841858,1.149999976158142,9466100,,
2023-11-06,1.1699999570846558,1.1799999475479126,1.0399999618530273,1.059999942779541,7508500,,
2023-11-07,1.0800000429153442,1.1100000143051147,0.9800000190734863,1.0499999523162842,10523900,,
2023-11-08,1.0399999618530273,1.0399999618530273,0.9700000286102295,0.9700000286102295,4748500,,
2023-11-09,1.0800000429153442,1.1399999856948853,0.9200000166893005,0.9399999976158142,12018900,,
2023-11-10,0.9599999785423279,1.0,0.8899999856948853,0.9800000190734863,7957600,,
2023-11-13,0.9700000286102295,1.0399999618530273,0.9200000166893005,1.0099999904632568,6250400,,
2023-11-14,0.9700000286102295,1.0099999904632568,0.9100000262260437,0.9599999785423279,7745000,,
2023-11-15,0.9800000190734863,1.1100000143051147,0.9399999976158142,1.090000033378601,6031100,,
2023-11-16,1.0800000429153442,1.100000023841858,1.0199999809265137,1.0299999713897705,4084100,,
2023-11-17,1.0499999523162842,1.090000033378601,1.0099999904632568,1.059999942779541,4314300,,
2023-11-20,1.100000023841858,1.1699999570846558,1.0800000429153442,1.1399999856948853,9216600,,
2023-11-21,1.1200000047683716,1.1399999856948853,1.0700000524520874,1.0800000429153442,4688900,,
2023-11-22,1.0800000429153442,1.1200000047683716,1.0099999904632568,1.100000023841858,6533900,,
2023-11-24,1.100000023841858,1.2899999618530273,1.0700000524520874,1.2599999904632568,8650900,,
2023-11-27,1.2300000190734863,1.2899999618530273,1.190000057220459,1.2000000476837158,7704000,,
2023-11-28,1.2200000286102295,1.309999942779541,1.2100000381469727,1.25,11578200,,
2023-11-29,1.2799999713897705,1.309999942779541,1.2200000286102295,1.2300000190734863,8294800,,
2023-11-30,1.2300000190734863,1.2400000095367432,1.159999966621399,1.159999966621399,7454700,,
2023-12-01,1.190000057220459,1.3700000047683716,1.159999966621399,1.3700000047683716,13872500,,
2023-12-04,1.6699999570846558,1.690000057220459,1.4600000381469727,1.5399999618530273,23731500,,
2023-12-05,1.600000023841858,1.7200000286102295,1.5099999904632568,1.5499999523162842,19805200,,
2023-12-06,1.6299999952316284,1.6699999570846558,1.5700000524520874,1.590000033378601,11908500,,
2023-12-07,1.559999942779541,1.649999976158142,1.4800000190734863,1.6100000143051147,10248800,,
2023-12-08,1.6100000143051147,1.850000023841858,1.6100000143051147,1.8300000429153442,20535100,,
2023-12-11,1.7200000286102295,1.7200000286102295,1.3700000047683716,1.4199999570846558,19965000,,
2023-12-12,1.5099999904632568,1.5199999809265137,1.4199999570846558,1.4500000476837158,11212600,,
2023-12-13,1.4600000381469727,1.6399999856948853,1.409999966621399,1.6299999952316284,17561800,,
2023-12-14,1.7200000286102295,1.8200000524520874,1.6699999570846558,1.7799999713897705,15885400,,
2023-12-15,1.7400000095367432,1.809999942779541,1.649999976158142,1.7799999713897705,18877300,,
2023-12-18,1.690000057220459,1.9900000095367432,1.690000057220459,1.809999942779541,21374700,,
2023-12-19,1.909999966621399,2.1600000858306885,1.8899999856948853,1.9800000190734863,29955100,,
2023-12-20,2.2300000190734863,2.2699999809265137,1.940000057220459,1.9500000476837158,37374200,,
2023-12-21,2.0899999141693115,2.130000114440918,1.9800000190734863,2.0799999237060547,22143500,,
2023-12-22,2.109999895095825,2.25,1.9800000190734863,2.1500000953674316,33497800,,
2023-12-26,2.1600000858306885,2.259999990463257,2.0799999237060547,2.2200000286102295,24367800,,
2023-12-27,2.4800000190734863,2.9000000953674316,2.430000066757202,2.880000114440918,52498100,,
2023-12-28,2.9000000953674316,3.1700000762939453,2.7799999713897705,3.0199999809265137,58572200,,
2023-12-29,3.049999952316284,3.109999895095825,2.2699999809265137,2.4000000953674316,55369800,,
2024-01-02,2.930000066757202,2.940000057220459,2.2300000190734863,2.299999952316284,37016700,,
2024-01-03,2.0399999618530273,2.309999942779541,1.9500000476837158,2.1500000953674316,31323600,,
2024-01-04,2.2699999809265137,2.3499999046325684,2.0899999141693115,2.190000057220459,26283000,,
2024-01-05,2.119999885559082,2.130000114440918,1.8799999952316284,1.9299999475479126,22195400,,
2024-01-08,1.9500000476837158,2.130000114440918,1.7899999618530273,2.059999942779541,24113500,,
2024-01-09,2.049999952316284,2.1600000858306885,1.9500000476837158,2.0299999713897705,17777100,,
2024-01-10,1.9700000286102295,2.259999990463257,1.9600000381469727,2.119999885559082,23629900,,
2024-01-11,2.440000057220459,2.4600000381469727,1.840000033378601,1.9199999570846558,41921500,,
2024-01-12,1.840000033378601,1.8600000143051147,1.6399999856948853,1.7000000476837158,26498200,,
2024-01-16,1.6299999952316284,1.6299999952316284,1.4500000476837158,1.5099999904632568,22506100,,
2024-01-17,1.4600000381469727,1.5399999618530273,1.4199999570846558,1.4299999475479126,10980900,,
2024-01-18,1.4600000381469727,1.5199999809265137,1.2999999523162842,1.309999942779541,17840700,,
2024-01-19,1.3200000524520874,1.409999966621399,1.2400000095367432,1.3799999952316284,20167500,,
2024-01-22,1.3300000429153442,1.5,1.2899999618530273,1.4500000476837158,13684500,,
2024-01-23,1.3700000047683716,1.4800000190734863,1.3600000143051147,1.4299999475479126,11659500,,
2024-01-24,1.4800000190734863,1.5700000524520874,1.4299999475479126,1.440000057220459,11185700,,
2024-01-25,1.4700000286102295,1.5499999523162842,1.4299999475479126,1.5199999809265137,10342100,,
2024-01-26,1.6100000143051147,1.75,1.5800000429153442,1.690000057220459,17398800,,
2024-01-29,1.7300000190734863,1.9299999475479126,1.6799999475479126,1.8799999952316284,19683800,,
2024-01-30,1.909999966621399,2.0199999809265137,1.8300000429153442,1.8799999952316284,17515000,,
2024-01-31,1.7999999523162842,1.899999976158142,1.6699999570846558,1.6699999570846558,18999800,,
2024-02-01,1.7100000381469727,1.840000033378601,1.6699999570846558,1.8300000429153442,9480600,,
2024-02-02,1.7599999904632568,1.8700000047683716,1.7200000286102295,1.7799999713897705,11952800,,
2024-02-05,1.7699999809265137,1.7899999618530273,1.5499999523162842,1.559999942779541,11607500,,
2024-02-06,1.600000023841858,1.7100000381469727,1.5499999523162842,1.7000000476837158,7283200,,
2024-02-07,1.690000057220459,1.7400000095367432,1.5700000524520874,1.7200000286102295,14334700,,
2024-02-08,1.8200000524520874,2.069999933242798,1.809999942779541,2.0299999713897705,30266800,,
2024-02-09,2.240000009536743,2.2799999713897705,2.109999895095825,2.200000047683716,32182500,,
2024-02-12,2.2200000286102295,2.4800000190734863,2.2100000381469727,2.380000114440918,30708900,,
2024-02-13,2.140000104904175,2.3499999046325684,2.069999933242798,2.190000057220459,17287900,,
2024-02-14,2.4800000190734863,2.5199999809265137,2.359999895095825,2.4600000381469727,24812400,,
2024-02-15,2.6700000762939453,2.7300000190734863,2.319999933242798,2.4600000381469727,33443200,,
2024-02-16,2.4800000190734863,2.690000057220459,2.380000114440918,2.490000009536743,24733100,,
2024-02-20,2.5199999809265137,2.559999942779541,2.190000057220459,2.369999885559082,21959600,,
2024-02-21,2.200000047683716,2.309999942779541,2.1700000762939453,2.180000066757202,13094500,,
2024-02-22,2.2200000286102295,2.259999990463257,2.119999885559082,2.140000104904175,21339900,,
2024-02-23,2.0799999237060547,2.0999999046325684,1.909999966621399,2.0299999713897705,16042700,,
2024-02-26,2.049999952316284,2.380000114440918,2.049999952316284,2.3399999141693115,28488500,,
2024-02-27,2.5299999713897705,2.5899999141693115,2.200000047683716,2.299999952316284,29858700,,
2024-02-28,2.359999895095825,2.390000104904175,2.059999942779541,2.0999999046325684,30876500,,
2024-02-29,2.190000057220459,2.200000047683716,1.850000023841858,1.8799999952316284,26393900,,
2024-03-01,1.899999976158142,2.049999952316284,1.7899999618530273,2.049999952316284,13978500,,
2024-03-04,2.140000104904175,2.190000057220459,1.8700000047683716,1.909999966621399,25138200,,
2024-03-05,1.850000023841858,1.9800000190734863,1.7000000476837158,1.7300000190734863,19589900,,
2024-03-06,1.7699999809265137,1.9199999570846558,1.7100000381469727,1.8700000047683716,14672400,,
2024-03-07,1.8300000429153442,1.8899999856948853,1.75,1.840000033378601,12195000,,
2024-03-08,1.8700000047683716,2.119999885559082,1.850000023841858,2.009999990463257,21635200,,
2024-03-11,2.069999933242798,2.0899999141693115,1.7999999523162842,1.8200000524520874,18460200,,
2024-03-12,1.8200000524520874,1.8200000524520874,1.690000057220459,1.7599999904632568,13004600,,
2024-03-13,1.75,1.840000033378601,1.7000000476837158,1.7400000095367432,13967000,,
2024-03-14,1.7100000381469727,1.7300000190734863,1.6100000143051147,1.6699999570846558,13796800,,
2024-03-15,1.659999966621399,1.8300000429153442,1.6299999952316284,1.7799999713897705,13308200,,
2024-03-18,1.7599999904632568,1.8300000429153442,1.7000000476837158,1.7300000190734863,12790800,,
2024-03-19,1.6799999475479126,1.7899999618530273,1.5700000524520874,1.7200000286102295,12618900,,
2024-03-20,1.7100000381469727,2.3299999237060547,1.7000000476837158,2.3299999237060547,40493600,,
2024-03-21,2.309999942779541,2.5199999809265137,2.2300000190734863,2.380000114440918,36066100,,
2024-03-22,2.319999933242798,2.5999999046325684,2.240000009536743,2.4600000381469727,30423900,,
2024-03-25,2.569999933242798,2.8399999141693115,2.5199999809265137,2.569999933242798,31544600,,
2024-03-26,2.5799999237060547,2.609999895095825,2.4200000762939453,2.4600000381469727,19319900,,
2024-03-27,2.5799999237060547,2.740000009536743,2.430000066757202,2.700000047683716,23636900,,
2024-03-28,2.759999990463257,2.930000066757202,2.5899999141693115,2.630000114440918,33324300,,
2024-04-01,2.609999895095825,2.609999895095825,2.359999895095825,2.430000066757202,15547800,,
2024-04-02,2.2799999713897705,2.4000000953674316,2.2100000381469727,2.3299999237060547,11135600,,
2024-04-03,2.3399999141693115,2.4000000953674316,2.240000009536743,2.3299999237060547,11308300,,
2024-04-04,2.4100000858306885,2.619999885559082,2.3499999046325684,2.369999885559082,19204900,,
2024-04-05,2.299999952316284,2.430000066757202,2.2699999809265137,2.3499999046325684,9509900,,
2024-04-08,2.490000009536743,2.5899999141693115,2.200000047683716,2.2300000190734863,31322800,,
2024-04-09,2.259999990463257,2.3499999046325684,2.1700000762939453,2.2200000286102295,13525000,,
2024-04-10,2.1600000858306885,2.2799999713897705,2.0799999237060547,2.180000066757202,10854600,,
2024-04-11,2.200000047683716,2.2300000190734863,2.049999952316284,2.140000104904175,14273500,,
2024-04-12,2.130000114440918,2.1500000953674316,2.0,2.0399999618530273,9991300,,
2024-04-15,2.0199999809265137,2.109999895095825,1.9199999570846558,1.940000057220459,11103700,,
2024-04-16,1.8799999952316284,1.9299999475479126,1.8200000524520874,1.8799999952316284,12131100,,
2024-04-17,1.899999976158142,2.069999933242798,1.8799999952316284,1.9600000381469727,10859700,,
2024-04-18,2.0,2.2200000286102295,1.9600000381469727,2.130000114440918,12059400,,
2024-04-19,2.200000047683716,2.309999942779541,2.109999895095825,2.2899999618530273,14362200,,
2024-04-22,2.369999885559082,2.609999895095825,2.2699999809265137,2.5799999237060547,24349900,,
2024-04-23,2.4800000190734863,2.7899999618530273,2.4200000762939453,2.7100000381469727,21342900,,
2024-04-24,2.700000047683716,2.75,2.5199999809265137,2.5199999809265137,16800700,,
2024-04-25,2.390000104904175,2.509999990463257,2.319999933242798,2.490000009536743,12824100,,
2024-04-26,2.4700000286102295,2.509999990463257,2.369999885559082,2.4700000286102295,8824100,,
2024-04-29,2.369999885559082,2.5,2.2799999713897705,2.3299999237060547,17222500,,
2024-04-30,2.240000009536743,2.2899999618530273,2.1600000858306885,2.1700000762939453,11821300,,
2024-05-01,2.130000114440918,2.2799999713897705,2.0299999713897705,2.119999885559082,16276300,,
2024-05-02,2.2699999809265137,2.2699999809265137,2.0899999141693115,2.1700000762939453,8759400,,
2024-05-03,2.259999990463257,2.309999942779541,2.1600000858306885,2.190000057220459,10922000,,
2024-05-06,2.259999990463257,2.4800000190734863,2.25,2.4200000762939453,15043800,,
2024-05-07,2.380000114440918,2.4200000762939453,2.299999952316284,2.3299999237060547,9280500,,
2024-05-08,2.25,2.3399999141693115,2.1500000953674316,2.3299999237060547,9377200,,
2024-05-09,2.299999952316284,2.4000000953674316,2.259999990463257,2.359999895095825,6846100,,
2024-05-10,2.4100000858306885,2.490000009536743,2.2200000286102295,2.2300000190734863,11309900,,
2024-05-13,2.2799999713897705,2.4000000953674316,2.2200000286102295,2.240000009536743,11792200,,
2024-05-14,1.9800000190734863,2.0799999237060547,1.909999966621399,2.0399999618530273,15253400,,
2024-05-15,2.140000104904175,2.190000057220459,2.0,2.119999885559082,14445200,,
2024-05-16,2.0899999141693115,2.1700000762939453,2.0199999809265137,2.0199999809265137,11973400,,
2024-05-17,2.049999952316284,2.0999999046325684,1.9500000476837158,1.9500000476837158,12213200,,
2024-05-20,1.9600000381469727,2.1500000953674316,1.909999966621399,2.130000114440918,16151100,,
2024-05-21,2.190000057220459,2.240000009536743,2.0199999809265137,2.0399999618530273,14698800,,
2024-05-22,2.049999952316284,2.2899999618530273,2.0399999618530273,2.1600000858306885,19950900,,
2024-05-23,2.180000066757202,2.190000057220459,1.9700000286102295,1.9900000095367432,12261400,,
2024-05-24,2.0,2.0999999046325684,1.9600000381469727,2.069999933242798,8708800,,
2024-05-28,2.0799999237060547,2.1600000858306885,2.0199999809265137,2.069999933242798,13115400,,
2024-05-29,2.0299999713897705,2.25,1.9800000190734863,2.240000009536743,17696700,,
2024-05-30,2.25,2.369999885559082,2.240000009536743,2.2799999713897705,19890800,,
2024-05-31,2.309999942779541,2.3499999046325684,2.130000114440918,2.180000066757202,20567000,,
2024-06-03,2.25,2.299999952316284,2.0399999618530273,2.049999952316284,12803200,,
2024-06-04,2.1500000953674316,2.559999942779541,2.1500000953674316,2.509999990463257,43196600,,
2024-06-05,2.569999933242798,2.7899999618530273,2.5,2.7899999618530273,33414000,,
2024-06-06,2.740000009536743,3.3399999141693115,2.7300000190734863,3.2100000381469727,53507600,,
2024-06-07,3.2200000286102295,3.3499999046325684,2.9700000286102295,3.0899999141693115,32594700,,
2024-06-10,2.9100000858306885,3.2300000190734863,2.869999885559082,3.0899999141693115,20064100,,
2024-06-11,2.930000066757202,3.4800000190734863,2.7799999713897705,3.4800000190734863,29772300,,
2024-06-12,3.8299999237060547,4.199999809265137,3.75,3.8399999141693115,39501700,,
2024-06-13,3.8499999046325684,4.190000057220459,3.759999990463257,4.070000171661377,37238600,,
2024-06-14,4.079999923706055,4.190000057220459,3.7699999809265137,3.9200000762939453,22641200,,
2024-06-17,3.880000114440918,4.460000038146973,3.7799999713897705,4.389999866485596,24597900,,
2024-06-18,4.329999923706055,4.519999980926514,4.099999904632568,4.510000228881836,25961000,,
2024-06-20,4.619999885559082,4.820000171661377,4.46999979019165,4.630000114440918,28174100,,
2024-06-21,4.360000133514404,4.420000076293945,4.079999923706055,4.159999847412109,32041800,,
2024-06-24,3.8299999237060547,4.360000133514404,3.7899999618530273,4.21999979019165,23793300,,
2024-06-25,4.320000171661377,5.099999904632568,4.320000171661377,4.800000190734863,32242700,,
2024-06-26,4.880000114440918,5.190000057220459,4.570000171661377,4.590000152587891,30137500,,
2024-06-27,4.739999771118164,4.840000152587891,4.309999942779541,4.409999847412109,21943600,,
2024-06-28,4.539999961853027,4.559999942779541,4.320000171661377,4.449999809265137,35084900,,
2024-07-01,4.599999904632568,5.21999979019165,4.519999980926514,5.210000038146973,18761100,,
2024-07-02,5.210000038146973,5.340000152587891,4.989999771118164,5.050000190734863,19675000,,
2024-07-03,4.989999771118164,5.369999885559082,4.920000076293945,5.210000038146973,14284100,,
2024-07-05,4.909999847412109,5.710000038146973,4.739999771118164,5.579999923706055,25198900,,
2024-07-08,5.760000228881836,6.010000228881836,5.429999828338623,5.46999979019165,28180100,,
2024-07-09,5.820000171661377,6.050000190734863,4.960000038146973,5.03000020980835,30209300,,
2024-07-10,5.130000114440918,5.239999771118164,4.75,4.880000114440918,18759000,,
2024-07-11,5.119999885559082,5.269999980926514,4.570000171661377,4.75,28462300,,
2024-07-12,4.730000019073486,5.460000038146973,4.659999847412109,5.309999942779541,21230400,,
2024-07-15,5.71999979019165,6.039999961853027,5.539999961853027,6.0,28083400,,
2024-07-16,6.039999961853027,6.389999866485596,5.909999847412109,6.380000114440918,24539500,,
2024-07-17,6.190000057220459,6.510000228881836,5.769999980926514,5.900000095367432,22188000,,
2024-07-18,5.960000038146973,6.010000228881836,5.300000190734863,5.349999904632568,13346800,,
2024-07-19,5.449999809265137,5.809999942779541,5.320000171661377,5.590000152587891,14724100,,
2024-07-22,5.639999866485596,5.820000171661377,5.329999923706055,5.71999979019165,12648200,,
2024-07-23,5.619999885559082,5.869999885559082,5.489999771118164,5.519999980926514,8972500,,
2024-07-24,5.519999980926514,5.730000019073486,5.079999923706055,5.090000152587891,17718000,,
2024-07-25,4.860000133514404,4.96999979019165,4.460000038146973,4.53000020980835,22921500,,
2024-07-26,4.789999961853027,4.880000114440918,4.340000152587891,4.420000076293945,17191000,,
2024-07-29,4.53000020980835,4.579999923706055,4.059999942779541,4.139999866485596,19322100,,
2024-07-30,4.150000095367432,4.190000057220459,3.8399999141693115,3.8499999046325684,14014800,,
2024-07-31,4.150000095367432,4.400000095367432,4.110000133514404,4.159999847412109,19470400,,
2024-08-01,4.239999771118164,4.389999866485596,4.039999961853027,4.110000133514404,19401700,,
2024-08-02,3.950000047683716,4.090000152587891,3.640000104904175,3.6700000762939453,18534500,,
2024-08-05,2.8399999141693115,3.6600000858306885,2.740000009536743,3.5799999237060547,25220300,,
2024-08-06,3.8499999046325684,3.859999895095825,3.4700000286102295,3.619999885559082,14537000,,
2024-08-07,3.759999990463257,3.8299999237060547,3.319999933242798,3.3399999141693115,14978300,,
2024-08-08,3.4100000858306885,3.880000114440918,3.4100000858306885,3.880000114440918,17587200,,
2024-08-09,3.890000104904175,3.950000047683716,3.740000009536743,3.7899999618530273,13520200,,
2024-08-12,3.700000047683716,3.7300000190734863,3.509999990463257,3.569999933242798,15707600,,
2024-08-13,3.6500000953674316,3.7200000286102295,3.2899999618530273,3.309999942779541,19792700,,
2024-08-14,3.319999933242798,3.490000009536743,3.299999952316284,3.3499999046325684,23864400,,
2024-08-15,3.5799999237060547,3.9700000286102295,3.450000047683716,3.5999999046325684,47494700,,
2024-08-16,3.559999942779541,4.110000133514404,3.5199999809265137,4.03000020980835,28196600,,
2024-08-19,4.079999923706055,4.46999979019165,4.0,4.349999904632568,23361500,,
2024-08-20,4.409999847412109,4.860000133514404,4.389999866485596,4.739999771118164,30172300,,
2024-08-21,4.78000020980835,4.920000076293945,4.440000057220459,4.800000190734863,22308300,,
2024-08-22,4.829999923706055,4.980000019073486,4.630000114440918,4.809999942779541,17930600,,
2024-08-23,4.889999866485596,4.940000057220459,4.539999961853027,4.929999828338623,21024500,,
2024-08-26,4.940000057220459,4.940000057220459,4.590000152587891,4.78000020980835,12494400,,
2024-08-27,4.670000076293945,4.739999771118164,4.289999961853027,4.510000228881836,14901600,,
2024-08-28,4.409999847412109,4.610000133514404,4.099999904632568,4.179999828338623,14550700,,
2024-08-29,4.269999980926514,4.440000057220459,4.090000152587891,4.199999809265137,13996400,,
2024-08-30,4.289999961853027,4.380000114440918,4.150000095367432,4.360000133514404,11138000,,
2024-09-03,4.260000228881836,4.260000228881836,3.7899999618530273,3.819999933242798,14604500,,
2024-09-04,3.7799999713897705,4.010000228881836,3.5899999141693115,3.9100000858306885,15264000,,
2024-09-05,4.110000133514404,4.300000190734863,3.990000009536743,4.210000038146973,18765400,,
2024-09-06,4.230000019073486,4.349999904632568,3.6600000858306885,3.7300000190734863,20716600,,
2024-09-09,3.950000047683716,4.03000020980835,3.7799999713897705,3.990000009536743,19097900,,
2024-09-10,4.010000228881836,4.239999771118164,3.859999895095825,4.239999771118164,10585800,,
2024-09-11,4.110000133514404,4.539999961853027,3.990000009536743,4.420000076293945,15488800,,
2024-09-12,4.440000057220459,4.579999923706055,4.300000190734863,4.309999942779541,13764600,,
2024-09-13,4.320000171661377,4.429999828338623,4.159999847412109,4.239999771118164,21821000,,
2024-09-16,4.019999980926514,4.099999904632568,3.7699999809265137,3.940000057220459,15778600,,
2024-09-17,4.050000190734863,4.389999866485596,4.039999961853027,4.070000171661377,16381900,,
2024-09-18,4.0,4.389999866485596,3.990000009536743,4.059999942779541,16978600,,
2024-09-19,4.340000152587891,4.800000190734863,4.28000020980835,4.460000038146973,28677300,,
2024-09-20,4.46999979019165,4.670000076293945,4.360000133514404,4.5,28316100,,
2024-09-23,4.71999979019165,5.010000228881836,4.659999847412109,4.889999866485596,25384500,,
2024-09-24,4.869999885559082,5.400000095367432,4.559999942779541,5.369999885559082,31988600,,
2024-09-25,5.309999942779541,5.429999828338623,5.079999923706055,5.139999866485596,19824000,,
2024-09-26,5.320000171661377,5.389999866485596,4.929999828338623,5.070000171661377,20843900,,
2024-09-27,5.179999828338623,5.190000057220459,4.820000171661377,4.940000057220459,17438100,,
2024-09-30,4.769999980926514,4.809999942779541,4.570000171661377,4.679999828338623,18369600,,
2024-10-01,4.679999828338623,4.699999809265137,4.25,4.329999923706055,16441500,,
2024-10-02,4.239999771118164,4.519999980926514,4.179999828338623,4.360000133514404,12721900,,
2024-10-03,4.300000190734863,4.71999979019165,4.300000190734863,4.710000038146973,13479600,,
2024-10-04,4.849999904632568,4.860000133514404,4.360000133514404,4.400000095367432,27230400,,
2024-10-07,4.349999904632568,4.429999828338623,3.9000000953674316,4.03000020980835,31975000,,
2024-10-08,4.0,4.150000095367432,3.880000114440918,3.9100000858306885,13959300,,
2024-10-09,3.880000114440918,3.9200000762939453,3.759999990463257,3.819999933242798,15026100,,
2024-10-10,4.010000228881836,4.070000171661377,3.799999952316284,3.930000066757202,19327300,,
2024-10-11,3.950000047683716,4.320000171661377,3.940000057220459,4.210000038146973,19384100,,
2024-10-14,4.320000171661377,4.570000171661377,4.21999979019165,4.489999771118164,17866800,,
2024-10-15,4.449999809265137,4.699999809265137,4.300000190734863,4.610000133514404,15434200,,
2024-10-16,4.679999828338623,5.230000019073486,4.610000133514404,5.199999809265137,24485500,,
2024-10-17,5.050000190734863,5.349999904632568,4.96999979019165,5.070000171661377,19117200,,
2024-10-18,5.119999885559082,5.289999961853027,4.980000019073486,5.239999771118164,20021400,,
2024-10-21,5.21999979019165,6.230000019073486,5.059999942779541,6.210000038146973,58975400,,
2024-10-22,6.130000114440918,6.550000190734863,5.960000038146973,6.53000020980835,26070100,,
2024-10-23,6.340000152587891,6.579999923706055,5.989999771118164,6.400000095367432,23597400,,
2024-10-24,6.28000020980835,6.539999961853027,5.840000152587891,6.210000038146973,91942900,,
2024-10-25,6.239999771118164,6.699999809265137,6.130000114440918,6.380000114440918,40360400,,
2024-10-28,6.730000019073486,7.28000020980835,6.690000057220459,6.849999904632568,40475400,,
2024-10-29,7.070000171661377,7.139999866485596,6.409999847412109,6.690000057220459,28696900,,
2024-10-30,6.570000171661377,7.150000095367432,6.489999771118164,6.889999866485596,20709100,,
2024-10-31,6.670000076293945,6.760000228881836,6.210000038146973,6.519999980926514,23443700,,
2024-11-01,6.670000076293945,6.920000076293945,6.099999904632568,6.199999809265137,21453700,,
2024-11-04,6.079999923706055,6.170000076293945,5.889999866485596,5.980000019073486,17127000,,
2024-11-05,6.110000133514404,6.489999771118164,6.03000020980835,6.210000038146973,20077500,,
2024-11-06,7.059999942779541,7.679999828338623,6.800000190734863,7.670000076293945,48372100,,
2024-11-07,7.599999904632568,8.329999923706055,7.360000133514404,8.210000038146973,31774500,,
2024-11-08,8.180000305175781,8.399999618530273,7.820000171661377,8.25,26344700,,
2024-11-11,8.729999542236328,9.119999885559082,8.319999694824219,8.819999694824219,38343400,,
2024-11-12,8.4399995803833,8.680000305175781,8.119999885559082,8.529999732971191,32684300,,
2024-11-13,8.75,9.300000190734863,7.320000171661377,7.349999904632568,42084600,,
2024-11-14,7.480000019073486,7.539999961853027,6.889999866485596,6.949999809265137,23966400,,
2024-11-15,7.099999904632568,7.25,6.739999771118164,7.179999828338623,24264300,,
2024-11-18,7.110000133514404,7.610000133514404,6.820000171661377,7.039999961853027,20093500,,
2024-11-19,7.0,7.550000190734863,6.829999923706055,7.380000114440918,19273400,,
2024-11-20,7.630000114440918,7.860000133514404,7.019999980926514,7.199999809265137,24229800,,
2024-11-21,7.449999809265137,7.559999942779541,6.539999961853027,6.989999771118164,28215900,,
2024-11-22,6.860000133514404,7.539999961853027,6.599999904632568,7.449999809265137,25855300,,
2024-11-25,7.630000114440918,7.639999866485596,6.860000133514404,6.989999771118164,29742200,,
2024-11-26,6.929999828338623,7.099999904632568,6.440000057220459,6.570000171661377,26507400,,
2024-11-27,6.820000171661377,7.369999885559082,6.710000038146973,7.289999961853027,22596500,,
2024-11-29,7.349999904632568,8.050000190734863,7.329999923706055,7.889999866485596,18343900,,
2024-12-02,7.889999866485596,8.1899995803833,7.300000190734863,7.320000171661377,21557200,,
2024-12-03,7.110000133514404,7.389999866485596,7.010000228881836,7.269999980926514,13218900,,
2024-12-04,7.360000133514404,8.149999618530273,7.130000114440918,8.119999885559082,23470200,,
2024-12-05,8.220000267028809,8.4399995803833,7.679999828338623,7.710000038146973,27329500,,
2024-12-06,7.920000076293945,8.979999542236328,7.900000095367432,8.119999885559082,32676000,,
2024-12-09,8.050000190734863,8.0600004196167,7.190000057220459,7.289999961853027,26129000,,
2024-12-10,7.289999961853027,7.360000133514404,6.71999979019165,6.71999979019165,20643700,,
2024-12-11,6.96999979019165,7.28000020980835,6.730000019073486,7.210000038146973,22615400,,
2024-12-12,7.429999828338623,7.989999771118164,7.159999847412109,7.53000020980835,27734700,,
2024-12-13,7.420000076293945,7.670000076293945,6.96999979019165,7.039999961853027,18379200,,
2024-12-16,7.170000076293945,8.380000114440918,7.170000076293945,8.239999771118164,35624000,,
2024-12-17,8.350000381469727,8.510000228881836,7.760000228881836,8.199999809265137,20016000,,
2024-12-18,8.09000015258789,8.140000343322754,6.840000152587891,6.980000019073486,26543300,,
2024-12-19,7.300000190734863,7.360000133514404,6.409999847412109,6.489999771118164,23184200,,
2024-12-20,6.369999885559082,6.71999979019165,6.300000190734863,6.610000133514404,25913000,,
2024-12-23,6.519999980926514,6.579999923706055,5.539999961853027,5.809999942779541,41985900,,
2024-12-24,6.0,6.360000133514404,5.949999809265137,6.230000019073486,17488800,,
2024-12-26,6.070000171661377,6.199999809265137,5.849999904632568,6.079999923706055,18252000,,
2024-12-27,6.090000152587891,6.110000133514404,5.429999828338623,5.53000020980835,30237000,,
2024-12-30,5.409999847412109,5.5,5.090000152587891,5.320000171661377,21651900,,
2024-12-31,5.510000228881836,5.820000171661377,5.300000190734863,5.659999847412109,33524600,,
2025-01-02,5.829999923706055,6.010000228881836,5.309999942779541,5.460000038146973,39964100,,
2025-01-03,5.570000171661377,6.289999961853027,5.5,6.21999979019165,33235300,,
2025-01-06,6.489999771118164,6.579999923706055,6.25,6.5,36981300,,
2025-01-07,6.510000228881836,6.650000095367432,5.769999980926514,6.130000114440918,31171900,,
2025-01-08,5.909999847412109,6.050000190734863,5.46999979019165,5.510000228881836,35173400,,
2025-01-10,5.340000152587891,5.46999979019165,5.139999866485596,5.400000095367432,25720600,,
2025-01-13,5.150000095367432,5.28000020980835,4.96999979019165,5.199999809265137,30080500,,
2025-01-14,5.599999904632568,5.840000152587891,5.429999828338623,5.570000171661377,34855800,,
2025-01-15,5.929999828338623,6.329999923706055,5.920000076293945,6.179999828338623,43511300,,
2025-01-16,6.110000133514404,6.199999809265137,5.820000171661377,5.849999904632568,33625400,,
2025-01-17,6.21999979019165,6.659999847412109,6.050000190734863,6.400000095367432,58295800,,
2025-01-21,6.449999809265137,6.539999961853027,5.889999866485596,5.960000038146973,42245600,,
2025-01-22,5.960000038146973,6.349999904632568,5.610000133514404,6.230000019073486,43279100,,
2025-01-23,6.039999961853027,6.75,6.039999961853027,6.179999828338623,42018300,,
2025-01-24,6.5,6.980000019073486,6.269999980926514,6.320000171661377,56754400,,
2025-01-27,5.489999771118164,5.519999980926514,4.130000114440918,4.429999828338623,98408000,,
2025-01-28,4.739999771118164,4.789999961853027,4.190000057220459,4.639999866485596,72168500,,
2025-01-29,4.599999904632568,4.840000152587891,4.449999809265137,4.730000019073486,73270300,,
2025-01-30,4.829999923706055,5.179999828338623,4.78000020980835,5.010000228881836,57371000,,
2025-01-31,5.099999904632568,5.25,4.71999979019165,4.769999980926514,69994000,,
2025-02-03,4.289999961853027,5.070000171661377,4.28000020980835,5.010000228881836,53822500,,
2025-02-04,5.0,5.199999809265137,4.880000114440918,5.179999828338623,32643200,,
2025-02-05,5.199999809265137,5.289999961853027,5.0,5.070000171661377,32253500,,
2025-02-06,5.150000095367432,5.369999885559082,5.010000228881836,5.150000095367432,42223800,,
2025-02-07,5.360000133514404,5.599999904632568,4.980000019073486,5.03000020980835,38174100,,
2025-02-10,5.079999923706055,5.309999942779541,4.980000019073486,5.130000114440918,30574800,,
2025-02-11,5.070000171661377,5.170000076293945,4.75,4.760000228881836,31307800,,
2025-02-12,4.699999809265137,5.119999885559082,4.639999866485596,4.849999904632568,37356700,,
2025-02-13,4.860000133514404,4.889999866485596,4.590000152587891,4.889999866485596,34876700,,
2025-02-14,4.900000095367432,5.010000228881836,4.730000019073486,4.869999885559082,28232300,,
2025-02-18,4.840000152587891,4.900000095367432,4.650000095367432,4.710000038146973,21415200,,
2025-02-19,4.760000228881836,4.96999979019165,4.679999828338623,4.71999979019165,23927000,,
2025-02-20,4.769999980926514,4.789999961853027,4.46999979019165,4.5,32218100,,
2025-02-21,4.599999904632568,4.690000057220459,4.079999923706055,4.079999923706055,47537200,,
2025-02-24,4.099999904632568,4.190000057220459,3.7899999618530273,3.950000047683716,59324700,,
2025-02-25,3.819999933242798,3.880000114440918,3.5399999618530273,3.680000066757202,51767200,,
2025-02-26,3.700000047683716,3.930000066757202,3.5799999237060547,3.7200000286102295,67335300,,
2025-02-27,3.9600000381469727,4.019999980926514,3.5999999046325684,3.609999895095825,85099800,,
2025-02-28,3.5199999809265137,4.25,3.5199999809265137,4.190000057220459,127522800,,
2025-03-03,4.309999942779541,4.570000171661377,3.630000114440918,3.6700000762939453,54916900,,
2025-03-04,3.4800000190734863,3.6700000762939453,3.1600000858306885,3.4800000190734863,35550100,,
2025-03-05,3.5199999809265137,3.7200000286102295,3.380000114440918,3.7100000381469727,19160500,,
2025-03-06,3.5299999713897705,3.5899999141693115,3.2799999713897705,3.359999895095825,31526500,,
2025-03-07,3.3499999046325684,3.6600000858306885,3.259999990463257,3.5999999046325684,24491100,,
2025-03-10,3.4000000953674316,3.4200000762939453,2.9000000953674316,3.069999933242798,35018000,,
2025-03-11,3.009999990463257,3.240000009536743,2.9100000858306885,3.1700000762939453,31501300,,
2025-03-12,3.2799999713897705,3.299999952316284,2.930000066757202,3.2300000190734863,43020900,,
2025-03-13,3.240000009536743,3.240000009536743,2.950000047683716,2.990000009536743,35281100,,
2025-03-14,3.0999999046325684,3.309999942779541,2.9800000190734863,3.259999990463257,46189000,,
2025-03-17,3.2300000190734863,3.359999895095825,3.0,3.259999990463257,32752100,,
2025-03-18,3.200000047683716,3.2100000381469727,2.940000057220459,2.9600000381469727,31848000,,
2025-03-19,3.009999990463257,3.380000114440918,3.0,3.299999952316284,39843600,,
2025-03-20,3.2300000190734863,3.3299999237060547,3.1500000953674316,3.2100000381469727,33287100,,
2025-03-21,3.0899999141693115,3.2100000381469727,3.0399999618530273,3.200000047683716,30430100,,
2025-03-24,3.3499999046325684,3.5199999809265137,3.319999933242798,3.4700000286102295,40791800,,
2025-03-25,3.4600000381469727,3.4700000286102295,3.2300000190734863,3.2799999713897705,26419800,,
2025-03-26,3.190000057220459,3.25,2.890000104904175,2.9100000858306885,33913600,,
2025-03-27,2.8399999141693115,3.0299999713897705,2.799999952316284,2.930000066757202,25219800,,
2025-03-28,2.890000104904175,2.890000104904175,2.7100000381469727,2.7200000286102295,31552300,,
2025-03-31,2.5899999141693115,2.7699999809265137,2.5199999809265137,2.7300000190734863,36253100,,
2025-04-01,2.7100000381469727,2.9100000858306885,2.640000104904175,2.880000114440918,32640300,,
2025-04-02,2.75,2.990000009536743,2.75,2.9800000190734863,32801900,,
2025-04-03,2.6600000858306885,2.759999990463257,2.619999885559082,2.6500000953674316,20982900,,
2025-04-04,2.569999933242798,2.6500000953674316,2.259999990463257,2.5999999046325684,39419000,,
2025-04-07,2.2899999618530273,2.930000066757202,2.259999990463257,2.6700000762939453,57216600,,
2025-04-08,2.8299999237060547,2.8299999237060547,2.2100000381469727,2.259999990463257,37118700,,
2025-04-09,2.2799999713897705,2.640000104904175,2.059999942779541,2.5799999237060547,55388900,,
2025-04-10,2.450000047683716,2.450000047683716,2.180000066757202,2.240000009536743,28725500,,
2025-04-11,2.25,2.4200000762939453,2.190000057220459,2.380000114440918,24701700,,
2025-04-14,2.4800000190734863,2.5399999618530273,2.319999933242798,2.4700000286102295,27425800,,
2025-04-15,2.490000009536743,2.509999990463257,2.2100000381469727,2.2899999618530273,28941600,,
2025-04-16,2.2200000286102295,2.359999895095825,2.190000057220459,2.299999952316284,17504500,,
2025-04-17,2.299999952316284,2.369999885559082,2.2300000190734863,2.3499999046325684,14231200,,
2025-04-21,2.359999895095825,2.4800000190734863,2.240000009536743,2.25,30856700,,
2025-04-22,2.319999933242798,2.7200000286102295,2.309999942779541,2.6500000953674316,59637000,,
2025-04-23,2.819999933242798,2.9200000762939453,2.6500000953674316,2.7899999618530273,49387300,,
2025-04-24,2.7699999809265137,3.069999933242798,2.7300000190734863,3.0399999618530273,42168500,,
2025-04-25,3.0999999046325684,3.130000114440918,2.9700000286102295,3.0,38651400,,
2025-04-28,3.0299999713897705,3.190000057220459,2.859999895095825,3.0199999809265137,48727100,,
2025-04-29,3.0,3.069999933242798,2.890000104904175,2.9200000762939453,30198700,,
2025-04-30,2.809999942779541,2.8399999141693115,2.6700000762939453,2.7799999713897705,25390800,,
2025-05-01,2.930000066757202,3.2899999618530273,2.9100000858306885,3.240000009536743,48986100,,
2025-05-02,3.2899999618530273,3.3499999046325684,3.180000066757202,3.2100000381469727,33153200,,
2025-05-05,3.0799999237060547,3.0899999141693115,2.890000104904175,2.990000009536743,27188100,,
2025-05-06,2.890000104904175,3.140000104904175,2.890000104904175,3.119999885559082,29234100,,
2025-05-07,3.0999999046325684,3.130000114440918,2.9800000190734863,3.049999952316284,27008600,,
2025-05-08,3.200000047683716,3.4100000858306885,3.119999885559082,3.299999952316284,38144200,,
2025-05-09,3.009999990463257,3.4000000953674316,2.890000104904175,3.009999990463257,40711000,,
2025-05-12,3.1500000953674316,3.640000104904175,3.0899999141693115,3.4800000190734863,43459200,,
2025-05-13,3.7100000381469727,3.8399999141693115,3.619999885559082,3.8299999237060547,36592800,,
2025-05-14,3.799999952316284,3.819999933242798,3.549999952316284,3.6600000858306885,32605400,,
2025-05-15,3.5799999237060547,3.609999895095825,3.309999942779541,3.5199999809265137,30305200,,
2025-05-16,3.5299999713897705,3.930000066757202,3.5299999713897705,3.890000104904175,41555300,,
2025-05-19,3.690000057220459,4.03000020980835,3.5999999046325684,4.0,49708200,,
2025-05-20,3.950000047683716,4.03000020980835,3.7799999713897705,3.9200000762939453,45921200,,
2025-05-21,3.8499999046325684,4.199999809265137,3.7300000190734863,3.9100000858306885,72459300,,
2025-05-22,4.099999904632568,4.179999828338623,3.9000000953674316,4.090000152587891,64149000,,
2025-05-23,3.890000104904175,4.059999942779541,3.819999933242798,3.930000066757202,42890000,,
2025-05-27,4.050000190734863,4.090000152587891,3.819999933242798,3.940000057220459,40080400,,
2025-05-28,3.9600000381469727,3.9600000381469727,3.700000047683716,3.7899999618530273,34330500,,
2025-05-29,3.8399999141693115,3.8499999046325684,3.609999895095825,3.640000104904175,32157500,,
2025-05-30,3.5399999618530273,3.6500000953674316,3.450000047683716,3.5299999713897705,34920300,,
2025-06-02,3.4800000190734863,3.6600000858306885,3.4800000190734863,3.609999895095825,32900700,,
2025-06-03,3.6600000858306885,3.799999952316284,3.569999933242798,3.7799999713897705,43445700,,
2025-06-04,3.740000009536743,4.340000152587891,3.6700000762939453,4.239999771118164,58361800,,
2025-06-05,4.309999942779541,4.320000171661377,3.7899999618530273,3.8299999237060547,80334600,,
2025-06-06,3.9600000381469727,4.519999980926514,3.9000000953674316,4.349999904632568,47228300,,
2025-06-09,4.53000020980835,4.650000095367432,4.329999923706055,4.53000020980835,53119500,,
2025-06-10,4.579999923706055,4.630000114440918,4.400000095367432,4.519999980926514,35110000,,
2025-06-11,4.539999961853027,4.570000171661377,4.300000190734863,4.409999847412109,45890100,,
2025-06-12,4.360000133514404,4.46999979019165,4.239999771118164,4.260000228881836,29969500,,
2025-06-13,4.130000114440918,4.269999980926514,3.9700000286102295,4.019999980926514,41394200,,
2025-06-16,4.139999866485596,4.400000095367432,4.059999942779541,4.329999923706055,36858300,,
2025-06-17,4.190000057220459,4.230000019073486,3.880000114440918,3.950000047683716,41651800,,
2025-06-18,3.930000066757202,4.050000190734863,3.819999933242798,3.8399999141693115,37880200,,
2025-06-20,3.9700000286102295,4.010000228881836,3.700000047683716,3.740000009536743,47698500,,
2025-06-23,3.609999895095825,3.6700000762939453,3.4000000953674316,3.569999933242798,41500700,,
2025-06-24,3.6600000858306885,3.940000057220459,3.630000114440918,3.8399999141693115,43686200,,
2025-06-25,3.930000066757202,4.139999866485596,3.7899999618530273,3.799999952316284,48368400,,
2025-06-26,3.7699999809265137,4.53000020980835,3.700000047683716,4.389999866485596,87547200,,
2025-06-27,4.389999866485596,4.409999847412109,4.130000114440918,4.21999979019165,55550400,,
2025-06-30,4.289999961853027,4.599999904632568,4.230000019073486,4.380000114440918,52733400,,
2025-07-01,4.269999980926514,4.679999828338623,4.239999771118164,4.440000057220459,72066400,,
2025-07-02,4.53000020980835,5.070000171661377,4.53000020980835,5.039999961853027,90051300,,
2025-07-03,5.099999904632568,5.46999979019165,5.010000228881836,5.260000228881836,53225700,,
2025-07-07,4.989999771118164,5.03000020980835,4.519999980926514,4.800000190734863,62651000,,
2025-07-08,4.949999809265137,5.179999828338623,4.789999961853027,4.820000171661377,30670900,,
2025-07-09,4.96999979019165,5.0,4.730000019073486,4.929999828338623,44003000,,
2025-07-10,4.929999828338623,5.159999847412109,4.869999885559082,5.130000114440918,64018400,,
2025-07-11,5.230000019073486,5.340000152587891,4.820000171661377,4.889999866485596,69314400,,
2025-07-14,4.929999828338623,5.230000019073486,4.909999847412109,5.110000133514404,88409400,,
2025-07-15,5.039999961853027,5.050000190734863,4.820000171661377,4.869999885559082,41575900,,
2025-07-16,4.989999771118164,5.369999885559082,4.980000019073486,5.25,48748800,,
2025-07-17,5.230000019073486,5.440000057220459,5.139999866485596,5.360000133514404,43088600,,
2025-07-18,5.429999828338623,5.630000114440918,5.0,5.130000114440918,46881200,,
2025-07-21,5.179999828338623,5.480000019073486,4.96999979019165,4.989999771118164,32811800,,
2025-07-22,5.090000152587891,5.269999980926514,4.840000152587891,5.260000228881836,69573500,,
2025-07-23,5.239999771118164,5.260000228881836,4.96999979019165,5.199999809265137,59704200,,
2025-07-24,5.210000038146973,5.449999809265137,5.170000076293945,5.320000171661377,48041000,,
2025-07-25,5.269999980926514,5.269999980926514,5.0,5.170000076293945,30149200,,
2025-07-28,5.289999961853027,5.380000114440918,5.03000020980835,5.099999904632568,25493300,,
2025-07-29,5.170000076293945,5.440000057220459,5.079999923706055,5.21999979019165,35281300,,
2025-07-30,5.260000228881836,5.46999979019165,4.889999866485596,5.010000228881836,30732400,,
2025-07-31,5.070000171661377,5.380000114440918,5.03000020980835,5.159999847412109,40444500,,
2025-08-01,4.960000038146973,4.960000038146973,4.639999866485596,4.760000228881836,31024400,,
2025-08-04,4.829999923706055,4.920000076293945,4.71999979019165,4.889999866485596,20787500,,
2025-08-05,4.929999828338623,5.059999942779541,4.78000020980835,5.059999942779541,32413000,,
2025-08-06,5.050000190734863,5.199999809265137,5.019999980926514,5.150000095367432,31283100,,
2025-08-07,5.170000076293945,5.28000020980835,4.769999980926514,4.940000057220459,35252900,,
2025-08-08,5.179999828338623,5.210000038146973,4.670000076293945,5.03000020980835,42214900,,
2025-08-11,5.03000020980835,5.769999980926514,5.019999980926514,5.400000095367432,52992600,,
2025-08-12,5.449999809265137,5.510000228881836,5.179999828338623,5.239999771118164,24840800,,
2025-08-13,5.480000019073486,5.690000057220459,5.260000228881836,5.460000038146973,38876100,,
2025-08-14,7.199999809265137,8.760000228881836,6.739999771118164,8.710000038146973,289277500,,
2025-08-15,8.529999732971191,9.229999542236328,8.140000343322754,8.970000267028809,108160000,,
2025-08-18,10.010000228881836,10.710000038146973,9.300000190734863,9.380000114440918,161975800,,
2025-08-19,9.149999618530273,9.359999656677246,8.680000305175781,8.779999732971191,105256700,,
2025-08-20,8.829999923706055,9.300000190734863,8.600000381469727,9.279999732971191,66973700,,
2025-08-21,9.300000190734863,9.4399995803833,8.850000381469727,9.1899995803833,54342000,,
2025-08-22,9.270000457763672,10.25,9.109999656677246,9.15999984741211,72453200,,
2025-08-25,8.989999771118164,9.100000381469727,8.710000038146973,8.930000305175781,39878700,,
2025-08-26,8.84000015258789,9.369999885559082,8.800000190734863,9.239999771118164,36027100,,
2025-08-27,9.260000228881836,9.399999618530273,9.029999732971191,9.130000114440918,29942100,,
2025-08-28,9.279999732971191,9.640000343322754,9.140000343322754,9.4399995803833,41332600,,
2025-08-29,9.460000038146973,9.779999732971191,9.100000381469727,9.449999809265137,35705400,,
2025-09-02,9.199999809265137,9.819999694824219,8.970000267028809,9.630000114440918,42554800,,
2025-09-03,9.680000305175781,9.75,8.920000076293945,8.979999542236328,35246700,,
2025-09-04,9.0,9.0,8.600000381469727,8.869999885559082,28234200,,
2025-09-05,9.079999923706055,9.1899995803833,8.699999809265137,9.130000114440918,26967500,,
2025-09-08,9.119999885559082,9.520000457763672,8.9399995803833,9.199999809265137,31991000,,
2025-09-09,9.579999923706055,10.319999694824219,9.130000114440918,10.300000190734863,69371900,,
2025-09-10,10.539999961853027,11.039999961853027,10.239999771118164,10.550000190734863,62191900,,
2025-09-11,10.449999809265137,11.229999542236328,10.180000305175781,10.640000343322754,45284500,,
2025-09-12,10.680000305175781,11.079999923706055,10.479999542236328,10.760000228881836,28100100,,
2025-09-15,10.84000015258789,10.9399995803833,10.039999961853027,10.489999771118164,36073100,,
2025-09-16,10.539999961853027,11.0,10.25,10.9399995803833,37077300,,
2025-09-17,10.789999961853027,11.529999732971191,10.569999694824219,11.350000381469727,39866500,,
2025-09-18,11.609999656677246,11.630000114440918,10.960000038146973,11.170000076293945,33612300,,
2025-09-19,11.220000267028809,11.4399995803833,10.899999618530273,10.979999542236328,54584400,,
2025-09-22,10.979999542236328,11.770000457763672,10.720000267028809,11.489999771118164,45648500,,
2025-09-23,11.550000190734863,11.789999961853027,11.010000228881836,11.239999771118164,31845100,,
2025-09-24,11.369999885559082,11.720000267028809,11.039999961853027,11.399999618530273,37364700,,
2025-09-25,11.109999656677246,11.779999732971191,10.430000305175781,10.970000267028809,50279800,,
2025-09-26,11.039999961853027,11.130000114440918,10.550000190734863,10.829999923706055,23318200,,
2025-09-29,11.0600004196167,11.789999961853027,10.9399995803833,11.600000381469727,30376700,,
2025-09-30,11.6899995803833,12.0600004196167,11.390000343322754,11.420000076293945,28701400,,
2025-10-01,11.529999732971191,11.930000305175781,11.25,11.470000267028809,22983600,,
2025-10-02,11.850000381469727,12.270000457763672,11.5600004196167,11.579999923706055,38274500,,
2025-10-03,11.8100004196167,12.5,11.630000114440918,11.920000076293945,37026800,,
2025-10-06,12.390000343322754,12.649999618530273,11.920000076293945,11.970000267028809,30065100,,
2025-10-07,12.15999984741211,12.369999885559082,11.25,12.100000381469727,30522400,,
2025-10-08,12.09000015258789,12.699999809265137,11.890000343322754,12.300000190734863,27693300,,
2025-10-09,12.920000076293945,13.739999771118164,12.640000343322754,13.59000015258789,44520500,,
2025-10-10,14.460000038146973,15.510000228881836,13.180000305175781,13.510000228881836,70877400,,
2025-10-13,14.350000381469727,14.350000381469727,13.329999923706055,14.0,36954700,,
2025-10-14,13.850000381469727,16.190000534057617,13.3100004196167,15.460000038146973,77015200,,
2025-10-15,15.979999542236328,16.18000030517578,14.970000267028809,15.470000267028809,45596800,,
2025-10-16,15.529999732971191,15.649999618530273,13.8100004196167,13.859999656677246,39053000,,
2025-10-17,13.260000228881836,13.979999542236328,12.729999542236328,13.930000305175781,32136400,,
2025-10-20,14.449999809265137,14.739999771118164,13.739999771118164,13.850000381469727,23362900,,
2025-10-21,13.850000381469727,13.890000343322754,12.880000114440918,13.140000343322754,24538000,,
2025-10-22,12.970000267028809,13.529999732971191,11.779999732971191,12.619999885559082,41497200,,
2025-10-23,12.770000457763672,13.319999694824219,12.399999618530273,12.880000114440918,20010600,,
2025-10-24,13.9399995803833,14.170000076293945,13.5,13.710000038146973,27325200,,
2025-10-27,14.1899995803833,14.220000267028809,13.470000267028809,13.640000343322754,17835900,,
2025-10-28,14.640000343322754,17.049999237060547,14.630000114440918,15.9399995803833,114842800,,
2025-10-29,15.1899995803833,16.229999542236328,14.369999885559082,14.5,81297700,,
2025-10-30,14.350000381469727,15.550000190734863,14.010000228881836,14.819999694824219,69667700,,
2025-10-31,15.020000457763672,15.699999809265137,14.800000190734863,15.5,48808100,,
2025-11-03,16.190000534057617,16.3799991607666,14.6899995803833,16.100000381469727,61777100,,
2025-11-04,15.15999984741211,16.3700008392334,14.819999694824219,15.010000228881836,43491700,,
2025-11-05,15.079999923706055,15.670000076293945,14.850000381469727,15.359999656677246,39879100,,
2025-11-06,15.130000114440918,15.279999732971191,14.15999984741211,14.279999732971191,34181800,,
2025-11-07,13.779999732971191,14.069999694824219,13.199999809265137,13.9399995803833,42694600,,
2025-11-10,14.5,15.199999809265137,13.920000076293945,14.300000190734863,43168100,,
2025-11-11,13.869999885559082,13.890000343322754,11.880000114440918,12.369999885559082,52651300,,
2025-11-12,12.550000190734863,13.350000381469727,12.260000228881836,12.640000343322754,50640200,,
2025-11-13,12.170000076293945,12.449999809265137,11.420000076293945,11.680000305175781,43557300,,
2025-11-14,11.229999542236328,12.079999923706055,10.960000038146973,10.989999771118164,55215300,,
2025-11-17,10.65999984741211,11.670000076293945,10.600000381469727,11.050000190734863,41533800,,
2025-11-18,10.9399995803833,12.5,10.859999656677246,12.0,53481100,,
2025-11-19,11.869999885559082,12.949999809265137,11.850000381469727,12.229999542236328,43240100,,
2025-11-20,13.4399995803833,14.75,11.510000228881836,11.5600004196167,74052600,,
2025-11-21,11.4399995803833,11.779999732971191,10.470000267028809,11.289999961853027,50142800,,
2025-11-24,11.609999656677246,12.699999809265137,11.510000228881836,12.630000114440918,37689300,,
2025-11-25,12.390000343322754,14.350000381469727,11.850000381469727,13.9399995803833,45618200,,
2025-11-26,14.470000267028809,14.970000267028809,13.8100004196167,14.84000015258789,47733800,,
2025-11-28,15.130000114440918,16.1299991607666,15.119999885559082,15.510000228881836,31145300,,
2025-12-01,14.859999656677246,15.760000228881836,14.800000190734863,15.300000190734863,30037300,,
2025-12-02,15.569999694824219,15.649999618530273,14.199999809265137,14.220000267028809,32297300,,
2025-12-03,14.170000076293945,14.5,13.430000305175781,14.430000305175781,30779800,,
2025-12-04,14.149999618530273,15.220000267028809,13.880000114440918,15.100000381469727,29405100,,
2025-12-05,14.949999809265137,14.960000038146973,14.180000305175781,14.5,21091100,,
2025-12-08,14.779999732971191,15.289999961853027,14.15999984741211,14.960000038146973,24443200,,
2025-12-09,14.710000038146973,15.989999771118164,14.649999618530273,15.59000015258789,33800000,,
2025-12-10,15.40999984741211,16.329999923706055,15.180000305175781,15.760000228881836,30611400,,
2025-12-11,15.529999732971191,15.920000076293945,14.9399995803833,15.829999923706055,23033500,,
2025-12-12,16.1200008392334,16.75,14.270000457763672,14.329999923706055,44299600,,
2025-12-15,14.0600004196167,14.079999923706055,12.350000381469727,12.489999771118164,36699500,,
2025-12-16,12.369999885559082,13.100000381469727,11.930000305175781,12.989999771118164,31467800,,
2025-12-17,13.420000076293945,13.640000343322754,11.449999809265137,11.569999694824219,44383400,,
2025-12-18,12.220000267028809,12.34000015258789,11.319999694824219,11.789999961853027,31821700,,
2025-12-19,12.0600004196167,12.90999984741211,12.029999732971191,12.520000457763672,42990600,,
2025-12-22,12.6899995803833,13.0,12.399999618530273,12.470000267028809,18876400,,
2025-12-23,12.369999885559082,13.0,12.210000038146973,12.420000076293945,20575900,,
2025-12-24,12.25,12.430000305175781,11.949999809265137,12.3100004196167,8167800,,
2025-12-26,12.279999732971191,12.34000015258789,11.649999618530273,11.75,13397900,,
2025-12-29,11.539999961853027,11.979999542236328,11.350000381469727,11.420000076293945,16445800,,
2025-12-30,11.380000114440918,11.59000015258789,11.130000114440918,11.149999618530273,17016100,,
2025-12-31,11.8100004196167,11.890000343322754,11.319999694824219,11.489999771118164,19434900,,
2026-01-02,11.710000038146973,12.739999771118164,11.550000190734863,12.739999771118164,25966000,,
2026-01-05,13.010000228881836,13.699999809265137,12.920000076293945,13.619999885559082,26431600,,
2026-01-06,13.569999694824219,13.729999542236328,12.479999542236328,13.180000305175781,21787300,,
2026-01-07,12.960000038146973,13.140000343322754,12.380000114440918,12.489999771118164,16303900,,
2026-01-08,12.470000267028809,13.279999732971191,12.149999618530273,12.84000015258789,17284600,,
2026-01-09,13.130000114440918,13.699999809265137,12.869999885559082,13.100000381469727,17656000,,
2026-01-12,12.90999984741211,13.9399995803833,12.819999694824219,13.8100004196167,26690000,,
2026-01-13,14.130000114440918,14.34000015258789,13.869999885559082,14.140000343322754,27679700,,
2026-01-14,14.199999809265137,14.550000190734863,13.850000381469727,14.210000038146973,22057600,,
2026-01-15,14.180000305175781,14.34000015258789,13.699999809265137,13.829999923706055,20208800,,
2026-01-16,13.850000381469727,14.210000038146973,13.5600004196167,13.850000381469727,21704000,,
2026-01-20,13.180000305175781,13.979999542236328,12.979999542236328,13.329999923706055,21570300,,
2026-01-21,13.289999961853027,13.84000015258789,12.3100004196167,13.119999885559082,27823600,,
2026-01-22,13.289999961853027,13.470000267028809,12.5,12.890000343322754,17485500,,
2026-01-23,12.850000381469727,14.180000305175781,12.270000457763672,14.119999885559082,29596200,,
2026-01-26,14.029999732971191,14.229999542236328,13.09000015258789,13.789999961853027,25931000,,
2026-01-27,13.789999961853027,15.420000076293945,13.739999771118164,15.3100004196167,38249600,,
2026-01-28,15.350000381469727,15.369999885559082,14.34000015258789,15.109999656677246,28939200,,
2026-01-29,14.899999618530273,14.90999984741211,13.489999771118164,14.539999961853027,30243000,,
2026-01-30,14.300000190734863,14.34000015258789,12.979999542236328,13.369999885559082,31973600,,
2026-02-02,13.0,14.079999923706055,12.960000038146973,13.4399995803833,26077700,,
2026-02-03,15.069999694824219,15.600000381469727,13.649999618530273,14.800000190734863,63676800,,
2026-02-04,14.300000190734863,14.420000076293945,12.390000343322754,13.880000114440918,51285700,,
2026-02-05,13.3100004196167,13.960000038146973,11.739999771118164,11.920000076293945,44177000,,
2026-02-06,12.729999542236328,14.460000038146973,12.569999694824219,14.289999961853027,46525700,,
2026-02-09,15.109999656677246,16.829999923706055,14.930000305175781,16.649999618530273,65639100,,
2026-02-10,16.209999084472656,17.700000762939453,16.020000457763672,16.6299991607666,59262800,,
2026-02-11,16.93000030517578,17.059999465942383,15.359999656677246,16.030000686645508,39560900,,
2026-02-12,16.219999313354492,16.969999313354492,15.720000267028809,15.90999984741211,39190100,,
2026-02-13,16.43000030517578,17.59000015258789,15.199999809265137,16.260000228881836,43021800,,
2026-02-17,15.779999732971191,16.65999984741211,15.069999694824219,16.18000030517578,28919900,,
2026-02-18,16.0,16.459999084472656,15.1899995803833,15.380000114440918,28263500,,
2026-02-19,15.0,15.520000457763672,14.430000305175781,15.470000267028809,23465900,,
2026-02-20,15.329999923706055,15.789999961853027,14.630000114440918,15.010000228881836,27157200,,
2026-02-23,14.4399995803833,15.699999809265137,14.3100004196167,15.680000305175781,25296800,,
2026-02-24,15.390000343322754,18.030000686645508,15.329999923706055,17.559999465942383,46405100,,
2026-02-25,18.299999237060547,18.510000228881836,17.639999389648438,17.920000076293945,39951800,,
2026-02-26,18.1299991607666,18.329999923706055,17.25,17.8799991607666,25734500,,
2026-02-27,17.149999618530273,17.84000015258789,15.6899995803833,16.219999313354492,34007400,,
2026-03-02,15.550000190734863,16.799999237060547,15.529999732971191,16.020000457763672,26229000,,
2026-03-03,14.420000076293945,15.350000381469727,14.329999923706055,14.739999771118164,33732500,,
2026-03-04,15.449999809265137,15.930000305175781,15.079999923706055,15.369999885559082,23717600,,
2026-03-05,15.220000267028809,15.569999694824219,14.479999542236328,15.229999542236328,27792400,,
2026-03-06,14.789999961853027,14.979999542236328,13.739999771118164,13.75,32679700,,
2026-03-09,13.550000190734863,14.149999618530273,13.020000457763672,13.850000381469727,27935900,,
2026-03-10,14.210000038146973,14.869999885559082,14.09000015258789,14.350000381469727,24195700,,
2026-03-11,14.390000343322754,15.800000190734863,14.3100004196167,15.220000267028809,31896200,,
2026-03-12,14.800000190734863,14.9399995803833,14.069999694824219,14.670000076293945,24942600,,
2026-03-13,15.130000114440918,16.0,14.550000190734863,14.670000076293945,27556900,,
2026-03-16,15.5,16.81999969482422,15.489999771118164,16.40999984741211,41563600,,
2026-03-17,16.06999969482422,16.549999237060547,15.470000267028809,16.040000915527344,33170500,,
2026-03-18,16.049999237060547,16.290000915527344,15.279999732971191,15.300000190734863,25526600,,
2026-03-19,15.039999961853027,15.829999923706055,14.600000381469727,15.739999771118164,23070300,,
2026-03-20,15.670000076293945,15.760000228881836,14.489999771118164,15.100000381469727,30799100,,
2026-03-23,15.6899995803833,17.079999923706055,15.65999984741211,16.190000534057617,39044700,,
2026-03-24,16.0,16.649999618530273,15.630000114440918,16.219999313354492,30430800,,
2026-03-25,16.75,17.75,16.520000457763672,16.860000610351562,30421000,,
2026-03-26,16.520000457763672,16.579999923706055,15.170000076293945,15.350000381469727,27329900,,
2026-03-27,15.140000343322754,15.369999885559082,14.579999923706055,14.890000343322754,22172000,,
2026-03-30,15.279999732971191,15.279999732971191,13.199999809265137,13.699999809265137,30827200,,
2026-03-31,14.180000305175781,14.630000114440918,13.350000381469727,14.430000305175781,29665700,,
2026-04-01,14.609999656677246,15.130000114440918,14.3100004196167,14.479999542236328,22950600,,
2026-04-02,13.720000267028809,15.020000457763672,13.470000267028809,14.880000114440918,22445900,,
2026-04-06,14.9399995803833,15.789999961853027,14.899999618530273,15.550000190734863,16760000,,
2026-04-07,15.40999984741211,16.65999984741211,15.319999694824219,16.56999969482422,31494000,,
2026-04-08,17.639999389648438,18.329999923706055,16.920000076293945,18.049999237060547,54453200,,
2026-04-09,18.239999771118164,19.5,18.139999389648438,19.030000686645508,46049300,,
2026-04-10,19.239999771118164,20.209999084472656,18.760000228881836,18.8700008392334,33619700,,
2026-04-13,18.360000610351562,19.899999618530273,18.299999237060547,19.450000762939453,23633900,,
2026-04-14,20.190000534057617,20.979999542236328,19.549999237060547,20.950000762939453,35164600,,
2026-04-15,19.940000534057617,20.200000762939453,19.329999923706055,19.670000076293945,62712900,,
2026-04-16,19.770000457763672,19.770000457763672,18.25,19.309999465942383,38172300,,
2026-04-17,19.540000915527344,20.709999084472656,18.93000030517578,20.639999389648438,43045600,,
2026-04-20,20.350000381469727,21.34000015258789,20.010000228881836,20.5,33982500,,
2026-04-21,20.530000686645508,20.700000762939453,19.440000534057617,19.770000457763672,27151300,,
2026-04-22,20.350000381469727,20.700000762939453,19.610000610351562,20.549999237060547,23841800,,
2026-04-23,20.520000457763672,21.600000381469727,20.229999542236328,20.3700008392334,36227500,,
2026-04-24,21.049999237060547,21.600000381469727,19.84000015258789,20.010000228881836,33915000,,
2026-04-27,20.329999923706055,21.459999084472656,20.0,21.43000030517578,33033100,,
2026-04-28,20.729999542236328,21.299999237060547,20.239999771118164,20.799999237060547,27015000,,
2026-04-29,21.219999313354492,21.239999771118164,19.56999969482422,20.020000457763672,23647900,,
2026-04-30,20.739999771118164,22.06999969482422,20.670000076293945,21.729999542236328,39766700,,
2026-05-01,21.989999771118164,22.6299991607666,21.15999984741211,21.309999465942383,28364300,,
2026-05-04,21.489999771118164,22.440000534057617,21.229999542236328,22.290000915527344,24924800,,
2026-05-05,22.780000686645508,23.700000762939453,22.579999923706055,23.489999771118164,32286300,,
2026-05-06,24.709999084472656,25.760000228881836,23.8700008392334,25.739999771118164,44935100,,
2026-05-07,25.059999465942383,25.190000534057617,23.479999542236328,24.020000457763672,36739300,,
2026-05-08,25.5,25.75,22.739999771118164,23.389999389648438,36270200,,
2026-05-11,23.079999923706055,24.360000610351562,22.1200008392334,23.3700008392334,25227100,,
2026-05-12,23.0,23.329999923706055,21.639999389648438,22.799999237060547,24896400,,
2026-05-13,23.3700008392334,23.6200008392334,22.450000762939453,23.1200008392334,21978000,,
2026-05-14,23.329999923706055,24.329999923706055,22.8799991607666,24.170000076293945,22966000,,
2026-05-15,23.1200008392334,23.149999618530273,22.049999237060547,22.31999969482422,23972900,,
2026-05-18,21.399999618530273,21.690000534057617,20.260000228881836,21.139999389648438,31192700,,
2026-05-19,20.799999237060547,21.40999984741211,19.600000381469727,21.34000015258789,22704300,,
2026-05-20,21.950000762939453,22.479999542236328,21.399999618530273,21.6299991607666,20084800,,
2026-05-21,22.09000015258789,23.049999237060547,21.719999313354492,22.920000076293945,20174700,,
2026-05-22,22.65999984741211,23.239999771118164,21.8799991607666,22.81999969482422,20786400,,
2026-05-26,24.459999084472656,25.93000030517578,24.190000534057617,25.18000030517578,46110100,,
2026-05-27,26.190000534057617,26.860000610351562,24.920000076293945,26.739999771118164,36659500,,
2026-05-28,26.8799991607666,27.260000228881836,26.219999313354492,26.399999618530273,24376300,,
2026-05-29,26.299999237060547,26.31999969482422,24.65999984741211,25.559999465942383,26692000,,
2026-06-01,24.549999237060547,26.280000686645508,23.940000534057617,25.65999984741211,26085400,,
2026-06-02,26.309999465942383,27.469999313354492,26.040000915527344,26.489999771118164,25893900,,
2026-06-03,27.389999389648438,27.43000030517578,25.739999771118164,26.15999984741211,24637400,,
2026-06-04,25.40999984741211,26.56999969482422,24.75,26.190000534057617,22561100,,
2026-06-05,25.209999084472656,25.209999084472656,22.989999771118164,24.0,26701300,,
2026-06-08,24.899999618530273,26.200000762939453,24.31999969482422,25.860000610351562,23127600,,
2026-06-09,26.940000534057617,27.780000686645508,24.100000381469727,25.299999237060547,34587800,,
2026-06-10,24.93000030517578,25.600000381469727,23.059999465942383,23.190000534057617,28072800,,
2026-06-11,23.290000915527344,25.40999984741211,23.239999771118164,25.350000381469727,29914900,,
2026-06-12,25.5,26.600000381469727,25.350000381469727,26.059999465942383,21660000,,
2026-06-15,27.639999389648438,28.450000762939453,27.030000686645508,28.170000076293945,31171200,,
2026-06-16,27.950000762939453,29.299999237060547,27.799999237060547,28.010000228881836,23750100,,
2026-06-17,28.020000457763672,29.0,27.399999618530273,27.860000610351562,28272400,,
2026-06-18,29.049999237060547,29.670000076293945,28.09000015258789,28.979999542236328,31094300,,
2026-06-22,29.790000915527344,29.84000015258789,28.030000686645508,28.309999465942383,20954900,,
2026-06-23,26.75,29.420000076293945,26.489999771118164,28.780000686645508,24410700,,
2026-06-24,28.75,28.84000015258789,25.899999618530273,26.969999313354492,31714000,,
2026-06-25,27.8700008392334,28.010000228881836,25.350000381469727,26.059999465942383,18470100,,
2026-06-26,25.200000762939453,26.850000381469727,24.440000534057617,25.829999923706055,66302300,,
2026-06-29,26.56999969482422,26.760000228881836,23.920000076293945,25.579999923706055,25764600,,
2026-06-30,24.81999969482422,25.540000915527344,24.040000915527344,24.700000762939453,25873400,,
2026-07-01,23.790000915527344,23.899999618530273,22.239999771118164,23.579999923706055,30501000,,
2026-07-02,23.489999771118164,23.530000686645508,20.600000381469727,21.18000030517578,33862600,,
2026-07-06,24.149999618530273,25.149999618530273,22.010000228881836,22.209999084472656,74725800,,
2026-07-07,21.639999389648438,21.889999389648438,19.09000015258789,20.239999771118164,51365900,,
2026-07-08,21.059999465942383,22.899999618530273,20.850000381469727,22.829999923706055,42872600,,
2026-07-09,23.84000015258789,24.579999923706055,23.020000457763672,23.200000762939453,50983100,,
2026-07-10,23.389999389648438,23.649999618530273,21.81999969482422,21.969999313354492,30908900,,
2026-07-13,21.5,21.889999389648438,20.139999389648438,20.889999389648438,25087600,,
2026-07-14,20.920000076293945,20.959999084472656,18.6200008392334,19.40999984741211,58011400,,
2026-07-15,19.600000381469727,20.18000030517578,18.649999618530273,19.3700008392334,30687900,,
2026-07-16,18.65999984741211,18.84000015258789,17.700000762939453,17.979999542236328,38759900,,
2026-07-17,17.239999771118164,18.309999465942383,16.549999237060547,18.15999984741211,37050600,,
2026-07-20,18.790000915527344,19.75,18.729999542236328,18.860000610351562,36311300,,
2026-07-21,19.43000030517578,20.549999237060547,19.360000610351562,19.8700008392334,31936400,,
2026-07-22,19.270000457763672,20.649999618530273,19.229999542236328,19.489999771118164,24055900,,
2026-07-23,19.360000610351562,20.65999984741211,19.360000610351562,20.049999237060547,30157200,,
2026-07-24,19.799999237060547,20.110000610351562,18.389999389648438,18.459999084472656,22638700,,
2026-07-27,18.68000030517578,19.040000915527344,17.329999923706055,17.979999542236328,21726800,,
2026-07-28,17.329999923706055,17.360000610351562,16.110000610351562,17.09000015258789,41587100,,
2026-07-29,17.1200008392334,17.1200008392334,14.8100004196167,15.09000015258789,46572200,,
2026-07-30,16.459999084472656,18.229999542236328,16.3799991607666,17.81999969482422,44101200,,
2026-07-31,18.549999237060547,18.959999084472656,17.5,17.65999984741211,30696500,,
2026-08-03,17.360000610351562,19.100000381469727,17.1200008392334,18.829999923706055,40473400,,
2026-08-04,18.950000762939453,19.65999984741211,18.559999465942383,18.8799991607666,26288900,,
2026-08-05,18.5,19.440000534057617,18.049999237060547,18.06999969482422,28472700,,
2026-08-06,17.299999237060547,18.459999084472656,17.15999984741211,17.6200008392334,24527500,,
2026-08-07,18.520000457763672,18.729999542236328,16.729999542236328,17.079999923706055,40854100,,
2026-08-10,17.040000915527344,17.049999237060547,16.010000228881836,16.200000762939453,40864400,,
2026-08-11,16.93000030517578,17.5,16.6299991607666,16.75,23721600,,
2026-08-12,18.200000762939453,18.3799991607666,16.8700008392334,17.190000534057617,35361800,,
2026-08-13,16.940000534057617,17.450000762939453,16.18000030517578,16.309999465942383,25656000,,
2026-08-14,16.43000030517578,17.5,16.280000686645508,17.3799991607666,31091000,,
2026-08-17,17.399999618530273,17.889999389648438,17.25,17.600000381469727,23971600,,
2026-08-18,17.100000381469727,17.59000015258789,15.359999656677246,15.619999885559082,48454300,,
2026-08-19,16.059999465942383,16.059999465942383,14.75,15.5,34263300,,
2026-08-20,15.729999542236328,16.489999771118164,15.529999732971191,16.450000762939453,32408300,,
2026-08-21,16.799999237060547,17.489999771118164,15.300000190734863,15.640000343322754,47300600,,
2026-08-24,15.84000015258789,16.219999313354492,15.420000076293945,15.479999542236328,26800500,,
2026-08-25,15.600000381469727,16.389999389648438,15.539999961853027,16.31999969482422,30251500,,
2026-08-26,16.100000381469727,16.530000686645508,15.760000228881836,15.970000267028809,19948800,,
2026-08-27,16.489999771118164,17.309999465942383,16.399999618530273,16.489999771118164,27229100,,
2026-08-28,16.15999984741211,16.299999237060547,15.119999885559082,15.350000381469727,29430700,,
2026-08-31,15.25,15.300000190734863,14.829999923706055,15.130000114440918,21893600,,
2026-09-01,14.710000038146973,14.970000267028809,14.239999771118164,14.649999618530273,26286800,,
2026-09-02,14.460000038146973,15.09000015258789,14.270000457763672,14.819999694824219,22199900,,
2026-09-03,14.739999771118164,16.239999771118164,14.649999618530273,16.229999542236328,37184700,,
2026-09-04,16.079999923706055,16.59000015258789,16.0,16.510000228881836,20478800,,
2026-09-08,16.760000228881836,18.030000686645508,16.6299991607666,17.860000610351562,36710400,,
2026-09-09,18.049999237060547,18.079999923706055,16.969999313354492,17.1299991607666,22608800,,
2026-09-10,16.610000610351562,17.049999237060547,16.110000610351562,16.139999389648438,24472200,,
2026-09-11,16.299999237060547,17.440000534057617,16.270000457763672,16.739999771118164,28507200,,
